[TRACKER] 启动，每 5 秒检查一次…
[TRACKER] 14:50:03 无持仓
[TRACKER] 14:50:09 无持仓
[TRACKER] 14:50:16 无持仓
[TRACKER] 14:50:22 无持仓
[TRACKER] 14:50:28 无持仓
[TRACKER] 14:50:35 无持仓
[TRACKER] 14:50:41 无持仓
[TRACKER] 14:50:48 无持仓
[TRACKER] 14:50:54 无持仓
[TRACKER] 本轮结束（将由 crontab 重新拉起）
[TRACKER] 启动，每 5 秒检查一次…
[TRACKER] 14:51:03 无持仓
[TRACKER] 14:51:09 无持仓
[TRACKER] 14:51:16 无持仓
[TRACKER] 14:51:22 无持仓
[TRACKER] 14:51:29 无持仓
[TRACKER] 14:51:35 无持仓
[TRACKER] 14:51:41 无持仓
[TRACKER] 14:51:47 无持仓
[TRACKER] 14:51:54 无持仓
[TRACKER] 本轮结束（将由 crontab 重新拉起）
[TRACKER] 启动，每 5 秒检查一次…
[TRACKER] 14:52:03 无持仓
[TRACKER] 14:52:09 无持仓
[TRACKER] 14:52:15 无持仓
[TRACKER] 14:52:22 无持仓
[TRACKER] 14:52:28 无持仓
[TRACKER] 14:52:35 无持仓
[TRACKER] 14:52:41 无持仓
[TRACKER] 14:52:48 无持仓
[TRACKER] 14:52:54 无持仓
[TRACKER] 本轮结束（将由 crontab 重新拉起）
[TRACKER] 启动，每 5 秒检查一次…
[TRACKER] 14:53:03 无持仓
[TRACKER] 14:53:10 无持仓
[TRACKER] 14:53:16 无持仓
[TRACKER] 14:53:23 无持仓
[TRACKER] 14:53:30 无持仓
[TRACKER] 14:53:36 无持仓
[TRACKER] 14:53:42 无持仓
[TRACKER] 14:53:49 无持仓
[TRACKER] 14:53:55 无持仓
[TRACKER] 本轮结束（将由 crontab 重新拉起）
[TRACKER] 启动，每 5 秒检查一次…
[TRACKER] 14:54:02 无持仓
[TRACKER] 14:54:09 无持仓
[TRACKER] 14:54:16 无持仓
[TRACKER] 14:54:23 无持仓
[TRACKER] 14:54:29 无持仓
[TRACKER] 14:54:35 无持仓
[TRACKER] 14:54:42 无持仓
[TRACKER] 14:54:48 无持仓
[TRACKER] 14:54:55 无持仓
[TRACKER] 本轮结束（将由 crontab 重新拉起）
[TRACKER] 启动，每 5 秒检查一次…
[TRACKER] 14:55:02 无持仓
[TRACKER] 14:55:08 无持仓
[TRACKER] 14:55:15 无持仓
[TRACKER] 14:55:21 无持仓
[TRACKER] 14:55:28 无持仓
[TRACKER] 14:55:34 无持仓
[TRACKER] 14:55:40 无持仓
[TRACKER] 14:55:47 无持仓
[TRACKER] 14:55:53 无持仓
[TRACKER] 本轮结束（将由 crontab 重新拉起）
[TRACKER] 启动，每 5 秒检查一次…
[TRACKER] 14:56:03 无持仓
[TRACKER] 14:56:09 无持仓
[TRACKER] 14:56:16 无持仓
[TRACKER] 14:56:22 无持仓
[TRACKER] 14:56:29 无持仓
[TRACKER] 14:56:36 无持仓
[TRACKER] 14:56:43 无持仓
[TRACKER] 14:56:49 无持仓
[TRACKER] 14:56:55 无持仓
[TRACKER] 本轮结束（将由 crontab 重新拉起）
[TRACKER] 启动，每 5 秒检查一次…
[TRACKER] 14:57:03 无持仓
[TRACKER] 14:57:09 无持仓
[TRACKER] 14:57:15 无持仓
[TRACKER] 14:57:22 无持仓
[TRACKER] 14:57:28 无持仓
[TRACKER] 14:57:35 无持仓
[TRACKER] 14:57:41 无持仓
[TRACKER] 14:57:48 无持仓
[TRACKER] 14:57:54 无持仓
[TRACKER] 本轮结束（将由 crontab 重新拉起）
[TRACKER] 启动，每 5 秒检查一次…
[TRACKER] 14:58:03 无持仓
[TRACKER] 14:58:09 无持仓
[TRACKER] 14:58:16 无持仓
[TRACKER] 14:58:22 无持仓
[TRACKER] 14:58:29 无持仓
[TRACKER] 14:58:35 无持仓
[TRACKER] 14:58:42 无持仓
[TRACKER] 14:58:48 无持仓
[TRACKER] 14:58:54 无持仓
[TRACKER] 本轮结束（将由 crontab 重新拉起）
[TRACKER] 启动，每 5 秒检查一次…
[TRACKER] 14:59:03 无持仓
[TRACKER] 14:59:10 无持仓
[TRACKER] 14:59:16 无持仓
[TRACKER] 14:59:22 无持仓
[TRACKER] 14:59:29 无持仓
[TRACKER] 14:59:35 无持仓
[TRACKER] 14:59:41 无持仓
[TRACKER] 14:59:48 无持仓
[TRACKER] 14:59:54 无持仓
[TRACKER] 本轮结束（将由 crontab 重新拉起）
[TRACKER] 启动，每 5 秒检查一次…
[TRACKER] 15:00:04 无持仓
[TRACKER] 15:00:11 无持仓
[TRACKER] 15:00:17 无持仓
[TRACKER] 15:00:24 无持仓
[TRACKER] 15:00:30 无持仓
[TRACKER] 15:00:36 无持仓
[TRACKER] 15:00:43 无持仓
[TRACKER] 15:00:49 无持仓
[TRACKER] 15:00:56 无持仓
[TRACKER] 本轮结束（将由 crontab 重新拉起）
[TRACKER] 启动，每 5 秒检查一次…
[TRACKER] 15:01:03 无持仓
[TRACKER] 15:01:09 无持仓
[TRACKER] 15:01:16 无持仓
[TRACKER] 15:01:22 无持仓
[TRACKER] 15:01:29 无持仓
[TRACKER] 15:01:35 无持仓
[TRACKER] 15:01:42 无持仓
[TRACKER] 15:01:48 无持仓
[TRACKER] 15:01:54 无持仓
[TRACKER] 本轮结束（将由 crontab 重新拉起）
[TRACKER] 启动，每 5 秒检查一次…
[TRACKER] 15:02:03 无持仓
[TRACKER] 15:02:09 无持仓
[TRACKER] 15:02:16 无持仓
[TRACKER] 15:02:22 无持仓
[TRACKER] 15:02:28 无持仓
[TRACKER] 15:02:35 无持仓
[TRACKER] 15:02:41 无持仓
[TRACKER] 15:02:48 无持仓
[TRACKER] 15:02:54 无持仓
[TRACKER] 本轮结束（将由 crontab 重新拉起）
[TRACKER] 启动，每 5 秒检查一次…
[TRACKER] 15:03:03 无持仓
[TRACKER] 15:03:10 无持仓
[TRACKER] 15:03:16 无持仓
[TRACKER] 15:03:23 无持仓
[TRACKER] 15:03:29 无持仓
[TRACKER] 15:03:36 无持仓
[TRACKER] 15:03:42 无持仓
[TRACKER] 15:03:48 无持仓
[TRACKER] 15:03:55 无持仓
[TRACKER] 本轮结束（将由 crontab 重新拉起）
[TRACKER] 启动，每 5 秒检查一次…
[TRACKER] 15:04:02 无持仓
[TRACKER] 15:04:09 无持仓
[TRACKER] 15:04:15 无持仓
[TRACKER] 15:04:22 无持仓
[TRACKER] 15:04:28 无持仓
[TRACKER] 15:04:34 无持仓
[TRACKER] 15:04:41 无持仓
[TRACKER] 15:04:47 无持仓
[TRACKER] 15:04:54 无持仓
[TRACKER] 本轮结束（将由 crontab 重新拉起）
[TRACKER] 启动，每 5 秒检查一次…
[TRACKER] 15:05:03 无持仓
[TRACKER] 15:05:09 无持仓
[TRACKER] 15:05:16 无持仓
[TRACKER] 15:05:22 无持仓
[TRACKER] 15:05:28 无持仓
[TRACKER] 15:05:35 无持仓
[TRACKER] 15:05:41 无持仓
[TRACKER] 15:05:48 无持仓
[TRACKER] 15:05:54 无持仓
[TRACKER] 本轮结束（将由 crontab 重新拉起）
[TRACKER] 启动，每 5 秒检查一次…
[TRACKER] 15:06:02 无持仓
[TRACKER] 15:06:08 无持仓
[TRACKER] 15:06:14 无持仓
[TRACKER] 15:06:21 无持仓
[TRACKER] 15:06:27 无持仓
[TRACKER] 15:06:34 无持仓
[TRACKER] 15:06:40 无持仓
[TRACKER] 15:06:47 无持仓
[TRACKER] 15:06:53 无持仓
[TRACKER] 本轮结束（将由 crontab 重新拉起）
[TRACKER] 启动，每 5 秒检查一次…
[TRACKER] 15:07:03 无持仓
[TRACKER] 15:07:09 无持仓
[TRACKER] 15:07:16 无持仓
[TRACKER] 15:07:22 无持仓
[TRACKER] 15:07:29 无持仓
[TRACKER] 15:07:35 无持仓
[TRACKER] 15:07:41 无持仓
[TRACKER] 15:07:48 无持仓
[TRACKER] 15:07:54 无持仓
[TRACKER] 本轮结束（将由 crontab 重新拉起）
[TRACKER] 启动，每 5 秒检查一次…
[TRACKER] 15:08:03 无持仓
[TRACKER] 15:08:09 无持仓
[TRACKER] 15:08:16 无持仓
[TRACKER] 15:08:22 无持仓
[TRACKER] 15:08:29 无持仓
[TRACKER] 15:08:36 无持仓
[TRACKER] 15:08:42 无持仓
[TRACKER] 15:08:48 无持仓
[TRACKER] 15:08:55 无持仓
[TRACKER] 本轮结束（将由 crontab 重新拉起）
[TRACKER] 启动，每 5 秒检查一次…
[TRACKER] 15:09:02 无持仓
[TRACKER] 15:09:08 无持仓
[TRACKER] 15:09:15 无持仓
[TRACKER] 15:09:21 无持仓
[TRACKER] 15:09:28 无持仓
[TRACKER] 15:09:34 无持仓
[TRACKER] 15:09:40 无持仓
[TRACKER] 15:09:47 无持仓
[TRACKER] 15:09:53 无持仓
[TRACKER] 本轮结束（将由 crontab 重新拉起）
[TRACKER] 启动，每 5 秒检查一次…
[TRACKER] 15:10:03 无持仓
[TRACKER] 15:10:09 无持仓
[TRACKER] 15:10:16 无持仓
[TRACKER] 15:10:23 无持仓
[TRACKER] 15:10:29 无持仓
[TRACKER] 15:10:35 无持仓
[TRACKER] 15:10:42 无持仓
[TRACKER] 15:10:48 无持仓
[TRACKER] 15:10:55 无持仓
[TRACKER] 本轮结束（将由 crontab 重新拉起）
[TRACKER] 启动，每 5 秒检查一次…
[TRACKER] 15:11:02 无持仓
[TRACKER] 15:11:09 无持仓
[TRACKER] 15:11:15 无持仓
[TRACKER] 15:11:21 无持仓
[TRACKER] 15:11:28 无持仓
[TRACKER] 15:11:34 无持仓
[TRACKER] 15:11:41 无持仓
[TRACKER] 15:11:47 无持仓
[TRACKER] 15:11:53 无持仓
[TRACKER] 本轮结束（将由 crontab 重新拉起）
[TRACKER] 启动，每 5 秒检查一次…
[TRACKER] 15:12:03 无持仓
[TRACKER] 15:12:10 无持仓
[TRACKER] 15:12:17 无持仓
[TRACKER] 15:12:23 无持仓
[TRACKER] 15:12:30 无持仓
[TRACKER] 15:12:36 无持仓
[TRACKER] 15:12:43 无持仓
[TRACKER] 15:12:49 无持仓
[TRACKER] 15:12:55 无持仓
[TRACKER] 本轮结束（将由 crontab 重新拉起）
[TRACKER] 启动，每 5 秒检查一次…
[TRACKER] 15:13:02 无持仓
[TRACKER] 15:13:09 无持仓
[TRACKER] 15:13:15 无持仓
[TRACKER] 15:13:22 无持仓
[TRACKER] 15:13:28 无持仓
[TRACKER] 15:13:35 无持仓
[TRACKER] 15:13:41 无持仓
[TRACKER] 15:13:48 无持仓
[TRACKER] 15:13:54 无持仓
[TRACKER] 本轮结束（将由 crontab 重新拉起）
[TRACKER] 启动，每 5 秒检查一次…
[TRACKER] 15:14:02 无持仓
[TRACKER] 15:14:08 无持仓
[TRACKER] 15:14:14 无持仓
[TRACKER] 15:14:21 无持仓
[TRACKER] 15:14:27 无持仓
[TRACKER] 15:14:34 无持仓
[TRACKER] 15:14:40 无持仓
[TRACKER] 15:14:47 无持仓
[TRACKER] 15:14:53 无持仓
[TRACKER] 本轮结束（将由 crontab 重新拉起）
[TRACKER] 启动，每 5 秒检查一次…
[TRACKER] 15:15:04 无持仓
[TRACKER] 15:15:11 无持仓
[TRACKER] 15:15:17 无持仓
[TRACKER] 15:15:23 无持仓
[TRACKER] 15:15:30 无持仓
[TRACKER] 15:15:36 无持仓
[TRACKER] 15:15:43 无持仓
[TRACKER] 15:15:49 无持仓
[TRACKER] 15:15:56 无持仓
[TRACKER] 本轮结束（将由 crontab 重新拉起）
[TRACKER] 启动，每 5 秒检查一次…
[TRACKER] 15:16:02 无持仓
[TRACKER] 15:16:09 无持仓
[TRACKER] 15:16:15 无持仓
[TRACKER] 15:16:22 无持仓
[TRACKER] 15:16:29 无持仓
[TRACKER] 15:16:35 无持仓
[TRACKER] 15:16:41 无持仓
[TRACKER] 15:16:47 无持仓
[TRACKER] 15:16:54 无持仓
[TRACKER] 本轮结束（将由 crontab 重新拉起）
[TRACKER] 启动，每 5 秒检查一次…
[TRACKER] 15:17:03 无持仓
[TRACKER] 15:17:10 无持仓
[TRACKER] 15:17:16 无持仓
[TRACKER] 15:17:22 无持仓
[TRACKER] 15:17:29 无持仓
[TRACKER] 15:17:35 无持仓
[TRACKER] 15:17:41 无持仓
[TRACKER] 15:17:48 无持仓
[TRACKER] 15:17:54 无持仓
[TRACKER] 本轮结束（将由 crontab 重新拉起）
[TRACKER] 启动，每 5 秒检查一次…
[TRACKER] 15:18:02 无持仓
[TRACKER] 15:18:08 无持仓
[TRACKER] 15:18:14 无持仓
[TRACKER] 15:18:21 无持仓
[TRACKER] 15:18:27 无持仓
[TRACKER] 15:18:34 无持仓
[TRACKER] 15:18:40 无持仓
[TRACKER] 15:18:47 无持仓
[TRACKER] 15:18:54 无持仓
[TRACKER] 本轮结束（将由 crontab 重新拉起）
[TRACKER] 启动，每 5 秒检查一次…
[TRACKER] 15:19:03 无持仓
[TRACKER] 15:19:10 无持仓
[TRACKER] 15:19:16 无持仓
[TRACKER] 15:19:23 无持仓
[TRACKER] 15:19:29 无持仓
[TRACKER] 15:19:36 无持仓
[TRACKER] 15:19:42 无持仓
[TRACKER] 15:19:48 无持仓
[TRACKER] 15:19:55 无持仓
[TRACKER] 本轮结束（将由 crontab 重新拉起）
[TRACKER] 启动，每 5 秒检查一次…
[TRACKER] 15:20:02 无持仓
[TRACKER] 15:20:09 无持仓
[TRACKER] 15:20:15 无持仓
[TRACKER] 15:20:22 无持仓
[TRACKER] 15:20:28 无持仓
[TRACKER] 15:20:35 无持仓
[TRACKER] 15:20:42 无持仓
[TRACKER] 15:20:48 无持仓
[TRACKER] 15:20:54 无持仓
[TRACKER] 本轮结束（将由 crontab 重新拉起）
[TRACKER] 启动，每 5 秒检查一次…
[TRACKER] 15:21:03 无持仓
[TRACKER] 15:21:10 无持仓
[TRACKER] 15:21:17 无持仓
[TRACKER] 15:21:23 无持仓
[TRACKER] 15:21:30 无持仓
[TRACKER] 15:21:36 无持仓
[TRACKER] 15:21:42 无持仓
[TRACKER] 15:21:49 无持仓
[TRACKER] 15:21:56 无持仓
[TRACKER] 本轮结束（将由 crontab 重新拉起）
[TRACKER] 启动，每 5 秒检查一次…
[TRACKER] 15:22:02 无持仓
[TRACKER] 15:22:09 无持仓
[TRACKER] 15:22:15 无持仓
[TRACKER] 15:22:22 无持仓
[TRACKER] 15:22:28 无持仓
[TRACKER] 15:22:34 无持仓
[TRACKER] 15:22:41 无持仓
[TRACKER] 15:22:48 无持仓
[TRACKER] 15:22:54 无持仓
[TRACKER] 本轮结束（将由 crontab 重新拉起）
[TRACKER] 启动，每 5 秒检查一次…
[TRACKER] 15:23:03 无持仓
[TRACKER] 15:23:09 无持仓
[TRACKER] 15:23:16 无持仓
[TRACKER] 15:23:22 无持仓
[TRACKER] 15:23:28 无持仓
[TRACKER] 15:23:35 无持仓
[TRACKER] 15:23:41 无持仓
[TRACKER] 15:23:47 无持仓
[TRACKER] 15:23:54 无持仓
[TRACKER] 本轮结束（将由 crontab 重新拉起）
[TRACKER] 启动，每 5 秒检查一次…
[TRACKER] 15:24:03 无持仓
[TRACKER] 15:24:10 无持仓
[TRACKER] 15:24:16 无持仓
[TRACKER] 15:24:23 无持仓
[TRACKER] 15:24:29 无持仓
[TRACKER] 15:24:36 无持仓
[TRACKER] 15:24:43 无持仓
[TRACKER] 15:24:49 无持仓
[TRACKER] 15:24:55 无持仓
[TRACKER] 本轮结束（将由 crontab 重新拉起）
[TRACKER] 启动，每 5 秒检查一次…
[TRACKER] 15:25:02 无持仓
[TRACKER] 15:25:09 无持仓
[TRACKER] 15:25:15 无持仓
[TRACKER] 15:25:21 无持仓
[TRACKER] 15:25:28 无持仓
[TRACKER] 15:25:34 无持仓
[TRACKER] 15:25:40 无持仓
[TRACKER] 15:25:47 无持仓
[TRACKER] 15:25:54 无持仓
[TRACKER] 本轮结束（将由 crontab 重新拉起）
[TRACKER] 启动，每 5 秒检查一次…
[TRACKER] 15:26:03 无持仓
[TRACKER] 15:26:09 无持仓
[TRACKER] 15:26:16 无持仓
[TRACKER] 15:26:23 无持仓
[TRACKER] 15:26:29 无持仓
[TRACKER] 15:26:35 无持仓
[TRACKER] 15:26:41 无持仓
[TRACKER] 15:26:48 无持仓
[TRACKER] 15:26:54 无持仓
[TRACKER] 本轮结束（将由 crontab 重新拉起）
[TRACKER] 启动，每 5 秒检查一次…
[TRACKER] 15:27:03 无持仓
[TRACKER] 15:27:10 无持仓
[TRACKER] 15:27:17 无持仓
[TRACKER] 15:27:23 无持仓
[TRACKER] 15:27:29 无持仓
[TRACKER] 15:27:36 无持仓
[TRACKER] 15:27:42 无持仓
[TRACKER] 15:27:49 无持仓
[TRACKER] 15:27:55 无持仓
[TRACKER] 本轮结束（将由 crontab 重新拉起）
[TRACKER] 启动，每 5 秒检查一次…
[TRACKER] 15:28:02 无持仓
[TRACKER] 15:28:08 无持仓
[TRACKER] 15:28:15 无持仓
[TRACKER] 15:28:21 无持仓
[TRACKER] 15:28:28 无持仓
[TRACKER] 15:28:34 无持仓
[TRACKER] 15:28:40 无持仓
[TRACKER] 15:28:47 无持仓
[TRACKER] 15:28:53 无持仓
[TRACKER] 本轮结束（将由 crontab 重新拉起）
[TRACKER] 启动，每 5 秒检查一次…
[TRACKER] 15:29:03 无持仓
[TRACKER] 15:29:10 无持仓
[TRACKER] 15:29:16 无持仓
[TRACKER] 15:29:23 无持仓
[TRACKER] 15:29:29 无持仓
[TRACKER] 15:29:36 无持仓
[TRACKER] 15:29:42 无持仓
[TRACKER] 15:29:48 无持仓
[TRACKER] 15:29:54 无持仓
[TRACKER] 本轮结束（将由 crontab 重新拉起）
[TRACKER] 启动，每 5 秒检查一次…
[TRACKER] 15:30:02 无持仓
[TRACKER] 15:30:08 无持仓
[TRACKER] 15:30:15 无持仓
[TRACKER] 15:30:21 无持仓
[TRACKER] 15:30:28 无持仓
[TRACKER] 15:30:34 无持仓
[TRACKER] 15:30:41 无持仓
[TRACKER] 15:30:48 无持仓
[TRACKER] 15:30:54 无持仓
[TRACKER] 本轮结束（将由 crontab 重新拉起）
[TRACKER] 启动，每 5 秒检查一次…
[TRACKER] 15:31:03 无持仓
[TRACKER] 15:31:09 无持仓
[TRACKER] 15:31:16 无持仓
[TRACKER] 15:31:22 无持仓
[TRACKER] 15:31:28 无持仓
[TRACKER] 15:31:35 无持仓
[TRACKER] 15:31:41 无持仓
[TRACKER] 15:31:47 无持仓
[TRACKER] 15:31:54 无持仓
[TRACKER] 本轮结束（将由 crontab 重新拉起）
[TRACKER] 启动，每 5 秒检查一次…
[TRACKER] 15:32:03 无持仓
[TRACKER] 15:32:09 无持仓
[TRACKER] 15:32:16 无持仓
[TRACKER] 15:32:22 无持仓
[TRACKER] 15:32:29 无持仓
[TRACKER] 15:32:35 无持仓
[TRACKER] 15:32:41 无持仓
[TRACKER] 15:32:48 无持仓
[TRACKER] 15:32:54 无持仓
[TRACKER] 本轮结束（将由 crontab 重新拉起）
[TRACKER] 启动，每 5 秒检查一次…
[TRACKER] 15:33:02 无持仓
[TRACKER] 15:33:08 无持仓
[TRACKER] 15:33:15 无持仓
[TRACKER] 15:33:21 无持仓
[TRACKER] 15:33:28 无持仓
[TRACKER] 15:33:35 无持仓
[TRACKER] 15:33:41 无持仓
[TRACKER] 15:33:47 无持仓
[TRACKER] 15:33:54 无持仓
[TRACKER] 本轮结束（将由 crontab 重新拉起）
[TRACKER] 启动，每 5 秒检查一次…
[TRACKER] 15:34:03 无持仓
[TRACKER] 15:34:10 无持仓
[TRACKER] 15:34:16 无持仓
[TRACKER] 15:34:22 无持仓
[TRACKER] 15:34:29 无持仓
[TRACKER] 15:34:35 无持仓
[TRACKER] 15:34:42 无持仓
[TRACKER] 15:34:48 无持仓
[TRACKER] 15:34:55 无持仓
[TRACKER] 本轮结束（将由 crontab 重新拉起）
[TRACKER] 启动，每 5 秒检查一次…
[TRACKER] 15:35:02 无持仓
[TRACKER] 15:35:08 无持仓
[TRACKER] 15:35:15 无持仓
[TRACKER] 15:35:21 无持仓
[TRACKER] 15:35:28 无持仓
[TRACKER] 15:35:34 无持仓
[TRACKER] 15:35:41 无持仓
[TRACKER] 15:35:47 无持仓
[TRACKER] 15:35:54 无持仓
[TRACKER] 本轮结束（将由 crontab 重新拉起）
[TRACKER] 启动，每 5 秒检查一次…
[TRACKER] 15:36:03 无持仓
[TRACKER] 15:36:09 无持仓
[TRACKER] 15:36:16 无持仓
[TRACKER] 15:36:22 无持仓
[TRACKER] 15:36:28 无持仓
[TRACKER] 15:36:35 无持仓
[TRACKER] 15:36:41 无持仓
[TRACKER] 15:36:48 无持仓
[TRACKER] 15:36:54 无持仓
[TRACKER] 本轮结束（将由 crontab 重新拉起）
[TRACKER] 启动，每 5 秒检查一次…
[TRACKER] 15:37:03 无持仓
[TRACKER] 15:37:10 无持仓
[TRACKER] 15:37:16 无持仓
[TRACKER] 15:37:22 无持仓
[TRACKER] 15:37:29 无持仓
[TRACKER] 15:37:35 无持仓
[TRACKER] 15:37:41 无持仓
[TRACKER] 15:37:48 无持仓
[TRACKER] 15:37:55 无持仓
[TRACKER] 本轮结束（将由 crontab 重新拉起）
[TRACKER] 启动，每 5 秒检查一次…
[TRACKER] 15:38:02 无持仓
[TRACKER] 15:38:08 无持仓
[TRACKER] 15:38:14 无持仓
[TRACKER] 15:38:20 无持仓
[TRACKER] 15:38:27 无持仓
[TRACKER] 15:38:33 无持仓
[TRACKER] 15:38:40 无持仓
[TRACKER] 15:38:46 无持仓
[TRACKER] 15:38:52 无持仓
[TRACKER] 本轮结束（将由 crontab 重新拉起）
[TRACKER] 启动，每 5 秒检查一次…
[TRACKER] 15:39:03 无持仓
[TRACKER] 15:39:10 无持仓
[TRACKER] 15:39:16 无持仓
[TRACKER] 15:39:23 无持仓
[TRACKER] 15:39:29 无持仓
[TRACKER] 15:39:36 无持仓
[TRACKER] 15:39:42 无持仓
[TRACKER] 15:39:49 无持仓
[TRACKER] 15:39:55 无持仓
[TRACKER] 本轮结束（将由 crontab 重新拉起）
[TRACKER] 启动，每 5 秒检查一次…
[TRACKER] 15:40:02 无持仓
[TRACKER] 15:40:09 无持仓
[TRACKER] 15:40:16 无持仓
[TRACKER] 15:40:22 无持仓
[TRACKER] 15:40:28 无持仓
[TRACKER] 15:40:35 无持仓
[TRACKER] 15:40:41 无持仓
[TRACKER] 15:40:48 无持仓
[TRACKER] 15:40:55 无持仓
[TRACKER] 本轮结束（将由 crontab 重新拉起）
[TRACKER] 启动，每 5 秒检查一次…
[TRACKER] 15:41:01 无持仓
[TRACKER] 15:41:08 无持仓
[TRACKER] 15:41:14 无持仓
[TRACKER] 15:41:20 无持仓
[TRACKER] 15:41:27 无持仓
[TRACKER] 15:41:33 无持仓
[TRACKER] 15:41:40 无持仓
[TRACKER] 15:41:46 无持仓
[TRACKER] 15:41:52 无持仓
[TRACKER] 本轮结束（将由 crontab 重新拉起）
[TRACKER] 启动，每 5 秒检查一次…
[TRACKER] 15:42:03 无持仓
[TRACKER] 15:42:09 无持仓
[TRACKER] 15:42:15 无持仓
[TRACKER] 15:42:22 无持仓
[TRACKER] 15:42:28 无持仓
[TRACKER] 15:42:35 无持仓
[TRACKER] 15:42:41 无持仓
[TRACKER] 15:42:48 无持仓
[TRACKER] 15:42:54 无持仓
[TRACKER] 本轮结束（将由 crontab 重新拉起）
[TRACKER] 启动，每 5 秒检查一次…
[TRACKER] 15:43:03 无持仓
[TRACKER] 15:43:09 无持仓
[TRACKER] 15:43:15 无持仓
[TRACKER] 15:43:22 无持仓
[TRACKER] 15:43:28 无持仓
[TRACKER] 15:43:35 无持仓
[TRACKER] 15:43:41 无持仓
[TRACKER] 15:43:47 无持仓
[TRACKER] 15:43:54 无持仓
[TRACKER] 本轮结束（将由 crontab 重新拉起）
[TRACKER] 启动，每 5 秒检查一次…
[TRACKER] 15:44:03 无持仓
[TRACKER] 15:44:09 无持仓
[TRACKER] 15:44:16 无持仓
[TRACKER] 15:44:22 无持仓
[TRACKER] 15:44:29 无持仓
[TRACKER] 15:44:35 无持仓
[TRACKER] 15:44:42 无持仓
[TRACKER] 15:44:49 无持仓
[TRACKER] 15:44:55 无持仓
[TRACKER] 本轮结束（将由 crontab 重新拉起）
[TRACKER] 启动，每 5 秒检查一次…
[TRACKER] 15:45:02 无持仓
[TRACKER] 15:45:09 无持仓
[TRACKER] 15:45:15 无持仓
[TRACKER] 15:45:22 无持仓
[TRACKER] 15:45:28 无持仓
[TRACKER] 15:45:34 无持仓
[TRACKER] 15:45:41 无持仓
[TRACKER] 15:45:48 无持仓
[TRACKER] 15:45:54 无持仓
[TRACKER] 本轮结束（将由 crontab 重新拉起）
[TRACKER] 启动，每 5 秒检查一次…
[TRACKER] 15:46:01 无持仓
[TRACKER] 15:46:08 无持仓
[TRACKER] 15:46:14 无持仓
[TRACKER] 15:46:21 无持仓
[TRACKER] 15:46:28 无持仓
[TRACKER] 15:46:34 无持仓
[TRACKER] 15:46:41 无持仓
[TRACKER] 15:46:47 无持仓
[TRACKER] 15:46:54 无持仓
[TRACKER] 本轮结束（将由 crontab 重新拉起）
[TRACKER] 启动，每 5 秒检查一次…
[TRACKER] 15:47:03 无持仓
[TRACKER] 15:47:09 无持仓
[TRACKER] 15:47:16 无持仓
[TRACKER] 15:47:22 无持仓
[TRACKER] 15:47:28 无持仓
[TRACKER] 15:47:35 无持仓
[TRACKER] 15:47:41 无持仓
[TRACKER] 15:47:48 无持仓
[TRACKER] 15:47:54 无持仓
[TRACKER] 本轮结束（将由 crontab 重新拉起）
[TRACKER] 启动，每 5 秒检查一次…
[TRACKER] 15:48:03 无持仓
[TRACKER] 15:48:10 无持仓
[TRACKER] 15:48:16 无持仓
[TRACKER] 15:48:22 无持仓
[TRACKER] 15:48:29 无持仓
[TRACKER] 15:48:35 无持仓
[TRACKER] 15:48:42 无持仓
[TRACKER] 15:48:48 无持仓
[TRACKER] 15:48:54 无持仓
[TRACKER] 本轮结束（将由 crontab 重新拉起）
[TRACKER] 启动，每 5 秒检查一次…
[TRACKER] 15:49:02 无持仓
[TRACKER] 15:49:08 无持仓
[TRACKER] 15:49:15 无持仓
[TRACKER] 15:49:21 无持仓
[TRACKER] 15:49:28 无持仓
[TRACKER] 15:49:34 无持仓
[TRACKER] 15:49:40 无持仓
[TRACKER] 15:49:47 无持仓
[TRACKER] 15:49:53 无持仓
[TRACKER] 本轮结束（将由 crontab 重新拉起）
[TRACKER] 启动，每 5 秒检查一次…
[TRACKER] 15:50:03 无持仓
[TRACKER] 15:50:09 无持仓
[TRACKER] 15:50:16 无持仓
[TRACKER] 15:50:22 无持仓
[TRACKER] 15:50:28 无持仓
[TRACKER] 15:50:35 无持仓
[TRACKER] 15:50:41 无持仓
[TRACKER] 15:50:48 无持仓
[TRACKER] 15:50:54 无持仓
[TRACKER] 本轮结束（将由 crontab 重新拉起）
[TRACKER] 启动，每 5 秒检查一次…
[TRACKER] 15:51:03 无持仓
[TRACKER] 15:51:09 无持仓
[TRACKER] 15:51:16 无持仓
[TRACKER] 15:51:22 无持仓
[TRACKER] 15:51:29 无持仓
[TRACKER] 15:51:35 无持仓
[TRACKER] 15:51:42 无持仓
[TRACKER] 15:51:48 无持仓
[TRACKER] 15:51:55 无持仓
[TRACKER] 本轮结束（将由 crontab 重新拉起）
[TRACKER] 启动，每 5 秒检查一次…
[TRACKER] 15:52:01 无持仓
[TRACKER] 15:52:08 无持仓
[TRACKER] 15:52:15 无持仓
[TRACKER] 15:52:21 无持仓
[TRACKER] 15:52:27 无持仓
[TRACKER] 15:52:34 无持仓
[TRACKER] 15:52:41 无持仓
[TRACKER] 15:52:47 无持仓
[TRACKER] 15:52:54 无持仓
[TRACKER] 本轮结束（将由 crontab 重新拉起）
[TRACKER] 启动，每 5 秒检查一次…
[TRACKER] 15:53:03 无持仓
[TRACKER] 15:53:09 无持仓
[TRACKER] 15:53:16 无持仓
[TRACKER] 15:53:22 无持仓
[TRACKER] 15:53:28 无持仓
[TRACKER] 15:53:35 无持仓
[TRACKER] 15:53:41 无持仓
[TRACKER] 15:53:48 无持仓
[TRACKER] 15:53:54 无持仓
[TRACKER] 本轮结束（将由 crontab 重新拉起）
[TRACKER] 启动，每 5 秒检查一次…
[TRACKER] 15:54:03 无持仓
[TRACKER] 15:54:10 无持仓
[TRACKER] 15:54:16 无持仓
[TRACKER] 15:54:23 无持仓
[TRACKER] 15:54:29 无持仓
[TRACKER] 15:54:36 无持仓
[TRACKER] 15:54:42 无持仓
[TRACKER] 15:54:49 无持仓
[TRACKER] 15:54:55 无持仓
[TRACKER] 本轮结束（将由 crontab 重新拉起）
[TRACKER] 启动，每 5 秒检查一次…
[TRACKER] 15:55:02 无持仓
[TRACKER] 15:55:09 无持仓
[TRACKER] 15:55:15 无持仓
[TRACKER] 15:55:21 无持仓
[TRACKER] 15:55:28 无持仓
[TRACKER] 15:55:34 无持仓
[TRACKER] 15:55:41 无持仓
[TRACKER] 15:55:47 无持仓
[TRACKER] 15:55:54 无持仓
[TRACKER] 本轮结束（将由 crontab 重新拉起）
[TRACKER] 启动，每 5 秒检查一次…
[TRACKER] 15:56:03 无持仓
[TRACKER] 15:56:10 无持仓
[TRACKER] 15:56:16 无持仓
[TRACKER] 15:56:22 无持仓
[TRACKER] 15:56:29 无持仓
[TRACKER] 15:56:35 无持仓
[TRACKER] 15:56:42 无持仓
[TRACKER] 15:56:48 无持仓
[TRACKER] 15:56:55 无持仓
[TRACKER] 本轮结束（将由 crontab 重新拉起）
[TRACKER] 启动，每 5 秒检查一次…
[TRACKER] 15:57:02 无持仓
[TRACKER] 15:57:08 无持仓
[TRACKER] 15:57:14 无持仓
[TRACKER] 15:57:20 无持仓
[TRACKER] 15:57:27 无持仓
[TRACKER] 15:57:33 无持仓
[TRACKER] 15:57:40 无持仓
[TRACKER] 15:57:46 无持仓
[TRACKER] 15:57:53 无持仓
[TRACKER] 本轮结束（将由 crontab 重新拉起）
[TRACKER] 启动，每 5 秒检查一次…
[TRACKER] 15:58:03 无持仓
[TRACKER] 15:58:10 无持仓
[TRACKER] 15:58:16 无持仓
[TRACKER] 15:58:23 无持仓
[TRACKER] 15:58:29 无持仓
[TRACKER] 15:58:35 无持仓
[TRACKER] 15:58:42 无持仓
[TRACKER] 15:58:48 无持仓
[TRACKER] 15:58:54 无持仓
[TRACKER] 本轮结束（将由 crontab 重新拉起）
[TRACKER] 启动，每 5 秒检查一次…
[TRACKER] 15:59:03 无持仓
[TRACKER] 15:59:10 无持仓
[TRACKER] 15:59:16 无持仓
[TRACKER] 15:59:23 无持仓
[TRACKER] 15:59:29 无持仓
[TRACKER] 15:59:36 无持仓
[TRACKER] 15:59:42 无持仓
[TRACKER] 15:59:48 无持仓
[TRACKER] 15:59:54 无持仓
[TRACKER] 本轮结束（将由 crontab 重新拉起）
[TRACKER] 启动，每 5 秒检查一次…
[TRACKER] 16:00:01 无持仓
[TRACKER] 16:00:08 无持仓
[TRACKER] 16:00:14 无持仓
[TRACKER] 16:00:21 无持仓
[TRACKER] 16:00:28 无持仓
[TRACKER] 16:00:35 无持仓
[TRACKER] 16:00:42 无持仓
[TRACKER] 16:00:48 无持仓
[TRACKER] 16:00:54 无持仓
[TRACKER] 本轮结束（将由 crontab 重新拉起）
[TRACKER] 启动，每 5 秒检查一次…
[TRACKER] 16:01:03 无持仓
[TRACKER] 16:01:09 无持仓
[TRACKER] 16:01:16 无持仓
[TRACKER] 16:01:22 无持仓
[TRACKER] 16:01:28 无持仓
[TRACKER] 16:01:35 无持仓
[TRACKER] 16:01:41 无持仓
[TRACKER] 16:01:47 无持仓
[TRACKER] 16:01:54 无持仓
[TRACKER] 本轮结束（将由 crontab 重新拉起）
[TRACKER] 启动，每 5 秒检查一次…
[TRACKER] 16:02:03 无持仓
[TRACKER] 16:02:09 无持仓
[TRACKER] 16:02:16 无持仓
[TRACKER] 16:02:22 无持仓
[TRACKER] 16:02:29 无持仓
[TRACKER] 16:02:35 无持仓
[TRACKER] 16:02:41 无持仓
[TRACKER] 16:02:48 无持仓
[TRACKER] 16:02:55 无持仓
[TRACKER] 本轮结束（将由 crontab 重新拉起）
[TRACKER] 启动，每 5 秒检查一次…
[TRACKER] 16:03:02 无持仓
[TRACKER] 16:03:09 无持仓
[TRACKER] 16:03:15 无持仓
[TRACKER] 16:03:22 无持仓
[TRACKER] 16:03:28 无持仓
[TRACKER] 16:03:35 无持仓
[TRACKER] 16:03:41 无持仓
[TRACKER] 16:03:48 无持仓
[TRACKER] 16:03:54 无持仓
[TRACKER] 本轮结束（将由 crontab 重新拉起）
[TRACKER] 启动，每 5 秒检查一次…
[TRACKER] 16:04:03 无持仓
[TRACKER] 16:04:10 无持仓
[TRACKER] 16:04:16 无持仓
[TRACKER] 16:04:23 无持仓
[TRACKER] 16:04:29 无持仓
[TRACKER] 16:04:36 无持仓
[TRACKER] 16:04:42 无持仓
[TRACKER] 16:04:48 无持仓
[TRACKER] 16:04:55 无持仓
[TRACKER] 本轮结束（将由 crontab 重新拉起）
[TRACKER] 启动，每 5 秒检查一次…
[TRACKER] 16:05:02 无持仓
[TRACKER] 16:05:08 无持仓
[TRACKER] 16:05:15 无持仓
[TRACKER] 16:05:21 无持仓
[TRACKER] 16:05:28 无持仓
[TRACKER] 16:05:34 无持仓
[TRACKER] 16:05:41 无持仓
[TRACKER] 16:05:47 无持仓
[TRACKER] 16:05:54 无持仓
[TRACKER] 本轮结束（将由 crontab 重新拉起）
[TRACKER] 启动，每 5 秒检查一次…
[TRACKER] 16:06:03 无持仓
[TRACKER] 16:06:09 无持仓
[TRACKER] 16:06:16 无持仓
[TRACKER] 16:06:22 无持仓
[TRACKER] 16:06:29 无持仓
[TRACKER] 16:06:35 无持仓
[TRACKER] 16:06:42 无持仓
[TRACKER] 16:06:48 无持仓
[TRACKER] 16:06:55 无持仓
[TRACKER] 本轮结束（将由 crontab 重新拉起）
[TRACKER] 启动，每 5 秒检查一次…
[TRACKER] 16:07:02 无持仓
[TRACKER] 16:07:09 无持仓
[TRACKER] 16:07:16 无持仓
[TRACKER] 16:07:22 无持仓
[TRACKER] 16:07:29 无持仓
[TRACKER] 16:07:35 无持仓
[TRACKER] 16:07:42 无持仓
[TRACKER] 16:07:48 无持仓
[TRACKER] 16:07:54 无持仓
[TRACKER] 本轮结束（将由 crontab 重新拉起）
[TRACKER] 启动，每 5 秒检查一次…
[TRACKER] 16:08:02 无持仓
[TRACKER] 16:08:08 无持仓
[TRACKER] 16:08:15 无持仓
[TRACKER] 16:08:21 无持仓
[TRACKER] 16:08:27 无持仓
[TRACKER] 16:08:34 无持仓
[TRACKER] 16:08:40 无持仓
[TRACKER] 16:08:47 无持仓
[TRACKER] 16:08:53 无持仓
[TRACKER] 本轮结束（将由 crontab 重新拉起）
[TRACKER] 启动，每 5 秒检查一次…
[TRACKER] 16:09:03 无持仓
[TRACKER] 16:09:10 无持仓
[TRACKER] 16:09:16 无持仓
[TRACKER] 16:09:23 无持仓
[TRACKER] 16:09:29 无持仓
[TRACKER] 16:09:35 无持仓
[TRACKER] 16:09:42 无持仓
[TRACKER] 16:09:48 无持仓
[TRACKER] 16:09:55 无持仓
[TRACKER] 本轮结束（将由 crontab 重新拉起）
[TRACKER] 启动，每 5 秒检查一次…
[TRACKER] 16:10:01 无持仓
[TRACKER] 16:10:08 无持仓
[TRACKER] 16:10:14 无持仓
[TRACKER] 16:10:21 无持仓
[TRACKER] 16:10:27 无持仓
[TRACKER] 16:10:34 无持仓
[TRACKER] 16:10:40 无持仓
[TRACKER] 16:10:46 无持仓
[TRACKER] 16:10:53 无持仓
[TRACKER] 本轮结束（将由 crontab 重新拉起）
[TRACKER] 启动，每 5 秒检查一次…
[TRACKER] 16:11:03 无持仓
[TRACKER] 16:11:09 无持仓
[TRACKER] 16:11:16 无持仓
[TRACKER] 16:11:23 无持仓
[TRACKER] 16:11:29 无持仓
[TRACKER] 16:11:36 无持仓
[TRACKER] 16:11:42 无持仓
[TRACKER] 16:11:48 无持仓
[TRACKER] 16:11:54 无持仓
[TRACKER] 本轮结束（将由 crontab 重新拉起）
[TRACKER] 启动，每 5 秒检查一次…
[TRACKER] 16:12:01 无持仓
[TRACKER] 16:12:08 无持仓
[TRACKER] 16:12:14 无持仓
[TRACKER] 16:12:21 无持仓
[TRACKER] 16:12:27 无持仓
[TRACKER] 16:12:34 无持仓
[TRACKER] 16:12:40 无持仓
[TRACKER] 16:12:46 无持仓
[TRACKER] 16:12:53 无持仓
[TRACKER] 本轮结束（将由 crontab 重新拉起）
[TRACKER] 启动，每 5 秒检查一次…
[TRACKER] 16:13:03 无持仓
[TRACKER] 16:13:10 无持仓
[TRACKER] 16:13:16 无持仓
[TRACKER] 16:13:22 无持仓
[TRACKER] 16:13:29 无持仓
[TRACKER] 16:13:35 无持仓
[TRACKER] 16:13:41 无持仓
[TRACKER] 16:13:48 无持仓
[TRACKER] 16:13:54 无持仓
[TRACKER] 本轮结束（将由 crontab 重新拉起）
[TRACKER] 启动，每 5 秒检查一次…
[TRACKER] 16:14:03 无持仓
[TRACKER] 16:14:10 无持仓
[TRACKER] 16:14:16 无持仓
[TRACKER] 16:14:22 无持仓
[TRACKER] 16:14:29 无持仓
[TRACKER] 16:14:35 无持仓
[TRACKER] 16:14:42 无持仓
[TRACKER] 16:14:49 无持仓
[TRACKER] 16:14:55 无持仓
[TRACKER] 本轮结束（将由 crontab 重新拉起）
[TRACKER] 启动，每 5 秒检查一次…
[TRACKER] 16:15:02 无持仓
[TRACKER] 16:15:08 无持仓
[TRACKER] 16:15:15 无持仓
[TRACKER] 16:15:22 无持仓
[TRACKER] 16:15:28 无持仓
[TRACKER] 16:15:35 无持仓
[TRACKER] 16:15:41 无持仓
[TRACKER] 16:15:48 无持仓
[TRACKER] 16:15:55 无持仓
[TRACKER] 本轮结束（将由 crontab 重新拉起）
[TRACKER] 启动，每 5 秒检查一次…
[TRACKER] 16:16:01 无持仓
[TRACKER] 16:16:08 无持仓
[TRACKER] 16:16:15 无持仓
[TRACKER] 16:16:21 无持仓
[TRACKER] 16:16:28 无持仓
[TRACKER] 16:16:35 无持仓
[TRACKER] 16:16:41 无持仓
[TRACKER] 16:16:48 无持仓
[TRACKER] 16:16:55 无持仓
[TRACKER] 本轮结束（将由 crontab 重新拉起）
[TRACKER] 启动，每 5 秒检查一次…
[TRACKER] 16:17:02 无持仓
[TRACKER] 16:17:08 无持仓
[TRACKER] 16:17:15 无持仓
[TRACKER] 16:17:21 无持仓
[TRACKER] 16:17:28 无持仓
[TRACKER] 16:17:34 无持仓
[TRACKER] 16:17:41 无持仓
[TRACKER] 16:17:47 无持仓
[TRACKER] 16:17:54 无持仓
[TRACKER] 本轮结束（将由 crontab 重新拉起）
[TRACKER] 启动，每 5 秒检查一次…
[TRACKER] 16:18:03 无持仓
[TRACKER] 16:18:10 无持仓
[TRACKER] 16:18:16 无持仓
[TRACKER] 16:18:23 无持仓
[TRACKER] 16:18:29 无持仓
[TRACKER] 16:18:36 无持仓
[TRACKER] 16:18:42 无持仓
[TRACKER] 16:18:49 无持仓
[TRACKER] 16:18:55 无持仓
[TRACKER] 本轮结束（将由 crontab 重新拉起）
[TRACKER] 启动，每 5 秒检查一次…
[TRACKER] 16:19:03 无持仓
[TRACKER] 16:19:09 无持仓
[TRACKER] 16:19:15 无持仓
[TRACKER] 16:19:22 无持仓
[TRACKER] 16:19:29 无持仓
[TRACKER] 16:19:35 无持仓
[TRACKER] 16:19:41 无持仓
[TRACKER] 16:19:48 无持仓
[TRACKER] 16:19:54 无持仓
[TRACKER] 本轮结束（将由 crontab 重新拉起）
[TRACKER] 启动，每 5 秒检查一次…
[TRACKER] 16:20:03 无持仓
[TRACKER] 16:20:10 无持仓
[TRACKER] 16:20:17 无持仓
[TRACKER] 16:20:23 无持仓
[TRACKER] 16:20:29 无持仓
[TRACKER] 16:20:36 无持仓
[TRACKER] 16:20:42 无持仓
[TRACKER] 16:20:49 无持仓
[TRACKER] 16:20:55 无持仓
[TRACKER] 本轮结束（将由 crontab 重新拉起）
[TRACKER] 启动，每 5 秒检查一次…
[TRACKER] 16:21:02 无持仓
[TRACKER] 16:21:09 无持仓
[TRACKER] 16:21:15 无持仓
[TRACKER] 16:21:22 无持仓
[TRACKER] 16:21:28 无持仓
[TRACKER] 16:21:35 无持仓
[TRACKER] 16:21:41 无持仓
[TRACKER] 16:21:48 无持仓
[TRACKER] 16:21:54 无持仓
[TRACKER] 本轮结束（将由 crontab 重新拉起）
[TRACKER] 启动，每 5 秒检查一次…
[TRACKER] 16:22:03 无持仓
[TRACKER] 16:22:09 无持仓
[TRACKER] 16:22:16 无持仓
[TRACKER] 16:22:22 无持仓
[TRACKER] 16:22:28 无持仓
[TRACKER] 16:22:35 无持仓
[TRACKER] 16:22:41 无持仓
[TRACKER] 16:22:48 无持仓
[TRACKER] 16:22:55 无持仓
[TRACKER] 本轮结束（将由 crontab 重新拉起）
[TRACKER] 启动，每 5 秒检查一次…
[TRACKER] 16:23:02 无持仓
[TRACKER] 16:23:08 无持仓
[TRACKER] 16:23:15 无持仓
[TRACKER] 16:23:21 无持仓
[TRACKER] 16:23:28 无持仓
[TRACKER] 16:23:34 无持仓
[TRACKER] 16:23:41 无持仓
[TRACKER] 16:23:47 无持仓
[TRACKER] 16:23:53 无持仓
[TRACKER] 本轮结束（将由 crontab 重新拉起）
[TRACKER] 启动，每 5 秒检查一次…
[TRACKER] 16:24:03 无持仓
[TRACKER] 16:24:10 无持仓
[TRACKER] 16:24:17 无持仓
[TRACKER] 16:24:23 无持仓
[TRACKER] 16:24:30 无持仓
[TRACKER] 16:24:36 无持仓
[TRACKER] 16:24:43 无持仓
[TRACKER] 16:24:50 无持仓
[TRACKER] 16:24:56 无持仓
[TRACKER] 本轮结束（将由 crontab 重新拉起）
[TRACKER] 启动，每 5 秒检查一次…
[TRACKER] 16:25:03 无持仓
[TRACKER] 16:25:09 无持仓
[TRACKER] 16:25:16 无持仓
[TRACKER] 16:25:22 无持仓
[TRACKER] 16:25:29 无持仓
[TRACKER] 16:25:35 无持仓
[TRACKER] 16:25:42 无持仓
[TRACKER] 16:25:48 无持仓
[TRACKER] 16:25:54 无持仓
[TRACKER] 本轮结束（将由 crontab 重新拉起）
[TRACKER] 启动，每 5 秒检查一次…
[TRACKER] 16:26:03 无持仓
[TRACKER] 16:26:10 无持仓
[TRACKER] 16:26:16 无持仓
[TRACKER] 16:26:23 无持仓
[TRACKER] 16:26:29 无持仓
[TRACKER] 16:26:36 无持仓
[TRACKER] 16:26:42 无持仓
[TRACKER] 16:26:49 无持仓
[TRACKER] 16:26:55 无持仓
[TRACKER] 本轮结束（将由 crontab 重新拉起）
[TRACKER] 启动，每 5 秒检查一次…
[TRACKER] 16:27:02 无持仓
[TRACKER] 16:27:08 无持仓
[TRACKER] 16:27:15 无持仓
[TRACKER] 16:27:21 无持仓
[TRACKER] 16:27:27 无持仓
[TRACKER] 16:27:34 无持仓
[TRACKER] 16:27:40 无持仓
[TRACKER] 16:27:47 无持仓
[TRACKER] 16:27:53 无持仓
[TRACKER] 本轮结束（将由 crontab 重新拉起）
[TRACKER] 启动，每 5 秒检查一次…
[TRACKER] 16:28:03 无持仓
[TRACKER] 16:28:10 无持仓
[TRACKER] 16:28:16 无持仓
[TRACKER] 16:28:22 无持仓
[TRACKER] 16:28:29 无持仓
[TRACKER] 16:28:35 无持仓
[TRACKER] 16:28:41 无持仓
[TRACKER] 16:28:48 无持仓
[TRACKER] 16:28:54 无持仓
[TRACKER] 本轮结束（将由 crontab 重新拉起）
[TRACKER] 启动，每 5 秒检查一次…
[TRACKER] 16:29:01 无持仓
[TRACKER] 16:29:08 无持仓
[TRACKER] 16:29:14 无持仓
[TRACKER] 16:29:20 无持仓
[TRACKER] 16:29:27 无持仓
[TRACKER] 16:29:33 无持仓
[TRACKER] 16:29:40 无持仓
[TRACKER] 16:29:46 无持仓
[TRACKER] 16:29:52 无持仓
[TRACKER] 本轮结束（将由 crontab 重新拉起）
[TRACKER] 启动，每 5 秒检查一次…
[TRACKER] 16:30:04 无持仓
[TRACKER] 16:30:10 无持仓
[TRACKER] 16:30:17 无持仓
[TRACKER] 16:30:23 无持仓
[TRACKER] 16:30:30 无持仓
[TRACKER] 16:30:36 无持仓
[TRACKER] 16:30:43 无持仓
[TRACKER] 16:30:49 无持仓
[TRACKER] 16:30:56 无持仓
[TRACKER] 本轮结束（将由 crontab 重新拉起）
[TRACKER] 启动，每 5 秒检查一次…
[TRACKER] 16:31:03 无持仓
[TRACKER] 16:31:09 无持仓
[TRACKER] 16:31:15 无持仓
[TRACKER] 16:31:23 无持仓
[TRACKER] 16:31:31 无持仓
[TRACKER] 16:31:38 无持仓
[TRACKER] 16:31:46 无持仓
[TRACKER] 16:31:52 无持仓
[TRACKER] 本轮结束（将由 crontab 重新拉起）
[TRACKER] 启动，每 5 秒检查一次…
[TRACKER] 16:32:03 无持仓
[TRACKER] 16:32:10 无持仓
[TRACKER] 16:32:16 无持仓
[TRACKER] 16:32:22 无持仓
[TRACKER] 16:32:28 无持仓
[TRACKER] 16:32:35 无持仓
[TRACKER] 16:32:41 无持仓
[TRACKER] 16:32:47 无持仓
[TRACKER] 16:32:54 无持仓
[TRACKER] 本轮结束（将由 crontab 重新拉起）
[TRACKER] 启动，每 5 秒检查一次…
[TRACKER] 16:33:03 无持仓
[TRACKER] 16:33:09 无持仓
[TRACKER] 16:33:16 无持仓
[TRACKER] 16:33:22 无持仓
[TRACKER] 16:33:28 无持仓
[TRACKER] 16:33:35 无持仓
[TRACKER] 16:33:42 无持仓
[TRACKER] 16:33:48 无持仓
[TRACKER] 16:33:55 无持仓
[TRACKER] 本轮结束（将由 crontab 重新拉起）
[TRACKER] 启动，每 5 秒检查一次…
[TRACKER] 16:34:02 无持仓
[TRACKER] 16:34:08 无持仓
[TRACKER] 16:34:15 无持仓
[TRACKER] 16:34:21 无持仓
[TRACKER] 16:34:28 无持仓
[TRACKER] 16:34:34 无持仓
[TRACKER] 16:34:40 无持仓
[TRACKER] 16:34:47 无持仓
[TRACKER] 16:34:53 无持仓
[TRACKER] 本轮结束（将由 crontab 重新拉起）
[TRACKER] 启动，每 5 秒检查一次…
[TRACKER] 16:35:03 无持仓
[TRACKER] 16:35:10 无持仓
[TRACKER] 16:35:16 无持仓
[TRACKER] 16:35:22 无持仓
[TRACKER] 16:35:29 无持仓
[TRACKER] 16:35:36 无持仓
[TRACKER] 16:35:42 无持仓
[TRACKER] 16:35:49 无持仓
[TRACKER] 16:35:55 无持仓
[TRACKER] 本轮结束（将由 crontab 重新拉起）
[TRACKER] 启动，每 5 秒检查一次…
[TRACKER] 16:36:02 无持仓
[TRACKER] 16:36:09 无持仓
[TRACKER] 16:36:16 无持仓
[TRACKER] 16:36:22 无持仓
[TRACKER] 16:36:29 无持仓
[TRACKER] 16:36:35 无持仓
[TRACKER] 16:36:42 无持仓
[TRACKER] 16:36:48 无持仓
[TRACKER] 16:36:54 无持仓
[TRACKER] 本轮结束（将由 crontab 重新拉起）
[TRACKER] 启动，每 5 秒检查一次…
[TRACKER] 16:37:01 无持仓
[TRACKER] 16:37:08 无持仓
[TRACKER] 16:37:14 无持仓
[TRACKER] 16:37:21 无持仓
[TRACKER] 16:37:27 无持仓
[TRACKER] 16:37:33 无持仓
[TRACKER] 16:37:40 无持仓
[TRACKER] 16:37:46 无持仓
[TRACKER] 16:37:53 无持仓
[TRACKER] 本轮结束（将由 crontab 重新拉起）
[TRACKER] 启动，每 5 秒检查一次…
[TRACKER] 16:38:03 无持仓
[TRACKER] 16:38:09 无持仓
[TRACKER] 16:38:16 无持仓
[TRACKER] 16:38:22 无持仓
[TRACKER] 16:38:29 无持仓
[TRACKER] 16:38:35 无持仓
[TRACKER] 16:38:42 无持仓
[TRACKER] 16:38:48 无持仓
[TRACKER] 16:38:55 无持仓
[TRACKER] 本轮结束（将由 crontab 重新拉起）
[TRACKER] 启动，每 5 秒检查一次…
[TRACKER] 16:39:02 无持仓
[TRACKER] 16:39:08 无持仓
[TRACKER] 16:39:15 无持仓
[TRACKER] 16:39:21 无持仓
[TRACKER] 16:39:28 无持仓
[TRACKER] 16:39:34 无持仓
[TRACKER] 16:39:41 无持仓
[TRACKER] 16:39:47 无持仓
[TRACKER] 16:39:54 无持仓
[TRACKER] 本轮结束（将由 crontab 重新拉起）
[TRACKER] 启动，每 5 秒检查一次…
[TRACKER] 16:40:03 无持仓
[TRACKER] 16:40:09 无持仓
[TRACKER] 16:40:16 无持仓
[TRACKER] 16:40:22 无持仓
[TRACKER] 16:40:29 无持仓
[TRACKER] 16:40:36 无持仓
[TRACKER] 16:40:42 无持仓
[TRACKER] 16:40:49 无持仓
[TRACKER] 16:40:55 无持仓
[TRACKER] 本轮结束（将由 crontab 重新拉起）
[TRACKER] 启动，每 5 秒检查一次…
[TRACKER] 16:41:02 无持仓
[TRACKER] 16:41:08 无持仓
[TRACKER] 16:41:15 无持仓
[TRACKER] 16:41:22 无持仓
[TRACKER] 16:41:28 无持仓
[TRACKER] 16:41:35 无持仓
[TRACKER] 16:41:41 无持仓
[TRACKER] 16:41:47 无持仓
[TRACKER] 16:41:54 无持仓
[TRACKER] 本轮结束（将由 crontab 重新拉起）
[TRACKER] 启动，每 5 秒检查一次…
[TRACKER] 16:42:03 无持仓
[TRACKER] 16:42:10 无持仓
[TRACKER] 16:42:16 无持仓
[TRACKER] 16:42:22 无持仓
[TRACKER] 16:42:29 无持仓
[TRACKER] 16:42:35 无持仓
[TRACKER] 16:42:42 无持仓
[TRACKER] 16:42:48 无持仓
[TRACKER] 16:42:55 无持仓
[TRACKER] 本轮结束（将由 crontab 重新拉起）
[TRACKER] 启动，每 5 秒检查一次…
[TRACKER] 16:43:02 无持仓
[TRACKER] 16:43:09 无持仓
[TRACKER] 16:43:15 无持仓
[TRACKER] 16:43:21 无持仓
[TRACKER] 16:43:28 无持仓
[TRACKER] 16:43:34 无持仓
[TRACKER] 16:43:41 无持仓
[TRACKER] 16:43:47 无持仓
[TRACKER] 16:43:54 无持仓
[TRACKER] 本轮结束（将由 crontab 重新拉起）
[TRACKER] 启动，每 5 秒检查一次…
[TRACKER] 16:44:03 无持仓
[TRACKER] 16:44:09 无持仓
[TRACKER] 16:44:16 无持仓
[TRACKER] 16:44:22 无持仓
[TRACKER] 16:44:29 无持仓
[TRACKER] 16:44:35 无持仓
[TRACKER] 16:44:41 无持仓
[TRACKER] 16:44:48 无持仓
[TRACKER] 16:44:54 无持仓
[TRACKER] 本轮结束（将由 crontab 重新拉起）
[TRACKER] 启动，每 5 秒检查一次…
[TRACKER] 16:45:03 无持仓
[TRACKER] 16:45:10 无持仓
[TRACKER] 16:45:16 无持仓
[TRACKER] 16:45:23 无持仓
[TRACKER] 16:45:29 无持仓
[TRACKER] 16:45:36 无持仓
[TRACKER] 16:45:42 无持仓
[TRACKER] 16:45:49 无持仓
[TRACKER] 16:45:56 无持仓
[TRACKER] 本轮结束（将由 crontab 重新拉起）
[TRACKER] 启动，每 5 秒检查一次…
[TRACKER] 16:46:03 无持仓
[TRACKER] 16:46:09 无持仓
[TRACKER] 16:46:16 无持仓
[TRACKER] 16:46:22 无持仓
[TRACKER] 16:46:28 无持仓
[TRACKER] 16:46:34 无持仓
[TRACKER] 16:46:41 无持仓
[TRACKER] 16:46:47 无持仓
[TRACKER] 16:46:53 无持仓
[TRACKER] 本轮结束（将由 crontab 重新拉起）
[TRACKER] 启动，每 5 秒检查一次…
[TRACKER] 16:47:02 无持仓
[TRACKER] 16:47:09 无持仓
[TRACKER] 16:47:15 无持仓
[TRACKER] 16:47:21 无持仓
[TRACKER] 16:47:28 无持仓
[TRACKER] 16:47:34 无持仓
[TRACKER] 16:47:40 无持仓
[TRACKER] 16:47:47 无持仓
[TRACKER] 16:47:53 无持仓
[TRACKER] 本轮结束（将由 crontab 重新拉起）
[TRACKER] 启动，每 5 秒检查一次…
[TRACKER] 16:48:04 无持仓
[TRACKER] 16:48:10 无持仓
[TRACKER] 16:48:16 无持仓
[TRACKER] 16:48:23 无持仓
[TRACKER] 16:48:29 无持仓
[TRACKER] 16:48:36 无持仓
[TRACKER] 16:48:42 无持仓
[TRACKER] 16:48:49 无持仓
[TRACKER] 16:48:55 无持仓
[TRACKER] 本轮结束（将由 crontab 重新拉起）
[TRACKER] 启动，每 5 秒检查一次…
[TRACKER] 16:49:02 无持仓
[TRACKER] 16:49:09 无持仓
[TRACKER] 16:49:15 无持仓
[TRACKER] 16:49:22 无持仓
[TRACKER] 16:49:28 无持仓
[TRACKER] 16:49:35 无持仓
[TRACKER] 16:49:41 无持仓
[TRACKER] 16:49:47 无持仓
[TRACKER] 16:49:54 无持仓
[TRACKER] 本轮结束（将由 crontab 重新拉起）
[TRACKER] 启动，每 5 秒检查一次…
[TRACKER] 16:50:03 无持仓
[TRACKER] 16:50:09 无持仓
[TRACKER] 16:50:16 无持仓
[TRACKER] 16:50:22 无持仓
[TRACKER] 16:50:28 无持仓
[TRACKER] 16:50:35 无持仓
[TRACKER] 16:50:41 无持仓
[TRACKER] 16:50:48 无持仓
[TRACKER] 16:50:54 无持仓
[TRACKER] 本轮结束（将由 crontab 重新拉起）
[TRACKER] 启动，每 5 秒检查一次…
[TRACKER] 16:51:03 无持仓
[TRACKER] 16:51:10 无持仓
[TRACKER] 16:51:16 无持仓
[TRACKER] 16:51:23 无持仓
[TRACKER] 16:51:29 无持仓
[TRACKER] 16:51:36 无持仓
[TRACKER] 16:51:42 无持仓
[TRACKER] 16:51:49 无持仓
[TRACKER] 16:51:55 无持仓
[TRACKER] 本轮结束（将由 crontab 重新拉起）
[TRACKER] 启动，每 5 秒检查一次…
[TRACKER] 16:52:03 无持仓
[TRACKER] 16:52:09 无持仓
[TRACKER] 16:52:16 无持仓
[TRACKER] 16:52:22 无持仓
[TRACKER] 16:52:29 无持仓
[TRACKER] 16:52:35 无持仓
[TRACKER] 16:52:41 无持仓
[TRACKER] 16:52:48 无持仓
[TRACKER] 16:52:55 无持仓
[TRACKER] 本轮结束（将由 crontab 重新拉起）
[TRACKER] 启动，每 5 秒检查一次…
[TRACKER] 16:53:02 无持仓
[TRACKER] 16:53:08 无持仓
[TRACKER] 16:53:15 无持仓
[TRACKER] 16:53:21 无持仓
[TRACKER] 16:53:28 无持仓
[TRACKER] 16:53:35 无持仓
[TRACKER] 16:53:41 无持仓
[TRACKER] 16:53:48 无持仓
[TRACKER] 16:53:54 无持仓
[TRACKER] 本轮结束（将由 crontab 重新拉起）
[TRACKER] 启动，每 5 秒检查一次…
[TRACKER] 16:54:03 无持仓
[TRACKER] 16:54:10 无持仓
[TRACKER] 16:54:16 无持仓
[TRACKER] 16:54:23 无持仓
[TRACKER] 16:54:29 无持仓
[TRACKER] 16:54:36 无持仓
[TRACKER] 16:54:42 无持仓
[TRACKER] 16:54:49 无持仓
[TRACKER] 16:54:55 无持仓
[TRACKER] 本轮结束（将由 crontab 重新拉起）
[TRACKER] 启动，每 5 秒检查一次…
[TRACKER] 16:55:02 无持仓
[TRACKER] 16:55:08 无持仓
[TRACKER] 16:55:15 无持仓
[TRACKER] 16:55:21 无持仓
[TRACKER] 16:55:28 无持仓
[TRACKER] 16:55:34 无持仓
[TRACKER] 16:55:41 无持仓
[TRACKER] 16:55:47 无持仓
[TRACKER] 16:55:54 无持仓
[TRACKER] 本轮结束（将由 crontab 重新拉起）
[TRACKER] 启动，每 5 秒检查一次…
[TRACKER] 16:56:03 无持仓
[TRACKER] 16:56:09 无持仓
[TRACKER] 16:56:16 无持仓
[TRACKER] 16:56:23 无持仓
[TRACKER] 16:56:29 无持仓
[TRACKER] 16:56:36 无持仓
[TRACKER] 16:56:42 无持仓
[TRACKER] 16:56:49 无持仓
[TRACKER] 16:56:55 无持仓
[TRACKER] 本轮结束（将由 crontab 重新拉起）
[TRACKER] 启动，每 5 秒检查一次…
[TRACKER] 16:57:02 无持仓
[TRACKER] 16:57:09 无持仓
[TRACKER] 16:57:15 无持仓
[TRACKER] 16:57:21 无持仓
[TRACKER] 16:57:28 无持仓
[TRACKER] 16:57:34 无持仓
[TRACKER] 16:57:40 无持仓
[TRACKER] 16:57:47 无持仓
[TRACKER] 16:57:54 无持仓
[TRACKER] 本轮结束（将由 crontab 重新拉起）
[TRACKER] 启动，每 5 秒检查一次…
[TRACKER] 16:58:03 无持仓
[TRACKER] 16:58:09 无持仓
[TRACKER] 16:58:15 无持仓
[TRACKER] 16:58:22 无持仓
[TRACKER] 16:58:28 无持仓
[TRACKER] 16:58:35 无持仓
[TRACKER] 16:58:41 无持仓
[TRACKER] 16:58:48 无持仓
[TRACKER] 16:58:54 无持仓
[TRACKER] 本轮结束（将由 crontab 重新拉起）
[TRACKER] 启动，每 5 秒检查一次…
[TRACKER] 16:59:03 无持仓
[TRACKER] 16:59:10 无持仓
[TRACKER] 16:59:16 无持仓
[TRACKER] 16:59:23 无持仓
[TRACKER] 16:59:29 无持仓
[TRACKER] 16:59:35 无持仓
[TRACKER] 16:59:42 无持仓
[TRACKER] 16:59:49 无持仓
[TRACKER] 16:59:55 无持仓
[TRACKER] 本轮结束（将由 crontab 重新拉起）
[TRACKER] 启动，每 5 秒检查一次…
[TRACKER] 17:00:02 无持仓
[TRACKER] 17:00:09 无持仓
[TRACKER] 17:00:15 无持仓
[TRACKER] 17:00:22 无持仓
[TRACKER] 17:00:28 无持仓
[TRACKER] 17:00:35 无持仓
[TRACKER] 17:00:41 无持仓
[TRACKER] 17:00:48 无持仓
[TRACKER] 17:00:54 无持仓
[TRACKER] 本轮结束（将由 crontab 重新拉起）
[TRACKER] 启动，每 5 秒检查一次…
[TRACKER] 17:01:03 无持仓
[TRACKER] 17:01:10 无持仓
[TRACKER] 17:01:16 无持仓
[TRACKER] 17:01:23 无持仓
[TRACKER] 17:01:29 无持仓
[TRACKER] 17:01:36 无持仓
[TRACKER] 17:01:43 无持仓
[TRACKER] 17:01:49 无持仓
[TRACKER] 17:01:56 无持仓
[TRACKER] 本轮结束（将由 crontab 重新拉起）
[TRACKER] 启动，每 5 秒检查一次…
[TRACKER] 17:02:03 无持仓
[TRACKER] 17:02:09 无持仓
[TRACKER] 17:02:16 无持仓
[TRACKER] 17:02:22 持仓=1 盈利=0.0000U 亏损=-0.1120U 净浮盈=-0.1120U 手续费基数=0.0000U 阈值=0.0000U
[TRACKER] 17:02:29 持仓=1 盈利=0.0000U 亏损=-0.3080U 净浮盈=-0.3080U 手续费基数=0.0000U 阈值=0.0000U
[TRACKER] 17:02:36 持仓=1 盈利=0.0000U 亏损=-0.2240U 净浮盈=-0.2240U 手续费基数=0.0000U 阈值=0.0000U
[TRACKER] 17:02:43 持仓=1 盈利=0.0000U 亏损=-0.0280U 净浮盈=-0.0280U 手续费基数=0.0000U 阈值=0.0000U
[TRACKER] 17:02:49 持仓=1 盈利=0.0000U 亏损=-0.3360U 净浮盈=-0.3360U 手续费基数=0.0000U 阈值=0.0000U
[TRACKER] 17:02:56 持仓=1 盈利=0.0000U 亏损=-0.2520U 净浮盈=-0.2520U 手续费基数=0.0000U 阈值=0.0000U
[TRACKER] 本轮结束（将由 crontab 重新拉起）
[TRACKER] 启动，每 5 秒检查一次…
[TRACKER] 17:03:03 持仓=1 盈利=0.2240U 亏损=0.0000U 净浮盈=0.2240U 手续费基数=0.0000U 阈值=0.0000U
[TRACKER] 🎯 净浮盈 0.2240 > 阈值 0.0000，开始平仓
   ❌ DEXE/USDT:USDT 平仓失败: 'contracts'
[TRACKER] 17:03:10 持仓=1 盈利=0.2520U 亏损=0.0000U 净浮盈=0.2520U 手续费基数=0.0000U 阈值=0.0000U
[TRACKER] 🎯 净浮盈 0.2520 > 阈值 0.0000，开始平仓
   ❌ DEXE/USDT:USDT 平仓失败: 'contracts'
[TRACKER] 17:03:16 持仓=1 盈利=0.0000U 亏损=-0.2800U 净浮盈=-0.2800U 手续费基数=0.0000U 阈值=0.0000U
[TRACKER] 17:03:23 持仓=1 盈利=0.0000U 亏损=-2.6040U 净浮盈=-2.6040U 手续费基数=0.0000U 阈值=0.0000U
[TRACKER] 17:03:29 持仓=1 盈利=0.0000U 亏损=-2.9400U 净浮盈=-2.9400U 手续费基数=0.0000U 阈值=0.0000U
[TRACKER] 17:03:35 持仓=1 盈利=0.0000U 亏损=-3.1360U 净浮盈=-3.1360U 手续费基数=0.0000U 阈值=0.0000U
[TRACKER] 17:03:42 持仓=1 盈利=0.0000U 亏损=-3.6120U 净浮盈=-3.6120U 手续费基数=0.0000U 阈值=0.0000U
[TRACKER] 17:03:48 持仓=1 盈利=0.0000U 亏损=-3.4160U 净浮盈=-3.4160U 手续费基数=0.0000U 阈值=0.0000U
[TRACKER] 17:03:54 持仓=1 盈利=0.0000U 亏损=-3.7240U 净浮盈=-3.7240U 手续费基数=0.0000U 阈值=0.0000U
[TRACKER] 本轮结束（将由 crontab 重新拉起）
[TRACKER] 启动，每 5 秒检查一次…
[TRACKER] 17:04:01 持仓=1 盈利=0.0000U 亏损=-3.4720U 净浮盈=-3.4720U 手续费基数=0.1010U 阈值=0.5051U
[TRACKER] 17:04:08 持仓=1 盈利=0.0000U 亏损=-3.5280U 净浮盈=-3.5280U 手续费基数=0.1010U 阈值=0.5051U
[TRACKER] 17:04:14 持仓=1 盈利=0.0000U 亏损=-3.1920U 净浮盈=-3.1920U 手续费基数=0.1010U 阈值=0.5051U
[TRACKER] 17:04:20 持仓=1 盈利=0.0000U 亏损=-2.6880U 净浮盈=-2.6880U 手续费基数=0.1010U 阈值=0.5051U
[TRACKER] 17:04:27 持仓=1 盈利=0.0000U 亏损=-2.8280U 净浮盈=-2.8280U 手续费基数=0.1010U 阈值=0.5051U
[TRACKER] 17:04:34 持仓=1 盈利=0.0000U 亏损=-2.6600U 净浮盈=-2.6600U 手续费基数=0.1010U 阈值=0.5051U
[TRACKER] 17:04:40 持仓=1 盈利=0.0000U 亏损=-3.1080U 净浮盈=-3.1080U 手续费基数=0.1010U 阈值=0.5051U
[TRACKER] 17:04:46 持仓=1 盈利=0.0000U 亏损=-2.8560U 净浮盈=-2.8560U 手续费基数=0.1010U 阈值=0.5051U
[TRACKER] 17:04:53 持仓=1 盈利=0.0000U 亏损=-2.6880U 净浮盈=-2.6880U 手续费基数=0.1010U 阈值=0.5051U
[TRACKER] 本轮结束（将由 crontab 重新拉起）
[TRACKER] 启动，每 5 秒检查一次…
[TRACKER] 17:05:03 持仓=1 盈利=0.0000U 亏损=-2.9960U 净浮盈=-2.9960U 手续费基数=0.1010U 阈值=0.5051U
[TRACKER] 17:05:10 持仓=1 盈利=0.0000U 亏损=-2.3520U 净浮盈=-2.3520U 手续费基数=0.1010U 阈值=0.5051U
[TRACKER] 17:05:16 持仓=1 盈利=0.0000U 亏损=-1.4000U 净浮盈=-1.4000U 手续费基数=0.1010U 阈值=0.5051U
[TRACKER] 17:05:23 持仓=1 盈利=0.0000U 亏损=-0.3080U 净浮盈=-0.3080U 手续费基数=0.1010U 阈值=0.5051U
[TRACKER] 17:05:29 持仓=1 盈利=0.3920U 亏损=0.0000U 净浮盈=0.3920U 手续费基数=0.1010U 阈值=0.5051U
[TRACKER] 17:05:36 持仓=1 盈利=0.0000U 亏损=-0.4480U 净浮盈=-0.4480U 手续费基数=0.1010U 阈值=0.5051U
[TRACKER] 17:05:42 持仓=1 盈利=0.0000U 亏损=-0.2240U 净浮盈=-0.2240U 手续费基数=0.1010U 阈值=0.5051U
[TRACKER] 17:05:49 持仓=1 盈利=0.0000U 亏损=-0.5600U 净浮盈=-0.5600U 手续费基数=0.1010U 阈值=0.5051U
[TRACKER] 17:05:55 持仓=1 盈利=0.0000U 亏损=-0.7560U 净浮盈=-0.7560U 手续费基数=0.1010U 阈值=0.5051U
[TRACKER] 本轮结束（将由 crontab 重新拉起）
[TRACKER] 启动，每 5 秒检查一次…
[TRACKER] 17:06:02 持仓=1 盈利=0.0000U 亏损=-1.0920U 净浮盈=-1.0920U 手续费基数=0.1010U 阈值=0.5051U
[TRACKER] 17:06:08 持仓=1 盈利=0.0000U 亏损=-0.8120U 净浮盈=-0.8120U 手续费基数=0.1010U 阈值=0.5051U
[TRACKER] 17:06:15 持仓=1 盈利=0.0000U 亏损=-1.1480U 净浮盈=-1.1480U 手续费基数=0.1010U 阈值=0.5051U
[TRACKER] 17:06:21 持仓=1 盈利=0.0000U 亏损=-1.0920U 净浮盈=-1.0920U 手续费基数=0.1010U 阈值=0.5051U
[TRACKER] 17:06:27 持仓=1 盈利=0.0000U 亏损=-1.4840U 净浮盈=-1.4840U 手续费基数=0.1010U 阈值=0.5051U
[TRACKER] 17:06:33 持仓=1 盈利=0.0000U 亏损=-1.8200U 净浮盈=-1.8200U 手续费基数=0.1010U 阈值=0.5051U
[TRACKER] 17:06:40 持仓=1 盈利=0.0000U 亏损=-1.1760U 净浮盈=-1.1760U 手续费基数=0.1010U 阈值=0.5051U
[TRACKER] 17:06:46 持仓=1 盈利=0.0000U 亏损=-1.2600U 净浮盈=-1.2600U 手续费基数=0.1010U 阈值=0.5051U
[TRACKER] 17:06:53 持仓=1 盈利=0.0000U 亏损=-1.1200U 净浮盈=-1.1200U 手续费基数=0.1010U 阈值=0.5051U
[TRACKER] 本轮结束（将由 crontab 重新拉起）
[TRACKER] 启动，每 5 秒检查一次…
[TRACKER] 17:07:03 无持仓
[TRACKER] 17:07:09 无持仓
[TRACKER] 17:07:16 无持仓
[TRACKER] 17:07:23 无持仓
[TRACKER] 17:07:29 无持仓
[TRACKER] 17:07:35 无持仓
[TRACKER] 17:07:42 无持仓
[TRACKER] 17:07:48 无持仓
[TRACKER] 17:07:54 无持仓
[TRACKER] 本轮结束（将由 crontab 重新拉起）
[TRACKER] 启动，每 5 秒检查一次…
[TRACKER] 17:08:01 无持仓
[TRACKER] 17:08:08 无持仓
[TRACKER] 17:08:15 无持仓
[TRACKER] 17:08:21 无持仓
[TRACKER] 17:08:28 无持仓
[TRACKER] 17:08:34 无持仓
[TRACKER] 17:08:41 无持仓
[TRACKER] 17:08:48 无持仓
[TRACKER] 17:08:54 无持仓
[TRACKER] 本轮结束（将由 crontab 重新拉起）
[TRACKER] 启动，每 5 秒检查一次…
[TRACKER] 17:09:03 无持仓
[TRACKER] 17:09:10 无持仓
[TRACKER] 17:09:16 无持仓
[TRACKER] 17:09:23 无持仓
[TRACKER] 17:09:29 持仓=1 盈利=0.0430U 亏损=0.0000U 净浮盈=0.0430U 手续费基数=0.2461U 阈值=1.2303U
[TRACKER] 17:09:35 持仓=1 盈利=0.0000U 亏损=-1.2970U 净浮盈=-1.2970U 手续费基数=0.2461U 阈值=1.2303U
[TRACKER] 17:09:42 无持仓
[TRACKER] 17:09:49 无持仓
[TRACKER] 17:09:55 无持仓
[TRACKER] 本轮结束（将由 crontab 重新拉起）
[TRACKER] 启动，每 5 秒检查一次…
[TRACKER] 17:10:02 无持仓
[TRACKER] 17:10:09 无持仓
[TRACKER] 17:10:15 无持仓
[TRACKER] 17:10:22 无持仓
[TRACKER] 17:10:28 无持仓
[TRACKER] 17:10:35 无持仓
[TRACKER] 17:10:41 无持仓
[TRACKER] 17:10:48 无持仓
[TRACKER] 17:10:54 无持仓
[TRACKER] 本轮结束（将由 crontab 重新拉起）
[TRACKER] 启动，每 5 秒检查一次…
[TRACKER] 17:11:03 无持仓
[TRACKER] 17:11:10 无持仓
[TRACKER] 17:11:16 无持仓
[TRACKER] 17:11:23 无持仓
[TRACKER] 17:11:29 无持仓
[TRACKER] 17:11:35 无持仓
[TRACKER] 17:11:42 无持仓
[TRACKER] 17:11:48 无持仓
[TRACKER] 17:11:54 无持仓
[TRACKER] 本轮结束（将由 crontab 重新拉起）
[TRACKER] 启动，每 5 秒检查一次…
[TRACKER] 17:12:04 无持仓
[TRACKER] 17:12:10 无持仓
[TRACKER] 17:12:16 无持仓
[TRACKER] 17:12:23 无持仓
[TRACKER] 17:12:29 无持仓
[TRACKER] 17:12:36 无持仓
[TRACKER] 17:12:42 无持仓
[TRACKER] 17:12:48 无持仓
[TRACKER] 17:12:55 无持仓
[TRACKER] 本轮结束（将由 crontab 重新拉起）
[TRACKER] 启动，每 5 秒检查一次…
[TRACKER] 17:13:02 无持仓
[TRACKER] 17:13:09 无持仓
[TRACKER] 17:13:15 无持仓
[TRACKER] 17:13:21 无持仓
[TRACKER] 17:13:28 无持仓
[TRACKER] 17:13:34 无持仓
[TRACKER] 17:13:41 无持仓
[TRACKER] 17:13:47 无持仓
[TRACKER] 17:13:54 无持仓
[TRACKER] 本轮结束（将由 crontab 重新拉起）
[TRACKER] 启动，每 5 秒检查一次…
[TRACKER] 17:14:03 无持仓
[TRACKER] 17:14:10 无持仓
[TRACKER] 17:14:16 无持仓
[TRACKER] 17:14:23 无持仓
[TRACKER] 17:14:29 无持仓
[TRACKER] 17:14:36 无持仓
[TRACKER] 17:14:42 无持仓
[TRACKER] 17:14:49 无持仓
[TRACKER] 17:14:55 无持仓
[TRACKER] 本轮结束（将由 crontab 重新拉起）
[TRACKER] 启动，每 5 秒检查一次…
[TRACKER] 17:15:02 无持仓
[TRACKER] 17:15:09 无持仓
[TRACKER] 17:15:15 无持仓
[TRACKER] 17:15:21 无持仓
[TRACKER] 17:15:28 无持仓
[TRACKER] 17:15:34 无持仓
[TRACKER] 17:15:40 无持仓
[TRACKER] 17:15:47 无持仓
[TRACKER] 17:15:53 无持仓
[TRACKER] 本轮结束（将由 crontab 重新拉起）
[TRACKER] 启动，每 5 秒检查一次…
[TRACKER] 17:16:03 无持仓
[TRACKER] 17:16:09 无持仓
[TRACKER] 17:16:16 无持仓
[TRACKER] 17:16:22 无持仓
[TRACKER] 17:16:29 无持仓
[TRACKER] 17:16:35 无持仓
[TRACKER] 17:16:41 无持仓
[TRACKER] 17:16:48 无持仓
[TRACKER] 17:16:55 无持仓
[TRACKER] 本轮结束（将由 crontab 重新拉起）
[TRACKER] 启动，每 5 秒检查一次…
[TRACKER] 17:17:02 无持仓
[TRACKER] 17:17:08 无持仓
[TRACKER] 17:17:15 无持仓
[TRACKER] 17:17:21 无持仓
[TRACKER] 17:17:27 无持仓
[TRACKER] 17:17:34 无持仓
[TRACKER] 17:17:40 无持仓
[TRACKER] 17:17:46 无持仓
[TRACKER] 17:17:53 无持仓
[TRACKER] 本轮结束（将由 crontab 重新拉起）
[TRACKER] 启动，每 5 秒检查一次…
[TRACKER] 17:18:03 无持仓
[TRACKER] 17:18:09 无持仓
[TRACKER] 17:18:15 无持仓
[TRACKER] 17:18:22 无持仓
[TRACKER] 17:18:28 持仓=1 盈利=0.0000U 亏损=-0.0660U 净浮盈=-0.0660U 手续费基数=0.0220U 阈值=0.1098U
[TRACKER] 17:18:35 持仓=1 盈利=0.0000U 亏损=-0.0360U 净浮盈=-0.0360U 手续费基数=0.0220U 阈值=0.1098U
[TRACKER] 17:18:41 持仓=1 盈利=0.0000U 亏损=-0.0060U 净浮盈=-0.0060U 手续费基数=0.0220U 阈值=0.1098U
[TRACKER] 17:18:47 持仓=1 盈利=0.0000U 亏损=0.0000U 净浮盈=0.0000U 手续费基数=0.0220U 阈值=0.1098U
[TRACKER] 17:18:53 持仓=1 盈利=0.0000U 亏损=-0.0420U 净浮盈=-0.0420U 手续费基数=0.0220U 阈值=0.1098U
[TRACKER] 本轮结束（将由 crontab 重新拉起）
[TRACKER] 启动，每 5 秒检查一次…
[TRACKER] 17:19:03 持仓=1 盈利=0.0000U 亏损=-0.0060U 净浮盈=-0.0060U 手续费基数=0.0220U 阈值=0.1098U
[TRACKER] 17:19:10 持仓=1 盈利=0.0660U 亏损=0.0000U 净浮盈=0.0660U 手续费基数=0.0220U 阈值=0.1098U
[TRACKER] 17:19:16 持仓=1 盈利=0.0960U 亏损=0.0000U 净浮盈=0.0960U 手续费基数=0.0220U 阈值=0.1098U
[TRACKER] 17:19:23 持仓=1 盈利=0.2640U 亏损=0.0000U 净浮盈=0.2640U 手续费基数=0.0220U 阈值=0.1098U
[TRACKER] 🎯 净浮盈 0.2640 > 阈值 0.1098，开始平仓
   ✅ 平仓 DEXE/USDT:USDT 浮盈 0.2640U
[TRACKER] 17:19:30 无持仓
[TRACKER] 17:19:36 无持仓
[TRACKER] 17:19:43 无持仓
[TRACKER] 17:19:49 无持仓
[TRACKER] 17:19:56 无持仓
[TRACKER] 本轮结束（将由 crontab 重新拉起）
[TRACKER] 启动，每 5 秒检查一次…
[TRACKER] 17:20:03 无持仓
[TRACKER] 17:20:09 无持仓
[TRACKER] 17:20:16 无持仓
[TRACKER] 17:20:22 无持仓
[TRACKER] 17:20:28 无持仓
[TRACKER] 17:20:35 无持仓
[TRACKER] 17:20:41 无持仓
[TRACKER] 17:20:48 无持仓
[TRACKER] 17:20:54 无持仓
[TRACKER] 本轮结束（将由 crontab 重新拉起）
[TRACKER] 启动，每 5 秒检查一次…
[TRACKER] 17:21:01 无持仓
[TRACKER] 17:21:08 无持仓
[TRACKER] 17:21:14 无持仓
[TRACKER] 17:21:20 无持仓
[TRACKER] 17:21:27 无持仓
[TRACKER] 17:21:33 无持仓
[TRACKER] 17:21:40 无持仓
[TRACKER] 17:21:46 无持仓
[TRACKER] 17:21:53 无持仓
[TRACKER] 本轮结束（将由 crontab 重新拉起）
[TRACKER] 启动，每 5 秒检查一次…
[TRACKER] 17:22:03 无持仓
[TRACKER] 17:22:09 无持仓
[TRACKER] 17:22:16 无持仓
[TRACKER] 17:22:23 无持仓
[TRACKER] 17:22:29 无持仓
[TRACKER] 17:22:36 无持仓
[TRACKER] 17:22:42 无持仓
[TRACKER] 17:22:49 无持仓
[TRACKER] 17:22:55 无持仓
[TRACKER] 本轮结束（将由 crontab 重新拉起）
[TRACKER] 启动，每 5 秒检查一次…
[TRACKER] 17:23:02 无持仓
[TRACKER] 17:23:09 无持仓
[TRACKER] 17:23:16 无持仓
[TRACKER] 17:23:22 无持仓
[TRACKER] 17:23:28 无持仓
[TRACKER] 17:23:35 无持仓
[TRACKER] 17:23:41 无持仓
[TRACKER] 17:23:48 无持仓
[TRACKER] 17:23:54 无持仓
[TRACKER] 本轮结束（将由 crontab 重新拉起）
[TRACKER] 启动，每 5 秒检查一次…
[TRACKER] 17:24:03 无持仓
[TRACKER] 17:24:09 无持仓
[TRACKER] 17:24:15 无持仓
[TRACKER] 17:24:22 无持仓
[TRACKER] 17:24:28 无持仓
[TRACKER] 17:24:35 无持仓
[TRACKER] 17:24:41 无持仓
[TRACKER] 17:24:48 无持仓
[TRACKER] 17:24:54 无持仓
[TRACKER] 本轮结束（将由 crontab 重新拉起）
[TRACKER] 启动，每 5 秒检查一次…
[TRACKER] 17:25:03 无持仓
[TRACKER] 17:25:10 无持仓
[TRACKER] 17:25:16 无持仓
[TRACKER] 17:25:23 无持仓
[TRACKER] 17:25:29 无持仓
[TRACKER] 17:25:35 无持仓
[TRACKER] 17:25:42 无持仓
[TRACKER] 17:25:49 无持仓
[TRACKER] 17:25:55 无持仓
[TRACKER] 本轮结束（将由 crontab 重新拉起）
[TRACKER] 启动，每 5 秒检查一次…
[TRACKER] 17:26:02 无持仓
[TRACKER] 17:26:08 无持仓
[TRACKER] 17:26:15 无持仓
[TRACKER] 17:26:21 无持仓
[TRACKER] 17:26:27 无持仓
[TRACKER] 17:26:34 无持仓
[TRACKER] 17:26:40 无持仓
[TRACKER] 17:26:47 无持仓
[TRACKER] 17:26:53 无持仓
[TRACKER] 本轮结束（将由 crontab 重新拉起）
[TRACKER] 启动，每 5 秒检查一次…
[TRACKER] 17:27:03 无持仓
[TRACKER] 17:27:10 无持仓
[TRACKER] 17:27:16 无持仓
[TRACKER] 17:27:23 无持仓
[TRACKER] 17:27:30 无持仓
[TRACKER] 17:27:36 无持仓
[TRACKER] 17:27:42 无持仓
[TRACKER] 17:27:49 无持仓
[TRACKER] 17:27:55 无持仓
[TRACKER] 本轮结束（将由 crontab 重新拉起）
[TRACKER] 启动，每 5 秒检查一次…
[TRACKER] 17:28:02 无持仓
[TRACKER] 17:28:09 无持仓
[TRACKER] 17:28:15 无持仓
[TRACKER] 17:28:22 无持仓
[TRACKER] 17:28:28 无持仓
[TRACKER] 17:28:35 无持仓
[TRACKER] 17:28:42 无持仓
[TRACKER] 17:28:48 无持仓
[TRACKER] 17:28:54 无持仓
[TRACKER] 本轮结束（将由 crontab 重新拉起）
[TRACKER] 启动，每 5 秒检查一次…
[TRACKER] 17:29:03 无持仓
[TRACKER] 17:29:10 无持仓
[TRACKER] 17:29:16 无持仓
[TRACKER] 17:29:22 无持仓
[TRACKER] 17:29:29 无持仓
[TRACKER] 17:29:35 无持仓
[TRACKER] 17:29:42 无持仓
[TRACKER] 17:29:48 无持仓
[TRACKER] 17:29:55 无持仓
[TRACKER] 本轮结束（将由 crontab 重新拉起）
[TRACKER] 启动，每 5 秒检查一次…
[TRACKER] 17:30:02 无持仓
[TRACKER] 17:30:09 无持仓
[TRACKER] 17:30:16 无持仓
[TRACKER] 17:30:22 无持仓
[TRACKER] 17:30:29 无持仓
[TRACKER] 17:30:36 持仓=1 盈利=0.0000U 亏损=-0.0120U 净浮盈=-0.0120U 手续费基数=0.0215U 阈值=0.1077U
[TRACKER] 17:30:42 持仓=1 盈利=0.0060U 亏损=0.0000U 净浮盈=0.0060U 手续费基数=0.0215U 阈值=0.1077U
[TRACKER] 17:30:49 持仓=1 盈利=0.0000U 亏损=-0.0060U 净浮盈=-0.0060U 手续费基数=0.0215U 阈值=0.1077U
[TRACKER] 17:30:55 持仓=1 盈利=0.0180U 亏损=0.0000U 净浮盈=0.0180U 手续费基数=0.0215U 阈值=0.1077U
[TRACKER] 本轮结束（将由 crontab 重新拉起）
[TRACKER] 启动，每 5 秒检查一次…
[TRACKER] 17:31:02 持仓=1 盈利=0.0000U 亏损=-0.2220U 净浮盈=-0.2220U 手续费基数=0.0215U 阈值=0.1077U
[TRACKER] 17:31:08 持仓=1 盈利=0.0000U 亏损=-0.3720U 净浮盈=-0.3720U 手续费基数=0.0215U 阈值=0.1077U
[TRACKER] 17:31:15 持仓=1 盈利=0.0000U 亏损=-0.3360U 净浮盈=-0.3360U 手续费基数=0.0215U 阈值=0.1077U
[TRACKER] 17:31:21 持仓=1 盈利=0.0000U 亏损=-0.3120U 净浮盈=-0.3120U 手续费基数=0.0215U 阈值=0.1077U
[TRACKER] 17:31:28 持仓=1 盈利=0.0000U 亏损=-0.2760U 净浮盈=-0.2760U 手续费基数=0.0215U 阈值=0.1077U
[TRACKER] 17:31:34 持仓=1 盈利=0.0000U 亏损=-0.2280U 净浮盈=-0.2280U 手续费基数=0.0215U 阈值=0.1077U
[TRACKER] 17:31:41 持仓=1 盈利=0.0000U 亏损=-0.2700U 净浮盈=-0.2700U 手续费基数=0.0215U 阈值=0.1077U
[TRACKER] 17:31:47 持仓=1 盈利=0.0000U 亏损=-0.2700U 净浮盈=-0.2700U 手续费基数=0.0215U 阈值=0.1077U
[TRACKER] 17:31:54 持仓=1 盈利=0.0000U 亏损=-0.2280U 净浮盈=-0.2280U 手续费基数=0.0215U 阈值=0.1077U
[TRACKER] 本轮结束（将由 crontab 重新拉起）
[TRACKER] 启动，每 5 秒检查一次…
[TRACKER] 17:32:03 持仓=1 盈利=0.0000U 亏损=-0.1740U 净浮盈=-0.1740U 手续费基数=0.0215U 阈值=0.1077U
[TRACKER] 17:32:09 持仓=1 盈利=0.0000U 亏损=-0.0120U 净浮盈=-0.0120U 手续费基数=0.0215U 阈值=0.1077U
[TRACKER] 17:32:16 持仓=1 盈利=0.0120U 亏损=0.0000U 净浮盈=0.0120U 手续费基数=0.0215U 阈值=0.1077U
[TRACKER] 17:32:23 持仓=1 盈利=0.0660U 亏损=0.0000U 净浮盈=0.0660U 手续费基数=0.0215U 阈值=0.1077U
[TRACKER] 17:32:29 持仓=1 盈利=0.1080U 亏损=0.0000U 净浮盈=0.1080U 手续费基数=0.0215U 阈值=0.1077U
[TRACKER] 🎯 净浮盈 0.1080 > 阈值 0.1077，开始平仓
   ✅ 平仓 DEXE/USDT:USDT 浮盈 0.1080U
[TRACKER] 17:32:37 无持仓
[TRACKER] 17:32:43 无持仓
[TRACKER] 17:32:50 无持仓
[TRACKER] 17:32:56 无持仓
[TRACKER] 本轮结束（将由 crontab 重新拉起）
[TRACKER] 启动，每 5 秒检查一次…
[TRACKER] 17:33:03 无持仓
[TRACKER] 17:33:10 无持仓
[TRACKER] 17:33:16 无持仓
[TRACKER] 17:33:23 无持仓
[TRACKER] 17:33:29 无持仓
[TRACKER] 17:33:36 无持仓
[TRACKER] 17:33:42 无持仓
[TRACKER] 17:33:48 无持仓
[TRACKER] 17:33:55 无持仓
[TRACKER] 本轮结束（将由 crontab 重新拉起）
[TRACKER] 启动，每 5 秒检查一次…
[TRACKER] 17:34:02 无持仓
[TRACKER] 17:34:08 无持仓
[TRACKER] 17:34:15 无持仓
[TRACKER] 17:34:21 无持仓
[TRACKER] 17:34:28 无持仓
[TRACKER] 17:34:34 无持仓
[TRACKER] 17:34:41 无持仓
[TRACKER] 17:34:47 无持仓
[TRACKER] 17:34:53 无持仓
[TRACKER] 本轮结束（将由 crontab 重新拉起）
[TRACKER] 启动，每 5 秒检查一次…
[TRACKER] 17:35:03 无持仓
[TRACKER] 17:35:10 无持仓
[TRACKER] 17:35:16 无持仓
[TRACKER] 17:35:23 无持仓
[TRACKER] 17:35:29 无持仓
[TRACKER] 17:35:36 无持仓
[TRACKER] 17:35:42 无持仓
[TRACKER] 17:35:48 无持仓
[TRACKER] 17:35:55 无持仓
[TRACKER] 本轮结束（将由 crontab 重新拉起）
[TRACKER] 启动，每 5 秒检查一次…
[TRACKER] 17:36:02 无持仓
[TRACKER] 17:36:08 无持仓
[TRACKER] 17:36:15 无持仓
[TRACKER] 17:36:21 无持仓
[TRACKER] 17:36:29 无持仓
[TRACKER] 17:36:35 无持仓
[TRACKER] 17:36:42 无持仓
[TRACKER] 17:36:48 无持仓
[TRACKER] 17:36:55 无持仓
[TRACKER] 本轮结束（将由 crontab 重新拉起）
[TRACKER] 启动，每 5 秒检查一次…
[TRACKER] 17:37:02 无持仓
[TRACKER] 17:37:08 无持仓
[TRACKER] 17:37:15 无持仓
[TRACKER] 17:37:21 无持仓
[TRACKER] 17:37:28 无持仓
[TRACKER] 17:37:34 无持仓
[TRACKER] 17:37:41 无持仓
[TRACKER] 17:37:47 无持仓
[TRACKER] 17:37:54 无持仓
[TRACKER] 本轮结束（将由 crontab 重新拉起）
[TRACKER] 启动，每 5 秒检查一次…
[TRACKER] 17:38:03 无持仓
[TRACKER] 17:38:09 无持仓
[TRACKER] 17:38:15 无持仓
[TRACKER] 17:38:22 无持仓
[TRACKER] 17:38:28 无持仓
[TRACKER] 17:38:35 无持仓
[TRACKER] 17:38:41 无持仓
[TRACKER] 17:38:48 无持仓
[TRACKER] 17:38:54 无持仓
[TRACKER] 本轮结束（将由 crontab 重新拉起）
[TRACKER] 启动，每 5 秒检查一次…
[TRACKER] 17:39:03 无持仓
[TRACKER] 17:39:09 无持仓
[TRACKER] 17:39:16 无持仓
[TRACKER] 17:39:22 无持仓
[TRACKER] 17:39:28 无持仓
[TRACKER] 17:39:35 无持仓
[TRACKER] 17:39:41 无持仓
[TRACKER] 17:39:48 无持仓
[TRACKER] 17:39:54 无持仓
[TRACKER] 本轮结束（将由 crontab 重新拉起）
[TRACKER] 启动，每 5 秒检查一次…
[TRACKER] 17:40:03 无持仓
[TRACKER] 17:40:10 无持仓
[TRACKER] 17:40:16 无持仓
[TRACKER] 17:40:22 无持仓
[TRACKER] 17:40:29 无持仓
[TRACKER] 17:40:36 无持仓
[TRACKER] 17:40:42 无持仓
[TRACKER] 17:40:48 无持仓
[TRACKER] 17:40:55 无持仓
[TRACKER] 本轮结束（将由 crontab 重新拉起）
[TRACKER] 启动，每 5 秒检查一次…
[TRACKER] 17:41:02 无持仓
[TRACKER] 17:41:09 无持仓
[TRACKER] 17:41:15 无持仓
[TRACKER] 17:41:22 无持仓
[TRACKER] 17:41:28 无持仓
[TRACKER] 17:41:35 无持仓
[TRACKER] 17:41:41 无持仓
[TRACKER] 17:41:47 无持仓
[TRACKER] 17:41:54 无持仓
[TRACKER] 本轮结束（将由 crontab 重新拉起）
[TRACKER] 启动，每 5 秒检查一次…
[TRACKER] 17:42:03 无持仓
[TRACKER] 17:42:09 无持仓
[TRACKER] 17:42:16 无持仓
[TRACKER] 17:42:22 无持仓
[TRACKER] 17:42:28 无持仓
[TRACKER] 17:42:35 无持仓
[TRACKER] 17:42:41 无持仓
[TRACKER] 17:42:47 无持仓
[TRACKER] 17:42:54 无持仓
[TRACKER] 本轮结束（将由 crontab 重新拉起）
[TRACKER] 启动，每 5 秒检查一次…
[TRACKER] 17:43:03 无持仓
[TRACKER] 17:43:09 无持仓
[TRACKER] 17:43:16 无持仓
[TRACKER] 17:43:23 无持仓
[TRACKER] 17:43:29 无持仓
[TRACKER] 17:43:35 无持仓
[TRACKER] 17:43:42 无持仓
[TRACKER] 17:43:49 无持仓
[TRACKER] 17:43:55 无持仓
[TRACKER] 本轮结束（将由 crontab 重新拉起）
[TRACKER] 启动，每 5 秒检查一次…
[TRACKER] 17:44:02 无持仓
[TRACKER] 17:44:09 无持仓
[TRACKER] 17:44:15 无持仓
[TRACKER] 17:44:22 无持仓
[TRACKER] 17:44:28 无持仓
[TRACKER] 17:44:35 无持仓
[TRACKER] 17:44:41 无持仓
[TRACKER] 17:44:48 无持仓
[TRACKER] 17:44:54 无持仓
[TRACKER] 本轮结束（将由 crontab 重新拉起）
[TRACKER] 启动，每 5 秒检查一次…
[TRACKER] 17:45:03 无持仓
[TRACKER] 17:45:10 无持仓
[TRACKER] 17:45:16 无持仓
[TRACKER] 17:45:23 无持仓
[TRACKER] 17:45:29 无持仓
[TRACKER] 17:45:36 无持仓
[TRACKER] 17:45:42 无持仓
[TRACKER] 17:45:49 无持仓
[TRACKER] 17:45:55 无持仓
[TRACKER] 本轮结束（将由 crontab 重新拉起）
[TRACKER] 启动，每 5 秒检查一次…
[TRACKER] 17:46:02 无持仓
[TRACKER] 17:46:09 无持仓
[TRACKER] 17:46:15 无持仓
[TRACKER] 17:46:22 无持仓
[TRACKER] 17:46:28 无持仓
[TRACKER] 17:46:35 无持仓
[TRACKER] 17:46:41 无持仓
[TRACKER] 17:46:47 无持仓
[TRACKER] 17:46:54 无持仓
[TRACKER] 本轮结束（将由 crontab 重新拉起）
[TRACKER] 启动，每 5 秒检查一次…
[TRACKER] 17:47:03 无持仓
[TRACKER] 17:47:09 无持仓
[TRACKER] 17:47:16 无持仓
[TRACKER] 17:47:22 无持仓
[TRACKER] 17:47:28 无持仓
[TRACKER] 17:47:35 无持仓
[TRACKER] 17:47:41 无持仓
[TRACKER] 17:47:48 无持仓
[TRACKER] 17:47:54 无持仓
[TRACKER] 本轮结束（将由 crontab 重新拉起）
[TRACKER] 启动，每 5 秒检查一次…
[TRACKER] 17:48:03 无持仓
[TRACKER] 17:48:10 无持仓
[TRACKER] 17:48:16 无持仓
[TRACKER] 17:48:23 无持仓
[TRACKER] 17:48:29 无持仓
[TRACKER] 17:48:36 无持仓
[TRACKER] 17:48:42 无持仓
[TRACKER] 17:48:48 无持仓
[TRACKER] 17:48:55 无持仓
[TRACKER] 本轮结束（将由 crontab 重新拉起）
[TRACKER] 启动，每 5 秒检查一次…
[TRACKER] 17:49:02 无持仓
[TRACKER] 17:49:08 无持仓
[TRACKER] 17:49:14 无持仓
[TRACKER] 17:49:21 无持仓
[TRACKER] 17:49:27 无持仓
[TRACKER] 17:49:34 无持仓
[TRACKER] 17:49:40 无持仓
[TRACKER] 17:49:47 无持仓
[TRACKER] 17:49:53 无持仓
[TRACKER] 本轮结束（将由 crontab 重新拉起）
[TRACKER] 启动，每 5 秒检查一次…
[TRACKER] 17:50:03 无持仓
[TRACKER] 17:50:10 无持仓
[TRACKER] 17:50:16 无持仓
[TRACKER] 17:50:23 无持仓
[TRACKER] 17:50:29 无持仓
[TRACKER] 17:50:35 无持仓
[TRACKER] 17:50:42 无持仓
[TRACKER] 17:50:48 无持仓
[TRACKER] 17:50:54 无持仓
[TRACKER] 本轮结束（将由 crontab 重新拉起）
[TRACKER] 启动，每 5 秒检查一次…
[TRACKER] 17:51:02 无持仓
[TRACKER] 17:51:08 无持仓
[TRACKER] 17:51:14 无持仓
[TRACKER] 17:51:21 无持仓
[TRACKER] 17:51:27 无持仓
[TRACKER] 17:51:34 无持仓
[TRACKER] 17:51:40 无持仓
[TRACKER] 17:51:46 无持仓
[TRACKER] 17:51:52 无持仓
[TRACKER] 本轮结束（将由 crontab 重新拉起）
[TRACKER] 启动，每 5 秒检查一次…
[TRACKER] 17:52:03 无持仓
[TRACKER] 17:52:09 无持仓
[TRACKER] 17:52:16 无持仓
[TRACKER] 17:52:22 无持仓
[TRACKER] 17:52:29 无持仓
[TRACKER] 17:52:35 无持仓
[TRACKER] 17:52:41 无持仓
[TRACKER] 17:52:48 无持仓
[TRACKER] 17:52:54 无持仓
[TRACKER] 本轮结束（将由 crontab 重新拉起）
[TRACKER] 启动，每 5 秒检查一次…
[TRACKER] 17:53:01 无持仓
[TRACKER] 17:53:08 无持仓
[TRACKER] 17:53:14 无持仓
[TRACKER] 17:53:21 无持仓
[TRACKER] 17:53:27 无持仓
[TRACKER] 17:53:33 无持仓
[TRACKER] 17:53:40 无持仓
[TRACKER] 17:53:46 无持仓
[TRACKER] 17:53:53 无持仓
[TRACKER] 本轮结束（将由 crontab 重新拉起）
[TRACKER] 启动，每 5 秒检查一次…
[TRACKER] 17:54:03 无持仓
[TRACKER] 17:54:09 无持仓
[TRACKER] 17:54:16 无持仓
[TRACKER] 17:54:22 无持仓
[TRACKER] 17:54:29 无持仓
[TRACKER] 17:54:35 无持仓
[TRACKER] 17:54:41 无持仓
[TRACKER] 17:54:48 无持仓
[TRACKER] 17:54:54 无持仓
[TRACKER] 本轮结束（将由 crontab 重新拉起）
[TRACKER] 启动，每 5 秒检查一次…
[TRACKER] 17:55:03 无持仓
[TRACKER] 17:55:09 无持仓
[TRACKER] 17:55:16 无持仓
[TRACKER] 17:55:22 无持仓
[TRACKER] 17:55:29 无持仓
[TRACKER] 17:55:35 无持仓
[TRACKER] 17:55:41 无持仓
[TRACKER] 17:55:48 无持仓
[TRACKER] 17:55:54 无持仓
[TRACKER] 本轮结束（将由 crontab 重新拉起）
[TRACKER] 启动，每 5 秒检查一次…
[TRACKER] 17:56:03 无持仓
[TRACKER] 17:56:10 无持仓
[TRACKER] 17:56:16 无持仓
[TRACKER] 17:56:22 无持仓
[TRACKER] 17:56:29 无持仓
[TRACKER] 17:56:35 无持仓
[TRACKER] 17:56:41 无持仓
[TRACKER] 17:56:48 无持仓
[TRACKER] 17:56:54 无持仓
[TRACKER] 本轮结束（将由 crontab 重新拉起）
[TRACKER] 启动，每 5 秒检查一次…
[TRACKER] 17:57:02 无持仓
[TRACKER] 17:57:08 无持仓
[TRACKER] 17:57:14 无持仓
[TRACKER] 17:57:21 无持仓
[TRACKER] 17:57:27 无持仓
[TRACKER] 17:57:33 无持仓
[TRACKER] 17:57:40 无持仓
[TRACKER] 17:57:46 无持仓
[TRACKER] 17:57:52 无持仓
[TRACKER] 本轮结束（将由 crontab 重新拉起）
[TRACKER] 启动，每 5 秒检查一次…
[TRACKER] 17:58:02 无持仓
[TRACKER] 17:58:09 无持仓
[TRACKER] 17:58:15 无持仓
[TRACKER] 17:58:22 无持仓
[TRACKER] 17:58:29 无持仓
[TRACKER] 17:58:35 无持仓
[TRACKER] 17:58:41 无持仓
[TRACKER] 17:58:48 无持仓
[TRACKER] 17:58:54 无持仓
[TRACKER] 本轮结束（将由 crontab 重新拉起）
[TRACKER] 启动，每 5 秒检查一次…
[TRACKER] 17:59:03 无持仓
[TRACKER] 17:59:10 无持仓
[TRACKER] 17:59:16 无持仓
[TRACKER] 17:59:22 无持仓
[TRACKER] 17:59:29 无持仓
[TRACKER] 17:59:35 无持仓
[TRACKER] 17:59:42 无持仓
[TRACKER] 17:59:48 无持仓
[TRACKER] 17:59:55 无持仓
[TRACKER] 本轮结束（将由 crontab 重新拉起）
[TRACKER] 启动，每 5 秒检查一次…
[TRACKER] 18:00:02 无持仓
[TRACKER] 18:00:09 无持仓
[TRACKER] 18:00:15 无持仓
[TRACKER] 18:00:22 无持仓
[TRACKER] 18:00:28 无持仓
[TRACKER] 18:00:34 无持仓
[TRACKER] 18:00:41 无持仓
[TRACKER] 18:00:48 无持仓
[TRACKER] 18:00:54 无持仓
[TRACKER] 本轮结束（将由 crontab 重新拉起）
[TRACKER] 启动，每 5 秒检查一次…
[TRACKER] 18:01:03 无持仓
[TRACKER] 18:01:10 无持仓
[TRACKER] 18:01:17 无持仓
[TRACKER] 18:01:23 无持仓
[TRACKER] 18:01:30 无持仓
[TRACKER] 18:01:36 无持仓
[TRACKER] 18:01:42 无持仓
[TRACKER] 18:01:49 无持仓
[TRACKER] 18:01:55 无持仓
[TRACKER] 本轮结束（将由 crontab 重新拉起）
[TRACKER] 启动，每 5 秒检查一次…
[TRACKER] 18:02:02 无持仓
[TRACKER] 18:02:09 持仓=1 盈利=0.0000U 亏损=-0.0630U 净浮盈=-0.0630U 手续费基数=0.0238U 阈值=0.1192U
[TRACKER] 18:02:16 持仓=1 盈利=0.0000U 亏损=-0.2240U 净浮盈=-0.2240U 手续费基数=0.0238U 阈值=0.1192U
[TRACKER] 18:02:22 持仓=1 盈利=0.0000U 亏损=-0.3220U 净浮盈=-0.3220U 手续费基数=0.0238U 阈值=0.1192U
[TRACKER] 18:02:29 持仓=1 盈利=0.0000U 亏损=-0.4200U 净浮盈=-0.4200U 手续费基数=0.0238U 阈值=0.1192U
[TRACKER] 18:02:35 持仓=1 盈利=0.0000U 亏损=-0.3990U 净浮盈=-0.3990U 手续费基数=0.0238U 阈值=0.1192U
[TRACKER] 18:02:42 持仓=1 盈利=0.0000U 亏损=-0.2940U 净浮盈=-0.2940U 手续费基数=0.0238U 阈值=0.1192U
[TRACKER] 18:02:48 持仓=1 盈利=0.0000U 亏损=-0.3010U 净浮盈=-0.3010U 手续费基数=0.0238U 阈值=0.1192U
[TRACKER] 18:02:55 持仓=1 盈利=0.0000U 亏损=-0.2450U 净浮盈=-0.2450U 手续费基数=0.0238U 阈值=0.1192U
[TRACKER] 本轮结束（将由 crontab 重新拉起）
[TRACKER] 启动，每 5 秒检查一次…
[TRACKER] 18:03:02 持仓=1 盈利=0.0000U 亏损=-0.2870U 净浮盈=-0.2870U 手续费基数=0.0238U 阈值=0.1192U
[TRACKER] 18:03:08 持仓=1 盈利=0.0000U 亏损=-0.2940U 净浮盈=-0.2940U 手续费基数=0.0238U 阈值=0.1192U
[TRACKER] 18:03:14 持仓=1 盈利=0.0000U 亏损=-0.3150U 净浮盈=-0.3150U 手续费基数=0.0238U 阈值=0.1192U
[TRACKER] 18:03:21 持仓=1 盈利=0.0000U 亏损=-0.3150U 净浮盈=-0.3150U 手续费基数=0.0238U 阈值=0.1192U
[TRACKER] 18:03:27 持仓=1 盈利=0.0000U 亏损=-0.2240U 净浮盈=-0.2240U 手续费基数=0.0238U 阈值=0.1192U
[TRACKER] 18:03:33 持仓=1 盈利=0.0000U 亏损=-0.2660U 净浮盈=-0.2660U 手续费基数=0.0238U 阈值=0.1192U
[TRACKER] 18:03:40 持仓=1 盈利=0.0000U 亏损=-0.2940U 净浮盈=-0.2940U 手续费基数=0.0238U 阈值=0.1192U
[TRACKER] 18:03:46 持仓=1 盈利=0.0000U 亏损=-0.2940U 净浮盈=-0.2940U 手续费基数=0.0238U 阈值=0.1192U
[TRACKER] 18:03:52 持仓=1 盈利=0.0000U 亏损=-0.2450U 净浮盈=-0.2450U 手续费基数=0.0238U 阈值=0.1192U
[TRACKER] 本轮结束（将由 crontab 重新拉起）
[TRACKER] 启动，每 5 秒检查一次…
[TRACKER] 18:04:02 持仓=1 盈利=0.0000U 亏损=-0.2310U 净浮盈=-0.2310U 手续费基数=0.0238U 阈值=0.1192U
[TRACKER] 18:04:09 持仓=1 盈利=0.0000U 亏损=-0.2660U 净浮盈=-0.2660U 手续费基数=0.0238U 阈值=0.1192U
[TRACKER] 18:04:16 持仓=1 盈利=0.0000U 亏损=-0.2660U 净浮盈=-0.2660U 手续费基数=0.0238U 阈值=0.1192U
[TRACKER] 18:04:22 持仓=1 盈利=0.0000U 亏损=-0.3290U 净浮盈=-0.3290U 手续费基数=0.0238U 阈值=0.1192U
[TRACKER] 18:04:29 持仓=1 盈利=0.0000U 亏损=-0.3710U 净浮盈=-0.3710U 手续费基数=0.0238U 阈值=0.1192U
[TRACKER] 18:04:35 持仓=1 盈利=0.0000U 亏损=-0.4410U 净浮盈=-0.4410U 手续费基数=0.0238U 阈值=0.1192U
[TRACKER] 18:04:42 持仓=1 盈利=0.0000U 亏损=-0.4060U 净浮盈=-0.4060U 手续费基数=0.0238U 阈值=0.1192U
[TRACKER] 18:04:48 持仓=1 盈利=0.0000U 亏损=-0.2940U 净浮盈=-0.2940U 手续费基数=0.0238U 阈值=0.1192U
[TRACKER] 18:04:55 持仓=1 盈利=0.0000U 亏损=-0.3570U 净浮盈=-0.3570U 手续费基数=0.0238U 阈值=0.1192U
[TRACKER] 本轮结束（将由 crontab 重新拉起）
[TRACKER] 启动，每 5 秒检查一次…
[TRACKER] 18:05:01 持仓=1 盈利=0.0000U 亏损=-0.4200U 净浮盈=-0.4200U 手续费基数=0.0238U 阈值=0.1192U
[TRACKER] 18:05:08 持仓=1 盈利=0.0000U 亏损=-0.2940U 净浮盈=-0.2940U 手续费基数=0.0238U 阈值=0.1192U
[TRACKER] 18:05:14 持仓=1 盈利=0.0000U 亏损=-0.4900U 净浮盈=-0.4900U 手续费基数=0.0238U 阈值=0.1192U
[TRACKER] 18:05:20 持仓=1 盈利=0.0000U 亏损=-0.4130U 净浮盈=-0.4130U 手续费基数=0.0238U 阈值=0.1192U
[TRACKER] 18:05:27 持仓=1 盈利=0.0000U 亏损=-0.3990U 净浮盈=-0.3990U 手续费基数=0.0238U 阈值=0.1192U
[TRACKER] 18:05:33 持仓=1 盈利=0.0000U 亏损=-0.2870U 净浮盈=-0.2870U 手续费基数=0.0238U 阈值=0.1192U
[TRACKER] 18:05:40 持仓=1 盈利=0.0000U 亏损=-0.3780U 净浮盈=-0.3780U 手续费基数=0.0238U 阈值=0.1192U
[TRACKER] 18:05:46 持仓=1 盈利=0.0000U 亏损=-0.3500U 净浮盈=-0.3500U 手续费基数=0.0238U 阈值=0.1192U
[TRACKER] 18:05:52 持仓=1 盈利=0.0000U 亏损=-0.2870U 净浮盈=-0.2870U 手续费基数=0.0238U 阈值=0.1192U
[TRACKER] 本轮结束（将由 crontab 重新拉起）
[TRACKER] 启动，每 5 秒检查一次…
[TRACKER] 18:06:03 持仓=1 盈利=0.0000U 亏损=-0.3780U 净浮盈=-0.3780U 手续费基数=0.0238U 阈值=0.1192U
[TRACKER] 18:06:09 持仓=1 盈利=0.0000U 亏损=-0.4690U 净浮盈=-0.4690U 手续费基数=0.0238U 阈值=0.1192U
[TRACKER] 18:06:15 持仓=1 盈利=0.0000U 亏损=-0.5040U 净浮盈=-0.5040U 手续费基数=0.0238U 阈值=0.1192U
[TRACKER] 18:06:22 持仓=1 盈利=0.0000U 亏损=-0.5530U 净浮盈=-0.5530U 手续费基数=0.0238U 阈值=0.1192U
[TRACKER] 18:06:28 持仓=1 盈利=0.0000U 亏损=-0.5390U 净浮盈=-0.5390U 手续费基数=0.0238U 阈值=0.1192U
[TRACKER] 18:06:34 持仓=1 盈利=0.0000U 亏损=-0.5460U 净浮盈=-0.5460U 手续费基数=0.0238U 阈值=0.1192U
[TRACKER] 18:06:41 持仓=1 盈利=0.0000U 亏损=-0.4760U 净浮盈=-0.4760U 手续费基数=0.0238U 阈值=0.1192U
[TRACKER] 18:06:47 持仓=1 盈利=0.0000U 亏损=-0.4970U 净浮盈=-0.4970U 手续费基数=0.0238U 阈值=0.1192U
[TRACKER] 18:06:53 持仓=1 盈利=0.0000U 亏损=-0.4760U 净浮盈=-0.4760U 手续费基数=0.0238U 阈值=0.1192U
[TRACKER] 本轮结束（将由 crontab 重新拉起）
[TRACKER] 启动，每 5 秒检查一次…
[TRACKER] 18:07:04 持仓=1 盈利=0.0000U 亏损=-0.4550U 净浮盈=-0.4550U 手续费基数=0.0238U 阈值=0.1192U
[TRACKER] 18:07:10 持仓=1 盈利=0.0000U 亏损=-0.3780U 净浮盈=-0.3780U 手续费基数=0.0238U 阈值=0.1192U
[TRACKER] 18:07:16 持仓=1 盈利=0.0000U 亏损=-0.3640U 净浮盈=-0.3640U 手续费基数=0.0238U 阈值=0.1192U
[TRACKER] 18:07:23 持仓=1 盈利=0.0000U 亏损=-0.3430U 净浮盈=-0.3430U 手续费基数=0.0238U 阈值=0.1192U
[TRACKER] 18:07:30 持仓=1 盈利=0.0000U 亏损=-0.4410U 净浮盈=-0.4410U 手续费基数=0.0238U 阈值=0.1192U
[TRACKER] 18:07:36 持仓=1 盈利=0.0000U 亏损=-0.4690U 净浮盈=-0.4690U 手续费基数=0.0238U 阈值=0.1192U
[TRACKER] 18:07:42 持仓=1 盈利=0.0000U 亏损=-0.5040U 净浮盈=-0.5040U 手续费基数=0.0238U 阈值=0.1192U
[TRACKER] 18:07:48 持仓=1 盈利=0.0000U 亏损=-0.4690U 净浮盈=-0.4690U 手续费基数=0.0238U 阈值=0.1192U
[TRACKER] 18:07:55 持仓=1 盈利=0.0000U 亏损=-0.5040U 净浮盈=-0.5040U 手续费基数=0.0238U 阈值=0.1192U
[TRACKER] 本轮结束（将由 crontab 重新拉起）
[TRACKER] 启动，每 5 秒检查一次…
[TRACKER] 18:08:02 持仓=1 盈利=0.0000U 亏损=-0.4480U 净浮盈=-0.4480U 手续费基数=0.0238U 阈值=0.1192U
[TRACKER] 18:08:09 持仓=1 盈利=0.0000U 亏损=-0.4830U 净浮盈=-0.4830U 手续费基数=0.0238U 阈值=0.1192U
[TRACKER] 18:08:16 持仓=1 盈利=0.0000U 亏损=-0.5320U 净浮盈=-0.5320U 手续费基数=0.0238U 阈值=0.1192U
[TRACKER] 18:08:22 持仓=1 盈利=0.0000U 亏损=-0.5530U 净浮盈=-0.5530U 手续费基数=0.0238U 阈值=0.1192U
[TRACKER] 18:08:29 持仓=1 盈利=0.0000U 亏损=-0.5670U 净浮盈=-0.5670U 手续费基数=0.0238U 阈值=0.1192U
[TRACKER] 18:08:35 持仓=1 盈利=0.0000U 亏损=-0.5390U 净浮盈=-0.5390U 手续费基数=0.0238U 阈值=0.1192U
[TRACKER] 18:08:42 持仓=1 盈利=0.0000U 亏损=-0.5670U 净浮盈=-0.5670U 手续费基数=0.0238U 阈值=0.1192U
[TRACKER] 18:08:49 持仓=1 盈利=0.0000U 亏损=-0.6160U 净浮盈=-0.6160U 手续费基数=0.0238U 阈值=0.1192U
[TRACKER] 18:08:55 持仓=1 盈利=0.0000U 亏损=-0.6720U 净浮盈=-0.6720U 手续费基数=0.0238U 阈值=0.1192U
[TRACKER] 本轮结束（将由 crontab 重新拉起）
[TRACKER] 启动，每 5 秒检查一次…
[TRACKER] 18:09:02 持仓=1 盈利=0.0000U 亏损=-0.6230U 净浮盈=-0.6230U 手续费基数=0.0238U 阈值=0.1192U
[TRACKER] 18:09:09 持仓=1 盈利=0.0000U 亏损=-0.7280U 净浮盈=-0.7280U 手续费基数=0.0238U 阈值=0.1192U
[TRACKER] 18:09:15 持仓=1 盈利=0.0000U 亏损=-0.8260U 净浮盈=-0.8260U 手续费基数=0.0238U 阈值=0.1192U
[TRACKER] 18:09:22 持仓=1 盈利=0.0000U 亏损=-0.8050U 净浮盈=-0.8050U 手续费基数=0.0238U 阈值=0.1192U
[TRACKER] 18:09:28 持仓=1 盈利=0.0000U 亏损=-0.9170U 净浮盈=-0.9170U 手续费基数=0.0238U 阈值=0.1192U
[TRACKER] 18:09:35 持仓=1 盈利=0.0000U 亏损=-0.9870U 净浮盈=-0.9870U 手续费基数=0.0238U 阈值=0.1192U
[TRACKER] 18:09:41 持仓=1 盈利=0.0000U 亏损=-0.9310U 净浮盈=-0.9310U 手续费基数=0.0238U 阈值=0.1192U
[TRACKER] 18:09:47 持仓=1 盈利=0.0000U 亏损=-0.9170U 净浮盈=-0.9170U 手续费基数=0.0238U 阈值=0.1192U
[TRACKER] 18:09:54 持仓=1 盈利=0.0000U 亏损=-0.9660U 净浮盈=-0.9660U 手续费基数=0.0238U 阈值=0.1192U
[TRACKER] 本轮结束（将由 crontab 重新拉起）
[TRACKER] 启动，每 5 秒检查一次…
[TRACKER] 18:10:03 持仓=1 盈利=0.0000U 亏损=-0.8890U 净浮盈=-0.8890U 手续费基数=0.0238U 阈值=0.1192U
[TRACKER] 18:10:10 持仓=1 盈利=0.0000U 亏损=-0.9660U 净浮盈=-0.9660U 手续费基数=0.0238U 阈值=0.1192U
[TRACKER] 18:10:17 持仓=1 盈利=0.0000U 亏损=-1.0640U 净浮盈=-1.0640U 手续费基数=0.0238U 阈值=0.1192U
[TRACKER] 18:10:23 持仓=1 盈利=0.0000U 亏损=-0.9940U 净浮盈=-0.9940U 手续费基数=0.0238U 阈值=0.1192U
[TRACKER] 18:10:30 持仓=1 盈利=0.0000U 亏损=-0.9940U 净浮盈=-0.9940U 手续费基数=0.0238U 阈值=0.1192U
[TRACKER] 18:10:36 持仓=1 盈利=0.0000U 亏损=-1.0220U 净浮盈=-1.0220U 手续费基数=0.0238U 阈值=0.1192U
[TRACKER] 18:10:42 持仓=1 盈利=0.0000U 亏损=-1.0780U 净浮盈=-1.0780U 手续费基数=0.0238U 阈值=0.1192U
[TRACKER] 18:10:49 持仓=1 盈利=0.0000U 亏损=-1.0430U 净浮盈=-1.0430U 手续费基数=0.0238U 阈值=0.1192U
[TRACKER] 18:10:55 持仓=1 盈利=0.0000U 亏损=-1.0850U 净浮盈=-1.0850U 手续费基数=0.0238U 阈值=0.1192U
[TRACKER] 本轮结束（将由 crontab 重新拉起）
[TRACKER] 启动，每 5 秒检查一次…
[TRACKER] 18:11:02 持仓=1 盈利=0.0000U 亏损=-1.0780U 净浮盈=-1.0780U 手续费基数=0.0238U 阈值=0.1192U
[TRACKER] 18:11:08 持仓=1 盈利=0.0000U 亏损=-1.0710U 净浮盈=-1.0710U 手续费基数=0.0238U 阈值=0.1192U
[TRACKER] 18:11:15 持仓=1 盈利=0.0000U 亏损=-1.0780U 净浮盈=-1.0780U 手续费基数=0.0238U 阈值=0.1192U
[TRACKER] 18:11:21 持仓=1 盈利=0.0000U 亏损=-1.0780U 净浮盈=-1.0780U 手续费基数=0.0238U 阈值=0.1192U
[TRACKER] 18:11:27 持仓=1 盈利=0.0000U 亏损=-1.0290U 净浮盈=-1.0290U 手续费基数=0.0238U 阈值=0.1192U
[TRACKER] 18:11:34 持仓=1 盈利=0.0000U 亏损=-1.0500U 净浮盈=-1.0500U 手续费基数=0.0238U 阈值=0.1192U
[TRACKER] 18:11:40 持仓=1 盈利=0.0000U 亏损=-1.0080U 净浮盈=-1.0080U 手续费基数=0.0238U 阈值=0.1192U
[TRACKER] 18:11:46 持仓=1 盈利=0.0000U 亏损=-1.0220U 净浮盈=-1.0220U 手续费基数=0.0238U 阈值=0.1192U
[TRACKER] 18:11:53 持仓=1 盈利=0.0000U 亏损=-1.0010U 净浮盈=-1.0010U 手续费基数=0.0238U 阈值=0.1192U
[TRACKER] 本轮结束（将由 crontab 重新拉起）
[TRACKER] 启动，每 5 秒检查一次…
[TRACKER] 18:12:04 持仓=1 盈利=0.0000U 亏损=-1.1270U 净浮盈=-1.1270U 手续费基数=0.0238U 阈值=0.1192U
[TRACKER] 18:12:10 持仓=1 盈利=0.0000U 亏损=-1.0220U 净浮盈=-1.0220U 手续费基数=0.0238U 阈值=0.1192U
[TRACKER] 18:12:16 持仓=1 盈利=0.0000U 亏损=-1.1200U 净浮盈=-1.1200U 手续费基数=0.0238U 阈值=0.1192U
[TRACKER] 18:12:23 持仓=1 盈利=0.0000U 亏损=-1.1690U 净浮盈=-1.1690U 手续费基数=0.0238U 阈值=0.1192U
[TRACKER] 18:12:30 持仓=1 盈利=0.0000U 亏损=-1.2320U 净浮盈=-1.2320U 手续费基数=0.0238U 阈值=0.1192U
[TRACKER] 18:12:36 持仓=1 盈利=0.0000U 亏损=-1.2670U 净浮盈=-1.2670U 手续费基数=0.0238U 阈值=0.1192U
[TRACKER] 18:12:42 持仓=1 盈利=0.0000U 亏损=-1.1620U 净浮盈=-1.1620U 手续费基数=0.0238U 阈值=0.1192U
[TRACKER] 18:12:49 持仓=1 盈利=0.0000U 亏损=-1.1130U 净浮盈=-1.1130U 手续费基数=0.0238U 阈值=0.1192U
[TRACKER] 18:12:56 持仓=1 盈利=0.0000U 亏损=-1.1130U 净浮盈=-1.1130U 手续费基数=0.0238U 阈值=0.1192U
[TRACKER] 本轮结束（将由 crontab 重新拉起）
[TRACKER] 启动，每 5 秒检查一次…
[TRACKER] 18:13:03 持仓=1 盈利=0.0000U 亏损=-1.1550U 净浮盈=-1.1550U 手续费基数=0.0238U 阈值=0.1192U
[TRACKER] 18:13:09 持仓=1 盈利=0.0000U 亏损=-1.1690U 净浮盈=-1.1690U 手续费基数=0.0238U 阈值=0.1192U
[TRACKER] 18:13:16 持仓=1 盈利=0.0000U 亏损=-1.1480U 净浮盈=-1.1480U 手续费基数=0.0238U 阈值=0.1192U
[TRACKER] 18:13:22 持仓=1 盈利=0.0000U 亏损=-1.0990U 净浮盈=-1.0990U 手续费基数=0.0238U 阈值=0.1192U
[TRACKER] 18:13:29 持仓=1 盈利=0.0000U 亏损=-1.1130U 净浮盈=-1.1130U 手续费基数=0.0238U 阈值=0.1192U
[TRACKER] 18:13:35 持仓=1 盈利=0.0000U 亏损=-1.0290U 净浮盈=-1.0290U 手续费基数=0.0238U 阈值=0.1192U
[TRACKER] 18:13:41 持仓=1 盈利=0.0000U 亏损=-0.8610U 净浮盈=-0.8610U 手续费基数=0.0238U 阈值=0.1192U
[TRACKER] 18:13:47 持仓=1 盈利=0.0000U 亏损=-0.8330U 净浮盈=-0.8330U 手续费基数=0.0238U 阈值=0.1192U
[TRACKER] 18:13:54 持仓=1 盈利=0.0000U 亏损=-0.7840U 净浮盈=-0.7840U 手续费基数=0.0238U 阈值=0.1192U
[TRACKER] 本轮结束（将由 crontab 重新拉起）
[TRACKER] 启动，每 5 秒检查一次…
[TRACKER] 18:14:03 持仓=1 盈利=0.0000U 亏损=-0.9310U 净浮盈=-0.9310U 手续费基数=0.0238U 阈值=0.1192U
[TRACKER] 18:14:09 持仓=1 盈利=0.0000U 亏损=-0.8820U 净浮盈=-0.8820U 手续费基数=0.0238U 阈值=0.1192U
[TRACKER] 18:14:16 持仓=1 盈利=0.0000U 亏损=-0.8750U 净浮盈=-0.8750U 手续费基数=0.0238U 阈值=0.1192U
[TRACKER] 18:14:22 持仓=1 盈利=0.0000U 亏损=-0.8750U 净浮盈=-0.8750U 手续费基数=0.0238U 阈值=0.1192U
[TRACKER] 18:14:28 持仓=1 盈利=0.0000U 亏损=-0.8400U 净浮盈=-0.8400U 手续费基数=0.0238U 阈值=0.1192U
[TRACKER] 18:14:35 持仓=1 盈利=0.0000U 亏损=-0.7840U 净浮盈=-0.7840U 手续费基数=0.0238U 阈值=0.1192U
[TRACKER] 18:14:42 持仓=1 盈利=0.0000U 亏损=-0.7350U 净浮盈=-0.7350U 手续费基数=0.0238U 阈值=0.1192U
[TRACKER] 18:14:49 持仓=1 盈利=0.0000U 亏损=-0.7280U 净浮盈=-0.7280U 手续费基数=0.0238U 阈值=0.1192U
[TRACKER] 18:14:55 持仓=1 盈利=0.0000U 亏损=-0.7140U 净浮盈=-0.7140U 手续费基数=0.0238U 阈值=0.1192U
[TRACKER] 本轮结束（将由 crontab 重新拉起）
[TRACKER] 启动，每 5 秒检查一次…
[TRACKER] 18:15:02 持仓=1 盈利=0.0000U 亏损=-0.6230U 净浮盈=-0.6230U 手续费基数=0.0238U 阈值=0.1192U
[TRACKER] 18:15:08 持仓=1 盈利=0.0000U 亏损=-0.5530U 净浮盈=-0.5530U 手续费基数=0.0238U 阈值=0.1192U
[TRACKER] 18:15:15 持仓=1 盈利=0.0000U 亏损=-0.5530U 净浮盈=-0.5530U 手续费基数=0.0238U 阈值=0.1192U
[TRACKER] 18:15:21 持仓=1 盈利=0.0000U 亏损=-0.6720U 净浮盈=-0.6720U 手续费基数=0.0238U 阈值=0.1192U
[TRACKER] 18:15:28 持仓=1 盈利=0.0000U 亏损=-0.7280U 净浮盈=-0.7280U 手续费基数=0.0238U 阈值=0.1192U
[TRACKER] 18:15:34 持仓=1 盈利=0.0000U 亏损=-0.8050U 净浮盈=-0.8050U 手续费基数=0.0238U 阈值=0.1192U
[TRACKER] 18:15:41 持仓=1 盈利=0.0000U 亏损=-0.9660U 净浮盈=-0.9660U 手续费基数=0.0238U 阈值=0.1192U
[TRACKER] 18:15:47 持仓=1 盈利=0.0000U 亏损=-0.9590U 净浮盈=-0.9590U 手续费基数=0.0238U 阈值=0.1192U
[TRACKER] 18:15:54 持仓=1 盈利=0.0000U 亏损=-0.9870U 净浮盈=-0.9870U 手续费基数=0.0238U 阈值=0.1192U
[TRACKER] 本轮结束（将由 crontab 重新拉起）
[TRACKER] 启动，每 5 秒检查一次…
[TRACKER] 18:16:02 持仓=1 盈利=0.0000U 亏损=-1.1900U 净浮盈=-1.1900U 手续费基数=0.0238U 阈值=0.1192U
[TRACKER] 18:16:09 持仓=1 盈利=0.0000U 亏损=-1.0780U 净浮盈=-1.0780U 手续费基数=0.0238U 阈值=0.1192U
[TRACKER] 18:16:16 持仓=1 盈利=0.0000U 亏损=-1.1410U 净浮盈=-1.1410U 手续费基数=0.0238U 阈值=0.1192U
[TRACKER] 18:16:22 持仓=1 盈利=0.0000U 亏损=-1.1620U 净浮盈=-1.1620U 手续费基数=0.0238U 阈值=0.1192U
[TRACKER] 18:16:28 持仓=1 盈利=0.0000U 亏损=-1.1060U 净浮盈=-1.1060U 手续费基数=0.0238U 阈值=0.1192U
[TRACKER] 18:16:35 持仓=1 盈利=0.0000U 亏损=-1.1480U 净浮盈=-1.1480U 手续费基数=0.0238U 阈值=0.1192U
[TRACKER] 18:16:41 持仓=1 盈利=0.0000U 亏损=-1.1270U 净浮盈=-1.1270U 手续费基数=0.0238U 阈值=0.1192U
[TRACKER] 18:16:48 持仓=1 盈利=0.0000U 亏损=-1.1270U 净浮盈=-1.1270U 手续费基数=0.0238U 阈值=0.1192U
[TRACKER] 18:16:54 持仓=1 盈利=0.0000U 亏损=-1.1620U 净浮盈=-1.1620U 手续费基数=0.0238U 阈值=0.1192U
[TRACKER] 本轮结束（将由 crontab 重新拉起）
[TRACKER] 启动，每 5 秒检查一次…
[TRACKER] 18:17:03 持仓=1 盈利=0.0000U 亏损=-1.2040U 净浮盈=-1.2040U 手续费基数=0.0238U 阈值=0.1192U
[TRACKER] 18:17:10 持仓=1 盈利=0.0000U 亏损=-1.3510U 净浮盈=-1.3510U 手续费基数=0.0238U 阈值=0.1192U
[TRACKER] 18:17:16 持仓=1 盈利=0.0000U 亏损=-1.2880U 净浮盈=-1.2880U 手续费基数=0.0238U 阈值=0.1192U
[TRACKER] 18:17:23 持仓=1 盈利=0.0000U 亏损=-1.3300U 净浮盈=-1.3300U 手续费基数=0.0238U 阈值=0.1192U
[TRACKER] 18:17:29 持仓=1 盈利=0.0000U 亏损=-1.4070U 净浮盈=-1.4070U 手续费基数=0.0238U 阈值=0.1192U
[TRACKER] 18:17:36 持仓=1 盈利=0.0000U 亏损=-1.4140U 净浮盈=-1.4140U 手续费基数=0.0238U 阈值=0.1192U
[TRACKER] 18:17:42 持仓=1 盈利=0.0000U 亏损=-1.4140U 净浮盈=-1.4140U 手续费基数=0.0238U 阈值=0.1192U
[TRACKER] 18:17:49 持仓=1 盈利=0.0000U 亏损=-1.3930U 净浮盈=-1.3930U 手续费基数=0.0238U 阈值=0.1192U
[TRACKER] 18:17:55 持仓=1 盈利=0.0000U 亏损=-1.3860U 净浮盈=-1.3860U 手续费基数=0.0238U 阈值=0.1192U
[TRACKER] 本轮结束（将由 crontab 重新拉起）
[TRACKER] 启动，每 5 秒检查一次…
[TRACKER] 18:18:02 持仓=1 盈利=0.0000U 亏损=-1.3650U 净浮盈=-1.3650U 手续费基数=0.0238U 阈值=0.1192U
[TRACKER] 18:18:09 持仓=1 盈利=0.0000U 亏损=-1.2950U 净浮盈=-1.2950U 手续费基数=0.0238U 阈值=0.1192U
[TRACKER] 18:18:15 持仓=1 盈利=0.0000U 亏损=-1.2810U 净浮盈=-1.2810U 手续费基数=0.0238U 阈值=0.1192U
[TRACKER] 18:18:22 持仓=1 盈利=0.0000U 亏损=-1.2460U 净浮盈=-1.2460U 手续费基数=0.0238U 阈值=0.1192U
[TRACKER] 18:18:28 持仓=1 盈利=0.0000U 亏损=-1.2950U 净浮盈=-1.2950U 手续费基数=0.0238U 阈值=0.1192U
[TRACKER] 18:18:35 持仓=1 盈利=0.0000U 亏损=-1.2530U 净浮盈=-1.2530U 手续费基数=0.0238U 阈值=0.1192U
[TRACKER] 18:18:41 持仓=1 盈利=0.0000U 亏损=-1.2740U 净浮盈=-1.2740U 手续费基数=0.0238U 阈值=0.1192U
[TRACKER] 18:18:48 持仓=1 盈利=0.0000U 亏损=-1.2670U 净浮盈=-1.2670U 手续费基数=0.0238U 阈值=0.1192U
[TRACKER] 18:18:54 持仓=1 盈利=0.0000U 亏损=-1.3510U 净浮盈=-1.3510U 手续费基数=0.0238U 阈值=0.1192U
[TRACKER] 本轮结束（将由 crontab 重新拉起）
[TRACKER] 启动，每 5 秒检查一次…
[TRACKER] 18:19:03 持仓=1 盈利=0.0000U 亏损=-1.0990U 净浮盈=-1.0990U 手续费基数=0.0238U 阈值=0.1192U
[TRACKER] 18:19:10 持仓=1 盈利=0.0000U 亏损=-1.2250U 净浮盈=-1.2250U 手续费基数=0.0238U 阈值=0.1192U
[TRACKER] 18:19:16 持仓=1 盈利=0.0000U 亏损=-1.3160U 净浮盈=-1.3160U 手续费基数=0.0238U 阈值=0.1192U
[TRACKER] 18:19:23 持仓=1 盈利=0.0000U 亏损=-1.3860U 净浮盈=-1.3860U 手续费基数=0.0238U 阈值=0.1192U
[TRACKER] 18:19:29 持仓=1 盈利=0.0000U 亏损=-1.2880U 净浮盈=-1.2880U 手续费基数=0.0238U 阈值=0.1192U
[TRACKER] 18:19:35 持仓=1 盈利=0.0000U 亏损=-1.1830U 净浮盈=-1.1830U 手续费基数=0.0238U 阈值=0.1192U
[TRACKER] 18:19:42 持仓=1 盈利=0.0000U 亏损=-1.1340U 净浮盈=-1.1340U 手续费基数=0.0238U 阈值=0.1192U
[TRACKER] 18:19:48 持仓=1 盈利=0.0000U 亏损=-1.0920U 净浮盈=-1.0920U 手续费基数=0.0238U 阈值=0.1192U
[TRACKER] 18:19:54 持仓=1 盈利=0.0000U 亏损=-1.1550U 净浮盈=-1.1550U 手续费基数=0.0238U 阈值=0.1192U
[TRACKER] 本轮结束（将由 crontab 重新拉起）
[TRACKER] 启动，每 5 秒检查一次…
[TRACKER] 18:20:02 持仓=1 盈利=0.0000U 亏损=-1.1410U 净浮盈=-1.1410U 手续费基数=0.0238U 阈值=0.1192U
[TRACKER] 18:20:08 持仓=1 盈利=0.0000U 亏损=-1.1060U 净浮盈=-1.1060U 手续费基数=0.0238U 阈值=0.1192U
[TRACKER] 18:20:15 持仓=1 盈利=0.0000U 亏损=-1.1270U 净浮盈=-1.1270U 手续费基数=0.0238U 阈值=0.1192U
[TRACKER] 18:20:21 持仓=1 盈利=0.0000U 亏损=-1.2180U 净浮盈=-1.2180U 手续费基数=0.0238U 阈值=0.1192U
[TRACKER] 18:20:28 持仓=1 盈利=0.0000U 亏损=-1.3650U 净浮盈=-1.3650U 手续费基数=0.0238U 阈值=0.1192U
[TRACKER] 18:20:34 持仓=1 盈利=0.0000U 亏损=-1.3160U 净浮盈=-1.3160U 手续费基数=0.0238U 阈值=0.1192U
[TRACKER] 18:20:41 持仓=1 盈利=0.0000U 亏损=-1.3510U 净浮盈=-1.3510U 手续费基数=0.0238U 阈值=0.1192U
[TRACKER] 18:20:47 持仓=1 盈利=0.0000U 亏损=-1.3090U 净浮盈=-1.3090U 手续费基数=0.0238U 阈值=0.1192U
[TRACKER] 18:20:54 持仓=1 盈利=0.0000U 亏损=-1.2950U 净浮盈=-1.2950U 手续费基数=0.0238U 阈值=0.1192U
[TRACKER] 本轮结束（将由 crontab 重新拉起）
[TRACKER] 启动，每 5 秒检查一次…
[TRACKER] 18:21:03 持仓=1 盈利=0.0000U 亏损=-1.3160U 净浮盈=-1.3160U 手续费基数=0.0238U 阈值=0.1192U
[TRACKER] 18:21:09 持仓=1 盈利=0.0000U 亏损=-1.2810U 净浮盈=-1.2810U 手续费基数=0.0238U 阈值=0.1192U
[TRACKER] 18:21:15 持仓=1 盈利=0.0000U 亏损=-1.2950U 净浮盈=-1.2950U 手续费基数=0.0238U 阈值=0.1192U
[TRACKER] 18:21:21 持仓=1 盈利=0.0000U 亏损=-1.2600U 净浮盈=-1.2600U 手续费基数=0.0238U 阈值=0.1192U
[TRACKER] 18:21:28 持仓=1 盈利=0.0000U 亏损=-1.2390U 净浮盈=-1.2390U 手续费基数=0.0238U 阈值=0.1192U
[TRACKER] 18:21:34 持仓=1 盈利=0.0000U 亏损=-1.2110U 净浮盈=-1.2110U 手续费基数=0.0238U 阈值=0.1192U
[TRACKER] 18:21:40 持仓=1 盈利=0.0000U 亏损=-1.2040U 净浮盈=-1.2040U 手续费基数=0.0238U 阈值=0.1192U
[TRACKER] 18:21:47 持仓=1 盈利=0.0000U 亏损=-1.1830U 净浮盈=-1.1830U 手续费基数=0.0238U 阈值=0.1192U
[TRACKER] 18:21:53 持仓=1 盈利=0.0000U 亏损=-1.2460U 净浮盈=-1.2460U 手续费基数=0.0238U 阈值=0.1192U
[TRACKER] 本轮结束（将由 crontab 重新拉起）
[TRACKER] 启动，每 5 秒检查一次…
[TRACKER] 18:22:03 持仓=1 盈利=0.0000U 亏损=-1.1830U 净浮盈=-1.1830U 手续费基数=0.0238U 阈值=0.1192U
[TRACKER] 18:22:10 持仓=1 盈利=0.0000U 亏损=-1.1760U 净浮盈=-1.1760U 手续费基数=0.0238U 阈值=0.1192U
[TRACKER] 18:22:16 持仓=1 盈利=0.0000U 亏损=-1.1970U 净浮盈=-1.1970U 手续费基数=0.0238U 阈值=0.1192U
[TRACKER] 18:22:23 持仓=1 盈利=0.0000U 亏损=-1.1970U 净浮盈=-1.1970U 手续费基数=0.0238U 阈值=0.1192U
[TRACKER] 18:22:29 持仓=1 盈利=0.0000U 亏损=-1.1970U 净浮盈=-1.1970U 手续费基数=0.0238U 阈值=0.1192U
[TRACKER] 18:22:35 持仓=1 盈利=0.0000U 亏损=-1.2810U 净浮盈=-1.2810U 手续费基数=0.0238U 阈值=0.1192U
[TRACKER] 18:22:41 持仓=1 盈利=0.0000U 亏损=-1.3160U 净浮盈=-1.3160U 手续费基数=0.0238U 阈值=0.1192U
[TRACKER] 18:22:48 持仓=1 盈利=0.0000U 亏损=-1.3440U 净浮盈=-1.3440U 手续费基数=0.0238U 阈值=0.1192U
[TRACKER] 18:22:54 持仓=1 盈利=0.0000U 亏损=-1.3790U 净浮盈=-1.3790U 手续费基数=0.0238U 阈值=0.1192U
[TRACKER] 本轮结束（将由 crontab 重新拉起）
[TRACKER] 启动，每 5 秒检查一次…
[TRACKER] 18:23:03 持仓=1 盈利=0.0000U 亏损=-1.4000U 净浮盈=-1.4000U 手续费基数=0.0238U 阈值=0.1192U
[TRACKER] 18:23:10 持仓=1 盈利=0.0000U 亏损=-1.4840U 净浮盈=-1.4840U 手续费基数=0.0238U 阈值=0.1192U
[TRACKER] 18:23:16 持仓=1 盈利=0.0000U 亏损=-1.4770U 净浮盈=-1.4770U 手续费基数=0.0238U 阈值=0.1192U
[TRACKER] 18:23:22 持仓=1 盈利=0.0000U 亏损=-1.4210U 净浮盈=-1.4210U 手续费基数=0.0238U 阈值=0.1192U
[TRACKER] 18:23:29 持仓=1 盈利=0.0000U 亏损=-1.4000U 净浮盈=-1.4000U 手续费基数=0.0238U 阈值=0.1192U
[TRACKER] 18:23:35 持仓=1 盈利=0.0000U 亏损=-1.5750U 净浮盈=-1.5750U 手续费基数=0.0238U 阈值=0.1192U
[TRACKER] 18:23:41 持仓=1 盈利=0.0000U 亏损=-1.5330U 净浮盈=-1.5330U 手续费基数=0.0238U 阈值=0.1192U
[TRACKER] 18:23:48 持仓=1 盈利=0.0000U 亏损=-1.4980U 净浮盈=-1.4980U 手续费基数=0.0238U 阈值=0.1192U
[TRACKER] 18:23:54 持仓=1 盈利=0.0000U 亏损=-1.5120U 净浮盈=-1.5120U 手续费基数=0.0238U 阈值=0.1192U
[TRACKER] 本轮结束（将由 crontab 重新拉起）
[TRACKER] 启动，每 5 秒检查一次…
[TRACKER] 18:24:03 持仓=1 盈利=0.0000U 亏损=-1.5260U 净浮盈=-1.5260U 手续费基数=0.0238U 阈值=0.1192U
[TRACKER] 18:24:10 持仓=1 盈利=0.0000U 亏损=-1.4630U 净浮盈=-1.4630U 手续费基数=0.0238U 阈值=0.1192U
[TRACKER] 18:24:16 持仓=1 盈利=0.0000U 亏损=-1.3930U 净浮盈=-1.3930U 手续费基数=0.0238U 阈值=0.1192U
[TRACKER] 18:24:23 持仓=1 盈利=0.0000U 亏损=-1.4280U 净浮盈=-1.4280U 手续费基数=0.0238U 阈值=0.1192U
[TRACKER] 18:24:29 持仓=1 盈利=0.0000U 亏损=-1.3930U 净浮盈=-1.3930U 手续费基数=0.0238U 阈值=0.1192U
[TRACKER] 18:24:36 持仓=1 盈利=0.0000U 亏损=-1.4210U 净浮盈=-1.4210U 手续费基数=0.0238U 阈值=0.1192U
[TRACKER] 18:24:43 持仓=1 盈利=0.0000U 亏损=-1.4070U 净浮盈=-1.4070U 手续费基数=0.0238U 阈值=0.1192U
[TRACKER] 18:24:49 持仓=1 盈利=0.0000U 亏损=-1.4280U 净浮盈=-1.4280U 手续费基数=0.0238U 阈值=0.1192U
[TRACKER] 18:24:56 持仓=1 盈利=0.0000U 亏损=-1.4420U 净浮盈=-1.4420U 手续费基数=0.0238U 阈值=0.1192U
[TRACKER] 本轮结束（将由 crontab 重新拉起）
[TRACKER] 启动，每 5 秒检查一次…
[TRACKER] 18:25:03 持仓=1 盈利=0.0000U 亏损=-1.4070U 净浮盈=-1.4070U 手续费基数=0.0238U 阈值=0.1192U
[TRACKER] 18:25:10 持仓=1 盈利=0.0000U 亏损=-1.4630U 净浮盈=-1.4630U 手续费基数=0.0238U 阈值=0.1192U
[TRACKER] 18:25:16 持仓=1 盈利=0.0000U 亏损=-1.4070U 净浮盈=-1.4070U 手续费基数=0.0238U 阈值=0.1192U
[TRACKER] 18:25:23 持仓=1 盈利=0.0000U 亏损=-1.3860U 净浮盈=-1.3860U 手续费基数=0.0238U 阈值=0.1192U
[TRACKER] 18:25:29 持仓=1 盈利=0.0000U 亏损=-1.2880U 净浮盈=-1.2880U 手续费基数=0.0238U 阈值=0.1192U
[TRACKER] 18:25:35 持仓=1 盈利=0.0000U 亏损=-1.2530U 净浮盈=-1.2530U 手续费基数=0.0238U 阈值=0.1192U
[TRACKER] 18:25:42 持仓=1 盈利=0.0000U 亏损=-1.3300U 净浮盈=-1.3300U 手续费基数=0.0238U 阈值=0.1192U
[TRACKER] 18:25:48 持仓=1 盈利=0.0000U 亏损=-1.2880U 净浮盈=-1.2880U 手续费基数=0.0238U 阈值=0.1192U
[TRACKER] 18:25:54 持仓=1 盈利=0.0000U 亏损=-1.2600U 净浮盈=-1.2600U 手续费基数=0.0238U 阈值=0.1192U
[TRACKER] 本轮结束（将由 crontab 重新拉起）
[TRACKER] 启动，每 5 秒检查一次…
[TRACKER] 18:26:01 持仓=1 盈利=0.0000U 亏损=-1.3440U 净浮盈=-1.3440U 手续费基数=0.0238U 阈值=0.1192U
[TRACKER] 18:26:08 持仓=1 盈利=0.0000U 亏损=-1.4210U 净浮盈=-1.4210U 手续费基数=0.0238U 阈值=0.1192U
[TRACKER] 18:26:14 持仓=1 盈利=0.0000U 亏损=-1.4910U 净浮盈=-1.4910U 手续费基数=0.0238U 阈值=0.1192U
[TRACKER] 18:26:20 持仓=1 盈利=0.0000U 亏损=-1.5330U 净浮盈=-1.5330U 手续费基数=0.0238U 阈值=0.1192U
[TRACKER] 18:26:27 持仓=1 盈利=0.0000U 亏损=-1.4420U 净浮盈=-1.4420U 手续费基数=0.0238U 阈值=0.1192U
[TRACKER] 18:26:34 持仓=1 盈利=0.0000U 亏损=-1.4560U 净浮盈=-1.4560U 手续费基数=0.0238U 阈值=0.1192U
[TRACKER] 18:26:40 持仓=1 盈利=0.0000U 亏损=-1.4280U 净浮盈=-1.4280U 手续费基数=0.0238U 阈值=0.1192U
[TRACKER] 18:26:47 持仓=1 盈利=0.0000U 亏损=-1.3650U 净浮盈=-1.3650U 手续费基数=0.0238U 阈值=0.1192U
[TRACKER] 18:26:53 持仓=1 盈利=0.0000U 亏损=-1.3720U 净浮盈=-1.3720U 手续费基数=0.0238U 阈值=0.1192U
[TRACKER] 本轮结束（将由 crontab 重新拉起）
[TRACKER] 启动，每 5 秒检查一次…
[TRACKER] 18:27:02 持仓=1 盈利=0.0000U 亏损=-1.3650U 净浮盈=-1.3650U 手续费基数=0.0238U 阈值=0.1192U
[TRACKER] 18:27:09 持仓=1 盈利=0.0000U 亏损=-1.4490U 净浮盈=-1.4490U 手续费基数=0.0238U 阈值=0.1192U
[TRACKER] 18:27:16 持仓=1 盈利=0.0000U 亏损=-1.4560U 净浮盈=-1.4560U 手续费基数=0.0238U 阈值=0.1192U
[TRACKER] 18:27:22 持仓=1 盈利=0.0000U 亏损=-1.4560U 净浮盈=-1.4560U 手续费基数=0.0238U 阈值=0.1192U
[TRACKER] 18:27:28 持仓=1 盈利=0.0000U 亏损=-1.5260U 净浮盈=-1.5260U 手续费基数=0.0238U 阈值=0.1192U
[TRACKER] 18:27:35 持仓=1 盈利=0.0000U 亏损=-1.4910U 净浮盈=-1.4910U 手续费基数=0.0238U 阈值=0.1192U
[TRACKER] 18:27:41 持仓=1 盈利=0.0000U 亏损=-1.4910U 净浮盈=-1.4910U 手续费基数=0.0238U 阈值=0.1192U
[TRACKER] 18:27:48 持仓=1 盈利=0.0000U 亏损=-1.4560U 净浮盈=-1.4560U 手续费基数=0.0238U 阈值=0.1192U
[TRACKER] 18:27:54 持仓=1 盈利=0.0000U 亏损=-1.3930U 净浮盈=-1.3930U 手续费基数=0.0238U 阈值=0.1192U
[TRACKER] 本轮结束（将由 crontab 重新拉起）
[TRACKER] 启动，每 5 秒检查一次…
[TRACKER] 18:28:04 持仓=1 盈利=0.0000U 亏损=-1.3650U 净浮盈=-1.3650U 手续费基数=0.0238U 阈值=0.1192U
[TRACKER] 18:28:10 持仓=1 盈利=0.0000U 亏损=-1.3650U 净浮盈=-1.3650U 手续费基数=0.0238U 阈值=0.1192U
[TRACKER] 18:28:17 持仓=1 盈利=0.0000U 亏损=-1.2670U 净浮盈=-1.2670U 手续费基数=0.0238U 阈值=0.1192U
[TRACKER] 18:28:23 持仓=1 盈利=0.0000U 亏损=-1.2530U 净浮盈=-1.2530U 手续费基数=0.0238U 阈值=0.1192U
[TRACKER] 18:28:29 持仓=1 盈利=0.0000U 亏损=-1.3020U 净浮盈=-1.3020U 手续费基数=0.0238U 阈值=0.1192U
[TRACKER] 18:28:36 持仓=1 盈利=0.0000U 亏损=-1.2740U 净浮盈=-1.2740U 手续费基数=0.0238U 阈值=0.1192U
[TRACKER] 18:28:42 持仓=1 盈利=0.0000U 亏损=-1.2810U 净浮盈=-1.2810U 手续费基数=0.0238U 阈值=0.1192U
[TRACKER] 18:28:49 持仓=1 盈利=0.0000U 亏损=-1.2390U 净浮盈=-1.2390U 手续费基数=0.0238U 阈值=0.1192U
[TRACKER] 18:28:55 持仓=1 盈利=0.0000U 亏损=-1.2110U 净浮盈=-1.2110U 手续费基数=0.0238U 阈值=0.1192U
[TRACKER] 本轮结束（将由 crontab 重新拉起）
[TRACKER] 启动，每 5 秒检查一次…
[TRACKER] 18:29:02 持仓=1 盈利=0.0000U 亏损=-1.2110U 净浮盈=-1.2110U 手续费基数=0.0238U 阈值=0.1192U
[TRACKER] 18:29:09 持仓=1 盈利=0.0000U 亏损=-1.1970U 净浮盈=-1.1970U 手续费基数=0.0238U 阈值=0.1192U
[TRACKER] 18:29:15 持仓=1 盈利=0.0000U 亏损=-1.1690U 净浮盈=-1.1690U 手续费基数=0.0238U 阈值=0.1192U
[TRACKER] 18:29:22 持仓=1 盈利=0.0000U 亏损=-1.1760U 净浮盈=-1.1760U 手续费基数=0.0238U 阈值=0.1192U
[TRACKER] 18:29:28 持仓=1 盈利=0.0000U 亏损=-1.2180U 净浮盈=-1.2180U 手续费基数=0.0238U 阈值=0.1192U
[TRACKER] 18:29:35 持仓=1 盈利=0.0000U 亏损=-1.3440U 净浮盈=-1.3440U 手续费基数=0.0238U 阈值=0.1192U
[TRACKER] 18:29:41 持仓=1 盈利=0.0000U 亏损=-1.3020U 净浮盈=-1.3020U 手续费基数=0.0238U 阈值=0.1192U
[TRACKER] 18:29:48 持仓=1 盈利=0.0000U 亏损=-1.3230U 净浮盈=-1.3230U 手续费基数=0.0238U 阈值=0.1192U
[TRACKER] 18:29:54 持仓=1 盈利=0.0000U 亏损=-1.3370U 净浮盈=-1.3370U 手续费基数=0.0238U 阈值=0.1192U
[TRACKER] 本轮结束（将由 crontab 重新拉起）
[TRACKER] 启动，每 5 秒检查一次…
[TRACKER] 18:30:03 持仓=1 盈利=0.0000U 亏损=-1.1830U 净浮盈=-1.1830U 手续费基数=0.0238U 阈值=0.1192U
[TRACKER] 18:30:10 持仓=1 盈利=0.0000U 亏损=-1.1900U 净浮盈=-1.1900U 手续费基数=0.0238U 阈值=0.1192U
[TRACKER] 18:30:16 持仓=1 盈利=0.0000U 亏损=-1.1270U 净浮盈=-1.1270U 手续费基数=0.0238U 阈值=0.1192U
[TRACKER] 18:30:22 持仓=1 盈利=0.0000U 亏损=-1.0220U 净浮盈=-1.0220U 手续费基数=0.0238U 阈值=0.1192U
[TRACKER] 18:30:29 持仓=1 盈利=0.0000U 亏损=-1.0500U 净浮盈=-1.0500U 手续费基数=0.0238U 阈值=0.1192U
[TRACKER] 18:30:35 持仓=1 盈利=0.0000U 亏损=-1.0010U 净浮盈=-1.0010U 手续费基数=0.0238U 阈值=0.1192U
[TRACKER] 18:30:41 持仓=1 盈利=0.0000U 亏损=-0.9870U 净浮盈=-0.9870U 手续费基数=0.0238U 阈值=0.1192U
[TRACKER] 18:30:48 持仓=1 盈利=0.0000U 亏损=-1.0710U 净浮盈=-1.0710U 手续费基数=0.0238U 阈值=0.1192U
[TRACKER] 18:30:54 持仓=1 盈利=0.0000U 亏损=-1.1200U 净浮盈=-1.1200U 手续费基数=0.0238U 阈值=0.1192U
[TRACKER] 本轮结束（将由 crontab 重新拉起）
[TRACKER] 启动，每 5 秒检查一次…
[TRACKER] 18:31:03 持仓=1 盈利=0.0000U 亏损=-1.1340U 净浮盈=-1.1340U 手续费基数=0.0238U 阈值=0.1192U
[TRACKER] 18:31:09 持仓=1 盈利=0.0000U 亏损=-1.1970U 净浮盈=-1.1970U 手续费基数=0.0238U 阈值=0.1192U
[TRACKER] 18:31:16 持仓=1 盈利=0.0000U 亏损=-1.2460U 净浮盈=-1.2460U 手续费基数=0.0238U 阈值=0.1192U
[TRACKER] 18:31:22 持仓=1 盈利=0.0000U 亏损=-1.3650U 净浮盈=-1.3650U 手续费基数=0.0238U 阈值=0.1192U
[TRACKER] 18:31:29 持仓=1 盈利=0.0000U 亏损=-1.3020U 净浮盈=-1.3020U 手续费基数=0.0238U 阈值=0.1192U
[TRACKER] 18:31:35 持仓=1 盈利=0.0000U 亏损=-1.3370U 净浮盈=-1.3370U 手续费基数=0.0238U 阈值=0.1192U
[TRACKER] 18:31:42 持仓=1 盈利=0.0000U 亏损=-1.2600U 净浮盈=-1.2600U 手续费基数=0.0238U 阈值=0.1192U
[TRACKER] 18:31:48 持仓=1 盈利=0.0000U 亏损=-1.1270U 净浮盈=-1.1270U 手续费基数=0.0238U 阈值=0.1192U
[TRACKER] 18:31:55 持仓=1 盈利=0.0000U 亏损=-1.1620U 净浮盈=-1.1620U 手续费基数=0.0238U 阈值=0.1192U
[TRACKER] 本轮结束（将由 crontab 重新拉起）
[TRACKER] 启动，每 5 秒检查一次…
[TRACKER] 18:32:02 持仓=1 盈利=0.0000U 亏损=-1.0990U 净浮盈=-1.0990U 手续费基数=0.0238U 阈值=0.1192U
[TRACKER] 18:32:09 持仓=1 盈利=0.0000U 亏损=-1.1200U 净浮盈=-1.1200U 手续费基数=0.0238U 阈值=0.1192U
[TRACKER] 18:32:15 持仓=1 盈利=0.0000U 亏损=-1.2390U 净浮盈=-1.2390U 手续费基数=0.0238U 阈值=0.1192U
[TRACKER] 18:32:22 持仓=1 盈利=0.0000U 亏损=-1.3580U 净浮盈=-1.3580U 手续费基数=0.0238U 阈值=0.1192U
[TRACKER] 18:32:28 持仓=1 盈利=0.0000U 亏损=-1.3370U 净浮盈=-1.3370U 手续费基数=0.0238U 阈值=0.1192U
[TRACKER] 18:32:35 持仓=1 盈利=0.0000U 亏损=-1.3230U 净浮盈=-1.3230U 手续费基数=0.0238U 阈值=0.1192U
[TRACKER] 18:32:41 持仓=1 盈利=0.0000U 亏损=-1.1970U 净浮盈=-1.1970U 手续费基数=0.0238U 阈值=0.1192U
[TRACKER] 18:32:48 持仓=1 盈利=0.0000U 亏损=-1.2600U 净浮盈=-1.2600U 手续费基数=0.0238U 阈值=0.1192U
[TRACKER] 18:32:54 持仓=1 盈利=0.0000U 亏损=-1.2880U 净浮盈=-1.2880U 手续费基数=0.0238U 阈值=0.1192U
[TRACKER] 本轮结束（将由 crontab 重新拉起）
[TRACKER] 启动，每 5 秒检查一次…
[TRACKER] 18:33:03 持仓=1 盈利=0.0000U 亏损=-1.2600U 净浮盈=-1.2600U 手续费基数=0.0238U 阈值=0.1192U
[TRACKER] 18:33:10 持仓=1 盈利=0.0000U 亏损=-1.1830U 净浮盈=-1.1830U 手续费基数=0.0238U 阈值=0.1192U
[TRACKER] 18:33:16 持仓=1 盈利=0.0000U 亏损=-1.2320U 净浮盈=-1.2320U 手续费基数=0.0238U 阈值=0.1192U
[TRACKER] 18:33:22 持仓=1 盈利=0.0000U 亏损=-1.2040U 净浮盈=-1.2040U 手续费基数=0.0238U 阈值=0.1192U
[TRACKER] 18:33:29 持仓=1 盈利=0.0000U 亏损=-1.2320U 净浮盈=-1.2320U 手续费基数=0.0238U 阈值=0.1192U
[TRACKER] 18:33:35 持仓=1 盈利=0.0000U 亏损=-1.1270U 净浮盈=-1.1270U 手续费基数=0.0238U 阈值=0.1192U
[TRACKER] 18:33:41 持仓=1 盈利=0.0000U 亏损=-1.1550U 净浮盈=-1.1550U 手续费基数=0.0238U 阈值=0.1192U
[TRACKER] 18:33:48 持仓=1 盈利=0.0000U 亏损=-1.1830U 净浮盈=-1.1830U 手续费基数=0.0238U 阈值=0.1192U
[TRACKER] 18:33:54 持仓=1 盈利=0.0000U 亏损=-1.1900U 净浮盈=-1.1900U 手续费基数=0.0238U 阈值=0.1192U
[TRACKER] 本轮结束（将由 crontab 重新拉起）
[TRACKER] 启动，每 5 秒检查一次…
[TRACKER] 18:34:03 持仓=1 盈利=0.0000U 亏损=-1.1200U 净浮盈=-1.1200U 手续费基数=0.0238U 阈值=0.1192U
[TRACKER] 18:34:09 持仓=1 盈利=0.0000U 亏损=-0.9380U 净浮盈=-0.9380U 手续费基数=0.0238U 阈值=0.1192U
[TRACKER] 18:34:16 持仓=1 盈利=0.0000U 亏损=-0.8820U 净浮盈=-0.8820U 手续费基数=0.0238U 阈值=0.1192U
[TRACKER] 18:34:22 持仓=1 盈利=0.0000U 亏损=-0.8680U 净浮盈=-0.8680U 手续费基数=0.0238U 阈值=0.1192U
[TRACKER] 18:34:29 持仓=1 盈利=0.0000U 亏损=-0.9030U 净浮盈=-0.9030U 手续费基数=0.0238U 阈值=0.1192U
[TRACKER] 18:34:35 持仓=1 盈利=0.0000U 亏损=-0.9310U 净浮盈=-0.9310U 手续费基数=0.0238U 阈值=0.1192U
[TRACKER] 18:34:42 持仓=1 盈利=0.0000U 亏损=-0.6230U 净浮盈=-0.6230U 手续费基数=0.0238U 阈值=0.1192U
[TRACKER] 18:34:49 持仓=1 盈利=0.0000U 亏损=-0.6230U 净浮盈=-0.6230U 手续费基数=0.0238U 阈值=0.1192U
[TRACKER] 18:34:55 持仓=1 盈利=0.0000U 亏损=-0.5390U 净浮盈=-0.5390U 手续费基数=0.0238U 阈值=0.1192U
[TRACKER] 本轮结束（将由 crontab 重新拉起）
[TRACKER] 启动，每 5 秒检查一次…
[TRACKER] 18:35:02 持仓=1 盈利=0.0000U 亏损=-0.5460U 净浮盈=-0.5460U 手续费基数=0.0238U 阈值=0.1192U
[TRACKER] 18:35:08 持仓=1 盈利=0.0000U 亏损=-0.5040U 净浮盈=-0.5040U 手续费基数=0.0238U 阈值=0.1192U
[TRACKER] 18:35:15 持仓=1 盈利=0.0000U 亏损=-0.5810U 净浮盈=-0.5810U 手续费基数=0.0238U 阈值=0.1192U
[TRACKER] 18:35:21 持仓=1 盈利=0.0000U 亏损=-0.4620U 净浮盈=-0.4620U 手续费基数=0.0238U 阈值=0.1192U
[TRACKER] 18:35:28 持仓=1 盈利=0.0000U 亏损=-0.4340U 净浮盈=-0.4340U 手续费基数=0.0238U 阈值=0.1192U
[TRACKER] 18:35:34 持仓=1 盈利=0.0000U 亏损=-0.5040U 净浮盈=-0.5040U 手续费基数=0.0238U 阈值=0.1192U
[TRACKER] 18:35:40 持仓=1 盈利=0.0000U 亏损=-0.4620U 净浮盈=-0.4620U 手续费基数=0.0238U 阈值=0.1192U
[TRACKER] 18:35:46 持仓=1 盈利=0.0000U 亏损=-0.4200U 净浮盈=-0.4200U 手续费基数=0.0238U 阈值=0.1192U
[TRACKER] 18:35:53 持仓=1 盈利=0.0000U 亏损=-0.4060U 净浮盈=-0.4060U 手续费基数=0.0238U 阈值=0.1192U
[TRACKER] 本轮结束（将由 crontab 重新拉起）
[TRACKER] 启动，每 5 秒检查一次…
[TRACKER] 18:36:03 持仓=1 盈利=0.0000U 亏损=-0.3430U 净浮盈=-0.3430U 手续费基数=0.0238U 阈值=0.1192U
[TRACKER] 18:36:10 持仓=1 盈利=0.0000U 亏损=-0.4410U 净浮盈=-0.4410U 手续费基数=0.0238U 阈值=0.1192U
[TRACKER] 18:36:16 持仓=1 盈利=0.0000U 亏损=-0.5600U 净浮盈=-0.5600U 手续费基数=0.0238U 阈值=0.1192U
[TRACKER] 18:36:23 持仓=1 盈利=0.0000U 亏损=-0.6440U 净浮盈=-0.6440U 手续费基数=0.0238U 阈值=0.1192U
[TRACKER] 18:36:29 持仓=1 盈利=0.0000U 亏损=-0.5880U 净浮盈=-0.5880U 手续费基数=0.0238U 阈值=0.1192U
[TRACKER] 18:36:36 持仓=1 盈利=0.0000U 亏损=-0.5740U 净浮盈=-0.5740U 手续费基数=0.0238U 阈值=0.1192U
[TRACKER] 18:36:42 持仓=1 盈利=0.0000U 亏损=-0.3850U 净浮盈=-0.3850U 手续费基数=0.0238U 阈值=0.1192U
[TRACKER] 18:36:49 持仓=1 盈利=0.0000U 亏损=-0.4270U 净浮盈=-0.4270U 手续费基数=0.0238U 阈值=0.1192U
[TRACKER] 18:36:55 持仓=1 盈利=0.0000U 亏损=-0.3990U 净浮盈=-0.3990U 手续费基数=0.0238U 阈值=0.1192U
[TRACKER] 本轮结束（将由 crontab 重新拉起）
[TRACKER] 启动，每 5 秒检查一次…
[TRACKER] 18:37:03 持仓=1 盈利=0.0000U 亏损=-0.3710U 净浮盈=-0.3710U 手续费基数=0.0238U 阈值=0.1192U
[TRACKER] 18:37:09 持仓=1 盈利=0.0000U 亏损=-0.3780U 净浮盈=-0.3780U 手续费基数=0.0238U 阈值=0.1192U
[TRACKER] 18:37:15 持仓=1 盈利=0.0000U 亏损=-0.3500U 净浮盈=-0.3500U 手续费基数=0.0238U 阈值=0.1192U
[TRACKER] 18:37:21 持仓=1 盈利=0.0000U 亏损=-0.3850U 净浮盈=-0.3850U 手续费基数=0.0238U 阈值=0.1192U
[TRACKER] 18:37:28 持仓=1 盈利=0.0000U 亏损=-0.3850U 净浮盈=-0.3850U 手续费基数=0.0238U 阈值=0.1192U
[TRACKER] 18:37:34 持仓=1 盈利=0.0000U 亏损=-0.4830U 净浮盈=-0.4830U 手续费基数=0.0238U 阈值=0.1192U
[TRACKER] 18:37:40 持仓=1 盈利=0.0000U 亏损=-0.4480U 净浮盈=-0.4480U 手续费基数=0.0238U 阈值=0.1192U
[TRACKER] 18:37:47 持仓=1 盈利=0.0000U 亏损=-0.3150U 净浮盈=-0.3150U 手续费基数=0.0238U 阈值=0.1192U
[TRACKER] 18:37:53 持仓=1 盈利=0.0000U 亏损=-0.1750U 净浮盈=-0.1750U 手续费基数=0.0238U 阈值=0.1192U
[TRACKER] 本轮结束（将由 crontab 重新拉起）
[TRACKER] 启动，每 5 秒检查一次…
[TRACKER] 18:38:03 持仓=1 盈利=0.0000U 亏损=-0.3290U 净浮盈=-0.3290U 手续费基数=0.0238U 阈值=0.1192U
[TRACKER] 18:38:10 持仓=1 盈利=0.0000U 亏损=-0.3150U 净浮盈=-0.3150U 手续费基数=0.0238U 阈值=0.1192U
[TRACKER] 18:38:16 持仓=1 盈利=0.0000U 亏损=-0.3500U 净浮盈=-0.3500U 手续费基数=0.0238U 阈值=0.1192U
[TRACKER] 18:38:23 持仓=1 盈利=0.0000U 亏损=-0.3430U 净浮盈=-0.3430U 手续费基数=0.0238U 阈值=0.1192U
[TRACKER] 18:38:30 持仓=1 盈利=0.0000U 亏损=-0.3430U 净浮盈=-0.3430U 手续费基数=0.0238U 阈值=0.1192U
[TRACKER] 18:38:36 持仓=1 盈利=0.0000U 亏损=-0.3780U 净浮盈=-0.3780U 手续费基数=0.0238U 阈值=0.1192U
[TRACKER] 18:38:43 持仓=1 盈利=0.0000U 亏损=-0.4200U 净浮盈=-0.4200U 手续费基数=0.0238U 阈值=0.1192U
[TRACKER] 18:38:49 持仓=1 盈利=0.0000U 亏损=-0.3920U 净浮盈=-0.3920U 手续费基数=0.0238U 阈值=0.1192U
[TRACKER] 18:38:56 持仓=1 盈利=0.0000U 亏损=-0.4690U 净浮盈=-0.4690U 手续费基数=0.0238U 阈值=0.1192U
[TRACKER] 本轮结束（将由 crontab 重新拉起）
[TRACKER] 启动，每 5 秒检查一次…
[TRACKER] 18:39:03 持仓=1 盈利=0.0000U 亏损=-0.5040U 净浮盈=-0.5040U 手续费基数=0.0238U 阈值=0.1192U
[TRACKER] 18:39:09 持仓=1 盈利=0.0000U 亏损=-0.4410U 净浮盈=-0.4410U 手续费基数=0.0238U 阈值=0.1192U
[TRACKER] 18:39:16 持仓=1 盈利=0.0000U 亏损=-0.4060U 净浮盈=-0.4060U 手续费基数=0.0238U 阈值=0.1192U
[TRACKER] 18:39:23 持仓=1 盈利=0.0000U 亏损=-0.4270U 净浮盈=-0.4270U 手续费基数=0.0238U 阈值=0.1192U
[TRACKER] 18:39:29 持仓=1 盈利=0.0000U 亏损=-0.4410U 净浮盈=-0.4410U 手续费基数=0.0238U 阈值=0.1192U
[TRACKER] 18:39:36 持仓=1 盈利=0.0000U 亏损=-0.4200U 净浮盈=-0.4200U 手续费基数=0.0238U 阈值=0.1192U
[TRACKER] 18:39:42 持仓=1 盈利=0.0000U 亏损=-0.4340U 净浮盈=-0.4340U 手续费基数=0.0238U 阈值=0.1192U
[TRACKER] 18:39:48 持仓=1 盈利=0.0000U 亏损=-0.4410U 净浮盈=-0.4410U 手续费基数=0.0238U 阈值=0.1192U
[TRACKER] 18:39:55 持仓=1 盈利=0.0000U 亏损=-0.4130U 净浮盈=-0.4130U 手续费基数=0.0238U 阈值=0.1192U
[TRACKER] 本轮结束（将由 crontab 重新拉起）
[TRACKER] 启动，每 5 秒检查一次…
[TRACKER] 18:40:02 持仓=1 盈利=0.0000U 亏损=-0.4270U 净浮盈=-0.4270U 手续费基数=0.0238U 阈值=0.1192U
[TRACKER] 18:40:08 持仓=1 盈利=0.0000U 亏损=-0.5040U 净浮盈=-0.5040U 手续费基数=0.0238U 阈值=0.1192U
[TRACKER] 18:40:15 持仓=1 盈利=0.0000U 亏损=-0.4830U 净浮盈=-0.4830U 手续费基数=0.0238U 阈值=0.1192U
[TRACKER] 18:40:21 持仓=1 盈利=0.0000U 亏损=-0.4970U 净浮盈=-0.4970U 手续费基数=0.0238U 阈值=0.1192U
[TRACKER] 18:40:28 持仓=1 盈利=0.0000U 亏损=-0.2940U 净浮盈=-0.2940U 手续费基数=0.0238U 阈值=0.1192U
[TRACKER] 18:40:34 持仓=1 盈利=0.0000U 亏损=-0.2590U 净浮盈=-0.2590U 手续费基数=0.0238U 阈值=0.1192U
[TRACKER] 18:40:41 持仓=1 盈利=0.0000U 亏损=-0.4830U 净浮盈=-0.4830U 手续费基数=0.0238U 阈值=0.1192U
[TRACKER] 18:40:47 持仓=1 盈利=0.0000U 亏损=-0.3850U 净浮盈=-0.3850U 手续费基数=0.0238U 阈值=0.1192U
[TRACKER] 18:40:54 持仓=1 盈利=0.0000U 亏损=-0.3570U 净浮盈=-0.3570U 手续费基数=0.0238U 阈值=0.1192U
[TRACKER] 本轮结束（将由 crontab 重新拉起）
[TRACKER] 启动，每 5 秒检查一次…
[TRACKER] 18:41:03 持仓=1 盈利=0.0000U 亏损=-0.3290U 净浮盈=-0.3290U 手续费基数=0.0238U 阈值=0.1192U
[TRACKER] 18:41:10 持仓=1 盈利=0.0000U 亏损=-0.3010U 净浮盈=-0.3010U 手续费基数=0.0238U 阈值=0.1192U
[TRACKER] 18:41:16 持仓=1 盈利=0.0000U 亏损=-0.3150U 净浮盈=-0.3150U 手续费基数=0.0238U 阈值=0.1192U
[TRACKER] 18:41:23 持仓=1 盈利=0.0000U 亏损=-0.3150U 净浮盈=-0.3150U 手续费基数=0.0238U 阈值=0.1192U
[TRACKER] 18:41:30 持仓=1 盈利=0.0000U 亏损=-0.2520U 净浮盈=-0.2520U 手续费基数=0.0238U 阈值=0.1192U
[TRACKER] 18:41:36 持仓=1 盈利=0.0000U 亏损=-0.1680U 净浮盈=-0.1680U 手续费基数=0.0238U 阈值=0.1192U
[TRACKER] 18:41:43 持仓=1 盈利=0.0000U 亏损=-0.2240U 净浮盈=-0.2240U 手续费基数=0.0238U 阈值=0.1192U
[TRACKER] 18:41:49 持仓=1 盈利=0.0000U 亏损=-0.2310U 净浮盈=-0.2310U 手续费基数=0.0238U 阈值=0.1192U
[TRACKER] 18:41:56 持仓=1 盈利=0.0000U 亏损=-0.1820U 净浮盈=-0.1820U 手续费基数=0.0238U 阈值=0.1192U
[TRACKER] 本轮结束（将由 crontab 重新拉起）
[TRACKER] 启动，每 5 秒检查一次…
[TRACKER] 18:42:03 持仓=1 盈利=0.0000U 亏损=-0.1400U 净浮盈=-0.1400U 手续费基数=0.0238U 阈值=0.1192U
[TRACKER] 18:42:09 持仓=1 盈利=0.0000U 亏损=-0.0980U 净浮盈=-0.0980U 手续费基数=0.0238U 阈值=0.1192U
[TRACKER] 18:42:16 持仓=1 盈利=0.0000U 亏损=-0.1330U 净浮盈=-0.1330U 手续费基数=0.0238U 阈值=0.1192U
[TRACKER] 18:42:22 持仓=1 盈利=0.0000U 亏损=-0.1820U 净浮盈=-0.1820U 手续费基数=0.0238U 阈值=0.1192U
[TRACKER] 18:42:29 持仓=1 盈利=0.0000U 亏损=-0.1820U 净浮盈=-0.1820U 手续费基数=0.0238U 阈值=0.1192U
[TRACKER] 18:42:35 持仓=1 盈利=0.0000U 亏损=-0.1960U 净浮盈=-0.1960U 手续费基数=0.0238U 阈值=0.1192U
[TRACKER] 18:42:42 持仓=1 盈利=0.0000U 亏损=-0.2100U 净浮盈=-0.2100U 手续费基数=0.0238U 阈值=0.1192U
[TRACKER] 18:42:48 持仓=1 盈利=0.0000U 亏损=-0.1680U 净浮盈=-0.1680U 手续费基数=0.0238U 阈值=0.1192U
[TRACKER] 18:42:55 持仓=1 盈利=0.0000U 亏损=-0.1120U 净浮盈=-0.1120U 手续费基数=0.0238U 阈值=0.1192U
[TRACKER] 本轮结束（将由 crontab 重新拉起）
[TRACKER] 启动，每 5 秒检查一次…
[TRACKER] 18:43:02 持仓=1 盈利=0.0000U 亏损=-0.0770U 净浮盈=-0.0770U 手续费基数=0.0238U 阈值=0.1192U
[TRACKER] 18:43:08 持仓=1 盈利=0.0000U 亏损=-0.0770U 净浮盈=-0.0770U 手续费基数=0.0238U 阈值=0.1192U
[TRACKER] 18:43:15 持仓=1 盈利=0.0000U 亏损=-0.0770U 净浮盈=-0.0770U 手续费基数=0.0238U 阈值=0.1192U
[TRACKER] 18:43:21 持仓=1 盈利=0.0000U 亏损=-0.0630U 净浮盈=-0.0630U 手续费基数=0.0238U 阈值=0.1192U
[TRACKER] 18:43:28 持仓=1 盈利=0.0000U 亏损=-0.0980U 净浮盈=-0.0980U 手续费基数=0.0238U 阈值=0.1192U
[TRACKER] 18:43:34 持仓=1 盈利=0.0000U 亏损=-0.0980U 净浮盈=-0.0980U 手续费基数=0.0238U 阈值=0.1192U
[TRACKER] 18:43:41 持仓=1 盈利=0.0000U 亏损=-0.1260U 净浮盈=-0.1260U 手续费基数=0.0238U 阈值=0.1192U
[TRACKER] 18:43:47 持仓=1 盈利=0.0000U 亏损=-0.1190U 净浮盈=-0.1190U 手续费基数=0.0238U 阈值=0.1192U
[TRACKER] 18:43:54 持仓=1 盈利=0.0000U 亏损=-0.1540U 净浮盈=-0.1540U 手续费基数=0.0238U 阈值=0.1192U
[TRACKER] 本轮结束（将由 crontab 重新拉起）
[TRACKER] 启动，每 5 秒检查一次…
[TRACKER] 18:44:03 持仓=1 盈利=0.0000U 亏损=-0.1750U 净浮盈=-0.1750U 手续费基数=0.0238U 阈值=0.1192U
[TRACKER] 18:44:09 持仓=1 盈利=0.0000U 亏损=-0.1610U 净浮盈=-0.1610U 手续费基数=0.0238U 阈值=0.1192U
[TRACKER] 18:44:16 持仓=1 盈利=0.0000U 亏损=-0.1610U 净浮盈=-0.1610U 手续费基数=0.0238U 阈值=0.1192U
[TRACKER] 18:44:22 持仓=1 盈利=0.0000U 亏损=-0.1750U 净浮盈=-0.1750U 手续费基数=0.0238U 阈值=0.1192U
[TRACKER] 18:44:28 持仓=1 盈利=0.0000U 亏损=-0.2450U 净浮盈=-0.2450U 手续费基数=0.0238U 阈值=0.1192U
[TRACKER] 18:44:35 持仓=1 盈利=0.0000U 亏损=-0.2450U 净浮盈=-0.2450U 手续费基数=0.0238U 阈值=0.1192U
[TRACKER] 18:44:41 持仓=1 盈利=0.0000U 亏损=-0.2660U 净浮盈=-0.2660U 手续费基数=0.0238U 阈值=0.1192U
[TRACKER] 18:44:48 持仓=1 盈利=0.0000U 亏损=-0.2870U 净浮盈=-0.2870U 手续费基数=0.0238U 阈值=0.1192U
[TRACKER] 18:44:54 持仓=1 盈利=0.0000U 亏损=-0.3850U 净浮盈=-0.3850U 手续费基数=0.0238U 阈值=0.1192U
[TRACKER] 本轮结束（将由 crontab 重新拉起）
[TRACKER] 启动，每 5 秒检查一次…
[TRACKER] 18:45:03 持仓=1 盈利=0.0000U 亏损=-0.3150U 净浮盈=-0.3150U 手续费基数=0.0238U 阈值=0.1192U
[TRACKER] 18:45:10 持仓=1 盈利=0.0000U 亏损=-0.3290U 净浮盈=-0.3290U 手续费基数=0.0238U 阈值=0.1192U
[TRACKER] 18:45:17 持仓=1 盈利=0.0000U 亏损=-0.3920U 净浮盈=-0.3920U 手续费基数=0.0238U 阈值=0.1192U
[TRACKER] 18:45:23 持仓=1 盈利=0.0000U 亏损=-0.4270U 净浮盈=-0.4270U 手续费基数=0.0238U 阈值=0.1192U
[TRACKER] 18:45:29 持仓=1 盈利=0.0000U 亏损=-0.4270U 净浮盈=-0.4270U 手续费基数=0.0238U 阈值=0.1192U
[TRACKER] 18:45:36 持仓=1 盈利=0.0000U 亏损=-0.3500U 净浮盈=-0.3500U 手续费基数=0.0238U 阈值=0.1192U
[TRACKER] 18:45:42 持仓=1 盈利=0.0000U 亏损=-0.3500U 净浮盈=-0.3500U 手续费基数=0.0238U 阈值=0.1192U
[TRACKER] 18:45:48 持仓=1 盈利=0.0000U 亏损=-0.3080U 净浮盈=-0.3080U 手续费基数=0.0238U 阈值=0.1192U
[TRACKER] 18:45:55 持仓=1 盈利=0.0000U 亏损=-0.2730U 净浮盈=-0.2730U 手续费基数=0.0238U 阈值=0.1192U
[TRACKER] 本轮结束（将由 crontab 重新拉起）
[TRACKER] 启动，每 5 秒检查一次…
[TRACKER] 18:46:02 持仓=1 盈利=0.0000U 亏损=-0.2660U 净浮盈=-0.2660U 手续费基数=0.0238U 阈值=0.1192U
[TRACKER] 18:46:08 持仓=1 盈利=0.0000U 亏损=-0.2660U 净浮盈=-0.2660U 手续费基数=0.0238U 阈值=0.1192U
[TRACKER] 18:46:15 持仓=1 盈利=0.0000U 亏损=-0.3080U 净浮盈=-0.3080U 手续费基数=0.0238U 阈值=0.1192U
[TRACKER] 18:46:21 持仓=1 盈利=0.0000U 亏损=-0.2310U 净浮盈=-0.2310U 手续费基数=0.0238U 阈值=0.1192U
[TRACKER] 18:46:27 持仓=1 盈利=0.0000U 亏损=-0.3220U 净浮盈=-0.3220U 手续费基数=0.0238U 阈值=0.1192U
[TRACKER] 18:46:34 持仓=1 盈利=0.0000U 亏损=-0.3080U 净浮盈=-0.3080U 手续费基数=0.0238U 阈值=0.1192U
[TRACKER] 18:46:40 持仓=1 盈利=0.0000U 亏损=-0.3360U 净浮盈=-0.3360U 手续费基数=0.0238U 阈值=0.1192U
[TRACKER] 18:46:46 持仓=1 盈利=0.0000U 亏损=-0.3080U 净浮盈=-0.3080U 手续费基数=0.0238U 阈值=0.1192U
[TRACKER] 18:46:52 持仓=1 盈利=0.0000U 亏损=-0.3010U 净浮盈=-0.3010U 手续费基数=0.0238U 阈值=0.1192U
[TRACKER] 本轮结束（将由 crontab 重新拉起）
[TRACKER] 启动，每 5 秒检查一次…
[TRACKER] 18:47:02 持仓=1 盈利=0.0000U 亏损=-0.2800U 净浮盈=-0.2800U 手续费基数=0.0238U 阈值=0.1192U
[TRACKER] 18:47:09 持仓=1 盈利=0.0000U 亏损=-0.2940U 净浮盈=-0.2940U 手续费基数=0.0238U 阈值=0.1192U
[TRACKER] 18:47:16 持仓=1 盈利=0.0000U 亏损=-0.3220U 净浮盈=-0.3220U 手续费基数=0.0238U 阈值=0.1192U
[TRACKER] 18:47:22 持仓=1 盈利=0.0000U 亏损=-0.2730U 净浮盈=-0.2730U 手续费基数=0.0238U 阈值=0.1192U
[TRACKER] 18:47:29 持仓=1 盈利=0.0000U 亏损=-0.2100U 净浮盈=-0.2100U 手续费基数=0.0238U 阈值=0.1192U
[TRACKER] 18:47:35 持仓=1 盈利=0.0000U 亏损=-0.0700U 净浮盈=-0.0700U 手续费基数=0.0238U 阈值=0.1192U
[TRACKER] 18:47:42 持仓=1 盈利=0.0000U 亏损=-0.0350U 净浮盈=-0.0350U 手续费基数=0.0238U 阈值=0.1192U
[TRACKER] 18:47:48 持仓=1 盈利=0.0000U 亏损=-0.0560U 净浮盈=-0.0560U 手续费基数=0.0238U 阈值=0.1192U
[TRACKER] 18:47:54 持仓=1 盈利=0.0000U 亏损=-0.0280U 净浮盈=-0.0280U 手续费基数=0.0238U 阈值=0.1192U
[TRACKER] 本轮结束（将由 crontab 重新拉起）
[TRACKER] 启动，每 5 秒检查一次…
[TRACKER] 18:48:03 持仓=1 盈利=0.0000U 亏损=-0.1750U 净浮盈=-0.1750U 手续费基数=0.0238U 阈值=0.1192U
[TRACKER] 18:48:10 持仓=1 盈利=0.0000U 亏损=-0.2590U 净浮盈=-0.2590U 手续费基数=0.0238U 阈值=0.1192U
[TRACKER] 18:48:16 持仓=1 盈利=0.0000U 亏损=-0.1960U 净浮盈=-0.1960U 手续费基数=0.0238U 阈值=0.1192U
[TRACKER] 18:48:22 持仓=1 盈利=0.0000U 亏损=-0.2310U 净浮盈=-0.2310U 手续费基数=0.0238U 阈值=0.1192U
[TRACKER] 18:48:29 持仓=1 盈利=0.0000U 亏损=-0.1680U 净浮盈=-0.1680U 手续费基数=0.0238U 阈值=0.1192U
[TRACKER] 18:48:36 持仓=1 盈利=0.0000U 亏损=-0.1960U 净浮盈=-0.1960U 手续费基数=0.0238U 阈值=0.1192U
[TRACKER] 18:48:42 持仓=1 盈利=0.0000U 亏损=-0.1960U 净浮盈=-0.1960U 手续费基数=0.0238U 阈值=0.1192U
[TRACKER] 18:48:49 持仓=1 盈利=0.0000U 亏损=-0.1610U 净浮盈=-0.1610U 手续费基数=0.0238U 阈值=0.1192U
[TRACKER] 18:48:55 持仓=1 盈利=0.0000U 亏损=-0.1470U 净浮盈=-0.1470U 手续费基数=0.0238U 阈值=0.1192U
[TRACKER] 本轮结束（将由 crontab 重新拉起）
[TRACKER] 启动，每 5 秒检查一次…
[TRACKER] 18:49:02 持仓=1 盈利=0.0000U 亏损=-0.1680U 净浮盈=-0.1680U 手续费基数=0.0238U 阈值=0.1192U
[TRACKER] 18:49:09 持仓=1 盈利=0.0000U 亏损=-0.0910U 净浮盈=-0.0910U 手续费基数=0.0238U 阈值=0.1192U
[TRACKER] 18:49:16 持仓=1 盈利=0.0000U 亏损=-0.0910U 净浮盈=-0.0910U 手续费基数=0.0238U 阈值=0.1192U
[TRACKER] 18:49:22 持仓=1 盈利=0.0000U 亏损=-0.1260U 净浮盈=-0.1260U 手续费基数=0.0238U 阈值=0.1192U
[TRACKER] 18:49:28 持仓=1 盈利=0.0000U 亏损=-0.1400U 净浮盈=-0.1400U 手续费基数=0.0238U 阈值=0.1192U
[TRACKER] 18:49:35 持仓=1 盈利=0.0000U 亏损=-0.1400U 净浮盈=-0.1400U 手续费基数=0.0238U 阈值=0.1192U
[TRACKER] 18:49:41 持仓=1 盈利=0.0000U 亏损=-0.1400U 净浮盈=-0.1400U 手续费基数=0.0238U 阈值=0.1192U
[TRACKER] 18:49:48 持仓=1 盈利=0.0000U 亏损=-0.1540U 净浮盈=-0.1540U 手续费基数=0.0238U 阈值=0.1192U
[TRACKER] 18:49:55 持仓=1 盈利=0.0000U 亏损=-0.1540U 净浮盈=-0.1540U 手续费基数=0.0238U 阈值=0.1192U
[TRACKER] 本轮结束（将由 crontab 重新拉起）
[TRACKER] 启动，每 5 秒检查一次…
[TRACKER] 18:50:02 持仓=1 盈利=0.0000U 亏损=-0.2030U 净浮盈=-0.2030U 手续费基数=0.0238U 阈值=0.1192U
[TRACKER] 18:50:08 持仓=1 盈利=0.0000U 亏损=-0.2310U 净浮盈=-0.2310U 手续费基数=0.0238U 阈值=0.1192U
[TRACKER] 18:50:14 持仓=1 盈利=0.0000U 亏损=-0.2310U 净浮盈=-0.2310U 手续费基数=0.0238U 阈值=0.1192U
[TRACKER] 18:50:21 持仓=1 盈利=0.0000U 亏损=-0.2800U 净浮盈=-0.2800U 手续费基数=0.0238U 阈值=0.1192U
[TRACKER] 18:50:27 持仓=1 盈利=0.0000U 亏损=-0.3080U 净浮盈=-0.3080U 手续费基数=0.0238U 阈值=0.1192U
[TRACKER] 18:50:33 持仓=1 盈利=0.0000U 亏损=-0.2940U 净浮盈=-0.2940U 手续费基数=0.0238U 阈值=0.1192U
[TRACKER] 18:50:40 持仓=1 盈利=0.0000U 亏损=-0.2940U 净浮盈=-0.2940U 手续费基数=0.0238U 阈值=0.1192U
[TRACKER] 18:50:46 持仓=1 盈利=0.0000U 亏损=-0.2520U 净浮盈=-0.2520U 手续费基数=0.0238U 阈值=0.1192U
[TRACKER] 18:50:53 持仓=1 盈利=0.0000U 亏损=-0.2730U 净浮盈=-0.2730U 手续费基数=0.0238U 阈值=0.1192U
[TRACKER] 本轮结束（将由 crontab 重新拉起）
[TRACKER] 启动，每 5 秒检查一次…
[TRACKER] 18:51:03 持仓=1 盈利=0.0000U 亏损=-0.2240U 净浮盈=-0.2240U 手续费基数=0.0238U 阈值=0.1192U
[TRACKER] 18:51:09 持仓=1 盈利=0.0000U 亏损=-0.2520U 净浮盈=-0.2520U 手续费基数=0.0238U 阈值=0.1192U
[TRACKER] 18:51:15 持仓=1 盈利=0.0000U 亏损=-0.2240U 净浮盈=-0.2240U 手续费基数=0.0238U 阈值=0.1192U
[TRACKER] 18:51:22 持仓=1 盈利=0.0000U 亏损=-0.2170U 净浮盈=-0.2170U 手续费基数=0.0238U 阈值=0.1192U
[TRACKER] 18:51:28 持仓=1 盈利=0.0000U 亏损=-0.2380U 净浮盈=-0.2380U 手续费基数=0.0238U 阈值=0.1192U
[TRACKER] 18:51:35 持仓=1 盈利=0.0000U 亏损=-0.2310U 净浮盈=-0.2310U 手续费基数=0.0238U 阈值=0.1192U
[TRACKER] 18:51:41 持仓=1 盈利=0.0000U 亏损=-0.2520U 净浮盈=-0.2520U 手续费基数=0.0238U 阈值=0.1192U
[TRACKER] 18:51:47 持仓=1 盈利=0.0000U 亏损=-0.3010U 净浮盈=-0.3010U 手续费基数=0.0238U 阈值=0.1192U
[TRACKER] 18:51:54 持仓=1 盈利=0.0000U 亏损=-0.3220U 净浮盈=-0.3220U 手续费基数=0.0238U 阈值=0.1192U
[TRACKER] 本轮结束（将由 crontab 重新拉起）
[TRACKER] 启动，每 5 秒检查一次…
[TRACKER] 18:52:03 持仓=1 盈利=0.0000U 亏损=-0.3430U 净浮盈=-0.3430U 手续费基数=0.0238U 阈值=0.1192U
[TRACKER] 18:52:10 持仓=1 盈利=0.0000U 亏损=-0.3710U 净浮盈=-0.3710U 手续费基数=0.0238U 阈值=0.1192U
[TRACKER] 18:52:17 持仓=1 盈利=0.0000U 亏损=-0.3080U 净浮盈=-0.3080U 手续费基数=0.0238U 阈值=0.1192U
[TRACKER] 18:52:23 持仓=1 盈利=0.0000U 亏损=-0.3080U 净浮盈=-0.3080U 手续费基数=0.0238U 阈值=0.1192U
[TRACKER] 18:52:29 持仓=1 盈利=0.0000U 亏损=-0.3360U 净浮盈=-0.3360U 手续费基数=0.0238U 阈值=0.1192U
[TRACKER] 18:52:36 持仓=1 盈利=0.0000U 亏损=-0.3430U 净浮盈=-0.3430U 手续费基数=0.0238U 阈值=0.1192U
[TRACKER] 18:52:43 持仓=1 盈利=0.0000U 亏损=-0.3080U 净浮盈=-0.3080U 手续费基数=0.0238U 阈值=0.1192U
[TRACKER] 18:52:49 持仓=1 盈利=0.0000U 亏损=-0.3640U 净浮盈=-0.3640U 手续费基数=0.0238U 阈值=0.1192U
[TRACKER] 18:52:55 持仓=1 盈利=0.0000U 亏损=-0.3850U 净浮盈=-0.3850U 手续费基数=0.0238U 阈值=0.1192U
[TRACKER] 本轮结束（将由 crontab 重新拉起）
[TRACKER] 启动，每 5 秒检查一次…
[TRACKER] 18:53:02 持仓=1 盈利=0.0000U 亏损=-0.3850U 净浮盈=-0.3850U 手续费基数=0.0238U 阈值=0.1192U
[TRACKER] 18:53:09 持仓=1 盈利=0.0000U 亏损=-0.4410U 净浮盈=-0.4410U 手续费基数=0.0238U 阈值=0.1192U
[TRACKER] 18:53:15 持仓=1 盈利=0.0000U 亏损=-0.5110U 净浮盈=-0.5110U 手续费基数=0.0238U 阈值=0.1192U
[TRACKER] 18:53:22 持仓=1 盈利=0.0000U 亏损=-0.5110U 净浮盈=-0.5110U 手续费基数=0.0238U 阈值=0.1192U
[TRACKER] 18:53:28 持仓=1 盈利=0.0000U 亏损=-0.4900U 净浮盈=-0.4900U 手续费基数=0.0238U 阈值=0.1192U
[TRACKER] 18:53:34 持仓=1 盈利=0.0000U 亏损=-0.4410U 净浮盈=-0.4410U 手续费基数=0.0238U 阈值=0.1192U
[TRACKER] 18:53:41 持仓=1 盈利=0.0000U 亏损=-0.4830U 净浮盈=-0.4830U 手续费基数=0.0238U 阈值=0.1192U
[TRACKER] 18:53:47 持仓=1 盈利=0.0000U 亏损=-0.4760U 净浮盈=-0.4760U 手续费基数=0.0238U 阈值=0.1192U
[TRACKER] 18:53:54 持仓=1 盈利=0.0000U 亏损=-0.4690U 净浮盈=-0.4690U 手续费基数=0.0238U 阈值=0.1192U
[TRACKER] 本轮结束（将由 crontab 重新拉起）
[TRACKER] 启动，每 5 秒检查一次…
[TRACKER] 18:54:03 持仓=1 盈利=0.0000U 亏损=-0.4410U 净浮盈=-0.4410U 手续费基数=0.0238U 阈值=0.1192U
[TRACKER] 18:54:09 持仓=1 盈利=0.0000U 亏损=-0.3990U 净浮盈=-0.3990U 手续费基数=0.0238U 阈值=0.1192U
[TRACKER] 18:54:16 持仓=1 盈利=0.0000U 亏损=-0.3990U 净浮盈=-0.3990U 手续费基数=0.0238U 阈值=0.1192U
[TRACKER] 18:54:22 持仓=1 盈利=0.0000U 亏损=-0.3780U 净浮盈=-0.3780U 手续费基数=0.0238U 阈值=0.1192U
[TRACKER] 18:54:29 持仓=1 盈利=0.0000U 亏损=-0.4130U 净浮盈=-0.4130U 手续费基数=0.0238U 阈值=0.1192U
[TRACKER] 18:54:36 持仓=1 盈利=0.0000U 亏损=-0.4130U 净浮盈=-0.4130U 手续费基数=0.0238U 阈值=0.1192U
[TRACKER] 18:54:42 持仓=1 盈利=0.0000U 亏损=-0.4060U 净浮盈=-0.4060U 手续费基数=0.0238U 阈值=0.1192U
[TRACKER] 18:54:48 持仓=1 盈利=0.0000U 亏损=-0.4130U 净浮盈=-0.4130U 手续费基数=0.0238U 阈值=0.1192U
[TRACKER] 18:54:55 持仓=1 盈利=0.0000U 亏损=-0.4550U 净浮盈=-0.4550U 手续费基数=0.0238U 阈值=0.1192U
[TRACKER] 本轮结束（将由 crontab 重新拉起）
[TRACKER] 启动，每 5 秒检查一次…
[TRACKER] 18:55:02 持仓=1 盈利=0.0000U 亏损=-0.4900U 净浮盈=-0.4900U 手续费基数=0.0238U 阈值=0.1192U
[TRACKER] 18:55:08 持仓=1 盈利=0.0000U 亏损=-0.4900U 净浮盈=-0.4900U 手续费基数=0.0238U 阈值=0.1192U
[TRACKER] 18:55:15 持仓=1 盈利=0.0000U 亏损=-0.5040U 净浮盈=-0.5040U 手续费基数=0.0238U 阈值=0.1192U
[TRACKER] 18:55:21 持仓=1 盈利=0.0000U 亏损=-0.4900U 净浮盈=-0.4900U 手续费基数=0.0238U 阈值=0.1192U
[TRACKER] 18:55:27 持仓=1 盈利=0.0000U 亏损=-0.5320U 净浮盈=-0.5320U 手续费基数=0.0238U 阈值=0.1192U
[TRACKER] 18:55:34 持仓=1 盈利=0.0000U 亏损=-0.5390U 净浮盈=-0.5390U 手续费基数=0.0238U 阈值=0.1192U
[TRACKER] 18:55:40 持仓=1 盈利=0.0000U 亏损=-0.5460U 净浮盈=-0.5460U 手续费基数=0.0238U 阈值=0.1192U
[TRACKER] 18:55:47 持仓=1 盈利=0.0000U 亏损=-0.4620U 净浮盈=-0.4620U 手续费基数=0.0238U 阈值=0.1192U
[TRACKER] 18:55:53 持仓=1 盈利=0.0000U 亏损=-0.4620U 净浮盈=-0.4620U 手续费基数=0.0238U 阈值=0.1192U
[TRACKER] 本轮结束（将由 crontab 重新拉起）
[TRACKER] 启动，每 5 秒检查一次…
[TRACKER] 18:56:03 持仓=1 盈利=0.0000U 亏损=-0.4690U 净浮盈=-0.4690U 手续费基数=0.0238U 阈值=0.1192U
[TRACKER] 18:56:10 持仓=1 盈利=0.0000U 亏损=-0.4620U 净浮盈=-0.4620U 手续费基数=0.0238U 阈值=0.1192U
[TRACKER] 18:56:16 持仓=1 盈利=0.0000U 亏损=-0.5810U 净浮盈=-0.5810U 手续费基数=0.0238U 阈值=0.1192U
[TRACKER] 18:56:22 持仓=1 盈利=0.0000U 亏损=-0.5950U 净浮盈=-0.5950U 手续费基数=0.0238U 阈值=0.1192U
[TRACKER] 18:56:29 持仓=1 盈利=0.0000U 亏损=-0.5740U 净浮盈=-0.5740U 手续费基数=0.0238U 阈值=0.1192U
[TRACKER] 18:56:35 持仓=1 盈利=0.0000U 亏损=-0.6160U 净浮盈=-0.6160U 手续费基数=0.0238U 阈值=0.1192U
[TRACKER] 18:56:42 持仓=1 盈利=0.0000U 亏损=-0.5670U 净浮盈=-0.5670U 手续费基数=0.0238U 阈值=0.1192U
[TRACKER] 18:56:48 持仓=1 盈利=0.0000U 亏损=-0.5600U 净浮盈=-0.5600U 手续费基数=0.0238U 阈值=0.1192U
[TRACKER] 18:56:54 持仓=1 盈利=0.0000U 亏损=-0.5530U 净浮盈=-0.5530U 手续费基数=0.0238U 阈值=0.1192U
[TRACKER] 本轮结束（将由 crontab 重新拉起）
[TRACKER] 启动，每 5 秒检查一次…
[TRACKER] 18:57:01 持仓=1 盈利=0.0000U 亏损=-0.5460U 净浮盈=-0.5460U 手续费基数=0.0238U 阈值=0.1192U
[TRACKER] 18:57:08 持仓=1 盈利=0.0000U 亏损=-0.5670U 净浮盈=-0.5670U 手续费基数=0.0238U 阈值=0.1192U
[TRACKER] 18:57:14 持仓=1 盈利=0.0000U 亏损=-0.4830U 净浮盈=-0.4830U 手续费基数=0.0238U 阈值=0.1192U
[TRACKER] 18:57:21 持仓=1 盈利=0.0000U 亏损=-0.4690U 净浮盈=-0.4690U 手续费基数=0.0238U 阈值=0.1192U
[TRACKER] 18:57:27 持仓=1 盈利=0.0000U 亏损=-0.4900U 净浮盈=-0.4900U 手续费基数=0.0238U 阈值=0.1192U
[TRACKER] 18:57:34 持仓=1 盈利=0.0000U 亏损=-0.4900U 净浮盈=-0.4900U 手续费基数=0.0238U 阈值=0.1192U
[TRACKER] 18:57:40 持仓=1 盈利=0.0000U 亏损=-0.4760U 净浮盈=-0.4760U 手续费基数=0.0238U 阈值=0.1192U
[TRACKER] 18:57:46 持仓=1 盈利=0.0000U 亏损=-0.4830U 净浮盈=-0.4830U 手续费基数=0.0238U 阈值=0.1192U
[TRACKER] 18:57:53 持仓=1 盈利=0.0000U 亏损=-0.4830U 净浮盈=-0.4830U 手续费基数=0.0238U 阈值=0.1192U
[TRACKER] 本轮结束（将由 crontab 重新拉起）
[TRACKER] 启动，每 5 秒检查一次…
[TRACKER] 18:58:02 持仓=1 盈利=0.0000U 亏损=-0.4830U 净浮盈=-0.4830U 手续费基数=0.0238U 阈值=0.1192U
[TRACKER] 18:58:09 持仓=1 盈利=0.0000U 亏损=-0.3990U 净浮盈=-0.3990U 手续费基数=0.0238U 阈值=0.1192U
[TRACKER] 18:58:16 持仓=1 盈利=0.0000U 亏损=-0.3990U 净浮盈=-0.3990U 手续费基数=0.0238U 阈值=0.1192U
[TRACKER] 18:58:23 持仓=1 盈利=0.0000U 亏损=-0.4130U 净浮盈=-0.4130U 手续费基数=0.0238U 阈值=0.1192U
[TRACKER] 18:58:29 持仓=1 盈利=0.0000U 亏损=-0.3920U 净浮盈=-0.3920U 手续费基数=0.0238U 阈值=0.1192U
[TRACKER] 18:58:35 持仓=1 盈利=0.0000U 亏损=-0.4340U 净浮盈=-0.4340U 手续费基数=0.0238U 阈值=0.1192U
[TRACKER] 18:58:41 持仓=1 盈利=0.0000U 亏损=-0.4340U 净浮盈=-0.4340U 手续费基数=0.0238U 阈值=0.1192U
[TRACKER] 18:58:48 持仓=1 盈利=0.0000U 亏损=-0.4340U 净浮盈=-0.4340U 手续费基数=0.0238U 阈值=0.1192U
[TRACKER] 18:58:54 持仓=1 盈利=0.0000U 亏损=-0.4690U 净浮盈=-0.4690U 手续费基数=0.0238U 阈值=0.1192U
[TRACKER] 本轮结束（将由 crontab 重新拉起）
[TRACKER] 启动，每 5 秒检查一次…
[TRACKER] 18:59:03 持仓=1 盈利=0.0000U 亏损=-0.4830U 净浮盈=-0.4830U 手续费基数=0.0238U 阈值=0.1192U
[TRACKER] 18:59:10 持仓=1 盈利=0.0000U 亏损=-0.5320U 净浮盈=-0.5320U 手续费基数=0.0238U 阈值=0.1192U
[TRACKER] 18:59:16 持仓=1 盈利=0.0000U 亏损=-0.5530U 净浮盈=-0.5530U 手续费基数=0.0238U 阈值=0.1192U
[TRACKER] 18:59:23 持仓=1 盈利=0.0000U 亏损=-0.5250U 净浮盈=-0.5250U 手续费基数=0.0238U 阈值=0.1192U
[TRACKER] 18:59:29 持仓=1 盈利=0.0000U 亏损=-0.5740U 净浮盈=-0.5740U 手续费基数=0.0238U 阈值=0.1192U
[TRACKER] 18:59:35 持仓=1 盈利=0.0000U 亏损=-0.5950U 净浮盈=-0.5950U 手续费基数=0.0238U 阈值=0.1192U
[TRACKER] 18:59:41 持仓=1 盈利=0.0000U 亏损=-0.6300U 净浮盈=-0.6300U 手续费基数=0.0238U 阈值=0.1192U
[TRACKER] 18:59:48 持仓=1 盈利=0.0000U 亏损=-0.7490U 净浮盈=-0.7490U 手续费基数=0.0238U 阈值=0.1192U
[TRACKER] 18:59:54 持仓=1 盈利=0.0000U 亏损=-0.7210U 净浮盈=-0.7210U 手续费基数=0.0238U 阈值=0.1192U
[TRACKER] 本轮结束（将由 crontab 重新拉起）
[TRACKER] 启动，每 5 秒检查一次…
[TRACKER] 19:00:04 持仓=1 盈利=0.0000U 亏损=-0.6300U 净浮盈=-0.6300U 手续费基数=0.0229U 阈值=0.1145U
[TRACKER] 19:00:10 持仓=1 盈利=0.0000U 亏损=-0.5670U 净浮盈=-0.5670U 手续费基数=0.0229U 阈值=0.1145U
[TRACKER] 19:00:17 持仓=1 盈利=0.0000U 亏损=-0.5390U 净浮盈=-0.5390U 手续费基数=0.0229U 阈值=0.1145U
[TRACKER] 19:00:23 持仓=1 盈利=0.0000U 亏损=-0.4690U 净浮盈=-0.4690U 手续费基数=0.0229U 阈值=0.1145U
[TRACKER] 19:00:29 持仓=1 盈利=0.0000U 亏损=-0.4060U 净浮盈=-0.4060U 手续费基数=0.0229U 阈值=0.1145U
[TRACKER] 19:00:36 持仓=1 盈利=0.0000U 亏损=-0.3640U 净浮盈=-0.3640U 手续费基数=0.0229U 阈值=0.1145U
[TRACKER] 19:00:43 持仓=1 盈利=0.0000U 亏损=-0.3220U 净浮盈=-0.3220U 手续费基数=0.0229U 阈值=0.1145U
[TRACKER] 19:00:50 持仓=1 盈利=0.0000U 亏损=-0.3500U 净浮盈=-0.3500U 手续费基数=0.0229U 阈值=0.1145U
[TRACKER] 19:00:56 持仓=1 盈利=0.0000U 亏损=-0.3500U 净浮盈=-0.3500U 手续费基数=0.0229U 阈值=0.1145U
[TRACKER] 本轮结束（将由 crontab 重新拉起）
[TRACKER] 启动，每 5 秒检查一次…
[TRACKER] 19:01:03 持仓=1 盈利=0.0000U 亏损=-0.3080U 净浮盈=-0.3080U 手续费基数=0.0229U 阈值=0.1145U
[TRACKER] 19:01:10 持仓=1 盈利=0.0000U 亏损=-0.2590U 净浮盈=-0.2590U 手续费基数=0.0229U 阈值=0.1145U
[TRACKER] 19:01:16 持仓=1 盈利=0.0000U 亏损=-0.2450U 净浮盈=-0.2450U 手续费基数=0.0229U 阈值=0.1145U
[TRACKER] 19:01:23 持仓=1 盈利=0.0000U 亏损=-0.1960U 净浮盈=-0.1960U 手续费基数=0.0229U 阈值=0.1145U
[TRACKER] 19:01:29 持仓=1 盈利=0.0000U 亏损=-0.2030U 净浮盈=-0.2030U 手续费基数=0.0229U 阈值=0.1145U
[TRACKER] 19:01:36 持仓=1 盈利=0.0000U 亏损=-0.4130U 净浮盈=-0.4130U 手续费基数=0.0229U 阈值=0.1145U
[TRACKER] 19:01:42 持仓=1 盈利=0.0000U 亏损=-0.3920U 净浮盈=-0.3920U 手续费基数=0.0229U 阈值=0.1145U
[TRACKER] 19:01:49 持仓=1 盈利=0.0000U 亏损=-0.3010U 净浮盈=-0.3010U 手续费基数=0.0229U 阈值=0.1145U
[TRACKER] 19:01:55 持仓=1 盈利=0.0000U 亏损=-0.3290U 净浮盈=-0.3290U 手续费基数=0.0229U 阈值=0.1145U
[TRACKER] 本轮结束（将由 crontab 重新拉起）
[TRACKER] 启动，每 5 秒检查一次…
[TRACKER] 19:02:02 持仓=1 盈利=0.0000U 亏损=-0.4200U 净浮盈=-0.4200U 手续费基数=0.0229U 阈值=0.1145U
[TRACKER] 19:02:09 持仓=1 盈利=0.0000U 亏损=-0.3990U 净浮盈=-0.3990U 手续费基数=0.0229U 阈值=0.1145U
[TRACKER] 19:02:15 持仓=1 盈利=0.0000U 亏损=-0.4060U 净浮盈=-0.4060U 手续费基数=0.0229U 阈值=0.1145U
[TRACKER] 19:02:22 持仓=1 盈利=0.0000U 亏损=-0.3920U 净浮盈=-0.3920U 手续费基数=0.0229U 阈值=0.1145U
[TRACKER] 19:02:28 持仓=1 盈利=0.0000U 亏损=-0.3780U 净浮盈=-0.3780U 手续费基数=0.0229U 阈值=0.1145U
[TRACKER] 19:02:34 持仓=1 盈利=0.0000U 亏损=-0.3570U 净浮盈=-0.3570U 手续费基数=0.0229U 阈值=0.1145U
[TRACKER] 19:02:41 持仓=1 盈利=0.0000U 亏损=-0.3640U 净浮盈=-0.3640U 手续费基数=0.0229U 阈值=0.1145U
[TRACKER] 19:02:47 持仓=1 盈利=0.0000U 亏损=-0.3150U 净浮盈=-0.3150U 手续费基数=0.0229U 阈值=0.1145U
[TRACKER] 19:02:54 持仓=1 盈利=0.0000U 亏损=-0.3220U 净浮盈=-0.3220U 手续费基数=0.0229U 阈值=0.1145U
[TRACKER] 本轮结束（将由 crontab 重新拉起）
[TRACKER] 启动，每 5 秒检查一次…
[TRACKER] 19:03:02 持仓=1 盈利=0.0000U 亏损=-0.4410U 净浮盈=-0.4410U 手续费基数=0.0229U 阈值=0.1145U
[TRACKER] 19:03:09 持仓=1 盈利=0.0000U 亏损=-0.4970U 净浮盈=-0.4970U 手续费基数=0.0229U 阈值=0.1145U
[TRACKER] 19:03:15 持仓=1 盈利=0.0000U 亏损=-0.4620U 净浮盈=-0.4620U 手续费基数=0.0229U 阈值=0.1145U
[TRACKER] 19:03:21 持仓=1 盈利=0.0000U 亏损=-0.3920U 净浮盈=-0.3920U 手续费基数=0.0229U 阈值=0.1145U
[TRACKER] 19:03:28 持仓=1 盈利=0.0000U 亏损=-0.3920U 净浮盈=-0.3920U 手续费基数=0.0229U 阈值=0.1145U
[TRACKER] 19:03:34 持仓=1 盈利=0.0000U 亏损=-0.4550U 净浮盈=-0.4550U 手续费基数=0.0229U 阈值=0.1145U
[TRACKER] 19:03:40 持仓=1 盈利=0.0000U 亏损=-0.3920U 净浮盈=-0.3920U 手续费基数=0.0229U 阈值=0.1145U
[TRACKER] 19:03:47 持仓=1 盈利=0.0000U 亏损=-0.3500U 净浮盈=-0.3500U 手续费基数=0.0229U 阈值=0.1145U
[TRACKER] 19:03:54 持仓=1 盈利=0.0000U 亏损=-0.3500U 净浮盈=-0.3500U 手续费基数=0.0229U 阈值=0.1145U
[TRACKER] 本轮结束（将由 crontab 重新拉起）
[TRACKER] 启动，每 5 秒检查一次…
[TRACKER] 19:04:03 持仓=1 盈利=0.0000U 亏损=-0.3430U 净浮盈=-0.3430U 手续费基数=0.0229U 阈值=0.1145U
[TRACKER] 19:04:09 持仓=1 盈利=0.0000U 亏损=-0.3080U 净浮盈=-0.3080U 手续费基数=0.0229U 阈值=0.1145U
[TRACKER] 19:04:16 持仓=1 盈利=0.0000U 亏损=-0.3360U 净浮盈=-0.3360U 手续费基数=0.0229U 阈值=0.1145U
[TRACKER] 19:04:22 持仓=1 盈利=0.0000U 亏损=-0.3010U 净浮盈=-0.3010U 手续费基数=0.0229U 阈值=0.1145U
[TRACKER] 19:04:28 持仓=1 盈利=0.0000U 亏损=-0.2800U 净浮盈=-0.2800U 手续费基数=0.0229U 阈值=0.1145U
[TRACKER] 19:04:35 持仓=1 盈利=0.0000U 亏损=-0.2520U 净浮盈=-0.2520U 手续费基数=0.0229U 阈值=0.1145U
[TRACKER] 19:04:41 持仓=1 盈利=0.0000U 亏损=-0.2310U 净浮盈=-0.2310U 手续费基数=0.0229U 阈值=0.1145U
[TRACKER] 19:04:47 持仓=1 盈利=0.0000U 亏损=-0.2590U 净浮盈=-0.2590U 手续费基数=0.0229U 阈值=0.1145U
[TRACKER] 19:04:53 持仓=1 盈利=0.0000U 亏损=-0.2310U 净浮盈=-0.2310U 手续费基数=0.0229U 阈值=0.1145U
[TRACKER] 本轮结束（将由 crontab 重新拉起）
[TRACKER] 启动，每 5 秒检查一次…
[TRACKER] 19:05:02 持仓=1 盈利=0.0000U 亏损=-0.1540U 净浮盈=-0.1540U 手续费基数=0.0229U 阈值=0.1145U
[TRACKER] 19:05:09 持仓=1 盈利=0.0000U 亏损=-0.1610U 净浮盈=-0.1610U 手续费基数=0.0229U 阈值=0.1145U
[TRACKER] 19:05:15 持仓=1 盈利=0.0000U 亏损=-0.1750U 净浮盈=-0.1750U 手续费基数=0.0229U 阈值=0.1145U
[TRACKER] 19:05:22 持仓=1 盈利=0.0000U 亏损=-0.1610U 净浮盈=-0.1610U 手续费基数=0.0229U 阈值=0.1145U
[TRACKER] 19:05:28 持仓=1 盈利=0.0000U 亏损=-0.0980U 净浮盈=-0.0980U 手续费基数=0.0229U 阈值=0.1145U
[TRACKER] 19:05:34 持仓=1 盈利=0.0000U 亏损=-0.1120U 净浮盈=-0.1120U 手续费基数=0.0229U 阈值=0.1145U
[TRACKER] 19:05:40 持仓=1 盈利=0.0000U 亏损=-0.0840U 净浮盈=-0.0840U 手续费基数=0.0229U 阈值=0.1145U
[TRACKER] 19:05:47 持仓=1 盈利=0.0000U 亏损=-0.0700U 净浮盈=-0.0700U 手续费基数=0.0229U 阈值=0.1145U
[TRACKER] 19:05:53 持仓=1 盈利=0.0000U 亏损=-0.0910U 净浮盈=-0.0910U 手续费基数=0.0229U 阈值=0.1145U
[TRACKER] 本轮结束（将由 crontab 重新拉起）
[TRACKER] 启动，每 5 秒检查一次…
[TRACKER] 19:06:04 持仓=1 盈利=0.0000U 亏损=-0.3150U 净浮盈=-0.3150U 手续费基数=0.0229U 阈值=0.1145U
[TRACKER] 19:06:10 持仓=1 盈利=0.0000U 亏损=-0.4060U 净浮盈=-0.4060U 手续费基数=0.0229U 阈值=0.1145U
[TRACKER] 19:06:16 持仓=1 盈利=0.0000U 亏损=-0.3850U 净浮盈=-0.3850U 手续费基数=0.0229U 阈值=0.1145U
[TRACKER] 19:06:23 持仓=1 盈利=0.0000U 亏损=-0.4550U 净浮盈=-0.4550U 手续费基数=0.0229U 阈值=0.1145U
[TRACKER] 19:06:29 持仓=1 盈利=0.0000U 亏损=-0.4410U 净浮盈=-0.4410U 手续费基数=0.0229U 阈值=0.1145U
[TRACKER] 19:06:35 持仓=1 盈利=0.0000U 亏损=-0.4410U 净浮盈=-0.4410U 手续费基数=0.0229U 阈值=0.1145U
[TRACKER] 19:06:42 持仓=1 盈利=0.0000U 亏损=-0.4340U 净浮盈=-0.4340U 手续费基数=0.0229U 阈值=0.1145U
[TRACKER] 19:06:48 持仓=1 盈利=0.0000U 亏损=-0.3430U 净浮盈=-0.3430U 手续费基数=0.0229U 阈值=0.1145U
[TRACKER] 19:06:55 持仓=1 盈利=0.0000U 亏损=-0.4130U 净浮盈=-0.4130U 手续费基数=0.0229U 阈值=0.1145U
[TRACKER] 本轮结束（将由 crontab 重新拉起）
[TRACKER] 启动，每 5 秒检查一次…
[TRACKER] 19:07:02 持仓=1 盈利=0.0000U 亏损=-0.4270U 净浮盈=-0.4270U 手续费基数=0.0229U 阈值=0.1145U
[TRACKER] 19:07:09 持仓=1 盈利=0.0000U 亏损=-0.4130U 净浮盈=-0.4130U 手续费基数=0.0229U 阈值=0.1145U
[TRACKER] 19:07:15 持仓=1 盈利=0.0000U 亏损=-0.4130U 净浮盈=-0.4130U 手续费基数=0.0229U 阈值=0.1145U
[TRACKER] 19:07:21 持仓=1 盈利=0.0000U 亏损=-0.4340U 净浮盈=-0.4340U 手续费基数=0.0229U 阈值=0.1145U
[TRACKER] 19:07:28 持仓=1 盈利=0.0000U 亏损=-0.4480U 净浮盈=-0.4480U 手续费基数=0.0229U 阈值=0.1145U
[TRACKER] 19:07:35 持仓=1 盈利=0.0000U 亏损=-0.4270U 净浮盈=-0.4270U 手续费基数=0.0229U 阈值=0.1145U
[TRACKER] 19:07:41 持仓=1 盈利=0.0000U 亏损=-0.4830U 净浮盈=-0.4830U 手续费基数=0.0229U 阈值=0.1145U
[TRACKER] 19:07:47 持仓=1 盈利=0.0000U 亏损=-0.4830U 净浮盈=-0.4830U 手续费基数=0.0229U 阈值=0.1145U
[TRACKER] 19:07:53 持仓=1 盈利=0.0000U 亏损=-0.4760U 净浮盈=-0.4760U 手续费基数=0.0229U 阈值=0.1145U
[TRACKER] 本轮结束（将由 crontab 重新拉起）
[TRACKER] 启动，每 5 秒检查一次…
[TRACKER] 19:08:03 持仓=1 盈利=0.0000U 亏损=-0.4760U 净浮盈=-0.4760U 手续费基数=0.0229U 阈值=0.1145U
[TRACKER] 19:08:09 持仓=1 盈利=0.0000U 亏损=-0.4550U 净浮盈=-0.4550U 手续费基数=0.0229U 阈值=0.1145U
[TRACKER] 19:08:16 持仓=1 盈利=0.0000U 亏损=-0.4690U 净浮盈=-0.4690U 手续费基数=0.0229U 阈值=0.1145U
[TRACKER] 19:08:22 持仓=1 盈利=0.0000U 亏损=-0.5810U 净浮盈=-0.5810U 手续费基数=0.0229U 阈值=0.1145U
[TRACKER] 19:08:28 持仓=1 盈利=0.0000U 亏损=-0.5810U 净浮盈=-0.5810U 手续费基数=0.0229U 阈值=0.1145U
[TRACKER] 19:08:35 持仓=1 盈利=0.0000U 亏损=-0.5600U 净浮盈=-0.5600U 手续费基数=0.0229U 阈值=0.1145U
[TRACKER] 19:08:41 持仓=1 盈利=0.0000U 亏损=-0.5460U 净浮盈=-0.5460U 手续费基数=0.0229U 阈值=0.1145U
[TRACKER] 19:08:47 持仓=1 盈利=0.0000U 亏损=-0.5810U 净浮盈=-0.5810U 手续费基数=0.0229U 阈值=0.1145U
[TRACKER] 19:08:54 持仓=1 盈利=0.0000U 亏损=-0.5040U 净浮盈=-0.5040U 手续费基数=0.0229U 阈值=0.1145U
[TRACKER] 本轮结束（将由 crontab 重新拉起）
[TRACKER] 启动，每 5 秒检查一次…
[TRACKER] 19:09:03 持仓=1 盈利=0.0000U 亏损=-0.4830U 净浮盈=-0.4830U 手续费基数=0.0229U 阈值=0.1145U
[TRACKER] 19:09:09 持仓=1 盈利=0.0000U 亏损=-0.4550U 净浮盈=-0.4550U 手续费基数=0.0229U 阈值=0.1145U
[TRACKER] 19:09:16 持仓=1 盈利=0.0000U 亏损=-0.5040U 净浮盈=-0.5040U 手续费基数=0.0229U 阈值=0.1145U
[TRACKER] 19:09:22 持仓=1 盈利=0.0000U 亏损=-0.5810U 净浮盈=-0.5810U 手续费基数=0.0229U 阈值=0.1145U
[TRACKER] 19:09:28 持仓=1 盈利=0.0000U 亏损=-0.6440U 净浮盈=-0.6440U 手续费基数=0.0229U 阈值=0.1145U
[TRACKER] 19:09:35 持仓=1 盈利=0.0000U 亏损=-0.7140U 净浮盈=-0.7140U 手续费基数=0.0229U 阈值=0.1145U
[TRACKER] 19:09:41 持仓=1 盈利=0.0000U 亏损=-0.7420U 净浮盈=-0.7420U 手续费基数=0.0229U 阈值=0.1145U
[TRACKER] 19:09:48 持仓=1 盈利=0.0000U 亏损=-0.7700U 净浮盈=-0.7700U 手续费基数=0.0229U 阈值=0.1145U
[TRACKER] 19:09:54 持仓=1 盈利=0.0000U 亏损=-0.7770U 净浮盈=-0.7770U 手续费基数=0.0229U 阈值=0.1145U
[TRACKER] 本轮结束（将由 crontab 重新拉起）
[TRACKER] 启动，每 5 秒检查一次…
[TRACKER] 19:10:03 持仓=1 盈利=0.0000U 亏损=-0.8190U 净浮盈=-0.8190U 手续费基数=0.0229U 阈值=0.1145U
[TRACKER] 19:10:10 持仓=1 盈利=0.0000U 亏损=-0.9170U 净浮盈=-0.9170U 手续费基数=0.0229U 阈值=0.1145U
[TRACKER] 19:10:16 持仓=1 盈利=0.0000U 亏损=-0.8470U 净浮盈=-0.8470U 手续费基数=0.0229U 阈值=0.1145U
[TRACKER] 19:10:23 持仓=1 盈利=0.0000U 亏损=-0.8680U 净浮盈=-0.8680U 手续费基数=0.0229U 阈值=0.1145U
[TRACKER] 19:10:29 持仓=1 盈利=0.0000U 亏损=-0.8750U 净浮盈=-0.8750U 手续费基数=0.0229U 阈值=0.1145U
[TRACKER] 19:10:36 持仓=1 盈利=0.0000U 亏损=-0.8680U 净浮盈=-0.8680U 手续费基数=0.0229U 阈值=0.1145U
[TRACKER] 19:10:42 持仓=1 盈利=0.0000U 亏损=-0.8260U 净浮盈=-0.8260U 手续费基数=0.0229U 阈值=0.1145U
[TRACKER] 19:10:49 持仓=1 盈利=0.0000U 亏损=-0.8540U 净浮盈=-0.8540U 手续费基数=0.0229U 阈值=0.1145U
[TRACKER] 19:10:55 持仓=1 盈利=0.0000U 亏损=-0.8470U 净浮盈=-0.8470U 手续费基数=0.0229U 阈值=0.1145U
[TRACKER] 本轮结束（将由 crontab 重新拉起）
[TRACKER] 启动，每 5 秒检查一次…
[TRACKER] 19:11:02 持仓=1 盈利=0.0000U 亏损=-0.8680U 净浮盈=-0.8680U 手续费基数=0.0229U 阈值=0.1145U
[TRACKER] 19:11:09 持仓=1 盈利=0.0000U 亏损=-0.8540U 净浮盈=-0.8540U 手续费基数=0.0229U 阈值=0.1145U
[TRACKER] 19:11:15 持仓=1 盈利=0.0000U 亏损=-0.8680U 净浮盈=-0.8680U 手续费基数=0.0229U 阈值=0.1145U
[TRACKER] 19:11:21 持仓=1 盈利=0.0000U 亏损=-0.8890U 净浮盈=-0.8890U 手续费基数=0.0229U 阈值=0.1145U
[TRACKER] 19:11:28 持仓=1 盈利=0.0000U 亏损=-0.7980U 净浮盈=-0.7980U 手续费基数=0.0229U 阈值=0.1145U
[TRACKER] 19:11:34 持仓=1 盈利=0.0000U 亏损=-0.8330U 净浮盈=-0.8330U 手续费基数=0.0229U 阈值=0.1145U
[TRACKER] 19:11:40 持仓=1 盈利=0.0000U 亏损=-0.8330U 净浮盈=-0.8330U 手续费基数=0.0229U 阈值=0.1145U
[TRACKER] 19:11:47 持仓=1 盈利=0.0000U 亏损=-0.7980U 净浮盈=-0.7980U 手续费基数=0.0229U 阈值=0.1145U
[TRACKER] 19:11:53 持仓=1 盈利=0.0000U 亏损=-0.8050U 净浮盈=-0.8050U 手续费基数=0.0229U 阈值=0.1145U
[TRACKER] 本轮结束（将由 crontab 重新拉起）
[TRACKER] 启动，每 5 秒检查一次…
[TRACKER] 19:12:03 持仓=1 盈利=0.0000U 亏损=-0.8470U 净浮盈=-0.8470U 手续费基数=0.0229U 阈值=0.1145U
[TRACKER] 19:12:10 持仓=1 盈利=0.0000U 亏损=-0.9870U 净浮盈=-0.9870U 手续费基数=0.0229U 阈值=0.1145U
[TRACKER] 19:12:16 持仓=1 盈利=0.0000U 亏损=-0.9870U 净浮盈=-0.9870U 手续费基数=0.0229U 阈值=0.1145U
[TRACKER] 19:12:23 持仓=1 盈利=0.0000U 亏损=-1.0570U 净浮盈=-1.0570U 手续费基数=0.0229U 阈值=0.1145U
[TRACKER] 19:12:29 持仓=1 盈利=0.0000U 亏损=-1.0430U 净浮盈=-1.0430U 手续费基数=0.0229U 阈值=0.1145U
[TRACKER] 19:12:36 持仓=1 盈利=0.0000U 亏损=-1.0220U 净浮盈=-1.0220U 手续费基数=0.0229U 阈值=0.1145U
[TRACKER] 19:12:42 持仓=1 盈利=0.0000U 亏损=-0.9940U 净浮盈=-0.9940U 手续费基数=0.0229U 阈值=0.1145U
[TRACKER] 19:12:49 持仓=1 盈利=0.0000U 亏损=-0.9590U 净浮盈=-0.9590U 手续费基数=0.0229U 阈值=0.1145U
[TRACKER] 19:12:55 持仓=1 盈利=0.0000U 亏损=-0.9800U 净浮盈=-0.9800U 手续费基数=0.0229U 阈值=0.1145U
[TRACKER] 本轮结束（将由 crontab 重新拉起）
[TRACKER] 启动，每 5 秒检查一次…
[TRACKER] 19:13:02 持仓=1 盈利=0.0000U 亏损=-1.0080U 净浮盈=-1.0080U 手续费基数=0.0229U 阈值=0.1145U
[TRACKER] 19:13:09 持仓=1 盈利=0.0000U 亏损=-1.0570U 净浮盈=-1.0570U 手续费基数=0.0229U 阈值=0.1145U
[TRACKER] 19:13:16 持仓=1 盈利=0.0000U 亏损=-0.9590U 净浮盈=-0.9590U 手续费基数=0.0229U 阈值=0.1145U
[TRACKER] 19:13:22 持仓=1 盈利=0.0000U 亏损=-0.9800U 净浮盈=-0.9800U 手续费基数=0.0229U 阈值=0.1145U
[TRACKER] 19:13:29 持仓=1 盈利=0.0000U 亏损=-1.0290U 净浮盈=-1.0290U 手续费基数=0.0229U 阈值=0.1145U
[TRACKER] 19:13:35 持仓=1 盈利=0.0000U 亏损=-1.0220U 净浮盈=-1.0220U 手续费基数=0.0229U 阈值=0.1145U
[TRACKER] 19:13:41 持仓=1 盈利=0.0000U 亏损=-1.0290U 净浮盈=-1.0290U 手续费基数=0.0229U 阈值=0.1145U
[TRACKER] 19:13:48 持仓=1 盈利=0.0000U 亏损=-1.0710U 净浮盈=-1.0710U 手续费基数=0.0229U 阈值=0.1145U
[TRACKER] 19:13:55 持仓=1 盈利=0.0000U 亏损=-1.0640U 净浮盈=-1.0640U 手续费基数=0.0229U 阈值=0.1145U
[TRACKER] 本轮结束（将由 crontab 重新拉起）
[TRACKER] 启动，每 5 秒检查一次…
[TRACKER] 19:14:02 持仓=1 盈利=0.0000U 亏损=-0.9520U 净浮盈=-0.9520U 手续费基数=0.0229U 阈值=0.1145U
[TRACKER] 19:14:08 持仓=1 盈利=0.0000U 亏损=-0.9590U 净浮盈=-0.9590U 手续费基数=0.0229U 阈值=0.1145U
[TRACKER] 19:14:15 持仓=1 盈利=0.0000U 亏损=-0.9030U 净浮盈=-0.9030U 手续费基数=0.0229U 阈值=0.1145U
[TRACKER] 19:14:21 持仓=1 盈利=0.0000U 亏损=-0.8540U 净浮盈=-0.8540U 手续费基数=0.0229U 阈值=0.1145U
[TRACKER] 19:14:28 持仓=1 盈利=0.0000U 亏损=-0.7770U 净浮盈=-0.7770U 手续费基数=0.0229U 阈值=0.1145U
[TRACKER] 19:14:34 持仓=1 盈利=0.0000U 亏损=-0.6930U 净浮盈=-0.6930U 手续费基数=0.0229U 阈值=0.1145U
[TRACKER] 19:14:41 持仓=1 盈利=0.0000U 亏损=-0.6650U 净浮盈=-0.6650U 手续费基数=0.0229U 阈值=0.1145U
[TRACKER] 19:14:47 持仓=1 盈利=0.0000U 亏损=-0.6370U 净浮盈=-0.6370U 手续费基数=0.0229U 阈值=0.1145U
[TRACKER] 19:14:54 持仓=1 盈利=0.0000U 亏损=-0.6720U 净浮盈=-0.6720U 手续费基数=0.0229U 阈值=0.1145U
[TRACKER] 本轮结束（将由 crontab 重新拉起）
[TRACKER] 启动，每 5 秒检查一次…
[TRACKER] 19:15:03 持仓=1 盈利=0.0000U 亏损=-0.6790U 净浮盈=-0.6790U 手续费基数=0.0229U 阈值=0.1145U
[TRACKER] 19:15:09 持仓=1 盈利=0.0000U 亏损=-0.6090U 净浮盈=-0.6090U 手续费基数=0.0229U 阈值=0.1145U
[TRACKER] 19:15:16 持仓=1 盈利=0.0000U 亏损=-0.5110U 净浮盈=-0.5110U 手续费基数=0.0229U 阈值=0.1145U
[TRACKER] 19:15:23 持仓=1 盈利=0.0000U 亏损=-0.5810U 净浮盈=-0.5810U 手续费基数=0.0229U 阈值=0.1145U
[TRACKER] 19:15:29 持仓=1 盈利=0.0000U 亏损=-0.6510U 净浮盈=-0.6510U 手续费基数=0.0229U 阈值=0.1145U
[TRACKER] 19:15:36 持仓=1 盈利=0.0000U 亏损=-0.6510U 净浮盈=-0.6510U 手续费基数=0.0229U 阈值=0.1145U
[TRACKER] 19:15:42 持仓=1 盈利=0.0000U 亏损=-0.6510U 净浮盈=-0.6510U 手续费基数=0.0229U 阈值=0.1145U
[TRACKER] 19:15:49 持仓=1 盈利=0.0000U 亏损=-0.6160U 净浮盈=-0.6160U 手续费基数=0.0229U 阈值=0.1145U
[TRACKER] 19:15:55 持仓=1 盈利=0.0000U 亏损=-0.6580U 净浮盈=-0.6580U 手续费基数=0.0229U 阈值=0.1145U
[TRACKER] 本轮结束（将由 crontab 重新拉起）
[TRACKER] 启动，每 5 秒检查一次…
[TRACKER] 19:16:02 持仓=1 盈利=0.0000U 亏损=-0.3710U 净浮盈=-0.3710U 手续费基数=0.0229U 阈值=0.1145U
[TRACKER] 19:16:09 持仓=1 盈利=0.0000U 亏损=-0.3360U 净浮盈=-0.3360U 手续费基数=0.0229U 阈值=0.1145U
[TRACKER] 19:16:15 持仓=1 盈利=0.0000U 亏损=-0.2870U 净浮盈=-0.2870U 手续费基数=0.0229U 阈值=0.1145U
[TRACKER] 19:16:21 持仓=1 盈利=0.0000U 亏损=-0.2590U 净浮盈=-0.2590U 手续费基数=0.0229U 阈值=0.1145U
[TRACKER] 19:16:28 持仓=1 盈利=0.0000U 亏损=-0.1960U 净浮盈=-0.1960U 手续费基数=0.0229U 阈值=0.1145U
[TRACKER] 19:16:34 持仓=1 盈利=0.0000U 亏损=-0.3290U 净浮盈=-0.3290U 手续费基数=0.0229U 阈值=0.1145U
[TRACKER] 19:16:40 持仓=1 盈利=0.0000U 亏损=-0.2730U 净浮盈=-0.2730U 手续费基数=0.0229U 阈值=0.1145U
[TRACKER] 19:16:47 持仓=1 盈利=0.0000U 亏损=-0.2940U 净浮盈=-0.2940U 手续费基数=0.0229U 阈值=0.1145U
[TRACKER] 19:16:53 持仓=1 盈利=0.0000U 亏损=-0.4480U 净浮盈=-0.4480U 手续费基数=0.0229U 阈值=0.1145U
[TRACKER] 本轮结束（将由 crontab 重新拉起）
[TRACKER] 启动，每 5 秒检查一次…
[TRACKER] 19:17:03 持仓=1 盈利=0.0000U 亏损=-0.5530U 净浮盈=-0.5530U 手续费基数=0.0229U 阈值=0.1145U
[TRACKER] 19:17:10 持仓=1 盈利=0.0000U 亏损=-0.5320U 净浮盈=-0.5320U 手续费基数=0.0229U 阈值=0.1145U
[TRACKER] 19:17:16 持仓=1 盈利=0.0000U 亏损=-0.5390U 净浮盈=-0.5390U 手续费基数=0.0229U 阈值=0.1145U
[TRACKER] 19:17:23 持仓=1 盈利=0.0000U 亏损=-0.4900U 净浮盈=-0.4900U 手续费基数=0.0229U 阈值=0.1145U
[TRACKER] 19:17:29 持仓=1 盈利=0.0000U 亏损=-0.4410U 净浮盈=-0.4410U 手续费基数=0.0229U 阈值=0.1145U
[TRACKER] 19:17:35 持仓=1 盈利=0.0000U 亏损=-0.4200U 净浮盈=-0.4200U 手续费基数=0.0229U 阈值=0.1145U
[TRACKER] 19:17:42 持仓=1 盈利=0.0000U 亏损=-0.4620U 净浮盈=-0.4620U 手续费基数=0.0229U 阈值=0.1145U
[TRACKER] 19:17:48 持仓=1 盈利=0.0000U 亏损=-0.4270U 净浮盈=-0.4270U 手续费基数=0.0229U 阈值=0.1145U
[TRACKER] 19:17:54 持仓=1 盈利=0.0000U 亏损=-0.4340U 净浮盈=-0.4340U 手续费基数=0.0229U 阈值=0.1145U
[TRACKER] 本轮结束（将由 crontab 重新拉起）
[TRACKER] 启动，每 5 秒检查一次…
[TRACKER] 19:18:03 持仓=1 盈利=0.0000U 亏损=-0.4690U 净浮盈=-0.4690U 手续费基数=0.0229U 阈值=0.1145U
[TRACKER] 19:18:10 持仓=1 盈利=0.0000U 亏损=-0.4690U 净浮盈=-0.4690U 手续费基数=0.0229U 阈值=0.1145U
[TRACKER] 19:18:16 持仓=1 盈利=0.0000U 亏损=-0.5390U 净浮盈=-0.5390U 手续费基数=0.0229U 阈值=0.1145U
[TRACKER] 19:18:22 持仓=1 盈利=0.0000U 亏损=-0.6930U 净浮盈=-0.6930U 手续费基数=0.0229U 阈值=0.1145U
[TRACKER] 19:18:29 持仓=1 盈利=0.0000U 亏损=-0.7910U 净浮盈=-0.7910U 手续费基数=0.0229U 阈值=0.1145U
[TRACKER] 19:18:35 持仓=1 盈利=0.0000U 亏损=-0.8190U 净浮盈=-0.8190U 手续费基数=0.0229U 阈值=0.1145U
[TRACKER] 19:18:42 持仓=1 盈利=0.0000U 亏损=-0.7280U 净浮盈=-0.7280U 手续费基数=0.0229U 阈值=0.1145U
[TRACKER] 19:18:48 持仓=1 盈利=0.0000U 亏损=-0.6580U 净浮盈=-0.6580U 手续费基数=0.0229U 阈值=0.1145U
[TRACKER] 19:18:54 持仓=1 盈利=0.0000U 亏损=-0.6790U 净浮盈=-0.6790U 手续费基数=0.0229U 阈值=0.1145U
[TRACKER] 本轮结束（将由 crontab 重新拉起）
[TRACKER] 启动，每 5 秒检查一次…
[TRACKER] 19:19:01 持仓=1 盈利=0.0000U 亏损=-0.6790U 净浮盈=-0.6790U 手续费基数=0.0229U 阈值=0.1145U
[TRACKER] 19:19:08 持仓=1 盈利=0.0000U 亏损=-0.6580U 净浮盈=-0.6580U 手续费基数=0.0229U 阈值=0.1145U
[TRACKER] 19:19:14 持仓=1 盈利=0.0000U 亏损=-0.6510U 净浮盈=-0.6510U 手续费基数=0.0229U 阈值=0.1145U
[TRACKER] 19:19:21 持仓=1 盈利=0.0000U 亏损=-0.6930U 净浮盈=-0.6930U 手续费基数=0.0229U 阈值=0.1145U
[TRACKER] 19:19:27 持仓=1 盈利=0.0000U 亏损=-0.6510U 净浮盈=-0.6510U 手续费基数=0.0229U 阈值=0.1145U
[TRACKER] 19:19:33 持仓=1 盈利=0.0000U 亏损=-0.6580U 净浮盈=-0.6580U 手续费基数=0.0229U 阈值=0.1145U
[TRACKER] 19:19:40 持仓=1 盈利=0.0000U 亏损=-0.6720U 净浮盈=-0.6720U 手续费基数=0.0229U 阈值=0.1145U
[TRACKER] 19:19:46 持仓=1 盈利=0.0000U 亏损=-0.6930U 净浮盈=-0.6930U 手续费基数=0.0229U 阈值=0.1145U
[TRACKER] 19:19:53 持仓=1 盈利=0.0000U 亏损=-0.7070U 净浮盈=-0.7070U 手续费基数=0.0229U 阈值=0.1145U
[TRACKER] 本轮结束（将由 crontab 重新拉起）
[TRACKER] 启动，每 5 秒检查一次…
[TRACKER] 19:20:03 持仓=1 盈利=0.0000U 亏损=-0.7210U 净浮盈=-0.7210U 手续费基数=0.0229U 阈值=0.1145U
[TRACKER] 19:20:09 持仓=1 盈利=0.0000U 亏损=-0.7000U 净浮盈=-0.7000U 手续费基数=0.0229U 阈值=0.1145U
[TRACKER] 19:20:15 持仓=1 盈利=0.0000U 亏损=-0.7140U 净浮盈=-0.7140U 手续费基数=0.0229U 阈值=0.1145U
[TRACKER] 19:20:22 持仓=1 盈利=0.0000U 亏损=-0.7070U 净浮盈=-0.7070U 手续费基数=0.0229U 阈值=0.1145U
[TRACKER] 19:20:28 持仓=1 盈利=0.0000U 亏损=-0.7140U 净浮盈=-0.7140U 手续费基数=0.0229U 阈值=0.1145U
[TRACKER] 19:20:35 持仓=1 盈利=0.0000U 亏损=-0.6650U 净浮盈=-0.6650U 手续费基数=0.0229U 阈值=0.1145U
[TRACKER] 19:20:41 持仓=1 盈利=0.0000U 亏损=-0.6790U 净浮盈=-0.6790U 手续费基数=0.0229U 阈值=0.1145U
[TRACKER] 19:20:48 持仓=1 盈利=0.0000U 亏损=-0.7000U 净浮盈=-0.7000U 手续费基数=0.0229U 阈值=0.1145U
[TRACKER] 19:20:54 持仓=1 盈利=0.0000U 亏损=-0.6860U 净浮盈=-0.6860U 手续费基数=0.0229U 阈值=0.1145U
[TRACKER] 本轮结束（将由 crontab 重新拉起）
[TRACKER] 启动，每 5 秒检查一次…
[TRACKER] 19:21:03 持仓=1 盈利=0.0000U 亏损=-0.6580U 净浮盈=-0.6580U 手续费基数=0.0229U 阈值=0.1145U
[TRACKER] 19:21:09 持仓=1 盈利=0.0000U 亏损=-0.6160U 净浮盈=-0.6160U 手续费基数=0.0229U 阈值=0.1145U
[TRACKER] 19:21:16 持仓=1 盈利=0.0000U 亏损=-0.5600U 净浮盈=-0.5600U 手续费基数=0.0229U 阈值=0.1145U
[TRACKER] 19:21:23 持仓=1 盈利=0.0000U 亏损=-0.5250U 净浮盈=-0.5250U 手续费基数=0.0229U 阈值=0.1145U
[TRACKER] 19:21:29 持仓=1 盈利=0.0000U 亏损=-0.5180U 净浮盈=-0.5180U 手续费基数=0.0229U 阈值=0.1145U
[TRACKER] 19:21:36 持仓=1 盈利=0.0000U 亏损=-0.4760U 净浮盈=-0.4760U 手续费基数=0.0229U 阈值=0.1145U
[TRACKER] 19:21:42 持仓=1 盈利=0.0000U 亏损=-0.7000U 净浮盈=-0.7000U 手续费基数=0.0229U 阈值=0.1145U
[TRACKER] 19:21:48 持仓=1 盈利=0.0000U 亏损=-0.6580U 净浮盈=-0.6580U 手续费基数=0.0229U 阈值=0.1145U
[TRACKER] 19:21:55 持仓=1 盈利=0.0000U 亏损=-0.6650U 净浮盈=-0.6650U 手续费基数=0.0229U 阈值=0.1145U
[TRACKER] 本轮结束（将由 crontab 重新拉起）
[TRACKER] 启动，每 5 秒检查一次…
[TRACKER] 19:22:02 持仓=1 盈利=0.0000U 亏损=-0.6370U 净浮盈=-0.6370U 手续费基数=0.0229U 阈值=0.1145U
[TRACKER] 19:22:08 持仓=1 盈利=0.0000U 亏损=-0.6020U 净浮盈=-0.6020U 手续费基数=0.0229U 阈值=0.1145U
[TRACKER] 19:22:15 持仓=1 盈利=0.0000U 亏损=-0.6230U 净浮盈=-0.6230U 手续费基数=0.0229U 阈值=0.1145U
[TRACKER] 19:22:21 持仓=1 盈利=0.0000U 亏损=-0.6020U 净浮盈=-0.6020U 手续费基数=0.0229U 阈值=0.1145U
[TRACKER] 19:22:27 持仓=1 盈利=0.0000U 亏损=-0.5600U 净浮盈=-0.5600U 手续费基数=0.0229U 阈值=0.1145U
[TRACKER] 19:22:34 持仓=1 盈利=0.0000U 亏损=-0.5110U 净浮盈=-0.5110U 手续费基数=0.0229U 阈值=0.1145U
[TRACKER] 19:22:40 持仓=1 盈利=0.0000U 亏损=-0.5670U 净浮盈=-0.5670U 手续费基数=0.0229U 阈值=0.1145U
[TRACKER] 19:22:46 持仓=1 盈利=0.0000U 亏损=-0.5460U 净浮盈=-0.5460U 手续费基数=0.0229U 阈值=0.1145U
[TRACKER] 19:22:53 持仓=1 盈利=0.0000U 亏损=-0.5810U 净浮盈=-0.5810U 手续费基数=0.0229U 阈值=0.1145U
[TRACKER] 本轮结束（将由 crontab 重新拉起）
[TRACKER] 启动，每 5 秒检查一次…
[TRACKER] 19:23:03 持仓=1 盈利=0.0000U 亏损=-0.5530U 净浮盈=-0.5530U 手续费基数=0.0229U 阈值=0.1145U
[TRACKER] 19:23:09 持仓=1 盈利=0.0000U 亏损=-0.6090U 净浮盈=-0.6090U 手续费基数=0.0229U 阈值=0.1145U
[TRACKER] 19:23:15 持仓=1 盈利=0.0000U 亏损=-0.6090U 净浮盈=-0.6090U 手续费基数=0.0229U 阈值=0.1145U
[TRACKER] 19:23:22 持仓=1 盈利=0.0000U 亏损=-0.5390U 净浮盈=-0.5390U 手续费基数=0.0229U 阈值=0.1145U
[TRACKER] 19:23:28 持仓=1 盈利=0.0000U 亏损=-0.5530U 净浮盈=-0.5530U 手续费基数=0.0229U 阈值=0.1145U
[TRACKER] 19:23:35 持仓=1 盈利=0.0000U 亏损=-0.5530U 净浮盈=-0.5530U 手续费基数=0.0229U 阈值=0.1145U
[TRACKER] 19:23:41 持仓=1 盈利=0.0000U 亏损=-0.5600U 净浮盈=-0.5600U 手续费基数=0.0229U 阈值=0.1145U
[TRACKER] 19:23:48 持仓=1 盈利=0.0000U 亏损=-0.5670U 净浮盈=-0.5670U 手续费基数=0.0229U 阈值=0.1145U
[TRACKER] 19:23:54 持仓=1 盈利=0.0000U 亏损=-0.5880U 净浮盈=-0.5880U 手续费基数=0.0229U 阈值=0.1145U
[TRACKER] 本轮结束（将由 crontab 重新拉起）
[TRACKER] 启动，每 5 秒检查一次…
[TRACKER] 19:24:03 持仓=1 盈利=0.0000U 亏损=-0.5880U 净浮盈=-0.5880U 手续费基数=0.0229U 阈值=0.1145U
[TRACKER] 19:24:10 持仓=1 盈利=0.0000U 亏损=-0.5880U 净浮盈=-0.5880U 手续费基数=0.0229U 阈值=0.1145U
[TRACKER] 19:24:16 持仓=1 盈利=0.0000U 亏损=-0.6020U 净浮盈=-0.6020U 手续费基数=0.0229U 阈值=0.1145U
[TRACKER] 19:24:22 持仓=1 盈利=0.0000U 亏损=-0.6370U 净浮盈=-0.6370U 手续费基数=0.0229U 阈值=0.1145U
[TRACKER] 19:24:29 持仓=1 盈利=0.0000U 亏损=-0.5880U 净浮盈=-0.5880U 手续费基数=0.0229U 阈值=0.1145U
[TRACKER] 19:24:35 持仓=1 盈利=0.0000U 亏损=-0.5740U 净浮盈=-0.5740U 手续费基数=0.0229U 阈值=0.1145U
[TRACKER] 19:24:42 持仓=1 盈利=0.0000U 亏损=-0.6160U 净浮盈=-0.6160U 手续费基数=0.0229U 阈值=0.1145U
[TRACKER] 19:24:48 持仓=1 盈利=0.0000U 亏损=-0.5880U 净浮盈=-0.5880U 手续费基数=0.0229U 阈值=0.1145U
[TRACKER] 19:24:55 持仓=1 盈利=0.0000U 亏损=-0.5740U 净浮盈=-0.5740U 手续费基数=0.0229U 阈值=0.1145U
[TRACKER] 本轮结束（将由 crontab 重新拉起）
[TRACKER] 启动，每 5 秒检查一次…
[TRACKER] 19:25:02 持仓=1 盈利=0.0000U 亏损=-0.6160U 净浮盈=-0.6160U 手续费基数=0.0229U 阈值=0.1145U
[TRACKER] 19:25:08 持仓=1 盈利=0.0000U 亏损=-0.5740U 净浮盈=-0.5740U 手续费基数=0.0229U 阈值=0.1145U
[TRACKER] 19:25:15 持仓=1 盈利=0.0000U 亏损=-0.5460U 净浮盈=-0.5460U 手续费基数=0.0229U 阈值=0.1145U
[TRACKER] 19:25:21 持仓=1 盈利=0.0000U 亏损=-0.5810U 净浮盈=-0.5810U 手续费基数=0.0229U 阈值=0.1145U
[TRACKER] 19:25:28 持仓=1 盈利=0.0000U 亏损=-0.5530U 净浮盈=-0.5530U 手续费基数=0.0229U 阈值=0.1145U
[TRACKER] 19:25:34 持仓=1 盈利=0.0000U 亏损=-0.5390U 净浮盈=-0.5390U 手续费基数=0.0229U 阈值=0.1145U
[TRACKER] 19:25:41 持仓=1 盈利=0.0000U 亏损=-0.5320U 净浮盈=-0.5320U 手续费基数=0.0229U 阈值=0.1145U
[TRACKER] 19:25:47 持仓=1 盈利=0.0000U 亏损=-0.5670U 净浮盈=-0.5670U 手续费基数=0.0229U 阈值=0.1145U
[TRACKER] 19:25:54 持仓=1 盈利=0.0000U 亏损=-0.5670U 净浮盈=-0.5670U 手续费基数=0.0229U 阈值=0.1145U
[TRACKER] 本轮结束（将由 crontab 重新拉起）
[TRACKER] 启动，每 5 秒检查一次…
[TRACKER] 19:26:03 持仓=1 盈利=0.0000U 亏损=-0.5810U 净浮盈=-0.5810U 手续费基数=0.0229U 阈值=0.1145U
[TRACKER] 19:26:09 持仓=1 盈利=0.0000U 亏损=-0.4970U 净浮盈=-0.4970U 手续费基数=0.0229U 阈值=0.1145U
[TRACKER] 19:26:16 持仓=1 盈利=0.0000U 亏损=-0.4830U 净浮盈=-0.4830U 手续费基数=0.0229U 阈值=0.1145U
[TRACKER] 19:26:23 持仓=1 盈利=0.0000U 亏损=-0.4130U 净浮盈=-0.4130U 手续费基数=0.0229U 阈值=0.1145U
[TRACKER] 19:26:29 持仓=1 盈利=0.0000U 亏损=-0.3710U 净浮盈=-0.3710U 手续费基数=0.0229U 阈值=0.1145U
[TRACKER] 19:26:35 持仓=1 盈利=0.0000U 亏损=-0.3150U 净浮盈=-0.3150U 手续费基数=0.0229U 阈值=0.1145U
[TRACKER] 19:26:42 持仓=1 盈利=0.0000U 亏损=-0.2730U 净浮盈=-0.2730U 手续费基数=0.0229U 阈值=0.1145U
[TRACKER] 19:26:48 持仓=1 盈利=0.0000U 亏损=-0.2870U 净浮盈=-0.2870U 手续费基数=0.0229U 阈值=0.1145U
[TRACKER] 19:26:55 持仓=1 盈利=0.0000U 亏损=-0.2450U 净浮盈=-0.2450U 手续费基数=0.0229U 阈值=0.1145U
[TRACKER] 本轮结束（将由 crontab 重新拉起）
[TRACKER] 启动，每 5 秒检查一次…
[TRACKER] 19:27:02 持仓=1 盈利=0.0000U 亏损=-0.2100U 净浮盈=-0.2100U 手续费基数=0.0229U 阈值=0.1145U
[TRACKER] 19:27:09 持仓=1 盈利=0.0000U 亏损=-0.2170U 净浮盈=-0.2170U 手续费基数=0.0229U 阈值=0.1145U
[TRACKER] 19:27:15 持仓=1 盈利=0.0000U 亏损=-0.1610U 净浮盈=-0.1610U 手续费基数=0.0229U 阈值=0.1145U
[TRACKER] 19:27:22 持仓=1 盈利=0.0000U 亏损=-0.2590U 净浮盈=-0.2590U 手续费基数=0.0229U 阈值=0.1145U
[TRACKER] 19:27:28 持仓=1 盈利=0.0000U 亏损=-0.2940U 净浮盈=-0.2940U 手续费基数=0.0229U 阈值=0.1145U
[TRACKER] 19:27:35 持仓=1 盈利=0.0000U 亏损=-0.2030U 净浮盈=-0.2030U 手续费基数=0.0229U 阈值=0.1145U
[TRACKER] 19:27:41 持仓=1 盈利=0.0000U 亏损=-0.1680U 净浮盈=-0.1680U 手续费基数=0.0229U 阈值=0.1145U
[TRACKER] 19:27:48 持仓=1 盈利=0.0000U 亏损=-0.1050U 净浮盈=-0.1050U 手续费基数=0.0229U 阈值=0.1145U
[TRACKER] 19:27:54 持仓=1 盈利=0.0000U 亏损=-0.1120U 净浮盈=-0.1120U 手续费基数=0.0229U 阈值=0.1145U
[TRACKER] 本轮结束（将由 crontab 重新拉起）
[TRACKER] 启动，每 5 秒检查一次…
[TRACKER] 19:28:01 持仓=1 盈利=0.0000U 亏损=-0.1190U 净浮盈=-0.1190U 手续费基数=0.0229U 阈值=0.1145U
[TRACKER] 19:28:08 持仓=1 盈利=0.0000U 亏损=-0.1330U 净浮盈=-0.1330U 手续费基数=0.0229U 阈值=0.1145U
[TRACKER] 19:28:14 持仓=1 盈利=0.0000U 亏损=-0.1680U 净浮盈=-0.1680U 手续费基数=0.0229U 阈值=0.1145U
[TRACKER] 19:28:21 持仓=1 盈利=0.0000U 亏损=-0.2380U 净浮盈=-0.2380U 手续费基数=0.0229U 阈值=0.1145U
[TRACKER] 19:28:27 持仓=1 盈利=0.0000U 亏损=-0.2870U 净浮盈=-0.2870U 手续费基数=0.0229U 阈值=0.1145U
[TRACKER] 19:28:34 持仓=1 盈利=0.0000U 亏损=-0.4130U 净浮盈=-0.4130U 手续费基数=0.0229U 阈值=0.1145U
[TRACKER] 19:28:40 持仓=1 盈利=0.0000U 亏损=-0.3640U 净浮盈=-0.3640U 手续费基数=0.0229U 阈值=0.1145U
[TRACKER] 19:28:46 持仓=1 盈利=0.0000U 亏损=-0.3920U 净浮盈=-0.3920U 手续费基数=0.0229U 阈值=0.1145U
[TRACKER] 19:28:52 持仓=1 盈利=0.0000U 亏损=-0.3570U 净浮盈=-0.3570U 手续费基数=0.0229U 阈值=0.1145U
[TRACKER] 本轮结束（将由 crontab 重新拉起）
[TRACKER] 启动，每 5 秒检查一次…
[TRACKER] 19:29:02 持仓=1 盈利=0.0000U 亏损=-0.3500U 净浮盈=-0.3500U 手续费基数=0.0229U 阈值=0.1145U
[TRACKER] 19:29:09 持仓=1 盈利=0.0000U 亏损=-0.3220U 净浮盈=-0.3220U 手续费基数=0.0229U 阈值=0.1145U
[TRACKER] 19:29:15 持仓=1 盈利=0.0000U 亏损=-0.3080U 净浮盈=-0.3080U 手续费基数=0.0229U 阈值=0.1145U
[TRACKER] 19:29:21 持仓=1 盈利=0.0000U 亏损=-0.2800U 净浮盈=-0.2800U 手续费基数=0.0229U 阈值=0.1145U
[TRACKER] 19:29:28 持仓=1 盈利=0.0000U 亏损=-0.2170U 净浮盈=-0.2170U 手续费基数=0.0229U 阈值=0.1145U
[TRACKER] 19:29:34 持仓=1 盈利=0.0000U 亏损=-0.2380U 净浮盈=-0.2380U 手续费基数=0.0229U 阈值=0.1145U
[TRACKER] 19:29:41 持仓=1 盈利=0.0000U 亏损=-0.2380U 净浮盈=-0.2380U 手续费基数=0.0229U 阈值=0.1145U
[TRACKER] 19:29:47 持仓=1 盈利=0.0000U 亏损=-0.2380U 净浮盈=-0.2380U 手续费基数=0.0229U 阈值=0.1145U
[TRACKER] 19:29:54 持仓=1 盈利=0.0000U 亏损=-0.2730U 净浮盈=-0.2730U 手续费基数=0.0229U 阈值=0.1145U
[TRACKER] 本轮结束（将由 crontab 重新拉起）
[TRACKER] 启动，每 5 秒检查一次…
[TRACKER] 19:30:04 持仓=1 盈利=0.0000U 亏损=-0.3990U 净浮盈=-0.3990U 手续费基数=0.0229U 阈值=0.1145U
[TRACKER] 19:30:10 持仓=1 盈利=0.0000U 亏损=-0.2870U 净浮盈=-0.2870U 手续费基数=0.0229U 阈值=0.1145U
[TRACKER] 19:30:17 持仓=1 盈利=0.0000U 亏损=-0.2450U 净浮盈=-0.2450U 手续费基数=0.0229U 阈值=0.1145U
[TRACKER] 19:30:23 持仓=1 盈利=0.0000U 亏损=-0.1540U 净浮盈=-0.1540U 手续费基数=0.0229U 阈值=0.1145U
[TRACKER] 19:30:29 持仓=1 盈利=0.0000U 亏损=-0.0980U 净浮盈=-0.0980U 手续费基数=0.0229U 阈值=0.1145U
[TRACKER] 19:30:36 持仓=1 盈利=0.0000U 亏损=-0.0560U 净浮盈=-0.0560U 手续费基数=0.0229U 阈值=0.1145U
[TRACKER] 19:30:42 持仓=1 盈利=0.0000U 亏损=-0.0630U 净浮盈=-0.0630U 手续费基数=0.0229U 阈值=0.1145U
[TRACKER] 19:30:48 持仓=1 盈利=0.0280U 亏损=0.0000U 净浮盈=0.0280U 手续费基数=0.0229U 阈值=0.1145U
[TRACKER] 19:30:55 持仓=1 盈利=0.0210U 亏损=0.0000U 净浮盈=0.0210U 手续费基数=0.0229U 阈值=0.1145U
[TRACKER] 本轮结束（将由 crontab 重新拉起）
[TRACKER] 启动，每 5 秒检查一次…
[TRACKER] 19:31:02 持仓=1 盈利=0.0630U 亏损=0.0000U 净浮盈=0.0630U 手续费基数=0.0229U 阈值=0.1145U
[TRACKER] 19:31:08 持仓=1 盈利=0.1120U 亏损=0.0000U 净浮盈=0.1120U 手续费基数=0.0229U 阈值=0.1145U
[TRACKER] 19:31:15 持仓=1 盈利=0.0840U 亏损=0.0000U 净浮盈=0.0840U 手续费基数=0.0229U 阈值=0.1145U
[TRACKER] 19:31:21 持仓=1 盈利=0.3710U 亏损=0.0000U 净浮盈=0.3710U 手续费基数=0.0229U 阈值=0.1145U
[TRACKER] 🎯 净浮盈 0.3710 > 阈值 0.1145，开始平仓
   ✅ 平仓 DEXE/USDT:USDT 浮盈 0.3710U
[TRACKER] 19:31:29 无持仓
[TRACKER] 19:31:35 无持仓
[TRACKER] 19:31:42 无持仓
[TRACKER] 19:31:48 无持仓
[TRACKER] 19:31:54 无持仓
[TRACKER] 本轮结束（将由 crontab 重新拉起）
[TRACKER] 启动，每 5 秒检查一次…
[TRACKER] 19:32:02 无持仓
[TRACKER] 19:32:08 无持仓
[TRACKER] 19:32:15 无持仓
[TRACKER] 19:32:21 无持仓
[TRACKER] 19:32:27 无持仓
[TRACKER] 19:32:34 无持仓
[TRACKER] 19:32:40 无持仓
[TRACKER] 19:32:46 无持仓
[TRACKER] 19:32:53 无持仓
[TRACKER] 本轮结束（将由 crontab 重新拉起）
[TRACKER] 启动，每 5 秒检查一次…
[TRACKER] 19:33:03 无持仓
[TRACKER] 19:33:09 无持仓
[TRACKER] 19:33:15 无持仓
[TRACKER] 19:33:22 无持仓
[TRACKER] 19:33:28 无持仓
[TRACKER] 19:33:35 无持仓
[TRACKER] 19:33:41 无持仓
[TRACKER] 19:33:47 无持仓
[TRACKER] 19:33:54 无持仓
[TRACKER] 本轮结束（将由 crontab 重新拉起）
[TRACKER] 启动，每 5 秒检查一次…
[TRACKER] 19:34:03 无持仓
[TRACKER] 19:34:09 无持仓
[TRACKER] 19:34:16 无持仓
[TRACKER] 19:34:22 无持仓
[TRACKER] 19:34:28 无持仓
[TRACKER] 19:34:35 无持仓
[TRACKER] 19:34:41 无持仓
[TRACKER] 19:34:48 无持仓
[TRACKER] 19:34:54 无持仓
[TRACKER] 本轮结束（将由 crontab 重新拉起）
[TRACKER] 启动，每 5 秒检查一次…
[TRACKER] 19:35:03 无持仓
[TRACKER] 19:35:09 无持仓
[TRACKER] 19:35:16 无持仓
[TRACKER] 19:35:23 无持仓
[TRACKER] 19:35:29 无持仓
[TRACKER] 19:35:35 无持仓
[TRACKER] 19:35:42 无持仓
[TRACKER] 19:35:49 无持仓
[TRACKER] 19:35:55 无持仓
[TRACKER] 本轮结束（将由 crontab 重新拉起）
[TRACKER] 启动，每 5 秒检查一次…
[TRACKER] 19:36:02 无持仓
[TRACKER] 19:36:09 无持仓
[TRACKER] 19:36:15 无持仓
[TRACKER] 19:36:22 无持仓
[TRACKER] 19:36:28 无持仓
[TRACKER] 19:36:34 无持仓
[TRACKER] 19:36:41 无持仓
[TRACKER] 19:36:47 无持仓
[TRACKER] 19:36:53 无持仓
[TRACKER] 本轮结束（将由 crontab 重新拉起）
[TRACKER] 启动，每 5 秒检查一次…
[TRACKER] 19:37:02 无持仓
[TRACKER] 19:37:09 无持仓
[TRACKER] 19:37:15 无持仓
[TRACKER] 19:37:22 无持仓
[TRACKER] 19:37:28 无持仓
[TRACKER] 19:37:34 无持仓
[TRACKER] 19:37:41 无持仓
[TRACKER] 19:37:47 无持仓
[TRACKER] 19:37:53 无持仓
[TRACKER] 本轮结束（将由 crontab 重新拉起）
[TRACKER] 启动，每 5 秒检查一次…
[TRACKER] 19:38:03 无持仓
[TRACKER] 19:38:09 无持仓
[TRACKER] 19:38:15 无持仓
[TRACKER] 19:38:22 无持仓
[TRACKER] 19:38:28 无持仓
[TRACKER] 19:38:35 无持仓
[TRACKER] 19:38:41 无持仓
[TRACKER] 19:38:47 无持仓
[TRACKER] 19:38:54 无持仓
[TRACKER] 本轮结束（将由 crontab 重新拉起）
[TRACKER] 启动，每 5 秒检查一次…
[TRACKER] 19:39:03 无持仓
[TRACKER] 19:39:09 无持仓
[TRACKER] 19:39:16 无持仓
[TRACKER] 19:39:23 无持仓
[TRACKER] 19:39:29 无持仓
[TRACKER] 19:39:35 无持仓
[TRACKER] 19:39:42 无持仓
[TRACKER] 19:39:48 无持仓
[TRACKER] 19:39:54 无持仓
[TRACKER] 本轮结束（将由 crontab 重新拉起）
[TRACKER] 启动，每 5 秒检查一次…
[TRACKER] 19:40:01 无持仓
[TRACKER] 19:40:08 无持仓
[TRACKER] 19:40:14 无持仓
[TRACKER] 19:40:21 无持仓
[TRACKER] 19:40:27 无持仓
[TRACKER] 19:40:33 无持仓
[TRACKER] 19:40:40 无持仓
[TRACKER] 19:40:46 无持仓
[TRACKER] 19:40:53 无持仓
[TRACKER] 本轮结束（将由 crontab 重新拉起）
[TRACKER] 启动，每 5 秒检查一次…
[TRACKER] 19:41:02 无持仓
[TRACKER] 19:41:09 无持仓
[TRACKER] 19:41:15 无持仓
[TRACKER] 19:41:22 无持仓
[TRACKER] 19:41:29 无持仓
[TRACKER] 19:41:35 无持仓
[TRACKER] 19:41:41 无持仓
[TRACKER] 19:41:48 无持仓
[TRACKER] 19:41:54 无持仓
[TRACKER] 本轮结束（将由 crontab 重新拉起）
[TRACKER] 启动，每 5 秒检查一次…
[TRACKER] 19:42:03 无持仓
[TRACKER] 19:42:10 无持仓
[TRACKER] 19:42:16 无持仓
[TRACKER] 19:42:23 无持仓
[TRACKER] 19:42:29 无持仓
[TRACKER] 19:42:36 无持仓
[TRACKER] 19:42:42 无持仓
[TRACKER] 19:42:49 无持仓
[TRACKER] 19:42:55 无持仓
[TRACKER] 本轮结束（将由 crontab 重新拉起）
[TRACKER] 启动，每 5 秒检查一次…
[TRACKER] 19:43:02 无持仓
[TRACKER] 19:43:09 无持仓
[TRACKER] 19:43:15 无持仓
[TRACKER] 19:43:22 无持仓
[TRACKER] 19:43:28 无持仓
[TRACKER] 19:43:34 无持仓
[TRACKER] 19:43:41 无持仓
[TRACKER] 19:43:47 无持仓
[TRACKER] 19:43:53 无持仓
[TRACKER] 本轮结束（将由 crontab 重新拉起）
[TRACKER] 启动，每 5 秒检查一次…
[TRACKER] 19:44:02 无持仓
[TRACKER] 19:44:09 无持仓
[TRACKER] 19:44:15 无持仓
[TRACKER] 19:44:22 无持仓
[TRACKER] 19:44:28 无持仓
[TRACKER] 19:44:34 无持仓
[TRACKER] 19:44:40 无持仓
[TRACKER] 19:44:47 无持仓
[TRACKER] 19:44:53 无持仓
[TRACKER] 本轮结束（将由 crontab 重新拉起）
[TRACKER] 启动，每 5 秒检查一次…
[TRACKER] 19:45:03 无持仓
[TRACKER] 19:45:09 无持仓
[TRACKER] 19:45:15 无持仓
[TRACKER] 19:45:21 无持仓
[TRACKER] 19:45:28 无持仓
[TRACKER] 19:45:34 无持仓
[TRACKER] 19:45:41 无持仓
[TRACKER] 19:45:47 无持仓
[TRACKER] 19:45:54 无持仓
[TRACKER] 本轮结束（将由 crontab 重新拉起）
[TRACKER] 启动，每 5 秒检查一次…
[TRACKER] 19:46:03 无持仓
[TRACKER] 19:46:09 无持仓
[TRACKER] 19:46:16 无持仓
[TRACKER] 19:46:22 无持仓
[TRACKER] 19:46:29 无持仓
[TRACKER] 19:46:35 无持仓
[TRACKER] 19:46:42 无持仓
[TRACKER] 19:46:48 无持仓
[TRACKER] 19:46:55 无持仓
[TRACKER] 本轮结束（将由 crontab 重新拉起）
[TRACKER] 启动，每 5 秒检查一次…
[TRACKER] 19:47:02 无持仓
[TRACKER] 19:47:09 无持仓
[TRACKER] 19:47:15 无持仓
[TRACKER] 19:47:22 无持仓
[TRACKER] 19:47:28 无持仓
[TRACKER] 19:47:35 无持仓
[TRACKER] 19:47:41 无持仓
[TRACKER] 19:47:47 无持仓
[TRACKER] 19:47:54 无持仓
[TRACKER] 本轮结束（将由 crontab 重新拉起）
[TRACKER] 启动，每 5 秒检查一次…
[TRACKER] 19:48:03 无持仓
[TRACKER] 19:48:09 无持仓
[TRACKER] 19:48:16 无持仓
[TRACKER] 19:48:22 无持仓
[TRACKER] 19:48:29 无持仓
[TRACKER] 19:48:35 无持仓
[TRACKER] 19:48:42 无持仓
[TRACKER] 19:48:49 无持仓
[TRACKER] 19:48:55 无持仓
[TRACKER] 本轮结束（将由 crontab 重新拉起）
[TRACKER] 启动，每 5 秒检查一次…
[TRACKER] 19:49:02 无持仓
[TRACKER] 19:49:09 无持仓
[TRACKER] 19:49:15 无持仓
[TRACKER] 19:49:21 无持仓
[TRACKER] 19:49:28 无持仓
[TRACKER] 19:49:34 无持仓
[TRACKER] 19:49:40 无持仓
[TRACKER] 19:49:47 无持仓
[TRACKER] 19:49:54 无持仓
[TRACKER] 本轮结束（将由 crontab 重新拉起）
[TRACKER] 启动，每 5 秒检查一次…
[TRACKER] 19:50:03 无持仓
[TRACKER] 19:50:10 无持仓
[TRACKER] 19:50:16 无持仓
[TRACKER] 19:50:22 无持仓
[TRACKER] 19:50:29 无持仓
[TRACKER] 19:50:35 无持仓
[TRACKER] 19:50:41 无持仓
[TRACKER] 19:50:48 无持仓
[TRACKER] 19:50:55 无持仓
[TRACKER] 本轮结束（将由 crontab 重新拉起）
[TRACKER] 启动，每 5 秒检查一次…
[TRACKER] 19:51:02 无持仓
[TRACKER] 19:51:08 无持仓
[TRACKER] 19:51:15 无持仓
[TRACKER] 19:51:21 无持仓
[TRACKER] 19:51:28 无持仓
[TRACKER] 19:51:34 无持仓
[TRACKER] 19:51:41 无持仓
[TRACKER] 19:51:48 无持仓
[TRACKER] 19:51:54 无持仓
[TRACKER] 本轮结束（将由 crontab 重新拉起）
[TRACKER] 启动，每 5 秒检查一次…
[TRACKER] 19:52:03 无持仓
[TRACKER] 19:52:10 无持仓
[TRACKER] 19:52:16 无持仓
[TRACKER] 19:52:22 无持仓
[TRACKER] 19:52:29 无持仓
[TRACKER] 19:52:36 无持仓
[TRACKER] 19:52:42 无持仓
[TRACKER] 19:52:49 无持仓
[TRACKER] 19:52:55 无持仓
[TRACKER] 本轮结束（将由 crontab 重新拉起）
[TRACKER] 启动，每 5 秒检查一次…
[TRACKER] 19:53:02 无持仓
[TRACKER] 19:53:08 无持仓
[TRACKER] 19:53:15 无持仓
[TRACKER] 19:53:21 无持仓
[TRACKER] 19:53:28 无持仓
[TRACKER] 19:53:34 无持仓
[TRACKER] 19:53:41 无持仓
[TRACKER] 19:53:47 无持仓
[TRACKER] 19:53:53 无持仓
[TRACKER] 本轮结束（将由 crontab 重新拉起）
[TRACKER] 启动，每 5 秒检查一次…
[TRACKER] 19:54:02 无持仓
[TRACKER] 19:54:08 无持仓
[TRACKER] 19:54:15 无持仓
[TRACKER] 19:54:21 无持仓
[TRACKER] 19:54:27 无持仓
[TRACKER] 19:54:34 无持仓
[TRACKER] 19:54:40 无持仓
[TRACKER] 19:54:46 无持仓
[TRACKER] 19:54:53 无持仓
[TRACKER] 本轮结束（将由 crontab 重新拉起）
[TRACKER] 启动，每 5 秒检查一次…
[TRACKER] 19:55:03 无持仓
[TRACKER] 19:55:09 无持仓
[TRACKER] 19:55:15 无持仓
[TRACKER] 19:55:22 无持仓
[TRACKER] 19:55:28 无持仓
[TRACKER] 19:55:35 无持仓
[TRACKER] 19:55:41 无持仓
[TRACKER] 19:55:47 无持仓
[TRACKER] 19:55:54 无持仓
[TRACKER] 本轮结束（将由 crontab 重新拉起）
[TRACKER] 启动，每 5 秒检查一次…
[TRACKER] 19:56:03 无持仓
[TRACKER] 19:56:09 无持仓
[TRACKER] 19:56:15 无持仓
[TRACKER] 19:56:22 无持仓
[TRACKER] 19:56:28 无持仓
[TRACKER] 19:56:35 无持仓
[TRACKER] 19:56:42 无持仓
[TRACKER] 19:56:48 无持仓
[TRACKER] 19:56:55 无持仓
[TRACKER] 本轮结束（将由 crontab 重新拉起）
[TRACKER] 启动，每 5 秒检查一次…
[TRACKER] 19:57:01 无持仓
[TRACKER] 19:57:08 无持仓
[TRACKER] 19:57:14 无持仓
[TRACKER] 19:57:21 无持仓
[TRACKER] 19:57:27 无持仓
[TRACKER] 19:57:34 无持仓
[TRACKER] 19:57:40 无持仓
[TRACKER] 19:57:46 无持仓
[TRACKER] 19:57:52 无持仓
[TRACKER] 本轮结束（将由 crontab 重新拉起）
[TRACKER] 启动，每 5 秒检查一次…
[TRACKER] 19:58:02 无持仓
[TRACKER] 19:58:09 无持仓
[TRACKER] 19:58:15 无持仓
[TRACKER] 19:58:22 无持仓
[TRACKER] 19:58:29 无持仓
[TRACKER] 19:58:35 无持仓
[TRACKER] 19:58:42 无持仓
[TRACKER] 19:58:48 无持仓
[TRACKER] 19:58:55 无持仓
[TRACKER] 本轮结束（将由 crontab 重新拉起）
[TRACKER] 启动，每 5 秒检查一次…
[TRACKER] 19:59:01 无持仓
[TRACKER] 19:59:08 无持仓
[TRACKER] 19:59:15 无持仓
[TRACKER] 19:59:21 无持仓
[TRACKER] 19:59:28 无持仓
[TRACKER] 19:59:34 无持仓
[TRACKER] 19:59:41 无持仓
[TRACKER] 19:59:47 无持仓
[TRACKER] 19:59:53 无持仓
[TRACKER] 本轮结束（将由 crontab 重新拉起）
[TRACKER] 启动，每 5 秒检查一次…
[TRACKER] 20:00:03 无持仓
[TRACKER] 20:00:10 无持仓
[TRACKER] 20:00:17 无持仓
[TRACKER] 20:00:23 无持仓
[TRACKER] 20:00:29 无持仓
[TRACKER] 20:00:36 无持仓
[TRACKER] 20:00:42 无持仓
[TRACKER] 20:00:49 无持仓
[TRACKER] 20:00:55 无持仓
[TRACKER] 本轮结束（将由 crontab 重新拉起）
[TRACKER] 启动，每 5 秒检查一次…
[TRACKER] 20:01:02 无持仓
[TRACKER] 20:01:09 持仓=5 盈利=0.0000U 亏损=-0.1273U 净浮盈=-0.1273U 手续费基数=0.1205U 阈值=0.6024U
[TRACKER] 20:01:15 持仓=5 盈利=0.0000U 亏损=-0.1871U 净浮盈=-0.1871U 手续费基数=0.1205U 阈值=0.6024U
[TRACKER] 20:01:22 持仓=5 盈利=0.0350U 亏损=-0.3147U 净浮盈=-0.2797U 手续费基数=0.1205U 阈值=0.6024U
[TRACKER] 20:01:28 持仓=5 盈利=0.0000U 亏损=-0.3257U 净浮盈=-0.3257U 手续费基数=0.1205U 阈值=0.6024U
[TRACKER] 20:01:34 持仓=5 盈利=0.0090U 亏损=-0.2227U 净浮盈=-0.2137U 手续费基数=0.1205U 阈值=0.6024U
[TRACKER] 20:01:41 持仓=5 盈利=0.0140U 亏损=-0.2991U 净浮盈=-0.2851U 手续费基数=0.1205U 阈值=0.6024U
[TRACKER] 20:01:48 持仓=5 盈利=0.0280U 亏损=-0.3879U 净浮盈=-0.3599U 手续费基数=0.1205U 阈值=0.6024U
[TRACKER] 20:01:54 持仓=5 盈利=0.1050U 亏损=-0.4267U 净浮盈=-0.3217U 手续费基数=0.1205U 阈值=0.6024U
[TRACKER] 本轮结束（将由 crontab 重新拉起）
[TRACKER] 启动，每 5 秒检查一次…
[TRACKER] 20:02:03 持仓=5 盈利=0.1190U 亏损=-0.5732U 净浮盈=-0.4542U 手续费基数=0.1205U 阈值=0.6024U
[TRACKER] 20:02:09 持仓=5 盈利=0.1680U 亏损=-0.5783U 净浮盈=-0.4103U 手续费基数=0.1205U 阈值=0.6024U
[TRACKER] 20:02:16 持仓=5 盈利=0.1540U 亏损=-0.5333U 净浮盈=-0.3793U 手续费基数=0.1205U 阈值=0.6024U
[TRACKER] 20:02:23 持仓=5 盈利=0.1190U 亏损=-0.5288U 净浮盈=-0.4098U 手续费基数=0.1205U 阈值=0.6024U
[TRACKER] 20:02:29 持仓=5 盈利=0.1330U 亏损=-0.4546U 净浮盈=-0.3216U 手续费基数=0.1205U 阈值=0.6024U
[TRACKER] 20:02:36 持仓=5 盈利=0.1960U 亏损=-0.3478U 净浮盈=-0.1518U 手续费基数=0.1205U 阈值=0.6024U
[TRACKER] 20:02:42 持仓=5 盈利=0.1890U 亏损=-0.3379U 净浮盈=-0.1489U 手续费基数=0.1205U 阈值=0.6024U
[TRACKER] 20:02:49 持仓=5 盈利=0.2170U 亏损=-0.2719U 净浮盈=-0.0549U 手续费基数=0.1205U 阈值=0.6024U
[TRACKER] 20:02:55 持仓=5 盈利=0.1330U 亏损=-0.2840U 净浮盈=-0.1510U 手续费基数=0.1205U 阈值=0.6024U
[TRACKER] 本轮结束（将由 crontab 重新拉起）
[TRACKER] 启动，每 5 秒检查一次…
[TRACKER] 20:03:02 持仓=5 盈利=0.1529U 亏损=-0.2570U 净浮盈=-0.1041U 手续费基数=0.1205U 阈值=0.6024U
[TRACKER] 20:03:08 持仓=5 盈利=0.1610U 亏损=-0.4079U 净浮盈=-0.2469U 手续费基数=0.1205U 阈值=0.6024U
[TRACKER] 20:03:15 持仓=5 盈利=0.2170U 亏损=-0.4165U 净浮盈=-0.1995U 手续费基数=0.1205U 阈值=0.6024U
[TRACKER] 20:03:21 持仓=5 盈利=0.2660U 亏损=-0.3077U 净浮盈=-0.0417U 手续费基数=0.1205U 阈值=0.6024U
[TRACKER] 20:03:28 持仓=5 盈利=0.2590U 亏损=-0.4068U 净浮盈=-0.1477U 手续费基数=0.1205U 阈值=0.6024U
[TRACKER] 20:03:35 持仓=5 盈利=0.3080U 亏损=-0.3590U 净浮盈=-0.0510U 手续费基数=0.1205U 阈值=0.6024U
[TRACKER] 20:03:41 持仓=5 盈利=0.3570U 亏损=-0.3265U 净浮盈=0.0305U 手续费基数=0.1205U 阈值=0.6024U
[TRACKER] 20:03:47 持仓=5 盈利=0.3430U 亏损=-0.3390U 净浮盈=0.0040U 手续费基数=0.1205U 阈值=0.6024U
[TRACKER] 20:03:54 持仓=5 盈利=0.3850U 亏损=-0.4242U 净浮盈=-0.0392U 手续费基数=0.1205U 阈值=0.6024U
[TRACKER] 本轮结束（将由 crontab 重新拉起）
[TRACKER] 启动，每 5 秒检查一次…
[TRACKER] 20:04:03 持仓=5 盈利=0.4432U 亏损=-0.3769U 净浮盈=0.0663U 手续费基数=0.1205U 阈值=0.6024U
[TRACKER] 20:04:09 持仓=5 盈利=0.5283U 亏损=-0.6128U 净浮盈=-0.0844U 手续费基数=0.1205U 阈值=0.6024U
[TRACKER] 20:04:16 持仓=5 盈利=0.6064U 亏损=-0.6034U 净浮盈=0.0030U 手续费基数=0.1205U 阈值=0.6024U
[TRACKER] 20:04:23 持仓=5 盈利=0.6355U 亏损=-0.5941U 净浮盈=0.0414U 手续费基数=0.1205U 阈值=0.6024U
[TRACKER] 20:04:29 持仓=5 盈利=0.6145U 亏损=-0.5491U 净浮盈=0.0654U 手续费基数=0.1205U 阈值=0.6024U
[TRACKER] 20:04:36 持仓=5 盈利=0.5504U 亏损=-0.6992U 净浮盈=-0.1488U 手续费基数=0.1209U 阈值=0.6043U
[TRACKER] 20:04:42 持仓=5 盈利=0.3054U 亏损=-0.6466U 净浮盈=-0.3412U 手续费基数=0.1209U 阈值=0.6043U
[TRACKER] 20:04:49 持仓=5 盈利=0.4874U 亏损=-0.6970U 净浮盈=-0.2096U 手续费基数=0.1209U 阈值=0.6043U
[TRACKER] 20:04:55 持仓=5 盈利=0.5294U 亏损=-0.8034U 净浮盈=-0.2740U 手续费基数=0.1209U 阈值=0.6043U
[TRACKER] 本轮结束（将由 crontab 重新拉起）
[TRACKER] 启动，每 5 秒检查一次…
[TRACKER] 20:05:02 持仓=5 盈利=0.4874U 亏损=-0.6041U 净浮盈=-0.1167U 手续费基数=0.1209U 阈值=0.6043U
[TRACKER] 20:05:09 持仓=5 盈利=0.4535U 亏损=-0.8491U 净浮盈=-0.3956U 手续费基数=0.1209U 阈值=0.6043U
[TRACKER] 20:05:15 持仓=5 盈利=0.5014U 亏损=-0.9011U 净浮盈=-0.3997U 手续费基数=0.1209U 阈值=0.6043U
[TRACKER] 20:05:21 持仓=5 盈利=0.5434U 亏损=-0.8511U 净浮盈=-0.3077U 手续费基数=0.1209U 阈值=0.6043U
[TRACKER] 20:05:28 持仓=5 盈利=0.5084U 亏损=-0.8930U 净浮盈=-0.3846U 手续费基数=0.1209U 阈值=0.6043U
[TRACKER] 20:05:35 持仓=5 盈利=0.5854U 亏损=-0.8562U 净浮盈=-0.2708U 手续费基数=0.1209U 阈值=0.6043U
[TRACKER] 20:05:41 持仓=5 盈利=0.5924U 亏损=-0.8406U 净浮盈=-0.2482U 手续费基数=0.1209U 阈值=0.6043U
[TRACKER] 20:05:48 持仓=5 盈利=0.5924U 亏损=-0.7336U 净浮盈=-0.1412U 手续费基数=0.1209U 阈值=0.6043U
[TRACKER] 20:05:55 持仓=5 盈利=0.6344U 亏损=-0.7086U 净浮盈=-0.0742U 手续费基数=0.1209U 阈值=0.6043U
[TRACKER] 本轮结束（将由 crontab 重新拉起）
[TRACKER] 启动，每 5 秒检查一次…
[TRACKER] 20:06:02 持仓=5 盈利=0.6204U 亏损=-0.6644U 净浮盈=-0.0440U 手续费基数=0.1209U 阈值=0.6043U
[TRACKER] 20:06:09 持仓=5 盈利=0.6333U 亏损=-0.6751U 净浮盈=-0.0418U 手续费基数=0.1209U 阈值=0.6043U
[TRACKER] 20:06:15 持仓=5 盈利=0.6683U 亏损=-0.6911U 净浮盈=-0.0228U 手续费基数=0.1209U 阈值=0.6043U
[TRACKER] 20:06:22 持仓=5 盈利=0.5703U 亏损=-0.6516U 净浮盈=-0.0813U 手续费基数=0.1209U 阈值=0.6043U
[TRACKER] 20:06:28 持仓=5 盈利=0.4513U 亏损=-0.6512U 净浮盈=-0.1999U 手续费基数=0.1209U 阈值=0.6043U
[TRACKER] 20:06:35 持仓=5 盈利=0.4222U 亏损=-0.6301U 净浮盈=-0.2079U 手续费基数=0.1209U 阈值=0.6043U
[TRACKER] 20:06:41 持仓=5 盈利=0.3872U 亏损=-0.5523U 净浮盈=-0.1650U 手续费基数=0.1209U 阈值=0.6043U
[TRACKER] 20:06:48 持仓=5 盈利=0.3312U 亏损=-0.5716U 净浮盈=-0.2404U 手续费基数=0.1209U 阈值=0.6043U
[TRACKER] 20:06:54 持仓=5 盈利=0.2872U 亏损=-0.5854U 净浮盈=-0.2982U 手续费基数=0.1209U 阈值=0.6043U
[TRACKER] 本轮结束（将由 crontab 重新拉起）
[TRACKER] 启动，每 5 秒检查一次…
[TRACKER] 20:07:03 持仓=5 盈利=0.2730U 亏损=-0.5714U 净浮盈=-0.2984U 手续费基数=0.1209U 阈值=0.6043U
[TRACKER] 20:07:10 持仓=5 盈利=0.4931U 亏损=-0.4894U 净浮盈=0.0037U 手续费基数=0.1209U 阈值=0.6043U
[TRACKER] 20:07:16 持仓=5 盈利=0.4801U 亏损=-0.4894U 净浮盈=-0.0093U 手续费基数=0.1209U 阈值=0.6043U
[TRACKER] 20:07:23 持仓=5 盈利=0.4561U 亏损=-0.5011U 净浮盈=-0.0450U 手续费基数=0.1209U 阈值=0.6043U
[TRACKER] 20:07:29 持仓=5 盈利=0.5374U 亏损=-0.6128U 净浮盈=-0.0753U 手续费基数=0.1209U 阈值=0.6043U
[TRACKER] 20:07:36 持仓=5 盈利=0.4673U 亏损=-0.6170U 净浮盈=-0.1497U 手续费基数=0.1209U 阈值=0.6043U
[TRACKER] 20:07:42 持仓=5 盈利=0.5032U 亏损=-0.6052U 净浮盈=-0.1020U 手续费基数=0.1209U 阈值=0.6043U
[TRACKER] 20:07:49 持仓=5 盈利=0.3942U 亏损=-0.5790U 净浮盈=-0.1848U 手续费基数=0.1209U 阈值=0.6043U
[TRACKER] 20:07:55 持仓=5 盈利=0.4082U 亏损=-0.6302U 净浮盈=-0.2220U 手续费基数=0.1209U 阈值=0.6043U
[TRACKER] 本轮结束（将由 crontab 重新拉起）
[TRACKER] 启动，每 5 秒检查一次…
[TRACKER] 20:08:02 持仓=5 盈利=0.2612U 亏损=-0.5282U 净浮盈=-0.2670U 手续费基数=0.1209U 阈值=0.6043U
[TRACKER] 20:08:08 持仓=5 盈利=0.3422U 亏损=-0.4985U 净浮盈=-0.1563U 手续费基数=0.1209U 阈值=0.6043U
[TRACKER] 20:08:15 持仓=5 盈利=0.2992U 亏损=-0.5690U 净浮盈=-0.2698U 手续费基数=0.1209U 阈值=0.6043U
[TRACKER] 20:08:21 持仓=5 盈利=0.3582U 亏损=-0.5690U 净浮盈=-0.2108U 手续费基数=0.1209U 阈值=0.6043U
[TRACKER] 20:08:28 持仓=5 盈利=0.4232U 亏损=-0.5690U 净浮盈=-0.1458U 手续费基数=0.1209U 阈值=0.6043U
[TRACKER] 20:08:35 持仓=5 盈利=0.4162U 亏损=-0.5530U 净浮盈=-0.1368U 手续费基数=0.1209U 阈值=0.6043U
[TRACKER] 20:08:41 持仓=5 盈利=0.4482U 亏损=-0.5593U 净浮盈=-0.1110U 手续费基数=0.1209U 阈值=0.6043U
[TRACKER] 20:08:47 持仓=5 盈利=0.4562U 亏损=-0.5694U 净浮盈=-0.1132U 手续费基数=0.1209U 阈值=0.6043U
[TRACKER] 20:08:54 持仓=5 盈利=0.4562U 亏损=-0.5854U 净浮盈=-0.1292U 手续费基数=0.1209U 阈值=0.6043U
[TRACKER] 本轮结束（将由 crontab 重新拉起）
[TRACKER] 启动，每 5 秒检查一次…
[TRACKER] 20:09:03 持仓=5 盈利=0.5792U 亏损=-0.5913U 净浮盈=-0.0120U 手续费基数=0.1209U 阈值=0.6043U
[TRACKER] 20:09:10 持仓=5 盈利=0.6270U 亏损=-0.6216U 净浮盈=0.0054U 手续费基数=0.1209U 阈值=0.6043U
[TRACKER] 20:09:16 持仓=5 盈利=0.4970U 亏损=-0.6435U 净浮盈=-0.1465U 手续费基数=0.1209U 阈值=0.6043U
[TRACKER] 20:09:22 持仓=5 盈利=0.5490U 亏损=-0.6318U 净浮盈=-0.0827U 手续费基数=0.1209U 阈值=0.6043U
[TRACKER] 20:09:29 持仓=5 盈利=0.4030U 亏损=-0.6259U 净浮盈=-0.2229U 手续费基数=0.1209U 阈值=0.6043U
[TRACKER] 20:09:36 持仓=5 盈利=0.3890U 亏损=-0.6351U 净浮盈=-0.2461U 手续费基数=0.1209U 阈值=0.6043U
[TRACKER] 20:09:42 持仓=5 盈利=0.3440U 亏损=-0.6141U 净浮盈=-0.2701U 手续费基数=0.1209U 阈值=0.6043U
[TRACKER] 20:09:48 持仓=5 盈利=0.3841U 亏损=-0.6141U 净浮盈=-0.2300U 手续费基数=0.1209U 阈值=0.6043U
[TRACKER] 20:09:55 持仓=5 盈利=0.1922U 亏损=-0.6211U 净浮盈=-0.4289U 手续费基数=0.1209U 阈值=0.6043U
[TRACKER] 本轮结束（将由 crontab 重新拉起）
[TRACKER] 启动，每 5 秒检查一次…
[TRACKER] 20:10:02 持仓=5 盈利=0.3232U 亏损=-0.6318U 净浮盈=-0.3085U 手续费基数=0.1209U 阈值=0.6043U
[TRACKER] 20:10:09 持仓=5 盈利=0.2552U 亏损=-0.5248U 净浮盈=-0.2695U 手续费基数=0.1209U 阈值=0.6043U
[TRACKER] 20:10:15 持仓=5 盈利=0.3362U 亏损=-0.4819U 净浮盈=-0.1457U 手续费基数=0.1209U 阈值=0.6043U
[TRACKER] 20:10:21 持仓=5 盈利=0.3452U 亏损=-0.5840U 净浮盈=-0.2388U 手续费基数=0.1209U 阈值=0.6043U
[TRACKER] 20:10:27 持仓=5 盈利=0.3182U 亏损=-0.5594U 净浮盈=-0.2412U 手续费基数=0.1209U 阈值=0.6043U
[TRACKER] 20:10:34 持仓=5 盈利=0.2822U 亏损=-0.4654U 净浮盈=-0.1832U 手续费基数=0.1209U 阈值=0.6043U
[TRACKER] 20:10:41 持仓=5 盈利=0.2822U 亏损=-0.4886U 净浮盈=-0.2064U 手续费基数=0.1209U 阈值=0.6043U
[TRACKER] 20:10:47 持仓=5 盈利=0.3182U 亏损=-0.6424U 净浮盈=-0.3242U 手续费基数=0.1209U 阈值=0.6043U
[TRACKER] 20:10:54 持仓=5 盈利=0.3272U 亏损=-0.6684U 净浮盈=-0.3412U 手续费基数=0.1209U 阈值=0.6043U
[TRACKER] 本轮结束（将由 crontab 重新拉起）
[TRACKER] 启动，每 5 秒检查一次…
[TRACKER] 20:11:03 持仓=5 盈利=0.3362U 亏损=-0.5779U 净浮盈=-0.2417U 手续费基数=0.1209U 阈值=0.6043U
[TRACKER] 20:11:10 持仓=5 盈利=0.3542U 亏损=-0.5222U 净浮盈=-0.1680U 手续费基数=0.1209U 阈值=0.6043U
[TRACKER] 20:11:16 持仓=5 盈利=0.3812U 亏损=-0.5112U 净浮盈=-0.1300U 手续费基数=0.1209U 阈值=0.6043U
[TRACKER] 20:11:22 持仓=5 盈利=0.3722U 亏损=-0.4203U 净浮盈=-0.0480U 手续费基数=0.1209U 阈值=0.6043U
[TRACKER] 20:11:28 持仓=5 盈利=0.4082U 亏损=-0.4992U 净浮盈=-0.0910U 手续费基数=0.1209U 阈值=0.6043U
[TRACKER] 20:11:35 持仓=5 盈利=0.4262U 亏损=-0.4394U 净浮盈=-0.0132U 手续费基数=0.1209U 阈值=0.6043U
[TRACKER] 20:11:42 持仓=5 盈利=0.3452U 亏损=-0.4784U 净浮盈=-0.1332U 手续费基数=0.1209U 阈值=0.6043U
[TRACKER] 20:11:48 持仓=5 盈利=0.3542U 亏损=-0.4994U 净浮盈=-0.1452U 手续费基数=0.1209U 阈值=0.6043U
[TRACKER] 20:11:55 持仓=5 盈利=0.3664U 亏损=-0.3594U 净浮盈=0.0070U 手续费基数=0.1209U 阈值=0.6043U
[TRACKER] 本轮结束（将由 crontab 重新拉起）
[TRACKER] 启动，每 5 秒检查一次…
[TRACKER] 20:12:02 持仓=5 盈利=0.3664U 亏损=-0.3513U 净浮盈=0.0152U 手续费基数=0.1209U 阈值=0.6043U
[TRACKER] 20:12:08 持仓=5 盈利=0.3812U 亏损=-0.3874U 净浮盈=-0.0062U 手续费基数=0.1209U 阈值=0.6043U
[TRACKER] 20:12:15 持仓=5 盈利=0.3902U 亏损=-0.3734U 净浮盈=0.0168U 手续费基数=0.1209U 阈值=0.6043U
[TRACKER] 20:12:21 持仓=5 盈利=0.4442U 亏损=-0.4014U 净浮盈=0.0428U 手续费基数=0.1209U 阈值=0.6043U
[TRACKER] 20:12:28 持仓=5 盈利=0.4352U 亏损=-0.5064U 净浮盈=-0.0712U 手续费基数=0.1209U 阈值=0.6043U
[TRACKER] 20:12:34 持仓=5 盈利=0.4442U 亏损=-0.4504U 净浮盈=-0.0062U 手续费基数=0.1209U 阈值=0.6043U
[TRACKER] 20:12:40 持仓=5 盈利=0.4053U 亏损=-0.5274U 净浮盈=-0.1221U 手续费基数=0.1209U 阈值=0.6043U
[TRACKER] 20:12:47 持仓=5 盈利=0.4503U 亏损=-0.3984U 净浮盈=0.0519U 手续费基数=0.1209U 阈值=0.6043U
[TRACKER] 20:12:53 持仓=5 盈利=0.4323U 亏损=-0.3573U 净浮盈=0.0751U 手续费基数=0.1209U 阈值=0.6043U
[TRACKER] 本轮结束（将由 crontab 重新拉起）
[TRACKER] 启动，每 5 秒检查一次…
[TRACKER] 20:13:03 持仓=5 盈利=0.4213U 亏损=-0.3749U 净浮盈=0.0464U 手续费基数=0.1209U 阈值=0.6043U
[TRACKER] 20:13:10 持仓=5 盈利=0.4323U 亏损=-0.3704U 净浮盈=0.0619U 手续费基数=0.1209U 阈值=0.6043U
[TRACKER] 20:13:16 持仓=5 盈利=0.4233U 亏损=-0.2525U 净浮盈=0.1708U 手续费基数=0.1209U 阈值=0.6043U
[TRACKER] 20:13:23 持仓=5 盈利=0.4393U 亏损=-0.2326U 净浮盈=0.2067U 手续费基数=0.1209U 阈值=0.6043U
[TRACKER] 20:13:29 持仓=5 盈利=0.3763U 亏损=-0.2337U 净浮盈=0.1426U 手续费基数=0.1209U 阈值=0.6043U
[TRACKER] 20:13:35 持仓=5 盈利=0.4323U 亏损=-0.1918U 净浮盈=0.2406U 手续费基数=0.1209U 阈值=0.6043U
[TRACKER] 20:13:42 持仓=5 盈利=0.4143U 亏损=-0.2869U 净浮盈=0.1274U 手续费基数=0.1209U 阈值=0.6043U
[TRACKER] 20:13:48 持仓=5 盈利=0.3963U 亏损=-0.2449U 净浮盈=0.1514U 手续费基数=0.1209U 阈值=0.6043U
[TRACKER] 20:13:55 持仓=5 盈利=0.3873U 亏损=-0.2589U 净浮盈=0.1284U 手续费基数=0.1209U 阈值=0.6043U
[TRACKER] 本轮结束（将由 crontab 重新拉起）
[TRACKER] 启动，每 5 秒检查一次…
[TRACKER] 20:14:02 持仓=5 盈利=0.4413U 亏损=-0.2479U 净浮盈=0.1934U 手续费基数=0.1209U 阈值=0.6043U
[TRACKER] 20:14:08 持仓=5 盈利=0.4323U 亏损=-0.3249U 净浮盈=0.1074U 手续费基数=0.1209U 阈值=0.6043U
[TRACKER] 20:14:15 持仓=5 盈利=0.3873U 亏损=-0.2869U 净浮盈=0.1004U 手续费基数=0.1209U 阈值=0.6043U
[TRACKER] 20:14:22 持仓=5 盈利=0.3513U 亏损=-0.2939U 净浮盈=0.0574U 手续费基数=0.1209U 阈值=0.6043U
[TRACKER] 20:14:28 持仓=5 盈利=0.3783U 亏损=-0.2777U 净浮盈=0.1006U 手续费基数=0.1209U 阈值=0.6043U
[TRACKER] 20:14:34 持仓=5 盈利=0.3693U 亏损=-0.2929U 净浮盈=0.0764U 手续费基数=0.1209U 阈值=0.6043U
[TRACKER] 20:14:41 持仓=5 盈利=0.3243U 亏损=-0.2999U 净浮盈=0.0244U 手续费基数=0.1209U 阈值=0.6043U
[TRACKER] 20:14:48 持仓=5 盈利=0.3333U 亏损=-0.3455U 净浮盈=-0.0122U 手续费基数=0.1209U 阈值=0.6043U
[TRACKER] 20:14:54 持仓=5 盈利=0.3873U 亏损=-0.4195U 净浮盈=-0.0322U 手续费基数=0.1209U 阈值=0.6043U
[TRACKER] 本轮结束（将由 crontab 重新拉起）
[TRACKER] 启动，每 5 秒检查一次…
[TRACKER] 20:15:01 持仓=5 盈利=0.4143U 亏损=-0.4139U 净浮盈=0.0004U 手续费基数=0.1209U 阈值=0.6043U
[TRACKER] 20:15:08 持仓=5 盈利=0.3963U 亏损=-0.5119U 净浮盈=-0.1156U 手续费基数=0.1209U 阈值=0.6043U
[TRACKER] 20:15:14 持仓=5 盈利=0.3153U 亏损=-0.6239U 净浮盈=-0.3086U 手续费基数=0.1209U 阈值=0.6043U
[TRACKER] 20:15:21 持仓=5 盈利=0.2973U 亏损=-0.4519U 净浮盈=-0.1546U 手续费基数=0.1209U 阈值=0.6043U
[TRACKER] 20:15:27 持仓=5 盈利=0.2793U 亏损=-0.4729U 净浮盈=-0.1936U 手续费基数=0.1209U 阈值=0.6043U
[TRACKER] 20:15:33 持仓=5 盈利=0.3513U 亏损=-0.5099U 净浮盈=-0.1586U 手续费基数=0.1209U 阈值=0.6043U
[TRACKER] 20:15:40 持仓=5 盈利=0.3150U 亏损=-0.4466U 净浮盈=-0.1316U 手续费基数=0.1209U 阈值=0.6043U
[TRACKER] 20:15:46 持仓=5 盈利=0.3780U 亏损=-0.4304U 净浮盈=-0.0524U 手续费基数=0.1209U 阈值=0.6043U
[TRACKER] 20:15:52 持仓=5 盈利=0.3780U 亏损=-0.4432U 净浮盈=-0.0652U 手续费基数=0.1209U 阈值=0.6043U
[TRACKER] 本轮结束（将由 crontab 重新拉起）
[TRACKER] 启动，每 5 秒检查一次…
[TRACKER] 20:16:04 持仓=5 盈利=0.5400U 亏损=-0.3251U 净浮盈=0.2149U 手续费基数=0.1209U 阈值=0.6043U
[TRACKER] 20:16:10 持仓=5 盈利=0.5850U 亏损=-0.3401U 净浮盈=0.2449U 手续费基数=0.1209U 阈值=0.6043U
[TRACKER] 20:16:17 持仓=5 盈利=0.6010U 亏损=-0.3903U 净浮盈=0.2107U 手续费基数=0.1209U 阈值=0.6043U
[TRACKER] 20:16:24 持仓=5 盈利=0.6080U 亏损=-0.4063U 净浮盈=0.2017U 手续费基数=0.1209U 阈值=0.6043U
[TRACKER] 20:16:30 持仓=5 盈利=0.7110U 亏损=-0.3743U 净浮盈=0.3367U 手续费基数=0.1209U 阈值=0.6043U
[TRACKER] 20:16:37 持仓=5 盈利=0.6500U 亏损=-0.3583U 净浮盈=0.2917U 手续费基数=0.1209U 阈值=0.6043U
[TRACKER] 20:16:43 持仓=5 盈利=0.5560U 亏损=-0.3583U 净浮盈=0.1977U 手续费基数=0.1209U 阈值=0.6043U
[TRACKER] 20:16:49 持仓=5 盈利=0.6120U 亏损=-0.3743U 净浮盈=0.2377U 手续费基数=0.1209U 阈值=0.6043U
[TRACKER] 20:16:56 持仓=5 盈利=0.5310U 亏损=-0.3965U 净浮盈=0.1345U 手续费基数=0.1209U 阈值=0.6043U
[TRACKER] 本轮结束（将由 crontab 重新拉起）
[TRACKER] 启动，每 5 秒检查一次…
[TRACKER] 20:17:03 持仓=5 盈利=0.6120U 亏损=-0.4466U 净浮盈=0.1654U 手续费基数=0.1209U 阈值=0.6043U
[TRACKER] 20:17:09 持仓=5 盈利=0.5670U 亏损=-0.4875U 净浮盈=0.0795U 手续费基数=0.1209U 阈值=0.6043U
[TRACKER] 20:17:16 持仓=5 盈利=0.5580U 亏损=-0.4637U 净浮盈=0.0943U 手续费基数=0.1209U 阈值=0.6043U
[TRACKER] 20:17:22 持仓=5 盈利=0.5760U 亏损=-0.5196U 净浮盈=0.0564U 手续费基数=0.1209U 阈值=0.6043U
[TRACKER] 20:17:29 持仓=5 盈利=0.6030U 亏损=-0.5036U 净浮盈=0.0994U 手续费基数=0.1209U 阈值=0.6043U
[TRACKER] 20:17:35 持仓=5 盈利=0.6030U 亏损=-0.5256U 净浮盈=0.0774U 手续费基数=0.1209U 阈值=0.6043U
[TRACKER] 20:17:42 持仓=5 盈利=0.6290U 亏损=-0.5228U 净浮盈=0.1062U 手续费基数=0.1209U 阈值=0.6043U
[TRACKER] 20:17:48 持仓=5 盈利=0.6333U 亏损=-0.6347U 净浮盈=-0.0014U 手续费基数=0.1209U 阈值=0.6043U
[TRACKER] 20:17:55 持仓=5 盈利=0.6573U 亏损=-0.6331U 净浮盈=0.0242U 手续费基数=0.1209U 阈值=0.6043U
[TRACKER] 本轮结束（将由 crontab 重新拉起）
[TRACKER] 启动，每 5 秒检查一次…
[TRACKER] 20:18:02 持仓=5 盈利=0.6661U 亏损=-0.6086U 净浮盈=0.0575U 手续费基数=0.1209U 阈值=0.6043U
[TRACKER] 20:18:08 持仓=5 盈利=0.6210U 亏损=-1.1136U 净浮盈=-0.4926U 手续费基数=0.1209U 阈值=0.6043U
[TRACKER] 20:18:15 持仓=5 盈利=0.5130U 亏损=-0.9694U 净浮盈=-0.4564U 手续费基数=0.1209U 阈值=0.6043U
[TRACKER] 20:18:22 持仓=5 盈利=0.5072U 亏损=-1.1132U 净浮盈=-0.6060U 手续费基数=0.1209U 阈值=0.6043U
[TRACKER] 20:18:28 持仓=5 盈利=0.4622U 亏损=-0.9793U 净浮盈=-0.5170U 手续费基数=0.1209U 阈值=0.6043U
[TRACKER] 20:18:34 持仓=5 盈利=0.4262U 亏损=-0.8954U 净浮盈=-0.4692U 手续费基数=0.1209U 阈值=0.6043U
[TRACKER] 20:18:40 持仓=5 盈利=0.4082U 亏损=-1.0505U 净浮盈=-0.6423U 手续费基数=0.1209U 阈值=0.6043U
[TRACKER] 20:18:47 持仓=5 盈利=0.3992U 亏损=-0.9745U 净浮盈=-0.5753U 手续费基数=0.1209U 阈值=0.6043U
[TRACKER] 20:18:54 持仓=5 盈利=0.3452U 亏损=-0.9314U 净浮盈=-0.5862U 手续费基数=0.1209U 阈值=0.6043U
[TRACKER] 本轮结束（将由 crontab 重新拉起）
[TRACKER] 启动，每 5 秒检查一次…
[TRACKER] 20:19:03 持仓=5 盈利=0.3632U 亏损=-1.0045U 净浮盈=-0.6413U 手续费基数=0.1209U 阈值=0.6043U
[TRACKER] 20:19:09 持仓=5 盈利=0.3812U 亏损=-1.1118U 净浮盈=-0.7305U 手续费基数=0.1209U 阈值=0.6043U
[TRACKER] 20:19:16 持仓=5 盈利=0.3632U 亏损=-1.0778U 净浮盈=-0.7145U 手续费基数=0.1209U 阈值=0.6043U
[TRACKER] 20:19:22 持仓=5 盈利=0.3722U 亏损=-1.0988U 净浮盈=-0.7265U 手续费基数=0.1209U 阈值=0.6043U
[TRACKER] 20:19:28 持仓=5 盈利=0.3812U 亏损=-0.9994U 净浮盈=-0.6182U 手续费基数=0.1209U 阈值=0.6043U
[TRACKER] 20:19:35 持仓=5 盈利=0.4615U 亏损=-0.9840U 净浮盈=-0.5225U 手续费基数=0.1209U 阈值=0.6043U
[TRACKER] 20:19:41 持仓=5 盈利=0.4615U 亏损=-0.9280U 净浮盈=-0.4665U 手续费基数=0.1209U 阈值=0.6043U
[TRACKER] 20:19:48 持仓=5 盈利=0.5006U 亏损=-0.9770U 净浮盈=-0.4764U 手续费基数=0.1209U 阈值=0.6043U
[TRACKER] 20:19:54 持仓=5 盈利=0.4587U 亏损=-0.9630U 净浮盈=-0.5043U 手续费基数=0.1209U 阈值=0.6043U
[TRACKER] 本轮结束（将由 crontab 重新拉起）
[TRACKER] 启动，每 5 秒检查一次…
[TRACKER] 20:20:03 持仓=5 盈利=0.4172U 亏损=-1.0474U 净浮盈=-0.6302U 手续费基数=0.1209U 阈值=0.6043U
[TRACKER] 20:20:10 持仓=5 盈利=0.4262U 亏损=-1.2104U 净浮盈=-0.7842U 手续费基数=0.1209U 阈值=0.6043U
[TRACKER] 20:20:16 持仓=5 盈利=0.3960U 亏损=-1.2982U 净浮盈=-0.9022U 手续费基数=0.1209U 阈值=0.6043U
[TRACKER] 20:20:22 持仓=5 盈利=0.3420U 亏损=-1.2840U 净浮盈=-0.9420U 手续费基数=0.1209U 阈值=0.6043U
[TRACKER] 20:20:29 持仓=5 盈利=0.4140U 亏损=-1.3319U 净浮盈=-0.9179U 手续费基数=0.1209U 阈值=0.6043U
[TRACKER] 20:20:35 持仓=5 盈利=0.4381U 亏损=-1.2199U 净浮盈=-0.7818U 手续费基数=0.1209U 阈值=0.6043U
[TRACKER] 20:20:41 持仓=5 盈利=0.4320U 亏损=-1.3194U 净浮盈=-0.8874U 手续费基数=0.1209U 阈值=0.6043U
[TRACKER] 20:20:48 持仓=5 盈利=0.4140U 亏损=-1.3824U 净浮盈=-0.9684U 手续费基数=0.1209U 阈值=0.6043U
[TRACKER] 20:20:54 持仓=5 盈利=0.4410U 亏损=-1.6797U 净浮盈=-1.2387U 手续费基数=0.1209U 阈值=0.6043U
[TRACKER] 本轮结束（将由 crontab 重新拉起）
[TRACKER] 启动，每 5 秒检查一次…
[TRACKER] 20:21:03 持仓=5 盈利=0.4860U 亏损=-1.5594U 净浮盈=-1.0734U 手续费基数=0.1209U 阈值=0.6043U
[TRACKER] 20:21:09 持仓=5 盈利=0.5310U 亏损=-1.5485U 净浮盈=-1.0175U 手续费基数=0.1209U 阈值=0.6043U
[TRACKER] 20:21:16 持仓=5 盈利=0.5400U 亏损=-1.5165U 净浮盈=-0.9765U 手续费基数=0.1209U 阈值=0.6043U
[TRACKER] 20:21:22 持仓=5 盈利=0.5400U 亏损=-1.4878U 净浮盈=-0.9478U 手续费基数=0.1209U 阈值=0.6043U
[TRACKER] 20:21:29 持仓=5 盈利=0.4770U 亏损=-1.5268U 净浮盈=-1.0498U 手续费基数=0.1209U 阈值=0.6043U
[TRACKER] 20:21:35 持仓=5 盈利=0.4950U 亏损=-1.5467U 净浮盈=-1.0517U 手续费基数=0.1209U 阈值=0.6043U
[TRACKER] 20:21:42 持仓=5 盈利=0.4230U 亏损=-1.3987U 净浮盈=-0.9757U 手续费基数=0.1209U 阈值=0.6043U
[TRACKER] 20:21:48 持仓=5 盈利=0.4050U 亏损=-1.2545U 净浮盈=-0.8495U 手续费基数=0.1209U 阈值=0.6043U
[TRACKER] 20:21:55 持仓=5 盈利=0.3690U 亏损=-1.4254U 净浮盈=-1.0564U 手续费基数=0.1209U 阈值=0.6043U
[TRACKER] 本轮结束（将由 crontab 重新拉起）
[TRACKER] 启动，每 5 秒检查一次…
[TRACKER] 20:22:02 持仓=5 盈利=0.3240U 亏损=-1.3740U 净浮盈=-1.0500U 手续费基数=0.1209U 阈值=0.6043U
[TRACKER] 20:22:08 持仓=5 盈利=0.2340U 亏损=-1.4460U 净浮盈=-1.2120U 手续费基数=0.1209U 阈值=0.6043U
[TRACKER] 20:22:14 持仓=5 盈利=0.2880U 亏损=-1.5370U 净浮盈=-1.2490U 手续费基数=0.1209U 阈值=0.6043U
[TRACKER] 20:22:21 持仓=5 盈利=0.2250U 亏损=-1.4670U 净浮盈=-1.2420U 手续费基数=0.1209U 阈值=0.6043U
[TRACKER] 20:22:27 持仓=5 盈利=0.2340U 亏损=-1.5510U 净浮盈=-1.3170U 手续费基数=0.1209U 阈值=0.6043U
[TRACKER] 20:22:34 持仓=5 盈利=0.2250U 亏损=-1.5160U 净浮盈=-1.2910U 手续费基数=0.1209U 阈值=0.6043U
[TRACKER] 20:22:40 持仓=5 盈利=0.2430U 亏损=-1.6300U 净浮盈=-1.3870U 手续费基数=0.1209U 阈值=0.6043U
[TRACKER] 20:22:47 持仓=5 盈利=0.2430U 亏损=-1.7630U 净浮盈=-1.5200U 手续费基数=0.1209U 阈值=0.6043U
[TRACKER] 20:22:53 持仓=5 盈利=0.2070U 亏损=-1.7387U 净浮盈=-1.5317U 手续费基数=0.1209U 阈值=0.6043U
[TRACKER] 本轮结束（将由 crontab 重新拉起）
[TRACKER] 启动，每 5 秒检查一次…
[TRACKER] 20:23:03 持仓=5 盈利=0.1980U 亏损=-1.8355U 净浮盈=-1.6375U 手续费基数=0.1209U 阈值=0.6043U
[TRACKER] 20:23:10 持仓=5 盈利=0.2250U 亏损=-2.1409U 净浮盈=-1.9159U 手续费基数=0.1209U 阈值=0.6043U
[TRACKER] 20:23:16 持仓=5 盈利=0.2340U 亏损=-2.2232U 净浮盈=-1.9892U 手续费基数=0.1209U 阈值=0.6043U
[TRACKER] 20:23:23 持仓=5 盈利=0.1890U 亏损=-2.2125U 净浮盈=-2.0235U 手续费基数=0.1209U 阈值=0.6043U
[TRACKER] 20:23:29 持仓=5 盈利=0.1890U 亏损=-2.2028U 净浮盈=-2.0138U 手续费基数=0.1209U 阈值=0.6043U
[TRACKER] 20:23:36 持仓=5 盈利=0.1530U 亏损=-2.2260U 净浮盈=-2.0730U 手续费基数=0.1209U 阈值=0.6043U
[TRACKER] 20:23:42 持仓=5 盈利=0.1440U 亏损=-2.1818U 净浮盈=-2.0378U 手续费基数=0.1209U 阈值=0.6043U
[TRACKER] 20:23:49 持仓=5 盈利=0.1530U 亏损=-2.0663U 净浮盈=-1.9133U 手续费基数=0.1209U 阈值=0.6043U
[TRACKER] 20:23:56 持仓=5 盈利=0.1170U 亏损=-2.0410U 净浮盈=-1.9240U 手续费基数=0.1209U 阈值=0.6043U
[TRACKER] 本轮结束（将由 crontab 重新拉起）
[TRACKER] 启动，每 5 秒检查一次…
[TRACKER] 20:24:03 持仓=5 盈利=0.1260U 亏损=-2.2197U 净浮盈=-2.0937U 手续费基数=0.1209U 阈值=0.6043U
[TRACKER] 20:24:09 持仓=5 盈利=0.0900U 亏损=-2.2675U 净浮盈=-2.1775U 手续费基数=0.1209U 阈值=0.6043U
[TRACKER] 20:24:16 持仓=5 盈利=0.0090U 亏损=-2.1707U 净浮盈=-2.1617U 手续费基数=0.1209U 阈值=0.6043U
[TRACKER] 20:24:22 持仓=5 盈利=0.0000U 亏损=-2.2657U 净浮盈=-2.2657U 手续费基数=0.1209U 阈值=0.6043U
[TRACKER] 20:24:29 持仓=5 盈利=0.0180U 亏损=-2.1907U 净浮盈=-2.1727U 手续费基数=0.1209U 阈值=0.6043U
[TRACKER] 20:24:36 持仓=5 盈利=0.0000U 亏损=-2.2164U 净浮盈=-2.2164U 手续费基数=0.1209U 阈值=0.6043U
[TRACKER] 20:24:42 持仓=5 盈利=0.0000U 亏损=-2.2408U 净浮盈=-2.2408U 手续费基数=0.1209U 阈值=0.6043U
[TRACKER] 20:24:48 持仓=5 盈利=0.0000U 亏损=-2.3158U 净浮盈=-2.3158U 手续费基数=0.1209U 阈值=0.6043U
[TRACKER] 20:24:55 持仓=5 盈利=0.0302U 亏损=-2.1484U 净浮盈=-2.1182U 手续费基数=0.1209U 阈值=0.6043U
[TRACKER] 本轮结束（将由 crontab 重新拉起）
[TRACKER] 启动，每 5 秒检查一次…
[TRACKER] 20:25:02 持仓=5 盈利=0.0302U 亏损=-2.2099U 净浮盈=-2.1797U 手续费基数=0.1209U 阈值=0.6043U
[TRACKER] 20:25:08 持仓=5 盈利=0.0572U 亏损=-2.2681U 净浮盈=-2.2109U 手续费基数=0.1209U 阈值=0.6043U
[TRACKER] 20:25:14 持仓=5 盈利=0.0302U 亏损=-2.1781U 净浮盈=-2.1479U 手续费基数=0.1209U 阈值=0.6043U
[TRACKER] 20:25:21 持仓=5 盈利=0.0572U 亏损=-2.1831U 净浮盈=-2.1259U 手续费基数=0.1209U 阈值=0.6043U
[TRACKER] 20:25:27 持仓=5 盈利=0.0752U 亏损=-2.1710U 净浮盈=-2.0958U 手续费基数=0.1209U 阈值=0.6043U
[TRACKER] 20:25:33 持仓=5 盈利=0.0572U 亏损=-2.2179U 净浮盈=-2.1607U 手续费基数=0.1209U 阈值=0.6043U
[TRACKER] 20:25:40 持仓=5 盈利=0.0302U 亏损=-2.2529U 净浮盈=-2.2227U 手续费基数=0.1209U 阈值=0.6043U
[TRACKER] 20:25:46 持仓=5 盈利=0.0302U 亏损=-2.2571U 净浮盈=-2.2269U 手续费基数=0.1209U 阈值=0.6043U
[TRACKER] 20:25:52 持仓=5 盈利=0.0932U 亏损=-2.3490U 净浮盈=-2.2558U 手续费基数=0.1209U 阈值=0.6043U
[TRACKER] 本轮结束（将由 crontab 重新拉起）
[TRACKER] 启动，每 5 秒检查一次…
[TRACKER] 20:26:03 持仓=5 盈利=0.0842U 亏损=-2.3655U 净浮盈=-2.2813U 手续费基数=0.1209U 阈值=0.6043U
[TRACKER] 20:26:10 持仓=5 盈利=0.0990U 亏损=-2.4925U 净浮盈=-2.3935U 手续费基数=0.1209U 阈值=0.6043U
[TRACKER] 20:26:16 持仓=5 盈利=0.1170U 亏损=-2.8711U 净浮盈=-2.7541U 手续费基数=0.1209U 阈值=0.6043U
[TRACKER] 20:26:23 持仓=5 盈利=0.0540U 亏损=-2.6944U 净浮盈=-2.6404U 手续费基数=0.1209U 阈值=0.6043U
[TRACKER] 20:26:29 持仓=5 盈利=0.1231U 亏损=-2.5694U 净浮盈=-2.4463U 手续费基数=0.1209U 阈值=0.6043U
[TRACKER] 20:26:36 持仓=5 盈利=0.0662U 亏损=-2.4064U 净浮盈=-2.3402U 手续费基数=0.1209U 阈值=0.6043U
[TRACKER] 20:26:42 持仓=5 盈利=0.0842U 亏损=-2.3989U 净浮盈=-2.3147U 手续费基数=0.1209U 阈值=0.6043U
[TRACKER] 20:26:49 持仓=5 盈利=0.1292U 亏损=-2.4169U 净浮盈=-2.2877U 手续费基数=0.1209U 阈值=0.6043U
[TRACKER] 20:26:55 持仓=5 盈利=0.1742U 亏损=-2.4609U 净浮盈=-2.2867U 手续费基数=0.1209U 阈值=0.6043U
[TRACKER] 本轮结束（将由 crontab 重新拉起）
[TRACKER] 启动，每 5 秒检查一次…
[TRACKER] 20:27:02 持仓=5 盈利=0.1472U 亏损=-2.7369U 净浮盈=-2.5897U 手续费基数=0.1209U 阈值=0.6043U
[TRACKER] 20:27:08 持仓=5 盈利=0.1562U 亏损=-2.6964U 净浮盈=-2.5402U 手续费基数=0.1209U 阈值=0.6043U
[TRACKER] 20:27:15 持仓=5 盈利=0.2102U 亏损=-2.7134U 净浮盈=-2.5032U 手续费基数=0.1209U 阈值=0.6043U
[TRACKER] 20:27:21 持仓=5 盈利=0.2012U 亏损=-2.8024U 净浮盈=-2.6012U 手续费基数=0.1209U 阈值=0.6043U
[TRACKER] 20:27:28 持仓=5 盈利=0.2012U 亏损=-2.7744U 净浮盈=-2.5732U 手续费基数=0.1209U 阈值=0.6043U
[TRACKER] 20:27:34 持仓=5 盈利=0.1832U 亏损=-2.7184U 净浮盈=-2.5352U 手续费基数=0.1209U 阈值=0.6043U
[TRACKER] 20:27:41 持仓=5 盈利=0.1922U 亏损=-2.7744U 净浮盈=-2.5822U 手续费基数=0.1209U 阈值=0.6043U
[TRACKER] 20:27:47 持仓=5 盈利=0.2131U 亏损=-2.9074U 净浮盈=-2.6943U 手续费基数=0.1209U 阈值=0.6043U
[TRACKER] 20:27:54 持仓=5 盈利=0.2041U 亏损=-2.7577U 净浮盈=-2.5536U 手续费基数=0.1209U 阈值=0.6043U
[TRACKER] 本轮结束（将由 crontab 重新拉起）
[TRACKER] 启动，每 5 秒检查一次…
[TRACKER] 20:28:03 持仓=5 盈利=0.2012U 亏损=-2.6295U 净浮盈=-2.4283U 手续费基数=0.1209U 阈值=0.6043U
[TRACKER] 20:28:09 持仓=5 盈利=0.1742U 亏损=-2.6541U 净浮盈=-2.4799U 手续费基数=0.1209U 阈值=0.6043U
[TRACKER] 20:28:15 持仓=5 盈利=0.2192U 亏损=-2.6706U 净浮盈=-2.4514U 手续费基数=0.1209U 阈值=0.6043U
[TRACKER] 20:28:22 持仓=5 盈利=0.2192U 亏损=-2.4561U 净浮盈=-2.2369U 手续费基数=0.1209U 阈值=0.6043U
[TRACKER] 20:28:28 持仓=5 盈利=0.2070U 亏损=-2.5868U 净浮盈=-2.3798U 手续费基数=0.1209U 阈值=0.6043U
[TRACKER] 20:28:35 持仓=5 盈利=0.2070U 亏损=-2.6111U 净浮盈=-2.4041U 手续费基数=0.1209U 阈值=0.6043U
[TRACKER] 20:28:41 持仓=5 盈利=0.2160U 亏损=-2.5072U 净浮盈=-2.2912U 手续费基数=0.1209U 阈值=0.6043U
[TRACKER] 20:28:47 持仓=5 盈利=0.2070U 亏损=-2.4876U 净浮盈=-2.2806U 手续费基数=0.1209U 阈值=0.6043U
[TRACKER] 20:28:54 持仓=5 盈利=0.2790U 亏损=-2.4129U 净浮盈=-2.1339U 手续费基数=0.1209U 阈值=0.6043U
[TRACKER] 本轮结束（将由 crontab 重新拉起）
[TRACKER] 启动，每 5 秒检查一次…
[TRACKER] 20:29:03 持仓=5 盈利=0.2880U 亏损=-2.5392U 净浮盈=-2.2512U 手续费基数=0.1209U 阈值=0.6043U
[TRACKER] 20:29:10 持仓=5 盈利=0.2340U 亏损=-2.4177U 净浮盈=-2.1837U 手续费基数=0.1209U 阈值=0.6043U
[TRACKER] 20:29:17 持仓=5 盈利=0.2250U 亏损=-2.4556U 净浮盈=-2.2306U 手续费基数=0.1209U 阈值=0.6043U
[TRACKER] 20:29:23 持仓=5 盈利=0.3150U 亏损=-2.4965U 净浮盈=-2.1815U 手续费基数=0.1209U 阈值=0.6043U
[TRACKER] 20:29:30 持仓=5 盈利=0.3150U 亏损=-2.4382U 净浮盈=-2.1232U 手续费基数=0.1209U 阈值=0.6043U
[TRACKER] 20:29:36 持仓=5 盈利=0.2160U 亏损=-2.6006U 净浮盈=-2.3846U 手续费基数=0.1209U 阈值=0.6043U
[TRACKER] 20:29:42 持仓=5 盈利=0.2250U 亏损=-2.4802U 净浮盈=-2.2552U 手续费基数=0.1209U 阈值=0.6043U
[TRACKER] 20:29:49 持仓=5 盈利=0.2520U 亏损=-2.5572U 净浮盈=-2.3052U 手续费基数=0.1209U 阈值=0.6043U
[TRACKER] 20:29:55 持仓=5 盈利=0.2520U 亏损=-2.6552U 净浮盈=-2.4032U 手续费基数=0.1209U 阈值=0.6043U
[TRACKER] 本轮结束（将由 crontab 重新拉起）
[TRACKER] 启动，每 5 秒检查一次…
[TRACKER] 20:30:02 持仓=5 盈利=0.2880U 亏损=-2.8719U 净浮盈=-2.5839U 手续费基数=0.1209U 阈值=0.6043U
[TRACKER] 20:30:09 持仓=5 盈利=0.2790U 亏损=-2.8381U 净浮盈=-2.5591U 手续费基数=0.1209U 阈值=0.6043U
[TRACKER] 20:30:16 持仓=5 盈利=0.2160U 亏损=-2.8742U 净浮盈=-2.6582U 手续费基数=0.1209U 阈值=0.6043U
[TRACKER] 20:30:22 持仓=5 盈利=0.2340U 亏损=-2.9579U 净浮盈=-2.7239U 手续费基数=0.1209U 阈值=0.6043U
[TRACKER] 20:30:29 持仓=5 盈利=0.2160U 亏损=-2.8890U 净浮盈=-2.6730U 手续费基数=0.1209U 阈值=0.6043U
[TRACKER] 20:30:35 持仓=5 盈利=0.2430U 亏损=-2.8599U 净浮盈=-2.6169U 手续费基数=0.1209U 阈值=0.6043U
[TRACKER] 20:30:41 持仓=5 盈利=0.2250U 亏损=-2.9780U 净浮盈=-2.7530U 手续费基数=0.1209U 阈值=0.6043U
[TRACKER] 20:30:48 持仓=5 盈利=0.2250U 亏损=-2.9480U 净浮盈=-2.7230U 手续费基数=0.1209U 阈值=0.6043U
[TRACKER] 20:30:55 持仓=5 盈利=0.2520U 亏损=-2.8570U 净浮盈=-2.6050U 手续费基数=0.1209U 阈值=0.6043U
[TRACKER] 本轮结束（将由 crontab 重新拉起）
[TRACKER] 启动，每 5 秒检查一次…
[TRACKER] 20:31:02 持仓=5 盈利=0.2250U 亏损=-2.7870U 净浮盈=-2.5620U 手续费基数=0.1209U 阈值=0.6043U
[TRACKER] 20:31:08 持仓=5 盈利=0.1980U 亏损=-3.0003U 净浮盈=-2.8023U 手续费基数=0.1209U 阈值=0.6043U
[TRACKER] 20:31:14 持仓=5 盈利=0.2070U 亏损=-3.0403U 净浮盈=-2.8333U 手续费基数=0.1209U 阈值=0.6043U
[TRACKER] 20:31:20 持仓=5 盈利=0.2160U 亏损=-3.0493U 净浮盈=-2.8333U 手续费基数=0.1209U 阈值=0.6043U
[TRACKER] 20:31:27 持仓=5 盈利=0.2070U 亏损=-3.1356U 净浮盈=-2.9286U 手续费基数=0.1209U 阈值=0.6043U
[TRACKER] 20:31:33 持仓=5 盈利=0.2430U 亏损=-3.2625U 净浮盈=-3.0195U 手续费基数=0.1209U 阈值=0.6043U
[TRACKER] 20:31:40 持仓=5 盈利=0.2430U 亏损=-3.3395U 净浮盈=-3.0965U 手续费基数=0.1209U 阈值=0.6043U
[TRACKER] 20:31:46 持仓=5 盈利=0.2250U 亏损=-3.3805U 净浮盈=-3.1555U 手续费基数=0.1209U 阈值=0.6043U
[TRACKER] 20:31:53 持仓=5 盈利=0.2160U 亏损=-3.4244U 净浮盈=-3.2084U 手续费基数=0.1209U 阈值=0.6043U
[TRACKER] 本轮结束（将由 crontab 重新拉起）
[TRACKER] 启动，每 5 秒检查一次…
[TRACKER] 20:32:03 持仓=5 盈利=0.2070U 亏损=-3.2659U 净浮盈=-3.0589U 手续费基数=0.1209U 阈值=0.6043U
[TRACKER] 20:32:10 持仓=5 盈利=0.2340U 亏损=-3.2268U 净浮盈=-2.9928U 手续费基数=0.1209U 阈值=0.6043U
[TRACKER] 20:32:16 持仓=5 盈利=0.2250U 亏损=-3.2168U 净浮盈=-2.9918U 手续费基数=0.1209U 阈值=0.6043U
[TRACKER] 20:32:23 持仓=5 盈利=0.2520U 亏损=-3.1086U 净浮盈=-2.8566U 手续费基数=0.1209U 阈值=0.6043U
[TRACKER] 20:32:29 持仓=5 盈利=0.2520U 亏损=-3.1566U 净浮盈=-2.9046U 手续费基数=0.1209U 阈值=0.6043U
[TRACKER] 20:32:35 持仓=5 盈利=0.2250U 亏损=-3.2856U 净浮盈=-3.0606U 手续费基数=0.1209U 阈值=0.6043U
[TRACKER] 20:32:42 持仓=5 盈利=0.2250U 亏损=-3.4626U 净浮盈=-3.2376U 手续费基数=0.1209U 阈值=0.6043U
[TRACKER] 20:32:48 持仓=5 盈利=0.2340U 亏损=-3.1627U 净浮盈=-2.9287U 手续费基数=0.1209U 阈值=0.6043U
[TRACKER] 20:32:54 持仓=5 盈利=0.2340U 亏损=-3.3337U 净浮盈=-3.0997U 手续费基数=0.1209U 阈值=0.6043U
[TRACKER] 本轮结束（将由 crontab 重新拉起）
[TRACKER] 启动，每 5 秒检查一次…
[TRACKER] 20:33:03 持仓=5 盈利=0.2430U 亏损=-3.4462U 净浮盈=-3.2032U 手续费基数=0.1209U 阈值=0.6043U
[TRACKER] 20:33:10 持仓=5 盈利=0.2520U 亏损=-3.4712U 净浮盈=-3.2192U 手续费基数=0.1209U 阈值=0.6043U
[TRACKER] 20:33:16 持仓=5 盈利=0.2520U 亏损=-3.4303U 净浮盈=-3.1783U 手续费基数=0.1209U 阈值=0.6043U
[TRACKER] 20:33:23 持仓=5 盈利=0.1980U 亏损=-3.3475U 净浮盈=-3.1495U 手续费基数=0.1209U 阈值=0.6043U
[TRACKER] 20:33:29 持仓=5 盈利=0.2070U 亏损=-3.4002U 净浮盈=-3.1932U 手续费基数=0.1209U 阈值=0.6043U
[TRACKER] 20:33:36 持仓=5 盈利=0.1980U 亏损=-3.6732U 净浮盈=-3.4752U 手续费基数=0.1209U 阈值=0.6043U
[TRACKER] 20:33:42 持仓=5 盈利=0.1980U 亏损=-3.8949U 净浮盈=-3.6969U 手续费基数=0.1209U 阈值=0.6043U
[TRACKER] 20:33:49 持仓=5 盈利=0.1980U 亏损=-3.7962U 净浮盈=-3.5982U 手续费基数=0.1209U 阈值=0.6043U
[TRACKER] 20:33:56 持仓=5 盈利=0.2160U 亏损=-3.9292U 净浮盈=-3.7132U 手续费基数=0.1209U 阈值=0.6043U
[TRACKER] 本轮结束（将由 crontab 重新拉起）
[TRACKER] 启动，每 5 秒检查一次…
[TRACKER] 20:34:03 持仓=4 盈利=0.2070U 亏损=-1.0499U 净浮盈=-0.8429U 手续费基数=0.0977U 阈值=0.4885U
[TRACKER] 20:34:09 持仓=4 盈利=0.2070U 亏损=-1.1305U 净浮盈=-0.9235U 手续费基数=0.0977U 阈值=0.4885U
[TRACKER] 20:34:16 持仓=4 盈利=0.1890U 亏损=-1.0994U 净浮盈=-0.9104U 手续费基数=0.0977U 阈值=0.4885U
[TRACKER] 20:34:23 持仓=4 盈利=0.1890U 亏损=-1.0775U 净浮盈=-0.8885U 手续费基数=0.0977U 阈值=0.4885U
[TRACKER] 20:34:29 持仓=4 盈利=0.0990U 亏损=-1.0288U 净浮盈=-0.9298U 手续费基数=0.0977U 阈值=0.4885U
[TRACKER] 20:34:35 持仓=4 盈利=0.0990U 亏损=-0.9516U 净浮盈=-0.8526U 手续费基数=0.0977U 阈值=0.4885U
[TRACKER] 20:34:42 持仓=4 盈利=0.0810U 亏损=-0.9121U 净浮盈=-0.8311U 手续费基数=0.0977U 阈值=0.4885U
[TRACKER] 20:34:49 持仓=4 盈利=0.1170U 亏损=-0.9196U 净浮盈=-0.8026U 手续费基数=0.0977U 阈值=0.4885U
[TRACKER] 20:34:55 持仓=4 盈利=0.0630U 亏损=-0.9004U 净浮盈=-0.8374U 手续费基数=0.0977U 阈值=0.4885U
[TRACKER] 本轮结束（将由 crontab 重新拉起）
[TRACKER] 启动，每 5 秒检查一次…
[TRACKER] 20:35:02 持仓=4 盈利=0.0810U 亏损=-0.8701U 净浮盈=-0.7891U 手续费基数=0.0977U 阈值=0.4885U
[TRACKER] 20:35:09 持仓=4 盈利=0.2250U 亏损=-0.9835U 净浮盈=-0.7585U 手续费基数=0.0977U 阈值=0.4885U
[TRACKER] 20:35:15 持仓=4 盈利=0.2340U 亏损=-0.9986U 净浮盈=-0.7646U 手续费基数=0.0977U 阈值=0.4885U
[TRACKER] 20:35:21 持仓=4 盈利=0.3330U 亏损=-0.9373U 净浮盈=-0.6043U 手续费基数=0.0977U 阈值=0.4885U
[TRACKER] 20:35:27 持仓=4 盈利=0.2880U 亏损=-0.9835U 净浮盈=-0.6955U 手续费基数=0.0977U 阈值=0.4885U
[TRACKER] 20:35:34 持仓=4 盈利=0.3240U 亏损=-0.9381U 净浮盈=-0.6141U 手续费基数=0.0977U 阈值=0.4885U
[TRACKER] 20:35:40 持仓=4 盈利=0.2880U 亏损=-0.9264U 净浮盈=-0.6383U 手续费基数=0.0977U 阈值=0.4885U
[TRACKER] 20:35:47 持仓=4 盈利=0.2790U 亏损=-0.8719U 净浮盈=-0.5928U 手续费基数=0.0977U 阈值=0.4885U
[TRACKER] 20:35:53 持仓=4 盈利=0.3240U 亏损=-0.8844U 净浮盈=-0.5604U 手续费基数=0.0977U 阈值=0.4885U
[TRACKER] 本轮结束（将由 crontab 重新拉起）
[TRACKER] 启动，每 5 秒检查一次…
[TRACKER] 20:36:03 持仓=4 盈利=0.3600U 亏损=-0.7459U 净浮盈=-0.3859U 手续费基数=0.0977U 阈值=0.4885U
[TRACKER] 20:36:10 持仓=4 盈利=0.4410U 亏损=-0.7199U 净浮盈=-0.2789U 手续费基数=0.0977U 阈值=0.4885U
[TRACKER] 20:36:16 持仓=4 盈利=0.4845U 亏损=-0.7048U 净浮盈=-0.2203U 手续费基数=0.0977U 阈值=0.4885U
[TRACKER] 20:36:23 持仓=4 盈利=0.5142U 亏损=-0.7048U 净浮盈=-0.1905U 手续费基数=0.0977U 阈值=0.4885U
[TRACKER] 20:36:29 持仓=4 盈利=0.4226U 亏损=-0.7039U 净浮盈=-0.2813U 手续费基数=0.0977U 阈值=0.4885U
[TRACKER] 20:36:36 持仓=4 盈利=0.4050U 亏损=-0.7391U 净浮盈=-0.3341U 手续费基数=0.0977U 阈值=0.4885U
[TRACKER] 20:36:42 持仓=4 盈利=0.3690U 亏损=-0.7937U 净浮盈=-0.4247U 手续费基数=0.0977U 阈值=0.4885U
[TRACKER] 20:36:48 持仓=4 盈利=0.2790U 亏损=-0.8466U 净浮盈=-0.5676U 手续费基数=0.0977U 阈值=0.4885U
[TRACKER] 20:36:55 持仓=4 盈利=0.1980U 亏损=-0.8231U 净浮盈=-0.6251U 手续费基数=0.0977U 阈值=0.4885U
[TRACKER] 本轮结束（将由 crontab 重新拉起）
[TRACKER] 启动，每 5 秒检查一次…
[TRACKER] 20:37:02 持仓=4 盈利=0.0990U 亏损=-0.7761U 净浮盈=-0.6771U 手续费基数=0.0977U 阈值=0.4885U
[TRACKER] 20:37:08 持仓=4 盈利=0.0810U 亏损=-0.7600U 净浮盈=-0.6790U 手续费基数=0.0977U 阈值=0.4885U
[TRACKER] 20:37:15 持仓=4 盈利=0.0990U 亏损=-0.7424U 净浮盈=-0.6434U 手续费基数=0.0977U 阈值=0.4885U
[TRACKER] 20:37:21 持仓=4 盈利=0.0990U 亏损=-0.7424U 净浮盈=-0.6434U 手续费基数=0.0977U 阈值=0.4885U
[TRACKER] 20:37:27 持仓=4 盈利=0.1440U 亏损=-0.6944U 净浮盈=-0.5504U 手续费基数=0.0977U 阈值=0.4885U
[TRACKER] 20:37:34 持仓=4 盈利=0.1620U 亏损=-0.7003U 净浮盈=-0.5383U 手续费基数=0.0977U 阈值=0.4885U
[TRACKER] 20:37:40 持仓=4 盈利=0.1440U 亏损=-0.6784U 净浮盈=-0.5344U 手续费基数=0.0977U 阈值=0.4885U
[TRACKER] 20:37:47 持仓=4 盈利=0.2070U 亏损=-0.6901U 净浮盈=-0.4831U 手续费基数=0.0977U 阈值=0.4885U
[TRACKER] 20:37:53 持仓=4 盈利=0.2070U 亏损=-0.6539U 净浮盈=-0.4469U 手续费基数=0.0977U 阈值=0.4885U
[TRACKER] 本轮结束（将由 crontab 重新拉起）
[TRACKER] 启动，每 5 秒检查一次…
[TRACKER] 20:38:04 持仓=4 盈利=0.2340U 亏损=-0.6330U 净浮盈=-0.3990U 手续费基数=0.0977U 阈值=0.4885U
[TRACKER] 20:38:10 持仓=4 盈利=0.1980U 亏损=-0.5850U 净浮盈=-0.3870U 手续费基数=0.0977U 阈值=0.4885U
[TRACKER] 20:38:17 持仓=4 盈利=0.1980U 亏损=-0.5908U 净浮盈=-0.3928U 手续费基数=0.0977U 阈值=0.4885U
[TRACKER] 20:38:23 持仓=4 盈利=0.2250U 亏损=-0.6530U 净浮盈=-0.4280U 手续费基数=0.0977U 阈值=0.4885U
[TRACKER] 20:38:29 持仓=4 盈利=0.2610U 亏损=-0.6321U 净浮盈=-0.3711U 手续费基数=0.0977U 阈值=0.4885U
[TRACKER] 20:38:36 持仓=4 盈利=0.2790U 亏损=-0.6330U 净浮盈=-0.3540U 手续费基数=0.0977U 阈值=0.4885U
[TRACKER] 20:38:42 持仓=4 盈利=0.2610U 亏损=-0.5960U 净浮盈=-0.3350U 手续费基数=0.0977U 阈值=0.4885U
[TRACKER] 20:38:49 持仓=4 盈利=0.2610U 亏损=-0.6195U 净浮盈=-0.3585U 手续费基数=0.0977U 阈值=0.4885U
[TRACKER] 20:38:55 持仓=4 盈利=0.1530U 亏损=-0.6312U 净浮盈=-0.4782U 手续费基数=0.0977U 阈值=0.4885U
[TRACKER] 本轮结束（将由 crontab 重新拉起）
[TRACKER] 启动，每 5 秒检查一次…
[TRACKER] 20:39:03 持仓=4 盈利=0.1620U 亏损=-0.6430U 净浮盈=-0.4810U 手续费基数=0.0977U 阈值=0.4885U
[TRACKER] 20:39:09 持仓=4 盈利=0.1710U 亏损=-0.6253U 净浮盈=-0.4543U 手续费基数=0.0977U 阈值=0.4885U
[TRACKER] 20:39:15 持仓=4 盈利=0.1620U 亏损=-0.6707U 净浮盈=-0.5087U 手续费基数=0.0977U 阈值=0.4885U
[TRACKER] 20:39:22 持仓=4 盈利=0.2070U 亏损=-0.6732U 净浮盈=-0.4662U 手续费基数=0.0977U 阈值=0.4885U
[TRACKER] 20:39:28 持仓=4 盈利=0.2160U 亏损=-0.6967U 净浮盈=-0.4807U 手续费基数=0.0977U 阈值=0.4885U
[TRACKER] 20:39:35 持仓=4 盈利=0.2520U 亏损=-0.6967U 净浮盈=-0.4447U 手续费基数=0.0977U 阈值=0.4885U
[TRACKER] 20:39:41 持仓=4 盈利=0.2790U 亏损=-0.7936U 净浮盈=-0.5146U 手续费基数=0.0977U 阈值=0.4885U
[TRACKER] 20:39:47 持仓=4 盈利=0.3060U 亏损=-0.7776U 净浮盈=-0.4716U 手续费基数=0.0977U 阈值=0.4885U
[TRACKER] 20:39:54 持仓=4 盈利=0.2880U 亏损=-0.7936U 净浮盈=-0.5056U 手续费基数=0.0977U 阈值=0.4885U
[TRACKER] 本轮结束（将由 crontab 重新拉起）
[TRACKER] 启动，每 5 秒检查一次…
[TRACKER] 20:40:03 持仓=4 盈利=0.2970U 亏损=-0.8053U 净浮盈=-0.5083U 手续费基数=0.0977U 阈值=0.4885U
[TRACKER] 20:40:09 持仓=4 盈利=0.2520U 亏损=-0.7977U 净浮盈=-0.5457U 手续费基数=0.0977U 阈值=0.4885U
[TRACKER] 20:40:16 持仓=4 盈利=0.2880U 亏损=-0.8070U 净浮盈=-0.5190U 手续费基数=0.0977U 阈值=0.4885U
[TRACKER] 20:40:22 持仓=4 盈利=0.2790U 亏损=-0.7918U 净浮盈=-0.5128U 手续费基数=0.0977U 阈值=0.4885U
[TRACKER] 20:40:28 持仓=4 盈利=0.2520U 亏损=-0.7918U 净浮盈=-0.5398U 手续费基数=0.0977U 阈值=0.4885U
[TRACKER] 20:40:35 持仓=4 盈利=0.2340U 亏损=-0.7918U 净浮盈=-0.5578U 手续费基数=0.0977U 阈值=0.4885U
[TRACKER] 20:40:41 持仓=4 盈利=0.2430U 亏损=-0.7581U 净浮盈=-0.5151U 手续费基数=0.0977U 阈值=0.4885U
[TRACKER] 20:40:48 持仓=4 盈利=0.2250U 亏损=-0.7581U 净浮盈=-0.5331U 手续费基数=0.0977U 阈值=0.4885U
[TRACKER] 20:40:54 持仓=4 盈利=0.2790U 亏损=-0.7581U 净浮盈=-0.4791U 手续费基数=0.0977U 阈值=0.4885U
[TRACKER] 本轮结束（将由 crontab 重新拉起）
[TRACKER] 启动，每 5 秒检查一次…
[TRACKER] 20:41:04 持仓=4 盈利=0.2430U 亏损=-0.7732U 净浮盈=-0.5302U 手续费基数=0.0977U 阈值=0.4885U
[TRACKER] 20:41:10 持仓=4 盈利=0.2070U 亏损=-0.7421U 净浮盈=-0.5351U 手续费基数=0.0977U 阈值=0.4885U
[TRACKER] 20:41:16 持仓=4 盈利=0.2340U 亏损=-0.6941U 净浮盈=-0.4601U 手续费基数=0.0977U 阈值=0.4885U
[TRACKER] 20:41:22 持仓=4 盈利=0.2250U 亏损=-0.6941U 净浮盈=-0.4691U 手续费基数=0.0977U 阈值=0.4885U
[TRACKER] 20:41:29 持仓=4 盈利=0.2430U 亏损=-0.6630U 净浮盈=-0.4200U 手续费基数=0.0977U 阈值=0.4885U
[TRACKER] 20:41:35 持仓=4 盈利=0.2340U 亏损=-0.6310U 净浮盈=-0.3970U 手续费基数=0.0977U 阈值=0.4885U
[TRACKER] 20:41:41 持仓=4 盈利=0.2070U 亏损=-0.6133U 净浮盈=-0.4063U 手续费基数=0.0977U 阈值=0.4885U
[TRACKER] 20:41:48 持仓=4 盈利=0.1980U 亏损=-0.5493U 净浮盈=-0.3513U 手续费基数=0.0977U 阈值=0.4885U
[TRACKER] 20:41:54 持仓=4 盈利=0.1710U 亏损=-0.5493U 净浮盈=-0.3783U 手续费基数=0.0977U 阈值=0.4885U
[TRACKER] 本轮结束（将由 crontab 重新拉起）
[TRACKER] 启动，每 5 秒检查一次…
[TRACKER] 20:42:01 持仓=4 盈利=0.1710U 亏损=-0.5493U 净浮盈=-0.3783U 手续费基数=0.0977U 阈值=0.4885U
[TRACKER] 20:42:08 持仓=4 盈利=0.1890U 亏损=-0.5031U 净浮盈=-0.3141U 手续费基数=0.0977U 阈值=0.4885U
[TRACKER] 20:42:14 持仓=4 盈利=0.1440U 亏损=-0.4166U 净浮盈=-0.2726U 手续费基数=0.0977U 阈值=0.4885U
[TRACKER] 20:42:20 持仓=4 盈利=0.1710U 亏损=-0.4385U 净浮盈=-0.2675U 手续费基数=0.0977U 阈值=0.4885U
[TRACKER] 20:42:27 持仓=4 盈利=0.1890U 亏损=-0.4427U 净浮盈=-0.2537U 手续费基数=0.0977U 阈值=0.4885U
[TRACKER] 20:42:33 持仓=4 盈利=0.1710U 亏损=-0.4385U 净浮盈=-0.2675U 手续费基数=0.0977U 阈值=0.4885U
[TRACKER] 20:42:39 持仓=4 盈利=0.1800U 亏损=-0.4385U 净浮盈=-0.2585U 手续费基数=0.0977U 阈值=0.4885U
[TRACKER] 20:42:46 持仓=4 盈利=0.1710U 亏损=-0.4942U 净浮盈=-0.3232U 手续费基数=0.0977U 阈值=0.4885U
[TRACKER] 20:42:52 持仓=4 盈利=0.1980U 亏损=-0.5385U 净浮盈=-0.3405U 手续费基数=0.0977U 阈值=0.4885U
[TRACKER] 本轮结束（将由 crontab 重新拉起）
[TRACKER] 启动，每 5 秒检查一次…
[TRACKER] 20:43:03 持仓=4 盈利=0.4410U 亏损=-0.5663U 净浮盈=-0.1253U 手续费基数=0.0977U 阈值=0.4885U
[TRACKER] 20:43:10 持仓=4 盈利=0.5310U 亏损=-0.5663U 净浮盈=-0.0353U 手续费基数=0.0977U 阈值=0.4885U
[TRACKER] 20:43:16 持仓=4 盈利=0.5310U 亏损=-0.5983U 净浮盈=-0.0673U 手续费基数=0.0977U 阈值=0.4885U
[TRACKER] 20:43:22 持仓=4 盈利=0.5220U 亏损=-0.5983U 净浮盈=-0.0763U 手续费基数=0.0977U 阈值=0.4885U
[TRACKER] 20:43:29 持仓=4 盈利=0.4950U 亏损=-0.6042U 净浮盈=-0.1092U 手续费基数=0.0977U 阈值=0.4885U
[TRACKER] 20:43:35 持仓=4 盈利=0.5130U 亏损=-0.5300U 净浮盈=-0.0170U 手续费基数=0.0977U 阈值=0.4885U
[TRACKER] 20:43:42 持仓=4 盈利=0.4860U 亏损=-0.5444U 净浮盈=-0.0584U 手续费基数=0.0977U 阈值=0.4885U
[TRACKER] 20:43:48 持仓=4 盈利=0.5040U 亏损=-0.5318U 净浮盈=-0.0278U 手续费基数=0.0977U 阈值=0.4885U
[TRACKER] 20:43:54 持仓=4 盈利=0.4590U 亏损=-0.5453U 净浮盈=-0.0863U 手续费基数=0.0977U 阈值=0.4885U
[TRACKER] 本轮结束（将由 crontab 重新拉起）
[TRACKER] 启动，每 5 秒检查一次…
[TRACKER] 20:44:04 持仓=4 盈利=0.3330U 亏损=-0.5579U 净浮盈=-0.2249U 手续费基数=0.0977U 阈值=0.4885U
[TRACKER] 20:44:10 持仓=4 盈利=0.3780U 亏损=-0.6033U 净浮盈=-0.2253U 手续费基数=0.0977U 阈值=0.4885U
[TRACKER] 20:44:17 持仓=4 盈利=0.3240U 亏损=-0.6033U 净浮盈=-0.2793U 手续费基数=0.0977U 阈值=0.4885U
[TRACKER] 20:44:23 持仓=4 盈利=0.3690U 亏损=-0.6301U 净浮盈=-0.2611U 手续费基数=0.0977U 阈值=0.4885U
[TRACKER] 20:44:30 持仓=4 盈利=0.3960U 亏损=-0.6603U 净浮盈=-0.2643U 手续费基数=0.0977U 阈值=0.4885U
[TRACKER] 20:44:36 持仓=4 盈利=0.3870U 亏损=-0.5661U 净浮盈=-0.1791U 手续费基数=0.0977U 阈值=0.4885U
[TRACKER] 20:44:43 持仓=4 盈利=0.4410U 亏损=-0.5661U 净浮盈=-0.1251U 手续费基数=0.0977U 阈值=0.4885U
[TRACKER] 20:44:49 持仓=4 盈利=0.4500U 亏损=-0.5720U 净浮盈=-0.1220U 手续费基数=0.0977U 阈值=0.4885U
[TRACKER] 20:44:56 持仓=4 盈利=0.4500U 亏损=-0.5560U 净浮盈=-0.1060U 手续费基数=0.0977U 阈值=0.4885U
[TRACKER] 本轮结束（将由 crontab 重新拉起）
[TRACKER] 启动，每 5 秒检查一次…
[TRACKER] 20:45:03 持仓=4 盈利=0.4320U 亏损=-0.6265U 净浮盈=-0.1945U 手续费基数=0.0977U 阈值=0.4885U
[TRACKER] 20:45:10 持仓=4 盈利=0.4320U 亏损=-0.5954U 净浮盈=-0.1634U 手续费基数=0.0977U 阈值=0.4885U
[TRACKER] 20:45:16 持仓=4 盈利=0.4140U 亏损=-0.5803U 净浮盈=-0.1663U 手续费基数=0.0977U 阈值=0.4885U
[TRACKER] 20:45:23 持仓=4 盈利=0.3870U 亏损=-0.5652U 净浮盈=-0.1782U 手续费基数=0.0977U 阈值=0.4885U
[TRACKER] 20:45:29 持仓=4 盈利=0.3510U 亏损=-0.4561U 净浮盈=-0.1051U 手续费基数=0.0977U 阈值=0.4885U
[TRACKER] 20:45:36 持仓=4 盈利=0.3690U 亏损=-0.4561U 净浮盈=-0.0871U 手续费基数=0.0977U 阈值=0.4885U
[TRACKER] 20:45:42 持仓=4 盈利=0.3060U 亏损=-0.5392U 净浮盈=-0.2332U 手续费基数=0.0977U 阈值=0.4885U
[TRACKER] 20:45:49 持仓=4 盈利=0.3510U 亏损=-0.4501U 净浮盈=-0.0991U 手续费基数=0.0977U 阈值=0.4885U
[TRACKER] 20:45:55 持仓=4 盈利=0.3330U 亏损=-0.4350U 净浮盈=-0.1020U 手续费基数=0.0977U 阈值=0.4885U
[TRACKER] 本轮结束（将由 crontab 重新拉起）
[TRACKER] 启动，每 5 秒检查一次…
[TRACKER] 20:46:02 持仓=4 盈利=0.3330U 亏损=-0.4350U 净浮盈=-0.1020U 手续费基数=0.0977U 阈值=0.4885U
[TRACKER] 20:46:09 持仓=4 盈利=0.3240U 亏损=-0.5005U 净浮盈=-0.1765U 手续费基数=0.0977U 阈值=0.4885U
[TRACKER] 20:46:15 持仓=4 盈利=0.3330U 亏损=-0.5965U 净浮盈=-0.2635U 手续费基数=0.0977U 阈值=0.4885U
[TRACKER] 20:46:21 持仓=4 盈利=0.3060U 亏损=-0.6125U 净浮盈=-0.3065U 手续费基数=0.0977U 阈值=0.4885U
[TRACKER] 20:46:28 持仓=4 盈利=0.2880U 亏损=-0.6125U 净浮盈=-0.3245U 手续费基数=0.0977U 阈值=0.4885U
[TRACKER] 20:46:34 持仓=4 盈利=0.2700U 亏损=-0.6427U 净浮盈=-0.3727U 手续费基数=0.0977U 阈值=0.4885U
[TRACKER] 20:46:41 持仓=4 盈利=0.2790U 亏损=-0.6427U 净浮盈=-0.3637U 手续费基数=0.0977U 阈值=0.4885U
[TRACKER] 20:46:47 持仓=4 盈利=0.2790U 亏损=-0.6427U 净浮盈=-0.3637U 手续费基数=0.0977U 阈值=0.4885U
[TRACKER] 20:46:53 持仓=4 盈利=0.3330U 亏损=-0.6427U 净浮盈=-0.3097U 手续费基数=0.0977U 阈值=0.4885U
[TRACKER] 本轮结束（将由 crontab 重新拉起）
[TRACKER] 启动，每 5 秒检查一次…
[TRACKER] 20:47:02 持仓=4 盈利=0.2970U 亏损=-0.6385U 净浮盈=-0.3415U 手续费基数=0.0977U 阈值=0.4885U
[TRACKER] 20:47:09 持仓=4 盈利=0.2035U 亏损=-0.5092U 净浮盈=-0.3057U 手续费基数=0.0977U 阈值=0.4885U
[TRACKER] 20:47:15 持仓=4 盈利=0.3210U 亏损=-0.5092U 净浮盈=-0.1882U 手续费基数=0.0977U 阈值=0.4885U
[TRACKER] 20:47:22 持仓=4 盈利=0.3089U 亏损=-0.5092U 净浮盈=-0.2003U 手续费基数=0.0977U 阈值=0.4885U
[TRACKER] 20:47:28 持仓=4 盈利=0.2815U 亏损=-0.4941U 净浮盈=-0.2126U 手续费基数=0.0977U 阈值=0.4885U
[TRACKER] 20:47:34 持仓=4 盈利=0.2729U 亏损=-0.4941U 净浮盈=-0.2212U 手续费基数=0.0977U 阈值=0.4885U
[TRACKER] 20:47:41 持仓=4 盈利=0.2823U 亏损=-0.4017U 净浮盈=-0.1194U 手续费基数=0.0977U 阈值=0.4885U
[TRACKER] 20:47:47 持仓=4 盈利=0.2552U 亏损=-0.4017U 净浮盈=-0.1464U 手续费基数=0.0977U 阈值=0.4885U
[TRACKER] 20:47:54 持仓=4 盈利=0.1895U 亏损=-0.3404U 净浮盈=-0.1509U 手续费基数=0.0977U 阈值=0.4885U
[TRACKER] 本轮结束（将由 crontab 重新拉起）
[TRACKER] 启动，每 5 秒检查一次…
[TRACKER] 20:48:03 持仓=4 盈利=0.1899U 亏损=-0.2942U 净浮盈=-0.1043U 手续费基数=0.0977U 阈值=0.4885U
[TRACKER] 20:48:09 持仓=4 盈利=0.1809U 亏损=-0.3102U 净浮盈=-0.1293U 手续费基数=0.0977U 阈值=0.4885U
[TRACKER] 20:48:15 持仓=4 盈利=0.2200U 亏损=-0.3102U 净浮盈=-0.0902U 手续费基数=0.0977U 阈值=0.4885U
[TRACKER] 20:48:21 持仓=4 盈利=0.2318U 亏损=-0.3102U 净浮盈=-0.0784U 手续费基数=0.0977U 阈值=0.4885U
[TRACKER] 20:48:28 持仓=4 盈利=0.2823U 亏损=-0.3262U 净浮盈=-0.0439U 手续费基数=0.0977U 阈值=0.4885U
[TRACKER] 20:48:34 持仓=4 盈利=0.3065U 亏损=-0.3262U 净浮盈=-0.0197U 手续费基数=0.0977U 阈值=0.4885U
[TRACKER] 20:48:41 持仓=4 盈利=0.2916U 亏损=-0.3102U 净浮盈=-0.0185U 手续费基数=0.0977U 阈值=0.4885U
[TRACKER] 20:48:47 持仓=4 盈利=0.2384U 亏损=-0.3102U 净浮盈=-0.0718U 手续费基数=0.0977U 阈值=0.4885U
[TRACKER] 20:48:53 持仓=4 盈利=0.2869U 亏损=-0.3102U 净浮盈=-0.0233U 手续费基数=0.0977U 阈值=0.4885U
[TRACKER] 本轮结束（将由 crontab 重新拉起）
[TRACKER] 启动，每 5 秒检查一次…
[TRACKER] 20:49:03 持仓=4 盈利=0.3565U 亏损=-0.3102U 净浮盈=0.0463U 手续费基数=0.0977U 阈值=0.4885U
[TRACKER] 20:49:09 持仓=4 盈利=0.5005U 亏损=-0.2782U 净浮盈=0.2223U 手续费基数=0.0977U 阈值=0.4885U
[TRACKER] 20:49:16 持仓=4 盈利=0.4856U 亏损=-0.2782U 净浮盈=0.2075U 手续费基数=0.0977U 阈值=0.4885U
[TRACKER] 20:49:23 持仓=4 盈利=0.4226U 亏损=-0.2150U 净浮盈=0.2076U 手续费基数=0.0977U 阈值=0.4885U
[TRACKER] 20:49:29 持仓=4 盈利=0.4226U 亏损=-0.2453U 净浮盈=0.1774U 手续费基数=0.0977U 阈值=0.4885U
[TRACKER] 20:49:36 持仓=4 盈利=0.4168U 亏损=-0.2453U 净浮盈=0.1715U 手续费基数=0.0977U 阈值=0.4885U
[TRACKER] 20:49:42 持仓=4 盈利=0.3448U 亏损=-0.2613U 净浮盈=0.0835U 手续费基数=0.0977U 阈值=0.4885U
[TRACKER] 20:49:49 持仓=4 盈利=0.4078U 亏损=-0.2613U 净浮盈=0.1465U 手续费基数=0.0977U 阈值=0.4885U
[TRACKER] 20:49:55 持仓=4 盈利=0.3510U 亏损=-0.2453U 净浮盈=0.1057U 手续费基数=0.0977U 阈值=0.4885U
[TRACKER] 本轮结束（将由 crontab 重新拉起）
[TRACKER] 启动，每 5 秒检查一次…
[TRACKER] 20:50:02 持仓=4 盈利=0.3389U 亏损=-0.2604U 净浮盈=0.0785U 手续费基数=0.0977U 阈值=0.4885U
[TRACKER] 20:50:09 持仓=4 盈利=0.3448U 亏损=-0.2444U 净浮盈=0.1004U 手续费基数=0.0977U 阈值=0.4885U
[TRACKER] 20:50:15 持仓=4 盈利=0.4046U 亏损=-0.2604U 净浮盈=0.1443U 手续费基数=0.0977U 阈值=0.4885U
[TRACKER] 20:50:22 持仓=4 盈利=0.3835U 亏损=-0.2444U 净浮盈=0.1391U 手续费基数=0.0977U 阈值=0.4885U
[TRACKER] 20:50:28 持仓=4 盈利=0.4133U 亏损=-0.2444U 净浮盈=0.1689U 手续费基数=0.0977U 阈值=0.4885U
[TRACKER] 20:50:35 持仓=4 盈利=0.3960U 亏损=-0.2275U 净浮盈=0.1685U 手续费基数=0.0977U 阈值=0.4885U
[TRACKER] 20:50:41 持仓=4 盈利=0.3870U 亏损=-0.2275U 净浮盈=0.1595U 手续费基数=0.0977U 阈值=0.4885U
[TRACKER] 20:50:48 持仓=4 盈利=0.4050U 亏损=-0.2435U 净浮盈=0.1615U 手续费基数=0.0977U 阈值=0.4885U
[TRACKER] 20:50:54 持仓=4 盈利=0.4050U 亏损=-0.2444U 净浮盈=0.1606U 手续费基数=0.0977U 阈值=0.4885U
[TRACKER] 本轮结束（将由 crontab 重新拉起）
[TRACKER] 启动，每 5 秒检查一次…
[TRACKER] 20:51:03 持仓=4 盈利=0.3150U 亏损=-0.2604U 净浮盈=0.0546U 手续费基数=0.0977U 阈值=0.4885U
[TRACKER] 20:51:10 持仓=4 盈利=0.2700U 亏损=-0.2881U 净浮盈=-0.0181U 手续费基数=0.0977U 阈值=0.4885U
[TRACKER] 20:51:16 持仓=4 盈利=0.2250U 亏损=-0.2822U 净浮盈=-0.0572U 手续费基数=0.0977U 阈值=0.4885U
[TRACKER] 20:51:23 持仓=4 盈利=0.1980U 亏损=-0.2822U 净浮盈=-0.0842U 手续费基数=0.0977U 阈值=0.4885U
[TRACKER] 20:51:29 持仓=4 盈利=0.2368U 亏损=-0.2764U 净浮盈=-0.0396U 手续费基数=0.0977U 阈值=0.4885U
[TRACKER] 20:51:36 持仓=4 盈利=0.2125U 亏损=-0.2764U 净浮盈=-0.0639U 手续费基数=0.0977U 阈值=0.4885U
[TRACKER] 20:51:42 持仓=4 盈利=0.1918U 亏损=-0.2764U 净浮盈=-0.0846U 手续费基数=0.0977U 阈值=0.4885U
[TRACKER] 20:51:48 持仓=4 盈利=0.2188U 亏损=-0.2764U 净浮盈=-0.0576U 手续费基数=0.0977U 阈值=0.4885U
[TRACKER] 20:51:55 持仓=4 盈利=0.1949U 亏损=-0.2764U 净浮盈=-0.0815U 手续费基数=0.0977U 阈值=0.4885U
[TRACKER] 本轮结束（将由 crontab 重新拉起）
[TRACKER] 启动，每 5 秒检查一次…
[TRACKER] 20:52:02 持仓=4 盈利=0.2340U 亏损=-0.2613U 净浮盈=-0.0273U 手续费基数=0.0977U 阈值=0.4885U
[TRACKER] 20:52:08 持仓=4 盈利=0.2880U 亏损=-0.2613U 净浮盈=0.0267U 手续费基数=0.0977U 阈值=0.4885U
[TRACKER] 20:52:15 持仓=4 盈利=0.2610U 亏损=-0.2613U 净浮盈=-0.0003U 手续费基数=0.0977U 阈值=0.4885U
[TRACKER] 20:52:21 持仓=4 盈利=0.2700U 亏损=-0.2613U 净浮盈=0.0087U 手续费基数=0.0977U 阈值=0.4885U
[TRACKER] 20:52:27 持仓=4 盈利=0.3416U 亏损=-0.2613U 净浮盈=0.0804U 手续费基数=0.0977U 阈值=0.4885U
[TRACKER] 20:52:34 持仓=4 盈利=0.3205U 亏损=-0.2293U 净浮盈=0.0912U 手续费基数=0.0977U 阈值=0.4885U
[TRACKER] 20:52:40 持仓=4 盈利=0.3385U 亏损=-0.2124U 净浮盈=0.1261U 手续费基数=0.0977U 阈值=0.4885U
[TRACKER] 20:52:47 持仓=4 盈利=0.3236U 亏损=-0.2284U 净浮盈=0.0953U 手续费基数=0.0977U 阈值=0.4885U
[TRACKER] 20:52:53 持仓=4 盈利=0.3267U 亏损=-0.2124U 净浮盈=0.1144U 手续费基数=0.0977U 阈值=0.4885U
[TRACKER] 本轮结束（将由 crontab 重新拉起）
[TRACKER] 启动，每 5 秒检查一次…
[TRACKER] 20:53:03 持仓=4 盈利=0.2727U 亏损=-0.1973U 净浮盈=0.0755U 手续费基数=0.0977U 阈值=0.4885U
[TRACKER] 20:53:10 持仓=4 盈利=0.3267U 亏损=-0.2124U 净浮盈=0.1144U 手续费基数=0.0977U 阈值=0.4885U
[TRACKER] 20:53:16 持仓=4 盈利=0.3240U 亏损=-0.2417U 净浮盈=0.0823U 手续费基数=0.0977U 阈值=0.4885U
[TRACKER] 20:53:23 持仓=4 盈利=0.3330U 亏损=-0.2417U 净浮盈=0.0913U 手续费基数=0.0977U 阈值=0.4885U
[TRACKER] 20:53:29 持仓=4 盈利=0.3060U 亏损=-0.2359U 净浮盈=0.0701U 手续费基数=0.0977U 阈值=0.4885U
[TRACKER] 20:53:35 持仓=4 盈利=0.2970U 亏损=-0.2140U 净浮盈=0.0830U 手续费基数=0.0977U 阈值=0.4885U
[TRACKER] 20:53:42 持仓=4 盈利=0.2970U 亏损=-0.2140U 净浮盈=0.0830U 手续费基数=0.0977U 阈值=0.4885U
[TRACKER] 20:53:48 持仓=4 盈利=0.2790U 亏损=-0.2140U 净浮盈=0.0650U 手续费基数=0.0977U 阈值=0.4885U
[TRACKER] 20:53:54 持仓=4 盈利=0.2790U 亏损=-0.1813U 净浮盈=0.0977U 手续费基数=0.0977U 阈值=0.4885U
[TRACKER] 本轮结束（将由 crontab 重新拉起）
[TRACKER] 启动，每 5 秒检查一次…
[TRACKER] 20:54:04 持仓=4 盈利=0.2939U 亏损=-0.1813U 净浮盈=0.1126U 手续费基数=0.0977U 阈值=0.4885U
[TRACKER] 20:54:10 持仓=4 盈利=0.2430U 亏损=-0.1964U 净浮盈=0.0466U 手续费基数=0.0977U 阈值=0.4885U
[TRACKER] 20:54:16 持仓=4 盈利=0.3150U 亏损=-0.1964U 净浮盈=0.1186U 手续费基数=0.0977U 阈值=0.4885U
[TRACKER] 20:54:23 持仓=4 盈利=0.3060U 亏损=-0.1871U 净浮盈=0.1189U 手续费基数=0.0977U 阈值=0.4885U
[TRACKER] 20:54:29 持仓=4 盈利=0.3600U 亏损=-0.1930U 净浮盈=0.1670U 手续费基数=0.0977U 阈值=0.4885U
[TRACKER] 20:54:36 持仓=4 盈利=0.3330U 亏损=-0.2090U 净浮盈=0.1240U 手续费基数=0.0977U 阈值=0.4885U
[TRACKER] 20:54:42 持仓=4 盈利=0.3600U 亏损=-0.2250U 净浮盈=0.1350U 手续费基数=0.0977U 阈值=0.4885U
[TRACKER] 20:54:49 持仓=4 盈利=0.3420U 亏损=-0.2325U 净浮盈=0.1095U 手续费基数=0.0977U 阈值=0.4885U
[TRACKER] 20:54:56 持仓=4 盈利=0.3690U 亏损=-0.2208U 净浮盈=0.1482U 手续费基数=0.0977U 阈值=0.4885U
[TRACKER] 本轮结束（将由 crontab 重新拉起）
[TRACKER] 启动，每 5 秒检查一次…
[TRACKER] 20:55:03 持仓=4 盈利=0.4140U 亏损=-0.2359U 净浮盈=0.1781U 手续费基数=0.0977U 阈值=0.4885U
[TRACKER] 20:55:09 持仓=4 盈利=0.4347U 亏损=-0.2124U 净浮盈=0.2224U 手续费基数=0.0977U 阈值=0.4885U
[TRACKER] 20:55:16 持仓=4 盈利=0.4406U 亏损=-0.2124U 净浮盈=0.2283U 手续费基数=0.0977U 阈值=0.4885U
[TRACKER] 20:55:22 持仓=4 盈利=0.4230U 亏损=-0.2182U 净浮盈=0.2048U 手续费基数=0.0977U 阈值=0.4885U
[TRACKER] 20:55:28 持仓=4 盈利=0.4410U 亏损=-0.2241U 净浮盈=0.2169U 手续费基数=0.0977U 阈值=0.4885U
[TRACKER] 20:55:35 持仓=4 盈利=0.4230U 亏损=-0.2300U 净浮盈=0.1930U 手续费基数=0.0977U 阈值=0.4885U
[TRACKER] 20:55:41 持仓=4 盈利=0.4230U 亏损=-0.2417U 净浮盈=0.1813U 手续费基数=0.0977U 阈值=0.4885U
[TRACKER] 20:55:47 持仓=4 盈利=0.4480U 亏损=-0.2434U 净浮盈=0.2046U 手续费基数=0.0977U 阈值=0.4885U
[TRACKER] 20:55:54 持仓=4 盈利=0.4320U 亏损=-0.2535U 净浮盈=0.1785U 手续费基数=0.0977U 阈值=0.4885U
[TRACKER] 本轮结束（将由 crontab 重新拉起）
[TRACKER] 启动，每 5 秒检查一次…
[TRACKER] 20:56:03 持仓=4 盈利=0.4320U 亏损=-0.3166U 净浮盈=0.1154U 手续费基数=0.0977U 阈值=0.4885U
[TRACKER] 20:56:10 持仓=4 盈利=0.3600U 亏损=-0.2855U 净浮盈=0.0745U 手续费基数=0.0977U 阈值=0.4885U
[TRACKER] 20:56:16 持仓=4 盈利=0.3060U 亏损=-0.2855U 净浮盈=0.0205U 手续费基数=0.0977U 阈值=0.4885U
[TRACKER] 20:56:22 持仓=4 盈利=0.3060U 亏损=-0.2375U 净浮盈=0.0685U 手续费基数=0.0977U 阈值=0.4885U
[TRACKER] 20:56:28 持仓=4 盈利=0.2880U 亏损=-0.2375U 净浮盈=0.0505U 手续费基数=0.0977U 阈值=0.4885U
[TRACKER] 20:56:35 持仓=4 盈利=0.2880U 亏损=-0.2375U 净浮盈=0.0505U 手续费基数=0.0977U 阈值=0.4885U
[TRACKER] 20:56:41 持仓=4 盈利=0.2970U 亏损=-0.2375U 净浮盈=0.0595U 手续费基数=0.0977U 阈值=0.4885U
[TRACKER] 20:56:48 持仓=4 盈利=0.2790U 亏损=-0.2140U 净浮盈=0.0650U 手续费基数=0.0977U 阈值=0.4885U
[TRACKER] 20:56:55 持仓=4 盈利=0.2970U 亏损=-0.2460U 净浮盈=0.0510U 手续费基数=0.0977U 阈值=0.4885U
[TRACKER] 本轮结束（将由 crontab 重新拉起）
[TRACKER] 启动，每 5 秒检查一次…
[TRACKER] 20:57:02 持仓=4 盈利=0.3330U 亏损=-0.2812U 净浮盈=0.0518U 手续费基数=0.0977U 阈值=0.4885U
[TRACKER] 20:57:08 持仓=4 盈利=0.4020U 亏损=-0.2375U 净浮盈=0.1645U 手续费基数=0.0977U 阈值=0.4885U
[TRACKER] 20:57:14 持仓=4 盈利=0.3880U 亏损=-0.2434U 净浮盈=0.1446U 手续费基数=0.0977U 阈值=0.4885U
[TRACKER] 20:57:21 持仓=4 盈利=0.4060U 亏损=-0.2492U 净浮盈=0.1568U 手续费基数=0.0977U 阈值=0.4885U
[TRACKER] 20:57:27 持仓=4 盈利=0.3650U 亏损=-0.2257U 净浮盈=0.1393U 手续费基数=0.0977U 阈值=0.4885U
[TRACKER] 20:57:33 持仓=4 盈利=0.3900U 亏损=-0.2316U 净浮盈=0.1584U 手续费基数=0.0977U 阈值=0.4885U
[TRACKER] 20:57:40 持仓=4 盈利=0.3560U 亏损=-0.2434U 净浮盈=0.1126U 手续费基数=0.0977U 阈值=0.4885U
[TRACKER] 20:57:46 持仓=4 盈利=0.3720U 亏损=-0.2375U 净浮盈=0.1345U 手续费基数=0.0977U 阈值=0.4885U
[TRACKER] 20:57:53 持仓=4 盈利=0.2860U 亏损=-0.2316U 净浮盈=0.0544U 手续费基数=0.0977U 阈值=0.4885U
[TRACKER] 本轮结束（将由 crontab 重新拉起）
[TRACKER] 启动，每 5 秒检查一次…
[TRACKER] 20:58:03 持仓=4 盈利=0.3550U 亏损=-0.2316U 净浮盈=0.1234U 手续费基数=0.0977U 阈值=0.4885U
[TRACKER] 20:58:09 持仓=4 盈利=0.3430U 亏损=-0.2492U 净浮盈=0.0938U 手续费基数=0.0977U 阈值=0.4885U
[TRACKER] 20:58:16 持仓=4 盈利=0.3370U 亏损=-0.2727U 净浮盈=0.0643U 手续费基数=0.0977U 阈值=0.4885U
[TRACKER] 20:58:23 持仓=4 盈利=0.4050U 亏损=-0.2727U 净浮盈=0.1323U 手续费基数=0.0977U 阈值=0.4885U
[TRACKER] 20:58:29 持仓=4 盈利=0.4010U 亏损=-0.2727U 净浮盈=0.1283U 手续费基数=0.0977U 阈值=0.4885U
[TRACKER] 20:58:35 持仓=4 盈利=0.2600U 亏损=-0.2727U 净浮盈=-0.0127U 手续费基数=0.0977U 阈值=0.4885U
[TRACKER] 20:58:42 持仓=4 盈利=0.2830U 亏损=-0.2669U 净浮盈=0.0161U 手续费基数=0.0977U 阈值=0.4885U
[TRACKER] 20:58:48 持仓=4 盈利=0.2760U 亏损=-0.2492U 净浮盈=0.0268U 手续费基数=0.0977U 阈值=0.4885U
[TRACKER] 20:58:55 持仓=4 盈利=0.2640U 亏损=-0.2492U 净浮盈=0.0148U 手续费基数=0.0977U 阈值=0.4885U
[TRACKER] 本轮结束（将由 crontab 重新拉起）
[TRACKER] 启动，每 5 秒检查一次…
[TRACKER] 20:59:02 持仓=4 盈利=0.2800U 亏损=-0.2492U 净浮盈=0.0308U 手续费基数=0.0977U 阈值=0.4885U
[TRACKER] 20:59:08 持仓=4 盈利=0.2980U 亏损=-0.2492U 净浮盈=0.0488U 手续费基数=0.0977U 阈值=0.4885U
[TRACKER] 20:59:14 持仓=4 盈利=0.2550U 亏损=-0.2492U 净浮盈=0.0058U 手续费基数=0.0977U 阈值=0.4885U
[TRACKER] 20:59:21 持仓=4 盈利=0.2950U 亏损=-0.2492U 净浮盈=0.0458U 手续费基数=0.0977U 阈值=0.4885U
[TRACKER] 20:59:27 持仓=4 盈利=0.2230U 亏损=-0.2492U 净浮盈=-0.0262U 手续费基数=0.0977U 阈值=0.4885U
[TRACKER] 20:59:33 持仓=4 盈利=0.2340U 亏损=-0.2492U 净浮盈=-0.0152U 手续费基数=0.0977U 阈值=0.4885U
[TRACKER] 20:59:39 持仓=4 盈利=0.2790U 亏损=-0.2492U 净浮盈=0.0298U 手续费基数=0.0977U 阈值=0.4885U
[TRACKER] 20:59:46 持仓=4 盈利=0.3240U 亏损=-0.2492U 净浮盈=0.0748U 手续费基数=0.0977U 阈值=0.4885U
[TRACKER] 20:59:52 持仓=4 盈利=0.3400U 亏损=-0.2610U 净浮盈=0.0790U 手续费基数=0.0977U 阈值=0.4885U
[TRACKER] 本轮结束（将由 crontab 重新拉起）
[TRACKER] 启动，每 5 秒检查一次…
[TRACKER] 21:00:03 持仓=4 盈利=0.3400U 亏损=-0.2610U 净浮盈=0.0790U 手续费基数=0.0977U 阈值=0.4885U
[TRACKER] 21:00:10 持仓=4 盈利=0.3400U 亏损=-0.2257U 净浮盈=0.1143U 手续费基数=0.0977U 阈值=0.4885U
[TRACKER] 21:00:16 持仓=4 盈利=0.3040U 亏损=-0.2257U 净浮盈=0.0783U 手续费基数=0.0977U 阈值=0.4885U
[TRACKER] 21:00:23 持仓=4 盈利=0.2900U 亏损=-0.2316U 净浮盈=0.0584U 手续费基数=0.0977U 阈值=0.4885U
[TRACKER] 21:00:29 持仓=4 盈利=0.2810U 亏损=-0.2316U 净浮盈=0.0494U 手续费基数=0.0977U 阈值=0.4885U
[TRACKER] 21:00:36 持仓=4 盈利=0.2010U 亏损=-0.2492U 净浮盈=-0.0482U 手续费基数=0.0977U 阈值=0.4885U
[TRACKER] 21:00:42 持仓=4 盈利=0.3300U 亏损=-0.2492U 净浮盈=0.0808U 手续费基数=0.0977U 阈值=0.4885U
[TRACKER] 21:00:48 持仓=4 盈利=0.3390U 亏损=-0.2434U 净浮盈=0.0956U 手续费基数=0.0977U 阈值=0.4885U
[TRACKER] 21:00:55 持仓=4 盈利=0.3750U 亏损=-0.2434U 净浮盈=0.1316U 手续费基数=0.0977U 阈值=0.4885U
[TRACKER] 本轮结束（将由 crontab 重新拉起）
[TRACKER] 启动，每 5 秒检查一次…
[TRACKER] 21:01:01 持仓=4 盈利=0.3750U 亏损=-0.2434U 净浮盈=0.1316U 手续费基数=0.0977U 阈值=0.4885U
[TRACKER] 21:01:08 持仓=5 盈利=0.3750U 亏损=-0.2615U 净浮盈=0.1135U 手续费基数=0.1206U 阈值=0.6030U
[TRACKER] 21:01:15 持仓=5 盈利=0.3890U 亏损=-0.2375U 净浮盈=0.1515U 手续费基数=0.1206U 阈值=0.6030U
[TRACKER] 21:01:22 持仓=5 盈利=0.4010U 亏损=-0.2316U 净浮盈=0.1694U 手续费基数=0.1206U 阈值=0.6030U
[TRACKER] 21:01:28 持仓=5 盈利=0.6020U 亏损=-0.2375U 净浮盈=0.3645U 手续费基数=0.1206U 阈值=0.6030U
[TRACKER] 21:01:34 持仓=5 盈利=0.6539U 亏损=-0.2115U 净浮盈=0.4424U 手续费基数=0.1206U 阈值=0.6030U
[TRACKER] 21:01:41 持仓=5 盈利=0.6556U 亏损=-0.2115U 净浮盈=0.4442U 手续费基数=0.1206U 阈值=0.6030U
[TRACKER] 21:01:47 持仓=5 盈利=0.7149U 亏损=-0.1813U 净浮盈=0.5336U 手续费基数=0.1206U 阈值=0.6030U
[TRACKER] 21:01:54 持仓=5 盈利=0.6806U 亏损=-0.1813U 净浮盈=0.4994U 手续费基数=0.1206U 阈值=0.6030U
[TRACKER] 本轮结束（将由 crontab 重新拉起）
[TRACKER] 启动，每 5 秒检查一次…
[TRACKER] 21:02:03 持仓=5 盈利=0.6845U 亏损=-0.1813U 净浮盈=0.5032U 手续费基数=0.1206U 阈值=0.6030U
[TRACKER] 21:02:09 持仓=5 盈利=0.7778U 亏损=-0.1813U 净浮盈=0.5965U 手续费基数=0.1206U 阈值=0.6030U
[TRACKER] 21:02:15 持仓=5 盈利=0.7388U 亏损=-0.1813U 净浮盈=0.5575U 手续费基数=0.1206U 阈值=0.6030U
[TRACKER] 21:02:22 持仓=5 盈利=0.7688U 亏损=-0.1813U 净浮盈=0.5875U 手续费基数=0.1206U 阈值=0.6030U
[TRACKER] 21:02:28 持仓=5 盈利=0.7097U 亏损=-0.1813U 净浮盈=0.5285U 手续费基数=0.1206U 阈值=0.6030U
[TRACKER] 21:02:35 持仓=5 盈利=0.7240U 亏损=-0.2501U 净浮盈=0.4739U 手续费基数=0.1206U 阈值=0.6030U
[TRACKER] 21:02:41 持仓=5 盈利=0.8040U 亏损=-0.2794U 净浮盈=0.5246U 手续费基数=0.1206U 阈值=0.6030U
[TRACKER] 21:02:48 持仓=5 盈利=0.8530U 亏损=-0.2736U 净浮盈=0.5794U 手续费基数=0.1206U 阈值=0.6030U
[TRACKER] 21:02:54 持仓=5 盈利=0.7390U 亏损=-0.2408U 净浮盈=0.4982U 手续费基数=0.1206U 阈值=0.6030U
[TRACKER] 本轮结束（将由 crontab 重新拉起）
[TRACKER] 启动，每 5 秒检查一次…
[TRACKER] 21:03:03 持仓=5 盈利=0.7930U 亏损=-0.2232U 净浮盈=0.5698U 手续费基数=0.1206U 阈值=0.6030U
[TRACKER] 21:03:10 持仓=5 盈利=0.8960U 亏损=-0.2232U 净浮盈=0.6728U 手续费基数=0.1206U 阈值=0.6030U
[TRACKER] 🎯 净浮盈 0.6728 > 阈值 0.6030，开始平仓
   ✅ 平仓 LPT/USDT:USDT 浮盈 0.0800U
   ✅ 平仓 DEXE/USDT:USDT 浮盈 0.4920U
   ✅ 平仓 TLM/USDT:USDT 浮盈 -0.2115U
   ✅ 平仓 EUL/USDT:USDT 浮盈 0.3240U
   ✅ 平仓 VANRY/USDT:USDT 浮盈 -0.0118U
[TRACKER] 21:03:18 无持仓
[TRACKER] 21:03:24 无持仓
[TRACKER] 21:03:31 无持仓
[TRACKER] 21:03:38 无持仓
[TRACKER] 21:03:44 无持仓
[TRACKER] 21:03:51 无持仓
[TRACKER] 21:03:57 无持仓
[TRACKER] 本轮结束（将由 crontab 重新拉起）
[TRACKER] 启动，每 5 秒检查一次…
[TRACKER] 21:04:03 无持仓
[TRACKER] 21:04:10 无持仓
[TRACKER] 21:04:16 无持仓
[TRACKER] 21:04:23 无持仓
[TRACKER] 21:04:29 无持仓
[TRACKER] 21:04:35 无持仓
[TRACKER] 21:04:42 无持仓
[TRACKER] 21:04:49 无持仓
[TRACKER] 21:04:55 无持仓
[TRACKER] 本轮结束（将由 crontab 重新拉起）
[TRACKER] 启动，每 5 秒检查一次…
[TRACKER] 21:05:02 无持仓
[TRACKER] 21:05:08 无持仓
[TRACKER] 21:05:15 无持仓
[TRACKER] 21:05:21 无持仓
[TRACKER] 21:05:28 无持仓
[TRACKER] 21:05:34 无持仓
[TRACKER] 21:05:41 无持仓
[TRACKER] 21:05:48 无持仓
[TRACKER] 21:05:54 无持仓
[TRACKER] 本轮结束（将由 crontab 重新拉起）
[TRACKER] 启动，每 5 秒检查一次…
[TRACKER] 21:06:01 无持仓
[TRACKER] 21:06:08 无持仓
[TRACKER] 21:06:15 无持仓
[TRACKER] 21:06:22 无持仓
[TRACKER] 21:06:28 无持仓
[TRACKER] 21:06:35 无持仓
[TRACKER] 21:06:42 无持仓
[TRACKER] 21:06:48 无持仓
[TRACKER] 21:06:55 无持仓
[TRACKER] 本轮结束（将由 crontab 重新拉起）
[TRACKER] 启动，每 5 秒检查一次…
[TRACKER] 21:07:02 无持仓
[TRACKER] 21:07:08 无持仓
[TRACKER] 21:07:15 无持仓
[TRACKER] 21:07:21 无持仓
[TRACKER] 21:07:27 无持仓
[TRACKER] 21:07:34 无持仓
[TRACKER] 21:07:40 无持仓
[TRACKER] 21:07:46 无持仓
[TRACKER] 21:07:52 无持仓
[TRACKER] 本轮结束（将由 crontab 重新拉起）
[TRACKER] 启动，每 5 秒检查一次…
[TRACKER] 21:08:02 无持仓
[TRACKER] 21:08:09 无持仓
[TRACKER] 21:08:15 无持仓
[TRACKER] 21:08:21 无持仓
[TRACKER] 21:08:28 无持仓
[TRACKER] 21:08:34 无持仓
[TRACKER] 21:08:40 无持仓
[TRACKER] 21:08:47 无持仓
[TRACKER] 21:08:53 无持仓
[TRACKER] 本轮结束（将由 crontab 重新拉起）
[TRACKER] 启动，每 5 秒检查一次…
[TRACKER] 21:09:03 无持仓
[TRACKER] 21:09:10 无持仓
[TRACKER] 21:09:16 无持仓
[TRACKER] 21:09:23 无持仓
[TRACKER] 21:09:29 无持仓
[TRACKER] 21:09:35 无持仓
[TRACKER] 21:09:42 无持仓
[TRACKER] 21:09:48 无持仓
[TRACKER] 21:09:55 无持仓
[TRACKER] 本轮结束（将由 crontab 重新拉起）
[TRACKER] 启动，每 5 秒检查一次…
[TRACKER] 21:10:02 无持仓
[TRACKER] 21:10:08 无持仓
[TRACKER] 21:10:15 无持仓
[TRACKER] 21:10:22 无持仓
[TRACKER] 21:10:28 无持仓
[TRACKER] 21:10:34 无持仓
[TRACKER] 21:10:41 无持仓
[TRACKER] 21:10:48 无持仓
[TRACKER] 21:10:54 无持仓
[TRACKER] 本轮结束（将由 crontab 重新拉起）
[TRACKER] 启动，每 5 秒检查一次…
[TRACKER] 21:11:03 无持仓
[TRACKER] 21:11:09 无持仓
[TRACKER] 21:11:16 无持仓
[TRACKER] 21:11:22 无持仓
[TRACKER] 21:11:29 无持仓
[TRACKER] 21:11:35 无持仓
[TRACKER] 21:11:42 无持仓
[TRACKER] 21:11:48 无持仓
[TRACKER] 21:11:54 无持仓
[TRACKER] 本轮结束（将由 crontab 重新拉起）
[TRACKER] 启动，每 5 秒检查一次…
[TRACKER] 21:12:02 无持仓
[TRACKER] 21:12:08 无持仓
[TRACKER] 21:12:14 无持仓
[TRACKER] 21:12:21 无持仓
[TRACKER] 21:12:27 无持仓
[TRACKER] 21:12:33 无持仓
[TRACKER] 21:12:40 无持仓
[TRACKER] 21:12:46 无持仓
[TRACKER] 21:12:52 无持仓
[TRACKER] 本轮结束（将由 crontab 重新拉起）
[TRACKER] 启动，每 5 秒检查一次…
[TRACKER] 21:13:03 无持仓
[TRACKER] 21:13:10 无持仓
[TRACKER] 21:13:17 无持仓
[TRACKER] 21:13:23 无持仓
[TRACKER] 21:13:30 无持仓
[TRACKER] 21:13:36 无持仓
[TRACKER] 21:13:43 无持仓
[TRACKER] 21:13:49 无持仓
[TRACKER] 21:13:55 无持仓
[TRACKER] 本轮结束（将由 crontab 重新拉起）
[TRACKER] 启动，每 5 秒检查一次…
[TRACKER] 21:14:02 无持仓
[TRACKER] 21:14:09 无持仓
[TRACKER] 21:14:15 无持仓
[TRACKER] 21:14:22 无持仓
[TRACKER] 21:14:28 无持仓
[TRACKER] 21:14:34 无持仓
[TRACKER] 21:14:41 无持仓
[TRACKER] 21:14:48 无持仓
[TRACKER] 21:14:54 无持仓
[TRACKER] 本轮结束（将由 crontab 重新拉起）
[TRACKER] 启动，每 5 秒检查一次…
[TRACKER] 21:15:03 无持仓
[TRACKER] 21:15:10 无持仓
[TRACKER] 21:15:16 无持仓
[TRACKER] 21:15:23 无持仓
[TRACKER] 21:15:29 无持仓
[TRACKER] 21:15:35 无持仓
[TRACKER] 21:15:42 无持仓
[TRACKER] 21:15:48 无持仓
[TRACKER] 21:15:55 无持仓
[TRACKER] 本轮结束（将由 crontab 重新拉起）
[TRACKER] 启动，每 5 秒检查一次…
[TRACKER] 21:16:02 无持仓
[TRACKER] 21:16:08 无持仓
[TRACKER] 21:16:15 无持仓
[TRACKER] 21:16:21 无持仓
[TRACKER] 21:16:27 无持仓
[TRACKER] 21:16:34 无持仓
[TRACKER] 21:16:40 无持仓
[TRACKER] 21:16:47 无持仓
[TRACKER] 21:16:53 无持仓
[TRACKER] 本轮结束（将由 crontab 重新拉起）
[TRACKER] 启动，每 5 秒检查一次…
[TRACKER] 21:17:03 无持仓
[TRACKER] 21:17:10 无持仓
[TRACKER] 21:17:16 无持仓
[TRACKER] 21:17:23 无持仓
[TRACKER] 21:17:29 无持仓
[TRACKER] 21:17:36 无持仓
[TRACKER] 21:17:42 无持仓
[TRACKER] 21:17:48 无持仓
[TRACKER] 21:17:55 无持仓
[TRACKER] 本轮结束（将由 crontab 重新拉起）
[TRACKER] 启动，每 5 秒检查一次…
[TRACKER] 21:18:02 无持仓
[TRACKER] 21:18:08 无持仓
[TRACKER] 21:18:15 无持仓
[TRACKER] 21:18:21 无持仓
[TRACKER] 21:18:27 无持仓
[TRACKER] 21:18:34 无持仓
[TRACKER] 21:18:40 无持仓
[TRACKER] 21:18:47 无持仓
[TRACKER] 21:18:53 无持仓
[TRACKER] 本轮结束（将由 crontab 重新拉起）
[TRACKER] 启动，每 5 秒检查一次…
[TRACKER] 21:19:03 无持仓
[TRACKER] 21:19:10 无持仓
[TRACKER] 21:19:16 无持仓
[TRACKER] 21:19:23 无持仓
[TRACKER] 21:19:29 无持仓
[TRACKER] 21:19:36 无持仓
[TRACKER] 21:19:42 无持仓
[TRACKER] 21:19:49 无持仓
[TRACKER] 21:19:55 无持仓
[TRACKER] 本轮结束（将由 crontab 重新拉起）
[TRACKER] 启动，每 5 秒检查一次…
[TRACKER] 21:20:02 无持仓
[TRACKER] 21:20:08 无持仓
[TRACKER] 21:20:15 无持仓
[TRACKER] 21:20:21 无持仓
[TRACKER] 21:20:28 无持仓
[TRACKER] 21:20:34 无持仓
[TRACKER] 21:20:41 无持仓
[TRACKER] 21:20:47 无持仓
[TRACKER] 21:20:54 无持仓
[TRACKER] 本轮结束（将由 crontab 重新拉起）
[TRACKER] 启动，每 5 秒检查一次…
[TRACKER] 21:21:03 无持仓
[TRACKER] 21:21:10 无持仓
[TRACKER] 21:21:16 无持仓
[TRACKER] 21:21:23 无持仓
[TRACKER] 21:21:29 无持仓
[TRACKER] 21:21:36 无持仓
[TRACKER] 21:21:42 无持仓
[TRACKER] 21:21:49 无持仓
[TRACKER] 21:21:55 无持仓
[TRACKER] 本轮结束（将由 crontab 重新拉起）
[TRACKER] 启动，每 5 秒检查一次…
[TRACKER] 21:22:02 无持仓
[TRACKER] 21:22:09 无持仓
[TRACKER] 21:22:15 无持仓
[TRACKER] 21:22:21 无持仓
[TRACKER] 21:22:28 无持仓
[TRACKER] 21:22:35 无持仓
[TRACKER] 21:22:41 无持仓
[TRACKER] 21:22:47 无持仓
[TRACKER] 21:22:54 无持仓
[TRACKER] 本轮结束（将由 crontab 重新拉起）
[TRACKER] 启动，每 5 秒检查一次…
[TRACKER] 21:23:03 无持仓
[TRACKER] 21:23:10 无持仓
[TRACKER] 21:23:16 无持仓
[TRACKER] 21:23:22 无持仓
[TRACKER] 21:23:29 无持仓
[TRACKER] 21:23:35 无持仓
[TRACKER] 21:23:42 无持仓
[TRACKER] 21:23:48 无持仓
[TRACKER] 21:23:54 无持仓
[TRACKER] 本轮结束（将由 crontab 重新拉起）
[TRACKER] 启动，每 5 秒检查一次…
[TRACKER] 21:24:01 无持仓
[TRACKER] 21:24:08 无持仓
[TRACKER] 21:24:14 无持仓
[TRACKER] 21:24:21 无持仓
[TRACKER] 21:24:27 无持仓
[TRACKER] 21:24:34 无持仓
[TRACKER] 21:24:40 无持仓
[TRACKER] 21:24:47 无持仓
[TRACKER] 21:24:53 无持仓
[TRACKER] 本轮结束（将由 crontab 重新拉起）
[TRACKER] 启动，每 5 秒检查一次…
[TRACKER] 21:25:03 无持仓
[TRACKER] 21:25:10 无持仓
[TRACKER] 21:25:16 无持仓
[TRACKER] 21:25:23 无持仓
[TRACKER] 21:25:30 无持仓
[TRACKER] 21:25:36 无持仓
[TRACKER] 21:25:43 无持仓
[TRACKER] 21:25:50 无持仓
[TRACKER] 21:25:56 无持仓
[TRACKER] 本轮结束（将由 crontab 重新拉起）
[TRACKER] 启动，每 5 秒检查一次…
[TRACKER] 21:26:03 无持仓
[TRACKER] 21:26:09 无持仓
[TRACKER] 21:26:15 无持仓
[TRACKER] 21:26:22 无持仓
[TRACKER] 21:26:28 无持仓
[TRACKER] 21:26:35 无持仓
[TRACKER] 21:26:42 无持仓
[TRACKER] 21:26:48 无持仓
[TRACKER] 21:26:55 无持仓
[TRACKER] 本轮结束（将由 crontab 重新拉起）
[TRACKER] 启动，每 5 秒检查一次…
[TRACKER] 21:27:02 无持仓
[TRACKER] 21:27:08 无持仓
[TRACKER] 21:27:15 无持仓
[TRACKER] 21:27:21 无持仓
[TRACKER] 21:27:28 无持仓
[TRACKER] 21:27:34 无持仓
[TRACKER] 21:27:41 无持仓
[TRACKER] 21:27:47 无持仓
[TRACKER] 21:27:54 无持仓
[TRACKER] 本轮结束（将由 crontab 重新拉起）
[TRACKER] 启动，每 5 秒检查一次…
[TRACKER] 21:28:03 无持仓
[TRACKER] 21:28:10 无持仓
[TRACKER] 21:28:16 无持仓
[TRACKER] 21:28:23 无持仓
[TRACKER] 21:28:30 无持仓
[TRACKER] 21:28:36 无持仓
[TRACKER] 21:28:43 无持仓
[TRACKER] 21:28:49 无持仓
[TRACKER] 21:28:56 无持仓
[TRACKER] 本轮结束（将由 crontab 重新拉起）
[TRACKER] 启动，每 5 秒检查一次…
[TRACKER] 21:29:03 无持仓
[TRACKER] 21:29:09 无持仓
[TRACKER] 21:29:16 无持仓
[TRACKER] 21:29:23 无持仓
[TRACKER] 21:29:29 无持仓
[TRACKER] 21:29:35 无持仓
[TRACKER] 21:29:42 无持仓
[TRACKER] 21:29:49 无持仓
[TRACKER] 21:29:56 无持仓
[TRACKER] 本轮结束（将由 crontab 重新拉起）
[TRACKER] 启动，每 5 秒检查一次…
[TRACKER] 21:30:03 无持仓
[TRACKER] 21:30:09 无持仓
[TRACKER] 21:30:16 无持仓
[TRACKER] 21:30:22 无持仓
[TRACKER] 21:30:28 无持仓
[TRACKER] 21:30:35 无持仓
[TRACKER] 21:30:41 无持仓
[TRACKER] 21:30:48 无持仓
[TRACKER] 21:30:54 无持仓
[TRACKER] 本轮结束（将由 crontab 重新拉起）
[TRACKER] 启动，每 5 秒检查一次…
[TRACKER] 21:31:03 无持仓
[TRACKER] 21:31:09 无持仓
[TRACKER] 21:31:16 无持仓
[TRACKER] 21:31:22 无持仓
[TRACKER] 21:31:29 无持仓
[TRACKER] 21:31:36 无持仓
[TRACKER] 21:31:42 无持仓
[TRACKER] 21:31:49 无持仓
[TRACKER] 21:31:55 无持仓
[TRACKER] 本轮结束（将由 crontab 重新拉起）
[TRACKER] 启动，每 5 秒检查一次…
[TRACKER] 21:32:02 无持仓
[TRACKER] 21:32:09 无持仓
[TRACKER] 21:32:15 无持仓
[TRACKER] 21:32:22 无持仓
[TRACKER] 21:32:28 无持仓
[TRACKER] 21:32:34 无持仓
[TRACKER] 21:32:40 无持仓
[TRACKER] 21:32:47 无持仓
[TRACKER] 21:32:53 无持仓
[TRACKER] 本轮结束（将由 crontab 重新拉起）
[TRACKER] 启动，每 5 秒检查一次…
[TRACKER] 21:33:02 无持仓
[TRACKER] 21:33:09 无持仓
[TRACKER] 21:33:15 无持仓
[TRACKER] 21:33:22 无持仓
[TRACKER] 21:33:28 无持仓
[TRACKER] 21:33:34 无持仓
[TRACKER] 21:33:41 无持仓
[TRACKER] 21:33:47 无持仓
[TRACKER] 21:33:54 无持仓
[TRACKER] 本轮结束（将由 crontab 重新拉起）
[TRACKER] 启动，每 5 秒检查一次…
[TRACKER] 21:34:03 无持仓
[TRACKER] 21:34:10 无持仓
[TRACKER] 21:34:16 无持仓
[TRACKER] 21:34:22 无持仓
[TRACKER] 21:34:29 无持仓
[TRACKER] 21:34:35 无持仓
[TRACKER] 21:34:42 无持仓
[TRACKER] 21:34:48 无持仓
[TRACKER] 21:34:54 无持仓
[TRACKER] 本轮结束（将由 crontab 重新拉起）
[TRACKER] 启动，每 5 秒检查一次…
[TRACKER] 21:35:01 无持仓
[TRACKER] 21:35:08 无持仓
[TRACKER] 21:35:14 无持仓
[TRACKER] 21:35:21 无持仓
[TRACKER] 21:35:27 无持仓
[TRACKER] 21:35:33 无持仓
[TRACKER] 21:35:40 无持仓
[TRACKER] 21:35:46 无持仓
[TRACKER] 21:35:53 无持仓
[TRACKER] 本轮结束（将由 crontab 重新拉起）
[TRACKER] 启动，每 5 秒检查一次…
[TRACKER] 21:36:03 无持仓
[TRACKER] 21:36:09 无持仓
[TRACKER] 21:36:15 无持仓
[TRACKER] 21:36:22 无持仓
[TRACKER] 21:36:28 无持仓
[TRACKER] 21:36:34 无持仓
[TRACKER] 21:36:41 无持仓
[TRACKER] 21:36:47 无持仓
[TRACKER] 21:36:53 无持仓
[TRACKER] 本轮结束（将由 crontab 重新拉起）
[TRACKER] 启动，每 5 秒检查一次…
[TRACKER] 21:37:03 无持仓
[TRACKER] 21:37:09 无持仓
[TRACKER] 21:37:15 无持仓
[TRACKER] 21:37:21 无持仓
[TRACKER] 21:37:28 无持仓
[TRACKER] 21:37:34 无持仓
[TRACKER] 21:37:40 无持仓
[TRACKER] 21:37:47 无持仓
[TRACKER] 21:37:53 无持仓
[TRACKER] 本轮结束（将由 crontab 重新拉起）
[TRACKER] 启动，每 5 秒检查一次…
[TRACKER] 21:38:03 无持仓
[TRACKER] 21:38:09 无持仓
[TRACKER] 21:38:16 无持仓
[TRACKER] 21:38:22 无持仓
[TRACKER] 21:38:28 无持仓
[TRACKER] 21:38:34 无持仓
[TRACKER] 21:38:41 无持仓
[TRACKER] 21:38:47 无持仓
[TRACKER] 21:38:54 无持仓
[TRACKER] 本轮结束（将由 crontab 重新拉起）
[TRACKER] 启动，每 5 秒检查一次…
[TRACKER] 21:39:03 无持仓
[TRACKER] 21:39:09 无持仓
[TRACKER] 21:39:15 无持仓
[TRACKER] 21:39:22 无持仓
[TRACKER] 21:39:28 无持仓
[TRACKER] 21:39:35 无持仓
[TRACKER] 21:39:41 无持仓
[TRACKER] 21:39:47 无持仓
[TRACKER] 21:39:54 无持仓
[TRACKER] 本轮结束（将由 crontab 重新拉起）
[TRACKER] 启动，每 5 秒检查一次…
[TRACKER] 21:40:03 无持仓
[TRACKER] 21:40:10 无持仓
[TRACKER] 21:40:16 无持仓
[TRACKER] 21:40:23 无持仓
[TRACKER] 21:40:29 无持仓
[TRACKER] 21:40:36 无持仓
[TRACKER] 21:40:42 无持仓
[TRACKER] 21:40:49 无持仓
[TRACKER] 21:40:55 无持仓
[TRACKER] 本轮结束（将由 crontab 重新拉起）
[TRACKER] 启动，每 5 秒检查一次…
[TRACKER] 21:41:02 无持仓
[TRACKER] 21:41:08 无持仓
[TRACKER] 21:41:14 无持仓
[TRACKER] 21:41:21 无持仓
[TRACKER] 21:41:27 无持仓
[TRACKER] 21:41:34 无持仓
[TRACKER] 21:41:40 无持仓
[TRACKER] 21:41:46 无持仓
[TRACKER] 21:41:53 无持仓
[TRACKER] 本轮结束（将由 crontab 重新拉起）
[TRACKER] 启动，每 5 秒检查一次…
[TRACKER] 21:42:03 无持仓
[TRACKER] 21:42:09 无持仓
[TRACKER] 21:42:16 无持仓
[TRACKER] 21:42:23 无持仓
[TRACKER] 21:42:29 无持仓
[TRACKER] 21:42:36 无持仓
[TRACKER] 21:42:42 无持仓
[TRACKER] 21:42:48 无持仓
[TRACKER] 21:42:55 无持仓
[TRACKER] 本轮结束（将由 crontab 重新拉起）
[TRACKER] 启动，每 5 秒检查一次…
[TRACKER] 21:43:02 无持仓
[TRACKER] 21:43:08 无持仓
[TRACKER] 21:43:15 无持仓
[TRACKER] 21:43:21 无持仓
[TRACKER] 21:43:28 无持仓
[TRACKER] 21:43:34 无持仓
[TRACKER] 21:43:41 无持仓
[TRACKER] 21:43:47 无持仓
[TRACKER] 21:43:54 无持仓
[TRACKER] 本轮结束（将由 crontab 重新拉起）
[TRACKER] 启动，每 5 秒检查一次…
[TRACKER] 21:44:03 无持仓
[TRACKER] 21:44:10 无持仓
[TRACKER] 21:44:17 无持仓
[TRACKER] 21:44:23 无持仓
[TRACKER] 21:44:29 无持仓
[TRACKER] 21:44:36 无持仓
[TRACKER] 21:44:43 无持仓
[TRACKER] 21:44:49 无持仓
[TRACKER] 21:44:55 无持仓
[TRACKER] 本轮结束（将由 crontab 重新拉起）
[TRACKER] 启动，每 5 秒检查一次…
[TRACKER] 21:45:02 无持仓
[TRACKER] 21:45:09 无持仓
[TRACKER] 21:45:15 无持仓
[TRACKER] 21:45:22 无持仓
[TRACKER] 21:45:28 无持仓
[TRACKER] 21:45:34 无持仓
[TRACKER] 21:45:41 无持仓
[TRACKER] 21:45:48 无持仓
[TRACKER] 21:45:54 无持仓
[TRACKER] 本轮结束（将由 crontab 重新拉起）
[TRACKER] 启动，每 5 秒检查一次…
[TRACKER] 21:46:03 无持仓
[TRACKER] 21:46:10 无持仓
[TRACKER] 21:46:16 无持仓
[TRACKER] 21:46:23 无持仓
[TRACKER] 21:46:29 无持仓
[TRACKER] 21:46:36 无持仓
[TRACKER] 21:46:42 无持仓
[TRACKER] 21:46:48 无持仓
[TRACKER] 21:46:55 无持仓
[TRACKER] 本轮结束（将由 crontab 重新拉起）
[TRACKER] 启动，每 5 秒检查一次…
[TRACKER] 21:47:01 无持仓
[TRACKER] 21:47:08 无持仓
[TRACKER] 21:47:14 无持仓
[TRACKER] 21:47:21 无持仓
[TRACKER] 21:47:27 无持仓
[TRACKER] 21:47:33 无持仓
[TRACKER] 21:47:40 无持仓
[TRACKER] 21:47:46 无持仓
[TRACKER] 21:47:52 无持仓
[TRACKER] 本轮结束（将由 crontab 重新拉起）
[TRACKER] 启动，每 5 秒检查一次…
[TRACKER] 21:48:03 无持仓
[TRACKER] 21:48:10 无持仓
[TRACKER] 21:48:16 无持仓
[TRACKER] 21:48:23 无持仓
[TRACKER] 21:48:29 无持仓
[TRACKER] 21:48:36 无持仓
[TRACKER] 21:48:42 无持仓
[TRACKER] 21:48:48 无持仓
[TRACKER] 21:48:55 无持仓
[TRACKER] 本轮结束（将由 crontab 重新拉起）
[TRACKER] 启动，每 5 秒检查一次…
[TRACKER] 21:49:02 无持仓
[TRACKER] 21:49:08 无持仓
[TRACKER] 21:49:14 无持仓
[TRACKER] 21:49:21 无持仓
[TRACKER] 21:49:27 无持仓
[TRACKER] 21:49:34 无持仓
[TRACKER] 21:49:41 无持仓
[TRACKER] 21:49:47 无持仓
[TRACKER] 21:49:54 无持仓
[TRACKER] 本轮结束（将由 crontab 重新拉起）
[TRACKER] 启动，每 5 秒检查一次…
[TRACKER] 21:50:03 无持仓
[TRACKER] 21:50:09 无持仓
[TRACKER] 21:50:15 无持仓
[TRACKER] 21:50:22 无持仓
[TRACKER] 21:50:28 无持仓
[TRACKER] 21:50:35 无持仓
[TRACKER] 21:50:41 无持仓
[TRACKER] 21:50:47 无持仓
[TRACKER] 21:50:54 无持仓
[TRACKER] 本轮结束（将由 crontab 重新拉起）
[TRACKER] 启动，每 5 秒检查一次…
[TRACKER] 21:51:03 无持仓
[TRACKER] 21:51:09 无持仓
[TRACKER] 21:51:16 无持仓
[TRACKER] 21:51:22 无持仓
[TRACKER] 21:51:28 无持仓
[TRACKER] 21:51:35 无持仓
[TRACKER] 21:51:42 无持仓
[TRACKER] 21:51:48 无持仓
[TRACKER] 21:51:55 无持仓
[TRACKER] 本轮结束（将由 crontab 重新拉起）
[TRACKER] 启动，每 5 秒检查一次…
[TRACKER] 21:52:02 无持仓
[TRACKER] 21:52:08 无持仓
[TRACKER] 21:52:15 无持仓
[TRACKER] 21:52:22 无持仓
[TRACKER] 21:52:28 无持仓
[TRACKER] 21:52:35 无持仓
[TRACKER] 21:52:42 无持仓
[TRACKER] 21:52:48 无持仓
[TRACKER] 21:52:55 无持仓
[TRACKER] 本轮结束（将由 crontab 重新拉起）
[TRACKER] 启动，每 5 秒检查一次…
[TRACKER] 21:53:02 无持仓
[TRACKER] 21:53:08 无持仓
[TRACKER] 21:53:15 无持仓
[TRACKER] 21:53:21 无持仓
[TRACKER] 21:53:28 无持仓
[TRACKER] 21:53:35 无持仓
[TRACKER] 21:53:41 无持仓
[TRACKER] 21:53:48 无持仓
[TRACKER] 21:53:54 无持仓
[TRACKER] 本轮结束（将由 crontab 重新拉起）
[TRACKER] 启动，每 5 秒检查一次…
[TRACKER] 21:54:03 无持仓
[TRACKER] 21:54:10 无持仓
[TRACKER] 21:54:16 无持仓
[TRACKER] 21:54:23 无持仓
[TRACKER] 21:54:29 无持仓
[TRACKER] 21:54:35 无持仓
[TRACKER] 21:54:42 无持仓
[TRACKER] 21:54:49 无持仓
[TRACKER] 21:54:55 无持仓
[TRACKER] 本轮结束（将由 crontab 重新拉起）
[TRACKER] 启动，每 5 秒检查一次…
[TRACKER] 21:55:02 无持仓
[TRACKER] 21:55:08 无持仓
[TRACKER] 21:55:15 无持仓
[TRACKER] 21:55:21 无持仓
[TRACKER] 21:55:27 无持仓
[TRACKER] 21:55:34 无持仓
[TRACKER] 21:55:40 无持仓
[TRACKER] 21:55:46 无持仓
[TRACKER] 21:55:53 无持仓
[TRACKER] 本轮结束（将由 crontab 重新拉起）
[TRACKER] 启动，每 5 秒检查一次…
[TRACKER] 21:56:03 无持仓
[TRACKER] 21:56:09 无持仓
[TRACKER] 21:56:16 无持仓
[TRACKER] 21:56:22 无持仓
[TRACKER] 21:56:28 无持仓
[TRACKER] 21:56:35 无持仓
[TRACKER] 21:56:41 无持仓
[TRACKER] 21:56:48 无持仓
[TRACKER] 21:56:54 无持仓
[TRACKER] 本轮结束（将由 crontab 重新拉起）
[TRACKER] 启动，每 5 秒检查一次…
[TRACKER] 21:57:03 无持仓
[TRACKER] 21:57:10 无持仓
[TRACKER] 21:57:16 无持仓
[TRACKER] 21:57:23 无持仓
[TRACKER] 21:57:29 无持仓
[TRACKER] 21:57:36 无持仓
[TRACKER] 21:57:42 无持仓
[TRACKER] 21:57:48 无持仓
[TRACKER] 21:57:55 无持仓
[TRACKER] 本轮结束（将由 crontab 重新拉起）
[TRACKER] 启动，每 5 秒检查一次…
[TRACKER] 21:58:02 无持仓
[TRACKER] 21:58:08 无持仓
[TRACKER] 21:58:14 无持仓
[TRACKER] 21:58:21 无持仓
[TRACKER] 21:58:27 无持仓
[TRACKER] 21:58:34 无持仓
[TRACKER] 21:58:40 无持仓
[TRACKER] 21:58:47 无持仓
[TRACKER] 21:58:53 无持仓
[TRACKER] 本轮结束（将由 crontab 重新拉起）
[TRACKER] 启动，每 5 秒检查一次…
[TRACKER] 21:59:03 无持仓
[TRACKER] 21:59:10 无持仓
[TRACKER] 21:59:16 无持仓
[TRACKER] 21:59:22 无持仓
[TRACKER] 21:59:29 无持仓
[TRACKER] 21:59:35 无持仓
[TRACKER] 21:59:42 无持仓
[TRACKER] 21:59:48 无持仓
[TRACKER] 21:59:54 无持仓
[TRACKER] 本轮结束（将由 crontab 重新拉起）
[TRACKER] 启动，每 5 秒检查一次…
[TRACKER] 22:00:04 无持仓
[TRACKER] 22:00:10 无持仓
[TRACKER] 22:00:17 无持仓
[TRACKER] 22:00:23 无持仓
[TRACKER] 22:00:29 无持仓
[TRACKER] 22:00:35 无持仓
[TRACKER] 22:00:42 无持仓
[TRACKER] 22:00:49 无持仓
[TRACKER] 22:00:56 无持仓
[TRACKER] 本轮结束（将由 crontab 重新拉起）
[TRACKER] 启动，每 5 秒检查一次…
[TRACKER] 22:01:02 无持仓
[TRACKER] 22:01:09 持仓=1 盈利=0.0000U 亏损=-0.1190U 净浮盈=-0.1190U 手续费基数=0.0248U 阈值=0.1239U
[TRACKER] 22:01:15 持仓=1 盈利=0.0000U 亏损=-0.1120U 净浮盈=-0.1120U 手续费基数=0.0248U 阈值=0.1239U
[TRACKER] 22:01:22 持仓=1 盈利=0.0000U 亏损=-0.1610U 净浮盈=-0.1610U 手续费基数=0.0248U 阈值=0.1239U
[TRACKER] 22:01:28 持仓=1 盈利=0.0000U 亏损=-0.0700U 净浮盈=-0.0700U 手续费基数=0.0248U 阈值=0.1239U
[TRACKER] 22:01:35 持仓=1 盈利=0.0000U 亏损=-0.0770U 净浮盈=-0.0770U 手续费基数=0.0248U 阈值=0.1239U
[TRACKER] 22:01:41 持仓=1 盈利=0.0000U 亏损=-0.0700U 净浮盈=-0.0700U 手续费基数=0.0248U 阈值=0.1239U
[TRACKER] 22:01:48 持仓=1 盈利=0.0000U 亏损=-0.0700U 净浮盈=-0.0700U 手续费基数=0.0248U 阈值=0.1239U
[TRACKER] 22:01:54 持仓=1 盈利=0.0000U 亏损=-0.0700U 净浮盈=-0.0700U 手续费基数=0.0248U 阈值=0.1239U
[TRACKER] 本轮结束（将由 crontab 重新拉起）
[TRACKER] 启动，每 5 秒检查一次…
[TRACKER] 22:02:03 持仓=1 盈利=0.0070U 亏损=0.0000U 净浮盈=0.0070U 手续费基数=0.0248U 阈值=0.1239U
[TRACKER] 22:02:10 持仓=1 盈利=0.0000U 亏损=-0.0070U 净浮盈=-0.0070U 手续费基数=0.0248U 阈值=0.1239U
[TRACKER] 22:02:16 持仓=1 盈利=0.0280U 亏损=0.0000U 净浮盈=0.0280U 手续费基数=0.0248U 阈值=0.1239U
[TRACKER] 22:02:23 持仓=1 盈利=0.0140U 亏损=0.0000U 净浮盈=0.0140U 手续费基数=0.0248U 阈值=0.1239U
[TRACKER] 22:02:29 持仓=1 盈利=0.0140U 亏损=0.0000U 净浮盈=0.0140U 手续费基数=0.0248U 阈值=0.1239U
[TRACKER] 22:02:36 持仓=1 盈利=0.0420U 亏损=0.0000U 净浮盈=0.0420U 手续费基数=0.0248U 阈值=0.1239U
[TRACKER] 22:02:42 持仓=1 盈利=0.1610U 亏损=0.0000U 净浮盈=0.1610U 手续费基数=0.0248U 阈值=0.1239U
[TRACKER] 🎯 净浮盈 0.1610 > 阈值 0.1239，开始平仓
   ✅ 平仓 DEXE/USDT:USDT 浮盈 0.1610U
[TRACKER] 22:02:50 无持仓
[TRACKER] 22:02:57 无持仓
[TRACKER] 本轮结束（将由 crontab 重新拉起）
[TRACKER] 启动，每 5 秒检查一次…
[TRACKER] 22:03:03 无持仓
[TRACKER] 22:03:09 无持仓
[TRACKER] 22:03:16 无持仓
[TRACKER] 22:03:22 无持仓
[TRACKER] 22:03:29 无持仓
[TRACKER] 22:03:35 无持仓
[TRACKER] 22:03:42 无持仓
[TRACKER] 22:03:48 无持仓
[TRACKER] 22:03:54 无持仓
[TRACKER] 本轮结束（将由 crontab 重新拉起）
[TRACKER] 启动，每 5 秒检查一次…
[TRACKER] 22:04:02 无持仓
[TRACKER] 22:04:08 无持仓
[TRACKER] 22:04:15 无持仓
[TRACKER] 22:04:22 无持仓
[TRACKER] 22:04:28 无持仓
[TRACKER] 22:04:34 无持仓
[TRACKER] 22:04:41 无持仓
[TRACKER] 22:04:47 无持仓
[TRACKER] 22:04:54 无持仓
[TRACKER] 本轮结束（将由 crontab 重新拉起）
[TRACKER] 启动，每 5 秒检查一次…
[TRACKER] 22:05:03 无持仓
[TRACKER] 22:05:09 无持仓
[TRACKER] 22:05:16 无持仓
[TRACKER] 22:05:23 无持仓
[TRACKER] 22:05:29 无持仓
[TRACKER] 22:05:36 无持仓
[TRACKER] 22:05:42 无持仓
[TRACKER] 22:05:49 无持仓
[TRACKER] 22:05:55 无持仓
[TRACKER] 本轮结束（将由 crontab 重新拉起）
[TRACKER] 启动，每 5 秒检查一次…
[TRACKER] 22:06:02 无持仓
[TRACKER] 22:06:09 无持仓
[TRACKER] 22:06:15 无持仓
[TRACKER] 22:06:22 无持仓
[TRACKER] 22:06:29 无持仓
[TRACKER] 22:06:35 无持仓
[TRACKER] 22:06:41 无持仓
[TRACKER] 22:06:48 无持仓
[TRACKER] 22:06:54 无持仓
[TRACKER] 本轮结束（将由 crontab 重新拉起）
[TRACKER] 启动，每 5 秒检查一次…
[TRACKER] 22:07:04 无持仓
[TRACKER] 22:07:10 无持仓
[TRACKER] 22:07:16 无持仓
[TRACKER] 22:07:22 无持仓
[TRACKER] 22:07:29 无持仓
[TRACKER] 22:07:35 无持仓
[TRACKER] 22:07:42 无持仓
[TRACKER] 22:07:48 无持仓
[TRACKER] 22:07:54 无持仓
[TRACKER] 本轮结束（将由 crontab 重新拉起）
[TRACKER] 启动，每 5 秒检查一次…
[TRACKER] 22:08:03 无持仓
[TRACKER] 22:08:10 无持仓
[TRACKER] 22:08:17 无持仓
[TRACKER] 22:08:23 无持仓
[TRACKER] 22:08:29 无持仓
[TRACKER] 22:08:36 无持仓
[TRACKER] 22:08:42 无持仓
[TRACKER] 22:08:49 无持仓
[TRACKER] 22:08:55 无持仓
[TRACKER] 本轮结束（将由 crontab 重新拉起）
[TRACKER] 启动，每 5 秒检查一次…
[TRACKER] 22:09:03 无持仓
[TRACKER] 22:09:09 无持仓
[TRACKER] 22:09:16 无持仓
[TRACKER] 22:09:22 无持仓
[TRACKER] 22:09:29 无持仓
[TRACKER] 22:09:35 无持仓
[TRACKER] 22:09:42 无持仓
[TRACKER] 22:09:48 无持仓
[TRACKER] 22:09:55 无持仓
[TRACKER] 本轮结束（将由 crontab 重新拉起）
[TRACKER] 启动，每 5 秒检查一次…
[TRACKER] 22:10:02 无持仓
[TRACKER] 22:10:09 无持仓
[TRACKER] 22:10:16 无持仓
[TRACKER] 22:10:22 无持仓
[TRACKER] 22:10:29 无持仓
[TRACKER] 22:10:35 无持仓
[TRACKER] 22:10:42 无持仓
[TRACKER] 22:10:48 无持仓
[TRACKER] 22:10:55 无持仓
[TRACKER] 本轮结束（将由 crontab 重新拉起）
[TRACKER] 启动，每 5 秒检查一次…
[TRACKER] 22:11:02 无持仓
[TRACKER] 22:11:08 无持仓
[TRACKER] 22:11:15 无持仓
[TRACKER] 22:11:21 无持仓
[TRACKER] 22:11:27 无持仓
[TRACKER] 22:11:33 无持仓
[TRACKER] 22:11:40 无持仓
[TRACKER] 22:11:46 无持仓
[TRACKER] 22:11:52 无持仓
[TRACKER] 本轮结束（将由 crontab 重新拉起）
[TRACKER] 启动，每 5 秒检查一次…
[TRACKER] 22:12:04 无持仓
[TRACKER] 22:12:10 无持仓
[TRACKER] 22:12:17 无持仓
[TRACKER] 22:12:23 无持仓
[TRACKER] 22:12:30 无持仓
[TRACKER] 22:12:36 无持仓
[TRACKER] 22:12:43 无持仓
[TRACKER] 22:12:49 无持仓
[TRACKER] 22:12:55 无持仓
[TRACKER] 本轮结束（将由 crontab 重新拉起）
[TRACKER] 启动，每 5 秒检查一次…
[TRACKER] 22:13:03 无持仓
[TRACKER] 22:13:10 无持仓
[TRACKER] 22:13:16 无持仓
[TRACKER] 22:13:23 无持仓
[TRACKER] 22:13:30 无持仓
[TRACKER] 22:13:36 无持仓
[TRACKER] 22:13:42 无持仓
[TRACKER] 22:13:49 无持仓
[TRACKER] 22:13:55 无持仓
[TRACKER] 本轮结束（将由 crontab 重新拉起）
[TRACKER] 启动，每 5 秒检查一次…
[TRACKER] 22:14:02 无持仓
[TRACKER] 22:14:09 无持仓
[TRACKER] 22:14:15 无持仓
[TRACKER] 22:14:21 无持仓
[TRACKER] 22:14:28 无持仓
[TRACKER] 22:14:34 无持仓
[TRACKER] 22:14:41 无持仓
[TRACKER] 22:14:47 无持仓
[TRACKER] 22:14:54 无持仓
[TRACKER] 本轮结束（将由 crontab 重新拉起）
[TRACKER] 启动，每 5 秒检查一次…
[TRACKER] 22:15:03 无持仓
[TRACKER] 22:15:09 无持仓
[TRACKER] 22:15:16 无持仓
[TRACKER] 22:15:22 无持仓
[TRACKER] 22:15:29 无持仓
[TRACKER] 22:15:35 无持仓
[TRACKER] 22:15:41 无持仓
[TRACKER] 22:15:48 无持仓
[TRACKER] 22:15:55 无持仓
[TRACKER] 本轮结束（将由 crontab 重新拉起）
[TRACKER] 启动，每 5 秒检查一次…
[TRACKER] 22:16:02 无持仓
[TRACKER] 22:16:08 无持仓
[TRACKER] 22:16:15 无持仓
[TRACKER] 22:16:21 无持仓
[TRACKER] 22:16:27 无持仓
[TRACKER] 22:16:34 无持仓
[TRACKER] 22:16:40 无持仓
[TRACKER] 22:16:46 无持仓
[TRACKER] 22:16:53 无持仓
[TRACKER] 本轮结束（将由 crontab 重新拉起）
[TRACKER] 启动，每 5 秒检查一次…
[TRACKER] 22:17:03 无持仓
[TRACKER] 22:17:10 无持仓
[TRACKER] 22:17:16 无持仓
[TRACKER] 22:17:22 无持仓
[TRACKER] 22:17:29 无持仓
[TRACKER] 22:17:35 无持仓
[TRACKER] 22:17:41 无持仓
[TRACKER] 22:17:48 无持仓
[TRACKER] 22:17:54 无持仓
[TRACKER] 本轮结束（将由 crontab 重新拉起）
[TRACKER] 启动，每 5 秒检查一次…
[TRACKER] 22:18:02 无持仓
[TRACKER] 22:18:08 无持仓
[TRACKER] 22:18:15 无持仓
[TRACKER] 22:18:21 无持仓
[TRACKER] 22:18:28 无持仓
[TRACKER] 22:18:34 无持仓
[TRACKER] 22:18:41 无持仓
[TRACKER] 22:18:47 无持仓
[TRACKER] 22:18:54 无持仓
[TRACKER] 本轮结束（将由 crontab 重新拉起）
[TRACKER] 启动，每 5 秒检查一次…
[TRACKER] 22:19:03 无持仓
[TRACKER] 22:19:09 无持仓
[TRACKER] 22:19:16 无持仓
[TRACKER] 22:19:23 无持仓
[TRACKER] 22:19:29 无持仓
[TRACKER] 22:19:35 无持仓
[TRACKER] 22:19:42 无持仓
[TRACKER] 22:19:48 无持仓
[TRACKER] 22:19:55 无持仓
[TRACKER] 本轮结束（将由 crontab 重新拉起）
[TRACKER] 启动，每 5 秒检查一次…
[TRACKER] 22:20:02 无持仓
[TRACKER] 22:20:08 无持仓
[TRACKER] 22:20:15 无持仓
[TRACKER] 22:20:21 无持仓
[TRACKER] 22:20:28 无持仓
[TRACKER] 22:20:34 无持仓
[TRACKER] 22:20:41 无持仓
[TRACKER] 22:20:47 无持仓
[TRACKER] 22:20:53 无持仓
[TRACKER] 本轮结束（将由 crontab 重新拉起）
[TRACKER] 启动，每 5 秒检查一次…
[TRACKER] 22:21:02 无持仓
[TRACKER] 22:21:09 无持仓
[TRACKER] 22:21:15 无持仓
[TRACKER] 22:21:22 无持仓
[TRACKER] 22:21:28 无持仓
[TRACKER] 22:21:34 无持仓
[TRACKER] 22:21:41 无持仓
[TRACKER] 22:21:48 无持仓
[TRACKER] 22:21:54 无持仓
[TRACKER] 本轮结束（将由 crontab 重新拉起）
[TRACKER] 启动，每 5 秒检查一次…
[TRACKER] 22:22:03 无持仓
[TRACKER] 22:22:10 无持仓
[TRACKER] 22:22:17 无持仓
[TRACKER] 22:22:23 无持仓
[TRACKER] 22:22:29 无持仓
[TRACKER] 22:22:35 无持仓
[TRACKER] 22:22:42 无持仓
[TRACKER] 22:22:48 无持仓
[TRACKER] 22:22:55 无持仓
[TRACKER] 本轮结束（将由 crontab 重新拉起）
[TRACKER] 启动，每 5 秒检查一次…
[TRACKER] 22:23:02 无持仓
[TRACKER] 22:23:08 无持仓
[TRACKER] 22:23:15 无持仓
[TRACKER] 22:23:21 无持仓
[TRACKER] 22:23:28 无持仓
[TRACKER] 22:23:34 无持仓
[TRACKER] 22:23:40 无持仓
[TRACKER] 22:23:47 无持仓
[TRACKER] 22:23:53 无持仓
[TRACKER] 本轮结束（将由 crontab 重新拉起）
[TRACKER] 启动，每 5 秒检查一次…
[TRACKER] 22:24:03 无持仓
[TRACKER] 22:24:10 无持仓
[TRACKER] 22:24:16 无持仓
[TRACKER] 22:24:23 无持仓
[TRACKER] 22:24:29 无持仓
[TRACKER] 22:24:35 无持仓
[TRACKER] 22:24:41 无持仓
[TRACKER] 22:24:48 无持仓
[TRACKER] 22:24:55 无持仓
[TRACKER] 本轮结束（将由 crontab 重新拉起）
[TRACKER] 启动，每 5 秒检查一次…
[TRACKER] 22:25:02 无持仓
[TRACKER] 22:25:09 无持仓
[TRACKER] 22:25:16 无持仓
[TRACKER] 22:25:23 无持仓
[TRACKER] 22:25:29 无持仓
[TRACKER] 22:25:35 无持仓
[TRACKER] 22:25:41 无持仓
[TRACKER] 22:25:48 无持仓
[TRACKER] 22:25:54 无持仓
[TRACKER] 本轮结束（将由 crontab 重新拉起）
[TRACKER] 启动，每 5 秒检查一次…
[TRACKER] 22:26:03 无持仓
[TRACKER] 22:26:10 无持仓
[TRACKER] 22:26:16 无持仓
[TRACKER] 22:26:23 无持仓
[TRACKER] 22:26:29 无持仓
[TRACKER] 22:26:36 无持仓
[TRACKER] 22:26:42 无持仓
[TRACKER] 22:26:48 无持仓
[TRACKER] 22:26:55 无持仓
[TRACKER] 本轮结束（将由 crontab 重新拉起）
[TRACKER] 启动，每 5 秒检查一次…
[TRACKER] 22:27:02 无持仓
[TRACKER] 22:27:08 无持仓
[TRACKER] 22:27:14 无持仓
[TRACKER] 22:27:21 无持仓
[TRACKER] 22:27:27 无持仓
[TRACKER] 22:27:34 无持仓
[TRACKER] 22:27:40 无持仓
[TRACKER] 22:27:46 无持仓
[TRACKER] 22:27:53 无持仓
[TRACKER] 本轮结束（将由 crontab 重新拉起）
[TRACKER] 启动，每 5 秒检查一次…
[TRACKER] 22:28:03 无持仓
[TRACKER] 22:28:09 无持仓
[TRACKER] 22:28:16 无持仓
[TRACKER] 22:28:22 无持仓
[TRACKER] 22:28:29 无持仓
[TRACKER] 22:28:35 无持仓
[TRACKER] 22:28:42 无持仓
[TRACKER] 22:28:48 无持仓
[TRACKER] 22:28:55 无持仓
[TRACKER] 本轮结束（将由 crontab 重新拉起）
[TRACKER] 启动，每 5 秒检查一次…
[TRACKER] 22:29:02 无持仓
[TRACKER] 22:29:08 无持仓
[TRACKER] 22:29:15 无持仓
[TRACKER] 22:29:21 无持仓
[TRACKER] 22:29:27 无持仓
[TRACKER] 22:29:34 无持仓
[TRACKER] 22:29:40 无持仓
[TRACKER] 22:29:47 无持仓
[TRACKER] 22:29:53 无持仓
[TRACKER] 本轮结束（将由 crontab 重新拉起）
[TRACKER] 启动，每 5 秒检查一次…
[TRACKER] 22:30:05 无持仓
[TRACKER] 22:30:11 无持仓
[TRACKER] 22:30:18 无持仓
[TRACKER] 22:30:24 无持仓
[TRACKER] 22:30:31 无持仓
[TRACKER] 22:30:37 无持仓
[TRACKER] 22:30:44 无持仓
[TRACKER] 22:30:50 无持仓
[TRACKER] 22:30:57 无持仓
[TRACKER] 本轮结束（将由 crontab 重新拉起）
[TRACKER] 启动，每 5 秒检查一次…
[TRACKER] 22:31:04 无持仓
[TRACKER] 22:31:10 无持仓
[TRACKER] 22:31:17 无持仓
[TRACKER] 22:31:23 无持仓
[TRACKER] 22:31:29 无持仓
[TRACKER] 22:31:36 无持仓
[TRACKER] 22:31:42 无持仓
[TRACKER] 22:31:49 无持仓
[TRACKER] 22:31:56 无持仓
[TRACKER] 本轮结束（将由 crontab 重新拉起）
[TRACKER] 启动，每 5 秒检查一次…
[TRACKER] 22:32:02 无持仓
[TRACKER] 22:32:10 无持仓
[TRACKER] 22:32:16 无持仓
[TRACKER] 22:32:23 无持仓
[TRACKER] 22:32:29 无持仓
[TRACKER] 22:32:36 无持仓
[TRACKER] 22:32:42 无持仓
[TRACKER] 22:32:48 无持仓
[TRACKER] 22:32:55 无持仓
[TRACKER] 本轮结束（将由 crontab 重新拉起）
[TRACKER] 启动，每 5 秒检查一次…
[TRACKER] 22:33:02 无持仓
[TRACKER] 22:33:08 无持仓
[TRACKER] 22:33:15 无持仓
[TRACKER] 22:33:22 无持仓
[TRACKER] 22:33:28 无持仓
[TRACKER] 22:33:35 无持仓
[TRACKER] 22:33:41 无持仓
[TRACKER] 22:33:48 无持仓
[TRACKER] 22:33:54 无持仓
[TRACKER] 本轮结束（将由 crontab 重新拉起）
[TRACKER] 启动，每 5 秒检查一次…
[TRACKER] 22:34:03 无持仓
[TRACKER] 22:34:09 无持仓
[TRACKER] 22:34:16 无持仓
[TRACKER] 22:34:22 无持仓
[TRACKER] 22:34:29 无持仓
[TRACKER] 22:34:35 无持仓
[TRACKER] 22:34:42 无持仓
[TRACKER] 22:34:48 无持仓
[TRACKER] 22:34:54 无持仓
[TRACKER] 本轮结束（将由 crontab 重新拉起）
[TRACKER] 启动，每 5 秒检查一次…
[TRACKER] 22:35:02 无持仓
[TRACKER] 22:35:08 无持仓
[TRACKER] 22:35:15 无持仓
[TRACKER] 22:35:21 无持仓
[TRACKER] 22:35:28 无持仓
[TRACKER] 22:35:34 无持仓
[TRACKER] 22:35:41 无持仓
[TRACKER] 22:35:47 无持仓
[TRACKER] 22:35:53 无持仓
[TRACKER] 本轮结束（将由 crontab 重新拉起）
[TRACKER] 启动，每 5 秒检查一次…
[TRACKER] 22:36:03 无持仓
[TRACKER] 22:36:10 无持仓
[TRACKER] 22:36:16 无持仓
[TRACKER] 22:36:23 无持仓
[TRACKER] 22:36:29 无持仓
[TRACKER] 22:36:36 无持仓
[TRACKER] 22:36:42 无持仓
[TRACKER] 22:36:49 无持仓
[TRACKER] 22:36:56 无持仓
[TRACKER] 本轮结束（将由 crontab 重新拉起）
[TRACKER] 启动，每 5 秒检查一次…
[TRACKER] 22:37:02 无持仓
[TRACKER] 22:37:09 无持仓
[TRACKER] 22:37:16 无持仓
[TRACKER] 22:37:22 无持仓
[TRACKER] 22:37:28 无持仓
[TRACKER] 22:37:35 无持仓
[TRACKER] 22:37:41 无持仓
[TRACKER] 22:37:48 无持仓
[TRACKER] 22:37:54 无持仓
[TRACKER] 本轮结束（将由 crontab 重新拉起）
[TRACKER] 启动，每 5 秒检查一次…
[TRACKER] 22:38:03 无持仓
[TRACKER] 22:38:10 无持仓
[TRACKER] 22:38:16 无持仓
[TRACKER] 22:38:22 无持仓
[TRACKER] 22:38:29 无持仓
[TRACKER] 22:38:36 无持仓
[TRACKER] 22:38:42 无持仓
[TRACKER] 22:38:49 无持仓
[TRACKER] 22:38:55 无持仓
[TRACKER] 本轮结束（将由 crontab 重新拉起）
[TRACKER] 启动，每 5 秒检查一次…
[TRACKER] 22:39:02 无持仓
[TRACKER] 22:39:09 无持仓
[TRACKER] 22:39:15 无持仓
[TRACKER] 22:39:22 无持仓
[TRACKER] 22:39:28 无持仓
[TRACKER] 22:39:34 无持仓
[TRACKER] 22:39:40 无持仓
[TRACKER] 22:39:47 无持仓
[TRACKER] 22:39:54 无持仓
[TRACKER] 本轮结束（将由 crontab 重新拉起）
[TRACKER] 启动，每 5 秒检查一次…
[TRACKER] 22:40:02 无持仓
[TRACKER] 22:40:09 无持仓
[TRACKER] 22:40:15 无持仓
[TRACKER] 22:40:21 无持仓
[TRACKER] 22:40:28 无持仓
[TRACKER] 22:40:34 无持仓
[TRACKER] 22:40:41 无持仓
[TRACKER] 22:40:47 无持仓
[TRACKER] 22:40:54 无持仓
[TRACKER] 本轮结束（将由 crontab 重新拉起）
[TRACKER] 启动，每 5 秒检查一次…
[TRACKER] 22:41:02 无持仓
[TRACKER] 22:41:09 无持仓
[TRACKER] 22:41:15 无持仓
[TRACKER] 22:41:22 无持仓
[TRACKER] 22:41:28 无持仓
[TRACKER] 22:41:34 无持仓
[TRACKER] 22:41:40 无持仓
[TRACKER] 22:41:47 无持仓
[TRACKER] 22:41:53 无持仓
[TRACKER] 本轮结束（将由 crontab 重新拉起）
[TRACKER] 启动，每 5 秒检查一次…
[TRACKER] 22:42:03 无持仓
[TRACKER] 22:42:10 无持仓
[TRACKER] 22:42:16 无持仓
[TRACKER] 22:42:23 无持仓
[TRACKER] 22:42:29 无持仓
[TRACKER] 22:42:36 无持仓
[TRACKER] 22:42:42 无持仓
[TRACKER] 22:42:48 无持仓
[TRACKER] 22:42:55 无持仓
[TRACKER] 本轮结束（将由 crontab 重新拉起）
[TRACKER] 启动，每 5 秒检查一次…
[TRACKER] 22:43:02 无持仓
[TRACKER] 22:43:08 无持仓
[TRACKER] 22:43:15 无持仓
[TRACKER] 22:43:21 无持仓
[TRACKER] 22:43:27 无持仓
[TRACKER] 22:43:34 无持仓
[TRACKER] 22:43:41 无持仓
[TRACKER] 22:43:48 无持仓
[TRACKER] 22:43:54 无持仓
[TRACKER] 本轮结束（将由 crontab 重新拉起）
[TRACKER] 启动，每 5 秒检查一次…
[TRACKER] 22:44:04 无持仓
[TRACKER] 22:44:11 无持仓
[TRACKER] 22:44:17 无持仓
[TRACKER] 22:44:23 无持仓
[TRACKER] 22:44:30 无持仓
[TRACKER] 22:44:36 无持仓
[TRACKER] 22:44:42 无持仓
[TRACKER] 22:44:49 无持仓
[TRACKER] 22:44:55 无持仓
[TRACKER] 本轮结束（将由 crontab 重新拉起）
[TRACKER] 启动，每 5 秒检查一次…
[TRACKER] 22:45:02 无持仓
[TRACKER] 22:45:09 无持仓
[TRACKER] 22:45:15 无持仓
[TRACKER] 22:45:21 无持仓
[TRACKER] 22:45:28 无持仓
[TRACKER] 22:45:35 无持仓
[TRACKER] 22:45:41 无持仓
[TRACKER] 22:45:47 无持仓
[TRACKER] 22:45:54 无持仓
[TRACKER] 本轮结束（将由 crontab 重新拉起）
[TRACKER] 启动，每 5 秒检查一次…
[TRACKER] 22:46:03 无持仓
[TRACKER] 22:46:10 无持仓
[TRACKER] 22:46:16 无持仓
[TRACKER] 22:46:23 无持仓
[TRACKER] 22:46:29 无持仓
[TRACKER] 22:46:36 无持仓
[TRACKER] 22:46:42 无持仓
[TRACKER] 22:46:48 无持仓
[TRACKER] 22:46:55 无持仓
[TRACKER] 本轮结束（将由 crontab 重新拉起）
[TRACKER] 启动，每 5 秒检查一次…
[TRACKER] 22:47:02 无持仓
[TRACKER] 22:47:08 无持仓
[TRACKER] 22:47:14 无持仓
[TRACKER] 22:47:21 无持仓
[TRACKER] 22:47:27 无持仓
[TRACKER] 22:47:34 无持仓
[TRACKER] 22:47:40 无持仓
[TRACKER] 22:47:46 无持仓
[TRACKER] 22:47:53 无持仓
[TRACKER] 本轮结束（将由 crontab 重新拉起）
[TRACKER] 启动，每 5 秒检查一次…
[TRACKER] 22:48:03 无持仓
[TRACKER] 22:48:09 无持仓
[TRACKER] 22:48:16 无持仓
[TRACKER] 22:48:22 无持仓
[TRACKER] 22:48:29 无持仓
[TRACKER] 22:48:35 无持仓
[TRACKER] 22:48:41 无持仓
[TRACKER] 22:48:48 无持仓
[TRACKER] 22:48:55 无持仓
[TRACKER] 本轮结束（将由 crontab 重新拉起）
[TRACKER] 启动，每 5 秒检查一次…
[TRACKER] 22:49:02 无持仓
[TRACKER] 22:49:08 无持仓
[TRACKER] 22:49:15 无持仓
[TRACKER] 22:49:21 无持仓
[TRACKER] 22:49:27 无持仓
[TRACKER] 22:49:34 无持仓
[TRACKER] 22:49:41 无持仓
[TRACKER] 22:49:47 无持仓
[TRACKER] 22:49:54 无持仓
[TRACKER] 本轮结束（将由 crontab 重新拉起）
[TRACKER] 启动，每 5 秒检查一次…
[TRACKER] 22:50:03 无持仓
[TRACKER] 22:50:09 无持仓
[TRACKER] 22:50:16 无持仓
[TRACKER] 22:50:22 无持仓
[TRACKER] 22:50:29 无持仓
[TRACKER] 22:50:35 无持仓
[TRACKER] 22:50:41 无持仓
[TRACKER] 22:50:48 无持仓
[TRACKER] 22:50:54 无持仓
[TRACKER] 本轮结束（将由 crontab 重新拉起）
[TRACKER] 启动，每 5 秒检查一次…
[TRACKER] 22:51:01 无持仓
[TRACKER] 22:51:08 无持仓
[TRACKER] 22:51:14 无持仓
[TRACKER] 22:51:20 无持仓
[TRACKER] 22:51:27 无持仓
[TRACKER] 22:51:33 无持仓
[TRACKER] 22:51:39 无持仓
[TRACKER] 22:51:46 无持仓
[TRACKER] 22:51:52 无持仓
[TRACKER] 本轮结束（将由 crontab 重新拉起）
[TRACKER] 启动，每 5 秒检查一次…
[TRACKER] 22:52:03 无持仓
[TRACKER] 22:52:10 无持仓
[TRACKER] 22:52:16 无持仓
[TRACKER] 22:52:22 无持仓
[TRACKER] 22:52:29 无持仓
[TRACKER] 22:52:35 无持仓
[TRACKER] 22:52:41 无持仓
[TRACKER] 22:52:48 无持仓
[TRACKER] 22:52:54 无持仓
[TRACKER] 本轮结束（将由 crontab 重新拉起）
[TRACKER] 启动，每 5 秒检查一次…
[TRACKER] 22:53:02 无持仓
[TRACKER] 22:53:09 无持仓
[TRACKER] 22:53:15 无持仓
[TRACKER] 22:53:21 无持仓
[TRACKER] 22:53:28 无持仓
[TRACKER] 22:53:34 无持仓
[TRACKER] 22:53:41 无持仓
[TRACKER] 22:53:47 无持仓
[TRACKER] 22:53:54 无持仓
[TRACKER] 本轮结束（将由 crontab 重新拉起）
[TRACKER] 启动，每 5 秒检查一次…
[TRACKER] 22:54:03 无持仓
[TRACKER] 22:54:09 无持仓
[TRACKER] 22:54:16 无持仓
[TRACKER] 22:54:22 无持仓
[TRACKER] 22:54:29 无持仓
[TRACKER] 22:54:35 无持仓
[TRACKER] 22:54:42 无持仓
[TRACKER] 22:54:48 无持仓
[TRACKER] 22:54:55 无持仓
[TRACKER] 本轮结束（将由 crontab 重新拉起）
[TRACKER] 启动，每 5 秒检查一次…
[TRACKER] 22:55:02 无持仓
[TRACKER] 22:55:09 无持仓
[TRACKER] 22:55:15 无持仓
[TRACKER] 22:55:22 无持仓
[TRACKER] 22:55:28 无持仓
[TRACKER] 22:55:35 无持仓
[TRACKER] 22:55:42 无持仓
[TRACKER] 22:55:48 无持仓
[TRACKER] 22:55:55 无持仓
[TRACKER] 本轮结束（将由 crontab 重新拉起）
[TRACKER] 启动，每 5 秒检查一次…
[TRACKER] 22:56:01 无持仓
[TRACKER] 22:56:08 无持仓
[TRACKER] 22:56:15 无持仓
[TRACKER] 22:56:21 无持仓
[TRACKER] 22:56:28 无持仓
[TRACKER] 22:56:34 无持仓
[TRACKER] 22:56:41 无持仓
[TRACKER] 22:56:47 无持仓
[TRACKER] 22:56:53 无持仓
[TRACKER] 本轮结束（将由 crontab 重新拉起）
[TRACKER] 启动，每 5 秒检查一次…
[TRACKER] 22:57:04 无持仓
[TRACKER] 22:57:10 无持仓
[TRACKER] 22:57:17 无持仓
[TRACKER] 22:57:24 无持仓
[TRACKER] 22:57:30 无持仓
[TRACKER] 22:57:37 无持仓
[TRACKER] 22:57:43 无持仓
[TRACKER] 22:57:49 无持仓
[TRACKER] 22:57:56 无持仓
[TRACKER] 本轮结束（将由 crontab 重新拉起）
[TRACKER] 启动，每 5 秒检查一次…
[TRACKER] 22:58:03 无持仓
[TRACKER] 22:58:10 无持仓
[TRACKER] 22:58:16 无持仓
[TRACKER] 22:58:23 无持仓
[TRACKER] 22:58:30 无持仓
[TRACKER] 22:58:36 无持仓
[TRACKER] 22:58:43 无持仓
[TRACKER] 22:58:49 无持仓
[TRACKER] 22:58:55 无持仓
[TRACKER] 本轮结束（将由 crontab 重新拉起）
[TRACKER] 启动，每 5 秒检查一次…
[TRACKER] 22:59:03 无持仓
[TRACKER] 22:59:10 无持仓
[TRACKER] 22:59:16 无持仓
[TRACKER] 22:59:22 无持仓
[TRACKER] 22:59:29 无持仓
[TRACKER] 22:59:35 无持仓
[TRACKER] 22:59:41 无持仓
[TRACKER] 22:59:48 无持仓
[TRACKER] 22:59:54 无持仓
[TRACKER] 本轮结束（将由 crontab 重新拉起）
[TRACKER] 启动，每 5 秒检查一次…
[TRACKER] 23:00:03 无持仓
[TRACKER] 23:00:10 持仓=1 盈利=0.0120U 亏损=0.0000U 净浮盈=0.0120U 手续费基数=0.0217U 阈值=0.1086U
[TRACKER] 23:00:16 持仓=1 盈利=0.0420U 亏损=0.0000U 净浮盈=0.0420U 手续费基数=0.0217U 阈值=0.1086U
[TRACKER] 23:00:23 持仓=1 盈利=0.0000U 亏损=-0.0180U 净浮盈=-0.0180U 手续费基数=0.0217U 阈值=0.1086U
[TRACKER] 23:00:29 持仓=1 盈利=0.0000U 亏损=-0.0300U 净浮盈=-0.0300U 手续费基数=0.0217U 阈值=0.1086U
[TRACKER] 23:00:35 持仓=1 盈利=0.0000U 亏损=-0.0660U 净浮盈=-0.0660U 手续费基数=0.0217U 阈值=0.1086U
[TRACKER] 23:00:42 持仓=1 盈利=0.0000U 亏损=-0.0600U 净浮盈=-0.0600U 手续费基数=0.0217U 阈值=0.1086U
[TRACKER] 23:00:48 持仓=1 盈利=0.0000U 亏损=-0.0540U 净浮盈=-0.0540U 手续费基数=0.0217U 阈值=0.1086U
[TRACKER] 23:00:55 持仓=1 盈利=0.0000U 亏损=-0.0600U 净浮盈=-0.0600U 手续费基数=0.0217U 阈值=0.1086U
[TRACKER] 本轮结束（将由 crontab 重新拉起）
[TRACKER] 启动，每 5 秒检查一次…
[TRACKER] 23:01:01 持仓=1 盈利=0.0000U 亏损=-0.0840U 净浮盈=-0.0840U 手续费基数=0.0217U 阈值=0.1086U
[TRACKER] 23:01:08 持仓=1 盈利=0.0000U 亏损=-0.0420U 净浮盈=-0.0420U 手续费基数=0.0217U 阈值=0.1086U
[TRACKER] 23:01:14 持仓=1 盈利=0.0000U 亏损=-0.0480U 净浮盈=-0.0480U 手续费基数=0.0217U 阈值=0.1086U
[TRACKER] 23:01:20 持仓=1 盈利=0.0000U 亏损=-0.0720U 净浮盈=-0.0720U 手续费基数=0.0217U 阈值=0.1086U
[TRACKER] 23:01:27 持仓=1 盈利=0.0000U 亏损=-0.1020U 净浮盈=-0.1020U 手续费基数=0.0217U 阈值=0.1086U
[TRACKER] 23:01:33 持仓=1 盈利=0.0000U 亏损=-0.0960U 净浮盈=-0.0960U 手续费基数=0.0217U 阈值=0.1086U
[TRACKER] 23:01:39 持仓=1 盈利=0.0000U 亏损=-0.1200U 净浮盈=-0.1200U 手续费基数=0.0217U 阈值=0.1086U
[TRACKER] 23:01:46 持仓=1 盈利=0.0000U 亏损=-0.1740U 净浮盈=-0.1740U 手续费基数=0.0217U 阈值=0.1086U
[TRACKER] 23:01:52 持仓=1 盈利=0.0000U 亏损=-0.2100U 净浮盈=-0.2100U 手续费基数=0.0217U 阈值=0.1086U
[TRACKER] 本轮结束（将由 crontab 重新拉起）
[TRACKER] 启动，每 5 秒检查一次…
[TRACKER] 23:02:03 持仓=1 盈利=0.0000U 亏损=-0.3720U 净浮盈=-0.3720U 手续费基数=0.0217U 阈值=0.1086U
[TRACKER] 23:02:09 持仓=1 盈利=0.0000U 亏损=-0.3840U 净浮盈=-0.3840U 手续费基数=0.0217U 阈值=0.1086U
[TRACKER] 23:02:16 持仓=1 盈利=0.0000U 亏损=-0.3720U 净浮盈=-0.3720U 手续费基数=0.0217U 阈值=0.1086U
[TRACKER] 23:02:22 持仓=1 盈利=0.0000U 亏损=-0.4560U 净浮盈=-0.4560U 手续费基数=0.0217U 阈值=0.1086U
[TRACKER] 23:02:28 持仓=1 盈利=0.0000U 亏损=-0.6060U 净浮盈=-0.6060U 手续费基数=0.0217U 阈值=0.1086U
[TRACKER] 23:02:35 持仓=1 盈利=0.0000U 亏损=-0.5280U 净浮盈=-0.5280U 手续费基数=0.0217U 阈值=0.1086U
[TRACKER] 23:02:41 持仓=1 盈利=0.0000U 亏损=-0.4260U 净浮盈=-0.4260U 手续费基数=0.0217U 阈值=0.1086U
[TRACKER] 23:02:47 持仓=1 盈利=0.0000U 亏损=-0.3060U 净浮盈=-0.3060U 手续费基数=0.0217U 阈值=0.1086U
[TRACKER] 23:02:54 持仓=1 盈利=0.0000U 亏损=-0.2580U 净浮盈=-0.2580U 手续费基数=0.0217U 阈值=0.1086U
[TRACKER] 本轮结束（将由 crontab 重新拉起）
[TRACKER] 启动，每 5 秒检查一次…
[TRACKER] 23:03:03 持仓=1 盈利=0.0000U 亏损=-0.2100U 净浮盈=-0.2100U 手续费基数=0.0217U 阈值=0.1086U
[TRACKER] 23:03:09 持仓=1 盈利=0.0000U 亏损=-0.1620U 净浮盈=-0.1620U 手续费基数=0.0217U 阈值=0.1086U
[TRACKER] 23:03:15 持仓=1 盈利=0.0000U 亏损=-0.1500U 净浮盈=-0.1500U 手续费基数=0.0217U 阈值=0.1086U
[TRACKER] 23:03:22 持仓=1 盈利=0.0000U 亏损=-0.1980U 净浮盈=-0.1980U 手续费基数=0.0217U 阈值=0.1086U
[TRACKER] 23:03:29 持仓=1 盈利=0.0000U 亏损=-0.2760U 净浮盈=-0.2760U 手续费基数=0.0217U 阈值=0.1086U
[TRACKER] 23:03:35 持仓=1 盈利=0.0000U 亏损=-0.2400U 净浮盈=-0.2400U 手续费基数=0.0217U 阈值=0.1086U
[TRACKER] 23:03:42 持仓=1 盈利=0.0000U 亏损=-0.2640U 净浮盈=-0.2640U 手续费基数=0.0217U 阈值=0.1086U
[TRACKER] 23:03:48 持仓=1 盈利=0.0000U 亏损=-0.2700U 净浮盈=-0.2700U 手续费基数=0.0217U 阈值=0.1086U
[TRACKER] 23:03:55 持仓=1 盈利=0.0000U 亏损=-0.3120U 净浮盈=-0.3120U 手续费基数=0.0217U 阈值=0.1086U
[TRACKER] 本轮结束（将由 crontab 重新拉起）
[TRACKER] 启动，每 5 秒检查一次…
[TRACKER] 23:04:02 持仓=1 盈利=0.0000U 亏损=-0.3420U 净浮盈=-0.3420U 手续费基数=0.0217U 阈值=0.1086U
[TRACKER] 23:04:08 持仓=1 盈利=0.0000U 亏损=-0.3840U 净浮盈=-0.3840U 手续费基数=0.0217U 阈值=0.1086U
[TRACKER] 23:04:15 持仓=1 盈利=0.0000U 亏损=-0.3660U 净浮盈=-0.3660U 手续费基数=0.0217U 阈值=0.1086U
[TRACKER] 23:04:22 持仓=1 盈利=0.0000U 亏损=-0.3540U 净浮盈=-0.3540U 手续费基数=0.0217U 阈值=0.1086U
[TRACKER] 23:04:28 持仓=1 盈利=0.0000U 亏损=-0.3240U 净浮盈=-0.3240U 手续费基数=0.0217U 阈值=0.1086U
[TRACKER] 23:04:35 持仓=1 盈利=0.0000U 亏损=-0.3180U 净浮盈=-0.3180U 手续费基数=0.0217U 阈值=0.1086U
[TRACKER] 23:04:41 持仓=1 盈利=0.0000U 亏损=-0.3060U 净浮盈=-0.3060U 手续费基数=0.0217U 阈值=0.1086U
[TRACKER] 23:04:48 持仓=1 盈利=0.0000U 亏损=-0.2940U 净浮盈=-0.2940U 手续费基数=0.0217U 阈值=0.1086U
[TRACKER] 23:04:54 持仓=1 盈利=0.0000U 亏损=-0.3000U 净浮盈=-0.3000U 手续费基数=0.0217U 阈值=0.1086U
[TRACKER] 本轮结束（将由 crontab 重新拉起）
[TRACKER] 启动，每 5 秒检查一次…
[TRACKER] 23:05:03 持仓=1 盈利=0.0000U 亏损=-0.3180U 净浮盈=-0.3180U 手续费基数=0.0217U 阈值=0.1086U
[TRACKER] 23:05:10 持仓=1 盈利=0.0000U 亏损=-0.2760U 净浮盈=-0.2760U 手续费基数=0.0217U 阈值=0.1086U
[TRACKER] 23:05:16 持仓=1 盈利=0.0000U 亏损=-0.3180U 净浮盈=-0.3180U 手续费基数=0.0217U 阈值=0.1086U
[TRACKER] 23:05:23 持仓=1 盈利=0.0000U 亏损=-0.3060U 净浮盈=-0.3060U 手续费基数=0.0217U 阈值=0.1086U
[TRACKER] 23:05:30 持仓=1 盈利=0.0000U 亏损=-0.3840U 净浮盈=-0.3840U 手续费基数=0.0217U 阈值=0.1086U
[TRACKER] 23:05:36 持仓=1 盈利=0.0000U 亏损=-0.4200U 净浮盈=-0.4200U 手续费基数=0.0217U 阈值=0.1086U
[TRACKER] 23:05:42 持仓=1 盈利=0.0000U 亏损=-0.4680U 净浮盈=-0.4680U 手续费基数=0.0217U 阈值=0.1086U
[TRACKER] 23:05:49 持仓=1 盈利=0.0000U 亏损=-0.4560U 净浮盈=-0.4560U 手续费基数=0.0217U 阈值=0.1086U
[TRACKER] 23:05:55 持仓=1 盈利=0.0000U 亏损=-0.4140U 净浮盈=-0.4140U 手续费基数=0.0217U 阈值=0.1086U
[TRACKER] 本轮结束（将由 crontab 重新拉起）
[TRACKER] 启动，每 5 秒检查一次…
[TRACKER] 23:06:02 持仓=1 盈利=0.0000U 亏损=-0.4200U 净浮盈=-0.4200U 手续费基数=0.0217U 阈值=0.1086U
[TRACKER] 23:06:08 持仓=1 盈利=0.0000U 亏损=-0.4560U 净浮盈=-0.4560U 手续费基数=0.0217U 阈值=0.1086U
[TRACKER] 23:06:15 持仓=1 盈利=0.0000U 亏损=-0.5700U 净浮盈=-0.5700U 手续费基数=0.0217U 阈值=0.1086U
[TRACKER] 23:06:21 持仓=1 盈利=0.0000U 亏损=-0.6120U 净浮盈=-0.6120U 手续费基数=0.0217U 阈值=0.1086U
[TRACKER] 23:06:27 持仓=1 盈利=0.0000U 亏损=-0.5880U 净浮盈=-0.5880U 手续费基数=0.0217U 阈值=0.1086U
[TRACKER] 23:06:34 持仓=1 盈利=0.0000U 亏损=-0.5160U 净浮盈=-0.5160U 手续费基数=0.0217U 阈值=0.1086U
[TRACKER] 23:06:40 持仓=1 盈利=0.0000U 亏损=-0.5100U 净浮盈=-0.5100U 手续费基数=0.0217U 阈值=0.1086U
[TRACKER] 23:06:47 持仓=1 盈利=0.0000U 亏损=-0.5040U 净浮盈=-0.5040U 手续费基数=0.0217U 阈值=0.1086U
[TRACKER] 23:06:53 持仓=1 盈利=0.0000U 亏损=-0.5040U 净浮盈=-0.5040U 手续费基数=0.0217U 阈值=0.1086U
[TRACKER] 本轮结束（将由 crontab 重新拉起）
[TRACKER] 启动，每 5 秒检查一次…
[TRACKER] 23:07:03 持仓=1 盈利=0.0000U 亏损=-0.4260U 净浮盈=-0.4260U 手续费基数=0.0217U 阈值=0.1086U
[TRACKER] 23:07:10 持仓=1 盈利=0.0000U 亏损=-0.3960U 净浮盈=-0.3960U 手续费基数=0.0217U 阈值=0.1086U
[TRACKER] 23:07:16 持仓=1 盈利=0.0000U 亏损=-0.4680U 净浮盈=-0.4680U 手续费基数=0.0217U 阈值=0.1086U
[TRACKER] 23:07:22 持仓=1 盈利=0.0000U 亏损=-0.4920U 净浮盈=-0.4920U 手续费基数=0.0217U 阈值=0.1086U
[TRACKER] 23:07:29 持仓=1 盈利=0.0000U 亏损=-0.5160U 净浮盈=-0.5160U 手续费基数=0.0217U 阈值=0.1086U
[TRACKER] 23:07:35 持仓=1 盈利=0.0000U 亏损=-0.5100U 净浮盈=-0.5100U 手续费基数=0.0217U 阈值=0.1086U
[TRACKER] 23:07:42 持仓=1 盈利=0.0000U 亏损=-0.4920U 净浮盈=-0.4920U 手续费基数=0.0217U 阈值=0.1086U
[TRACKER] 23:07:48 持仓=1 盈利=0.0000U 亏损=-0.4920U 净浮盈=-0.4920U 手续费基数=0.0217U 阈值=0.1086U
[TRACKER] 23:07:55 持仓=1 盈利=0.0000U 亏损=-0.4920U 净浮盈=-0.4920U 手续费基数=0.0217U 阈值=0.1086U
[TRACKER] 本轮结束（将由 crontab 重新拉起）
[TRACKER] 启动，每 5 秒检查一次…
[TRACKER] 23:08:02 持仓=1 盈利=0.0000U 亏损=-0.4500U 净浮盈=-0.4500U 手续费基数=0.0217U 阈值=0.1086U
[TRACKER] 23:08:08 持仓=1 盈利=0.0000U 亏损=-0.4800U 净浮盈=-0.4800U 手续费基数=0.0217U 阈值=0.1086U
[TRACKER] 23:08:15 持仓=1 盈利=0.0000U 亏损=-0.4680U 净浮盈=-0.4680U 手续费基数=0.0217U 阈值=0.1086U
[TRACKER] 23:08:21 持仓=1 盈利=0.0000U 亏损=-0.4740U 净浮盈=-0.4740U 手续费基数=0.0217U 阈值=0.1086U
[TRACKER] 23:08:28 持仓=1 盈利=0.0000U 亏损=-0.5100U 净浮盈=-0.5100U 手续费基数=0.0217U 阈值=0.1086U
[TRACKER] 23:08:34 持仓=1 盈利=0.0000U 亏损=-0.5040U 净浮盈=-0.5040U 手续费基数=0.0217U 阈值=0.1086U
[TRACKER] 23:08:41 持仓=1 盈利=0.0000U 亏损=-0.5100U 净浮盈=-0.5100U 手续费基数=0.0217U 阈值=0.1086U
[TRACKER] 23:08:47 持仓=1 盈利=0.0000U 亏损=-0.4980U 净浮盈=-0.4980U 手续费基数=0.0217U 阈值=0.1086U
[TRACKER] 23:08:54 持仓=1 盈利=0.0000U 亏损=-0.3900U 净浮盈=-0.3900U 手续费基数=0.0217U 阈值=0.1086U
[TRACKER] 本轮结束（将由 crontab 重新拉起）
[TRACKER] 启动，每 5 秒检查一次…
[TRACKER] 23:09:03 持仓=1 盈利=0.0000U 亏损=-0.4200U 净浮盈=-0.4200U 手续费基数=0.0217U 阈值=0.1086U
[TRACKER] 23:09:09 持仓=1 盈利=0.0000U 亏损=-0.3720U 净浮盈=-0.3720U 手续费基数=0.0217U 阈值=0.1086U
[TRACKER] 23:09:15 持仓=1 盈利=0.0000U 亏损=-0.2940U 净浮盈=-0.2940U 手续费基数=0.0217U 阈值=0.1086U
[TRACKER] 23:09:22 持仓=1 盈利=0.0000U 亏损=-0.2700U 净浮盈=-0.2700U 手续费基数=0.0217U 阈值=0.1086U
[TRACKER] 23:09:28 持仓=1 盈利=0.0000U 亏损=-0.3120U 净浮盈=-0.3120U 手续费基数=0.0217U 阈值=0.1086U
[TRACKER] 23:09:35 持仓=1 盈利=0.0000U 亏损=-0.3300U 净浮盈=-0.3300U 手续费基数=0.0217U 阈值=0.1086U
[TRACKER] 23:09:41 持仓=1 盈利=0.0000U 亏损=-0.3120U 净浮盈=-0.3120U 手续费基数=0.0217U 阈值=0.1086U
[TRACKER] 23:09:47 持仓=1 盈利=0.0000U 亏损=-0.3300U 净浮盈=-0.3300U 手续费基数=0.0217U 阈值=0.1086U
[TRACKER] 23:09:54 持仓=1 盈利=0.0000U 亏损=-0.3480U 净浮盈=-0.3480U 手续费基数=0.0217U 阈值=0.1086U
[TRACKER] 本轮结束（将由 crontab 重新拉起）
[TRACKER] 启动，每 5 秒检查一次…
[TRACKER] 23:10:03 持仓=1 盈利=0.0000U 亏损=-0.3780U 净浮盈=-0.3780U 手续费基数=0.0217U 阈值=0.1086U
[TRACKER] 23:10:09 持仓=1 盈利=0.0000U 亏损=-0.3900U 净浮盈=-0.3900U 手续费基数=0.0217U 阈值=0.1086U
[TRACKER] 23:10:16 持仓=1 盈利=0.0000U 亏损=-0.3840U 净浮盈=-0.3840U 手续费基数=0.0217U 阈值=0.1086U
[TRACKER] 23:10:22 持仓=1 盈利=0.0000U 亏损=-0.4380U 净浮盈=-0.4380U 手续费基数=0.0217U 阈值=0.1086U
[TRACKER] 23:10:29 持仓=1 盈利=0.0000U 亏损=-0.4440U 净浮盈=-0.4440U 手续费基数=0.0217U 阈值=0.1086U
[TRACKER] 23:10:35 持仓=1 盈利=0.0000U 亏损=-0.4260U 净浮盈=-0.4260U 手续费基数=0.0217U 阈值=0.1086U
[TRACKER] 23:10:41 持仓=1 盈利=0.0000U 亏损=-0.4620U 净浮盈=-0.4620U 手续费基数=0.0217U 阈值=0.1086U
[TRACKER] 23:10:48 持仓=1 盈利=0.0000U 亏损=-0.4620U 净浮盈=-0.4620U 手续费基数=0.0217U 阈值=0.1086U
[TRACKER] 23:10:54 持仓=1 盈利=0.0000U 亏损=-0.4440U 净浮盈=-0.4440U 手续费基数=0.0217U 阈值=0.1086U
[TRACKER] 本轮结束（将由 crontab 重新拉起）
[TRACKER] 启动，每 5 秒检查一次…
[TRACKER] 23:11:02 持仓=1 盈利=0.0000U 亏损=-0.4980U 净浮盈=-0.4980U 手续费基数=0.0217U 阈值=0.1086U
[TRACKER] 23:11:08 持仓=1 盈利=0.0000U 亏损=-0.4980U 净浮盈=-0.4980U 手续费基数=0.0217U 阈值=0.1086U
[TRACKER] 23:11:15 持仓=1 盈利=0.0000U 亏损=-0.5340U 净浮盈=-0.5340U 手续费基数=0.0217U 阈值=0.1086U
[TRACKER] 23:11:21 持仓=1 盈利=0.0000U 亏损=-0.4920U 净浮盈=-0.4920U 手续费基数=0.0217U 阈值=0.1086U
[TRACKER] 23:11:28 持仓=1 盈利=0.0000U 亏损=-0.4680U 净浮盈=-0.4680U 手续费基数=0.0217U 阈值=0.1086U
[TRACKER] 23:11:34 持仓=1 盈利=0.0000U 亏损=-0.4980U 净浮盈=-0.4980U 手续费基数=0.0217U 阈值=0.1086U
[TRACKER] 23:11:41 持仓=1 盈利=0.0000U 亏损=-0.6060U 净浮盈=-0.6060U 手续费基数=0.0217U 阈值=0.1086U
[TRACKER] 23:11:47 持仓=1 盈利=0.0000U 亏损=-0.5640U 净浮盈=-0.5640U 手续费基数=0.0217U 阈值=0.1086U
[TRACKER] 23:11:53 持仓=1 盈利=0.0000U 亏损=-0.6000U 净浮盈=-0.6000U 手续费基数=0.0217U 阈值=0.1086U
[TRACKER] 本轮结束（将由 crontab 重新拉起）
[TRACKER] 启动，每 5 秒检查一次…
[TRACKER] 23:12:02 持仓=1 盈利=0.0000U 亏损=-0.6120U 净浮盈=-0.6120U 手续费基数=0.0217U 阈值=0.1086U
[TRACKER] 23:12:09 持仓=1 盈利=0.0000U 亏损=-0.5760U 净浮盈=-0.5760U 手续费基数=0.0217U 阈值=0.1086U
[TRACKER] 23:12:15 持仓=1 盈利=0.0000U 亏损=-0.6420U 净浮盈=-0.6420U 手续费基数=0.0217U 阈值=0.1086U
[TRACKER] 23:12:21 持仓=1 盈利=0.0000U 亏损=-0.6360U 净浮盈=-0.6360U 手续费基数=0.0217U 阈值=0.1086U
[TRACKER] 23:12:28 持仓=1 盈利=0.0000U 亏损=-0.7440U 净浮盈=-0.7440U 手续费基数=0.0217U 阈值=0.1086U
[TRACKER] 23:12:35 持仓=1 盈利=0.0000U 亏损=-0.7440U 净浮盈=-0.7440U 手续费基数=0.0217U 阈值=0.1086U
[TRACKER] 23:12:41 持仓=1 盈利=0.0000U 亏损=-0.6720U 净浮盈=-0.6720U 手续费基数=0.0217U 阈值=0.1086U
[TRACKER] 23:12:48 持仓=1 盈利=0.0000U 亏损=-0.6720U 净浮盈=-0.6720U 手续费基数=0.0217U 阈值=0.1086U
[TRACKER] 23:12:54 持仓=1 盈利=0.0000U 亏损=-0.6660U 净浮盈=-0.6660U 手续费基数=0.0217U 阈值=0.1086U
[TRACKER] 本轮结束（将由 crontab 重新拉起）
[TRACKER] 启动，每 5 秒检查一次…
[TRACKER] 23:13:03 持仓=1 盈利=0.0000U 亏损=-0.6300U 净浮盈=-0.6300U 手续费基数=0.0217U 阈值=0.1086U
[TRACKER] 23:13:10 持仓=1 盈利=0.0000U 亏损=-0.6120U 净浮盈=-0.6120U 手续费基数=0.0217U 阈值=0.1086U
[TRACKER] 23:13:17 持仓=1 盈利=0.0000U 亏损=-0.6900U 净浮盈=-0.6900U 手续费基数=0.0217U 阈值=0.1086U
[TRACKER] 23:13:23 持仓=1 盈利=0.0000U 亏损=-0.7080U 净浮盈=-0.7080U 手续费基数=0.0217U 阈值=0.1086U
[TRACKER] 23:13:29 持仓=1 盈利=0.0000U 亏损=-0.6720U 净浮盈=-0.6720U 手续费基数=0.0217U 阈值=0.1086U
[TRACKER] 23:13:36 持仓=1 盈利=0.0000U 亏损=-0.6480U 净浮盈=-0.6480U 手续费基数=0.0217U 阈值=0.1086U
[TRACKER] 23:13:42 持仓=1 盈利=0.0000U 亏损=-0.6540U 净浮盈=-0.6540U 手续费基数=0.0217U 阈值=0.1086U
[TRACKER] 23:13:48 持仓=1 盈利=0.0000U 亏损=-0.6540U 净浮盈=-0.6540U 手续费基数=0.0217U 阈值=0.1086U
[TRACKER] 23:13:55 持仓=1 盈利=0.0000U 亏损=-0.6960U 净浮盈=-0.6960U 手续费基数=0.0217U 阈值=0.1086U
[TRACKER] 本轮结束（将由 crontab 重新拉起）
[TRACKER] 启动，每 5 秒检查一次…
[TRACKER] 23:14:02 持仓=1 盈利=0.0000U 亏损=-0.6780U 净浮盈=-0.6780U 手续费基数=0.0217U 阈值=0.1086U
[TRACKER] 23:14:08 持仓=1 盈利=0.0000U 亏损=-0.6960U 净浮盈=-0.6960U 手续费基数=0.0217U 阈值=0.1086U
[TRACKER] 23:14:15 持仓=1 盈利=0.0000U 亏损=-0.6660U 净浮盈=-0.6660U 手续费基数=0.0217U 阈值=0.1086U
[TRACKER] 23:14:21 持仓=1 盈利=0.0000U 亏损=-0.6780U 净浮盈=-0.6780U 手续费基数=0.0217U 阈值=0.1086U
[TRACKER] 23:14:28 持仓=1 盈利=0.0000U 亏损=-0.6840U 净浮盈=-0.6840U 手续费基数=0.0217U 阈值=0.1086U
[TRACKER] 23:14:34 持仓=1 盈利=0.0000U 亏损=-0.6720U 净浮盈=-0.6720U 手续费基数=0.0217U 阈值=0.1086U
[TRACKER] 23:14:41 持仓=1 盈利=0.0000U 亏损=-0.6660U 净浮盈=-0.6660U 手续费基数=0.0217U 阈值=0.1086U
[TRACKER] 23:14:47 持仓=1 盈利=0.0000U 亏损=-0.6780U 净浮盈=-0.6780U 手续费基数=0.0217U 阈值=0.1086U
[TRACKER] 23:14:54 持仓=1 盈利=0.0000U 亏损=-0.6840U 净浮盈=-0.6840U 手续费基数=0.0217U 阈值=0.1086U
[TRACKER] 本轮结束（将由 crontab 重新拉起）
[TRACKER] 启动，每 5 秒检查一次…
[TRACKER] 23:15:03 持仓=1 盈利=0.0000U 亏损=-0.6120U 净浮盈=-0.6120U 手续费基数=0.0217U 阈值=0.1086U
[TRACKER] 23:15:09 持仓=1 盈利=0.0000U 亏损=-0.6840U 净浮盈=-0.6840U 手续费基数=0.0217U 阈值=0.1086U
[TRACKER] 23:15:15 持仓=1 盈利=0.0000U 亏损=-0.7020U 净浮盈=-0.7020U 手续费基数=0.0217U 阈值=0.1086U
[TRACKER] 23:15:22 持仓=1 盈利=0.0000U 亏损=-0.7260U 净浮盈=-0.7260U 手续费基数=0.0217U 阈值=0.1086U
[TRACKER] 23:15:28 持仓=1 盈利=0.0000U 亏损=-0.7680U 净浮盈=-0.7680U 手续费基数=0.0217U 阈值=0.1086U
[TRACKER] 23:15:34 持仓=1 盈利=0.0000U 亏损=-0.7620U 净浮盈=-0.7620U 手续费基数=0.0217U 阈值=0.1086U
[TRACKER] 23:15:41 持仓=1 盈利=0.0000U 亏损=-0.7980U 净浮盈=-0.7980U 手续费基数=0.0217U 阈值=0.1086U
[TRACKER] 23:15:47 持仓=1 盈利=0.0000U 亏损=-0.8040U 净浮盈=-0.8040U 手续费基数=0.0217U 阈值=0.1086U
[TRACKER] 23:15:53 持仓=1 盈利=0.0000U 亏损=-0.8040U 净浮盈=-0.8040U 手续费基数=0.0217U 阈值=0.1086U
[TRACKER] 本轮结束（将由 crontab 重新拉起）
[TRACKER] 启动，每 5 秒检查一次…
[TRACKER] 23:16:03 持仓=1 盈利=0.0000U 亏损=-0.8220U 净浮盈=-0.8220U 手续费基数=0.0217U 阈值=0.1086U
[TRACKER] 23:16:10 持仓=1 盈利=0.0000U 亏损=-0.8100U 净浮盈=-0.8100U 手续费基数=0.0217U 阈值=0.1086U
[TRACKER] 23:16:16 持仓=1 盈利=0.0000U 亏损=-0.8040U 净浮盈=-0.8040U 手续费基数=0.0217U 阈值=0.1086U
[TRACKER] 23:16:22 持仓=1 盈利=0.0000U 亏损=-0.7920U 净浮盈=-0.7920U 手续费基数=0.0217U 阈值=0.1086U
[TRACKER] 23:16:28 持仓=1 盈利=0.0000U 亏损=-0.7920U 净浮盈=-0.7920U 手续费基数=0.0217U 阈值=0.1086U
[TRACKER] 23:16:35 持仓=1 盈利=0.0000U 亏损=-0.7200U 净浮盈=-0.7200U 手续费基数=0.0217U 阈值=0.1086U
[TRACKER] 23:16:42 持仓=1 盈利=0.0000U 亏损=-0.7380U 净浮盈=-0.7380U 手续费基数=0.0217U 阈值=0.1086U
[TRACKER] 23:16:48 持仓=1 盈利=0.0000U 亏损=-0.7320U 净浮盈=-0.7320U 手续费基数=0.0217U 阈值=0.1086U
[TRACKER] 23:16:54 持仓=1 盈利=0.0000U 亏损=-0.7260U 净浮盈=-0.7260U 手续费基数=0.0217U 阈值=0.1086U
[TRACKER] 本轮结束（将由 crontab 重新拉起）
[TRACKER] 启动，每 5 秒检查一次…
[TRACKER] 23:17:04 持仓=1 盈利=0.0000U 亏损=-0.7380U 净浮盈=-0.7380U 手续费基数=0.0217U 阈值=0.1086U
[TRACKER] 23:17:10 持仓=1 盈利=0.0000U 亏损=-0.6420U 净浮盈=-0.6420U 手续费基数=0.0217U 阈值=0.1086U
[TRACKER] 23:17:17 持仓=1 盈利=0.0000U 亏损=-0.5340U 净浮盈=-0.5340U 手续费基数=0.0217U 阈值=0.1086U
[TRACKER] 23:17:23 持仓=1 盈利=0.0000U 亏损=-0.3300U 净浮盈=-0.3300U 手续费基数=0.0217U 阈值=0.1086U
[TRACKER] 23:17:30 持仓=1 盈利=0.0000U 亏损=-0.4260U 净浮盈=-0.4260U 手续费基数=0.0217U 阈值=0.1086U
[TRACKER] 23:17:37 持仓=1 盈利=0.0000U 亏损=-0.4500U 净浮盈=-0.4500U 手续费基数=0.0217U 阈值=0.1086U
[TRACKER] 23:17:43 持仓=1 盈利=0.0000U 亏损=-0.4260U 净浮盈=-0.4260U 手续费基数=0.0217U 阈值=0.1086U
[TRACKER] 23:17:50 持仓=1 盈利=0.0000U 亏损=-0.4140U 净浮盈=-0.4140U 手续费基数=0.0217U 阈值=0.1086U
[TRACKER] 23:17:56 持仓=1 盈利=0.0000U 亏损=-0.4440U 净浮盈=-0.4440U 手续费基数=0.0217U 阈值=0.1086U
[TRACKER] 本轮结束（将由 crontab 重新拉起）
[TRACKER] 启动，每 5 秒检查一次…
[TRACKER] 23:18:04 持仓=1 盈利=0.0000U 亏损=-0.4140U 净浮盈=-0.4140U 手续费基数=0.0217U 阈值=0.1086U
[TRACKER] 23:18:10 持仓=1 盈利=0.0000U 亏损=-0.3720U 净浮盈=-0.3720U 手续费基数=0.0217U 阈值=0.1086U
[TRACKER] 23:18:17 持仓=1 盈利=0.0000U 亏损=-0.3480U 净浮盈=-0.3480U 手续费基数=0.0217U 阈值=0.1086U
[TRACKER] 23:18:23 持仓=1 盈利=0.0000U 亏损=-0.2880U 净浮盈=-0.2880U 手续费基数=0.0217U 阈值=0.1086U
[TRACKER] 23:18:30 持仓=1 盈利=0.0000U 亏损=-0.2700U 净浮盈=-0.2700U 手续费基数=0.0217U 阈值=0.1086U
[TRACKER] 23:18:37 持仓=1 盈利=0.0000U 亏损=-0.3120U 净浮盈=-0.3120U 手续费基数=0.0217U 阈值=0.1086U
[TRACKER] 23:18:43 持仓=1 盈利=0.0000U 亏损=-0.3120U 净浮盈=-0.3120U 手续费基数=0.0217U 阈值=0.1086U
[TRACKER] 23:18:50 持仓=1 盈利=0.0000U 亏损=-0.2580U 净浮盈=-0.2580U 手续费基数=0.0217U 阈值=0.1086U
[TRACKER] 23:18:57 持仓=1 盈利=0.0000U 亏损=-0.2580U 净浮盈=-0.2580U 手续费基数=0.0217U 阈值=0.1086U
[TRACKER] 本轮结束（将由 crontab 重新拉起）
[TRACKER] 启动，每 5 秒检查一次…
[TRACKER] 23:19:03 持仓=1 盈利=0.0000U 亏损=-0.3060U 净浮盈=-0.3060U 手续费基数=0.0217U 阈值=0.1086U
[TRACKER] 23:19:10 持仓=1 盈利=0.0000U 亏损=-0.3780U 净浮盈=-0.3780U 手续费基数=0.0217U 阈值=0.1086U
[TRACKER] 23:19:16 持仓=1 盈利=0.0000U 亏损=-0.3540U 净浮盈=-0.3540U 手续费基数=0.0217U 阈值=0.1086U
[TRACKER] 23:19:22 持仓=1 盈利=0.0000U 亏损=-0.3720U 净浮盈=-0.3720U 手续费基数=0.0217U 阈值=0.1086U
[TRACKER] 23:19:29 持仓=1 盈利=0.0000U 亏损=-0.3720U 净浮盈=-0.3720U 手续费基数=0.0217U 阈值=0.1086U
[TRACKER] 23:19:35 持仓=1 盈利=0.0000U 亏损=-0.3720U 净浮盈=-0.3720U 手续费基数=0.0217U 阈值=0.1086U
[TRACKER] 23:19:42 持仓=1 盈利=0.0000U 亏损=-0.3300U 净浮盈=-0.3300U 手续费基数=0.0217U 阈值=0.1086U
[TRACKER] 23:19:48 持仓=1 盈利=0.0000U 亏损=-0.3480U 净浮盈=-0.3480U 手续费基数=0.0217U 阈值=0.1086U
[TRACKER] 23:19:55 持仓=1 盈利=0.0000U 亏损=-0.3420U 净浮盈=-0.3420U 手续费基数=0.0217U 阈值=0.1086U
[TRACKER] 本轮结束（将由 crontab 重新拉起）
[TRACKER] 启动，每 5 秒检查一次…
[TRACKER] 23:20:02 持仓=1 盈利=0.0000U 亏损=-0.4200U 净浮盈=-0.4200U 手续费基数=0.0217U 阈值=0.1086U
[TRACKER] 23:20:09 持仓=1 盈利=0.0000U 亏损=-0.4620U 净浮盈=-0.4620U 手续费基数=0.0217U 阈值=0.1086U
[TRACKER] 23:20:15 持仓=1 盈利=0.0000U 亏损=-0.4200U 净浮盈=-0.4200U 手续费基数=0.0217U 阈值=0.1086U
[TRACKER] 23:20:22 持仓=1 盈利=0.0000U 亏损=-0.4140U 净浮盈=-0.4140U 手续费基数=0.0217U 阈值=0.1086U
[TRACKER] 23:20:28 持仓=1 盈利=0.0000U 亏损=-0.4260U 净浮盈=-0.4260U 手续费基数=0.0217U 阈值=0.1086U
[TRACKER] 23:20:34 持仓=1 盈利=0.0000U 亏损=-0.4020U 净浮盈=-0.4020U 手续费基数=0.0217U 阈值=0.1086U
[TRACKER] 23:20:41 持仓=1 盈利=0.0000U 亏损=-0.3960U 净浮盈=-0.3960U 手续费基数=0.0217U 阈值=0.1086U
[TRACKER] 23:20:47 持仓=1 盈利=0.0000U 亏损=-0.3600U 净浮盈=-0.3600U 手续费基数=0.0217U 阈值=0.1086U
[TRACKER] 23:20:53 持仓=1 盈利=0.0000U 亏损=-0.3780U 净浮盈=-0.3780U 手续费基数=0.0217U 阈值=0.1086U
[TRACKER] 本轮结束（将由 crontab 重新拉起）
[TRACKER] 启动，每 5 秒检查一次…
[TRACKER] 23:21:03 持仓=1 盈利=0.0000U 亏损=-0.3840U 净浮盈=-0.3840U 手续费基数=0.0217U 阈值=0.1086U
[TRACKER] 23:21:10 持仓=1 盈利=0.0000U 亏损=-0.3000U 净浮盈=-0.3000U 手续费基数=0.0217U 阈值=0.1086U
[TRACKER] 23:21:17 持仓=1 盈利=0.0000U 亏损=-0.2700U 净浮盈=-0.2700U 手续费基数=0.0217U 阈值=0.1086U
[TRACKER] 23:21:23 持仓=1 盈利=0.0000U 亏损=-0.2400U 净浮盈=-0.2400U 手续费基数=0.0217U 阈值=0.1086U
[TRACKER] 23:21:29 持仓=1 盈利=0.0000U 亏损=-0.2280U 净浮盈=-0.2280U 手续费基数=0.0217U 阈值=0.1086U
[TRACKER] 23:21:36 持仓=1 盈利=0.0000U 亏损=-0.1800U 净浮盈=-0.1800U 手续费基数=0.0217U 阈值=0.1086U
[TRACKER] 23:21:42 持仓=1 盈利=0.0000U 亏损=-0.1800U 净浮盈=-0.1800U 手续费基数=0.0217U 阈值=0.1086U
[TRACKER] 23:21:48 持仓=1 盈利=0.0000U 亏损=-0.0840U 净浮盈=-0.0840U 手续费基数=0.0217U 阈值=0.1086U
[TRACKER] 23:21:55 持仓=1 盈利=0.0000U 亏损=-0.1200U 净浮盈=-0.1200U 手续费基数=0.0217U 阈值=0.1086U
[TRACKER] 本轮结束（将由 crontab 重新拉起）
[TRACKER] 启动，每 5 秒检查一次…
[TRACKER] 23:22:02 持仓=1 盈利=0.0000U 亏损=-0.1020U 净浮盈=-0.1020U 手续费基数=0.0217U 阈值=0.1086U
[TRACKER] 23:22:08 持仓=1 盈利=0.0000U 亏损=-0.1260U 净浮盈=-0.1260U 手续费基数=0.0217U 阈值=0.1086U
[TRACKER] 23:22:14 持仓=1 盈利=0.0000U 亏损=-0.1320U 净浮盈=-0.1320U 手续费基数=0.0217U 阈值=0.1086U
[TRACKER] 23:22:21 持仓=1 盈利=0.0000U 亏损=-0.0480U 净浮盈=-0.0480U 手续费基数=0.0217U 阈值=0.1086U
[TRACKER] 23:22:27 持仓=1 盈利=0.0000U 亏损=-0.0540U 净浮盈=-0.0540U 手续费基数=0.0217U 阈值=0.1086U
[TRACKER] 23:22:33 持仓=1 盈利=0.0000U 亏损=-0.1200U 净浮盈=-0.1200U 手续费基数=0.0217U 阈值=0.1086U
[TRACKER] 23:22:39 持仓=1 盈利=0.0000U 亏损=-0.0660U 净浮盈=-0.0660U 手续费基数=0.0217U 阈值=0.1086U
[TRACKER] 23:22:46 持仓=1 盈利=0.0000U 亏损=-0.0060U 净浮盈=-0.0060U 手续费基数=0.0217U 阈值=0.1086U
[TRACKER] 23:22:52 持仓=1 盈利=0.0000U 亏损=-0.0240U 净浮盈=-0.0240U 手续费基数=0.0217U 阈值=0.1086U
[TRACKER] 本轮结束（将由 crontab 重新拉起）
[TRACKER] 启动，每 5 秒检查一次…
[TRACKER] 23:23:02 持仓=1 盈利=0.0000U 亏损=0.0000U 净浮盈=0.0000U 手续费基数=0.0217U 阈值=0.1086U
[TRACKER] 23:23:09 持仓=1 盈利=0.0180U 亏损=0.0000U 净浮盈=0.0180U 手续费基数=0.0217U 阈值=0.1086U
[TRACKER] 23:23:15 持仓=1 盈利=0.0060U 亏损=0.0000U 净浮盈=0.0060U 手续费基数=0.0217U 阈值=0.1086U
[TRACKER] 23:23:22 持仓=1 盈利=0.0240U 亏损=0.0000U 净浮盈=0.0240U 手续费基数=0.0217U 阈值=0.1086U
[TRACKER] 23:23:28 持仓=1 盈利=0.0360U 亏损=0.0000U 净浮盈=0.0360U 手续费基数=0.0217U 阈值=0.1086U
[TRACKER] 23:23:34 持仓=1 盈利=0.0600U 亏损=0.0000U 净浮盈=0.0600U 手续费基数=0.0217U 阈值=0.1086U
[TRACKER] 23:23:41 持仓=1 盈利=0.0420U 亏损=0.0000U 净浮盈=0.0420U 手续费基数=0.0217U 阈值=0.1086U
[TRACKER] 23:23:47 持仓=1 盈利=0.0360U 亏损=0.0000U 净浮盈=0.0360U 手续费基数=0.0217U 阈值=0.1086U
[TRACKER] 23:23:54 持仓=1 盈利=0.0420U 亏损=0.0000U 净浮盈=0.0420U 手续费基数=0.0217U 阈值=0.1086U
[TRACKER] 本轮结束（将由 crontab 重新拉起）
[TRACKER] 启动，每 5 秒检查一次…
[TRACKER] 23:24:03 持仓=1 盈利=0.0360U 亏损=0.0000U 净浮盈=0.0360U 手续费基数=0.0217U 阈值=0.1086U
[TRACKER] 23:24:09 持仓=1 盈利=0.1320U 亏损=0.0000U 净浮盈=0.1320U 手续费基数=0.0217U 阈值=0.1086U
[TRACKER] 🎯 净浮盈 0.1320 > 阈值 0.1086，开始平仓
   ✅ 平仓 DEXE/USDT:USDT 浮盈 0.1320U
[TRACKER] 23:24:17 无持仓
[TRACKER] 23:24:24 无持仓
[TRACKER] 23:24:31 无持仓
[TRACKER] 23:24:37 无持仓
[TRACKER] 23:24:44 无持仓
[TRACKER] 23:24:51 无持仓
[TRACKER] 23:24:57 无持仓
[TRACKER] 本轮结束（将由 crontab 重新拉起）
[TRACKER] 启动，每 5 秒检查一次…
[TRACKER] 23:25:02 无持仓
[TRACKER] 23:25:09 无持仓
[TRACKER] 23:25:16 无持仓
[TRACKER] 23:25:22 无持仓
[TRACKER] 23:25:29 无持仓
[TRACKER] 23:25:35 无持仓
[TRACKER] 23:25:41 无持仓
[TRACKER] 23:25:47 无持仓
[TRACKER] 23:25:54 无持仓
[TRACKER] 本轮结束（将由 crontab 重新拉起）
[TRACKER] 启动，每 5 秒检查一次…
[TRACKER] 23:26:03 无持仓
[TRACKER] 23:26:09 无持仓
[TRACKER] 23:26:16 无持仓
[TRACKER] 23:26:22 无持仓
[TRACKER] 23:26:29 无持仓
[TRACKER] 23:26:35 无持仓
[TRACKER] 23:26:41 无持仓
[TRACKER] 23:26:48 无持仓
[TRACKER] 23:26:55 无持仓
[TRACKER] 本轮结束（将由 crontab 重新拉起）
[TRACKER] 启动，每 5 秒检查一次…
[TRACKER] 23:27:02 无持仓
[TRACKER] 23:27:08 无持仓
[TRACKER] 23:27:14 无持仓
[TRACKER] 23:27:21 无持仓
[TRACKER] 23:27:27 无持仓
[TRACKER] 23:27:33 无持仓
[TRACKER] 23:27:40 无持仓
[TRACKER] 23:27:46 无持仓
[TRACKER] 23:27:53 无持仓
[TRACKER] 本轮结束（将由 crontab 重新拉起）
[TRACKER] 启动，每 5 秒检查一次…
[TRACKER] 23:28:03 无持仓
[TRACKER] 23:28:10 无持仓
[TRACKER] 23:28:16 无持仓
[TRACKER] 23:28:23 无持仓
[TRACKER] 23:28:30 无持仓
[TRACKER] 23:28:36 无持仓
[TRACKER] 23:28:43 无持仓
[TRACKER] 23:28:50 无持仓
[TRACKER] 23:28:56 无持仓
[TRACKER] 本轮结束（将由 crontab 重新拉起）
[TRACKER] 启动，每 5 秒检查一次…
[TRACKER] 23:29:03 无持仓
[TRACKER] 23:29:09 无持仓
[TRACKER] 23:29:16 无持仓
[TRACKER] 23:29:22 无持仓
[TRACKER] 23:29:29 无持仓
[TRACKER] 23:29:35 无持仓
[TRACKER] 23:29:41 无持仓
[TRACKER] 23:29:48 无持仓
[TRACKER] 23:29:54 无持仓
[TRACKER] 本轮结束（将由 crontab 重新拉起）
[TRACKER] 启动，每 5 秒检查一次…
[TRACKER] 23:30:03 无持仓
[TRACKER] 23:30:10 无持仓
[TRACKER] 23:30:16 无持仓
[TRACKER] 23:30:23 无持仓
[TRACKER] 23:30:29 无持仓
[TRACKER] 23:30:35 无持仓
[TRACKER] 23:30:41 无持仓
[TRACKER] 23:30:48 无持仓
[TRACKER] 23:30:54 无持仓
[TRACKER] 本轮结束（将由 crontab 重新拉起）
[TRACKER] 启动，每 5 秒检查一次…
[TRACKER] 23:31:03 无持仓
[TRACKER] 23:31:10 无持仓
[TRACKER] 23:31:16 无持仓
[TRACKER] 23:31:23 无持仓
[TRACKER] 23:31:29 无持仓
[TRACKER] 23:31:36 无持仓
[TRACKER] 23:31:42 无持仓
[TRACKER] 23:31:49 无持仓
[TRACKER] 23:31:56 无持仓
[TRACKER] 本轮结束（将由 crontab 重新拉起）
[TRACKER] 启动，每 5 秒检查一次…
[TRACKER] 23:32:02 无持仓
[TRACKER] 23:32:09 无持仓
[TRACKER] 23:32:15 无持仓
[TRACKER] 23:32:22 无持仓
[TRACKER] 23:32:28 无持仓
[TRACKER] 23:32:35 无持仓
[TRACKER] 23:32:41 无持仓
[TRACKER] 23:32:48 无持仓
[TRACKER] 23:32:54 无持仓
[TRACKER] 本轮结束（将由 crontab 重新拉起）
[TRACKER] 启动，每 5 秒检查一次…
[TRACKER] 23:33:03 无持仓
[TRACKER] 23:33:10 无持仓
[TRACKER] 23:33:16 无持仓
[TRACKER] 23:33:23 无持仓
[TRACKER] 23:33:29 无持仓
[TRACKER] 23:33:35 无持仓
[TRACKER] 23:33:42 无持仓
[TRACKER] 23:33:48 无持仓
[TRACKER] 23:33:54 无持仓
[TRACKER] 本轮结束（将由 crontab 重新拉起）
[TRACKER] 启动，每 5 秒检查一次…
[TRACKER] 23:34:03 无持仓
[TRACKER] 23:34:09 无持仓
[TRACKER] 23:34:16 无持仓
[TRACKER] 23:34:22 无持仓
[TRACKER] 23:34:29 无持仓
[TRACKER] 23:34:35 无持仓
[TRACKER] 23:34:42 无持仓
[TRACKER] 23:34:48 无持仓
[TRACKER] 23:34:55 无持仓
[TRACKER] 本轮结束（将由 crontab 重新拉起）
[TRACKER] 启动，每 5 秒检查一次…
[TRACKER] 23:35:02 无持仓
[TRACKER] 23:35:08 无持仓
[TRACKER] 23:35:14 无持仓
[TRACKER] 23:35:21 无持仓
[TRACKER] 23:35:27 无持仓
[TRACKER] 23:35:33 无持仓
[TRACKER] 23:35:40 无持仓
[TRACKER] 23:35:46 无持仓
[TRACKER] 23:35:53 无持仓
[TRACKER] 本轮结束（将由 crontab 重新拉起）
[TRACKER] 启动，每 5 秒检查一次…
[TRACKER] 23:36:03 无持仓
[TRACKER] 23:36:10 无持仓
[TRACKER] 23:36:16 无持仓
[TRACKER] 23:36:23 无持仓
[TRACKER] 23:36:29 无持仓
[TRACKER] 23:36:36 无持仓
[TRACKER] 23:36:42 无持仓
[TRACKER] 23:36:49 无持仓
[TRACKER] 23:36:55 无持仓
[TRACKER] 本轮结束（将由 crontab 重新拉起）
[TRACKER] 启动，每 5 秒检查一次…
[TRACKER] 23:37:02 无持仓
[TRACKER] 23:37:09 无持仓
[TRACKER] 23:37:15 无持仓
[TRACKER] 23:37:22 无持仓
[TRACKER] 23:37:28 无持仓
[TRACKER] 23:37:35 无持仓
[TRACKER] 23:37:41 无持仓
[TRACKER] 23:37:47 无持仓
[TRACKER] 23:37:54 无持仓
[TRACKER] 本轮结束（将由 crontab 重新拉起）
[TRACKER] 启动，每 5 秒检查一次…
[TRACKER] 23:38:03 无持仓
[TRACKER] 23:38:10 无持仓
[TRACKER] 23:38:16 无持仓
[TRACKER] 23:38:22 无持仓
[TRACKER] 23:38:29 无持仓
[TRACKER] 23:38:35 无持仓
[TRACKER] 23:38:41 无持仓
[TRACKER] 23:38:48 无持仓
[TRACKER] 23:38:54 无持仓
[TRACKER] 本轮结束（将由 crontab 重新拉起）
[TRACKER] 启动，每 5 秒检查一次…
[TRACKER] 23:39:02 无持仓
[TRACKER] 23:39:09 无持仓
[TRACKER] 23:39:15 无持仓
[TRACKER] 23:39:22 无持仓
[TRACKER] 23:39:28 无持仓
[TRACKER] 23:39:35 无持仓
[TRACKER] 23:39:41 无持仓
[TRACKER] 23:39:48 无持仓
[TRACKER] 23:39:54 无持仓
[TRACKER] 本轮结束（将由 crontab 重新拉起）
[TRACKER] 启动，每 5 秒检查一次…
[TRACKER] 23:40:03 无持仓
[TRACKER] 23:40:09 无持仓
[TRACKER] 23:40:16 无持仓
[TRACKER] 23:40:22 无持仓
[TRACKER] 23:40:29 无持仓
[TRACKER] 23:40:35 无持仓
[TRACKER] 23:40:42 无持仓
[TRACKER] 23:40:48 无持仓
[TRACKER] 23:40:55 无持仓
[TRACKER] 本轮结束（将由 crontab 重新拉起）
[TRACKER] 启动，每 5 秒检查一次…
[TRACKER] 23:41:02 无持仓
[TRACKER] 23:41:08 无持仓
[TRACKER] 23:41:14 无持仓
[TRACKER] 23:41:21 无持仓
[TRACKER] 23:41:27 无持仓
[TRACKER] 23:41:33 无持仓
[TRACKER] 23:41:40 无持仓
[TRACKER] 23:41:46 无持仓
[TRACKER] 23:41:53 无持仓
[TRACKER] 本轮结束（将由 crontab 重新拉起）
[TRACKER] 启动，每 5 秒检查一次…
[TRACKER] 23:42:02 无持仓
[TRACKER] 23:42:09 无持仓
[TRACKER] 23:42:16 无持仓
[TRACKER] 23:42:22 无持仓
[TRACKER] 23:42:29 无持仓
[TRACKER] 23:42:35 无持仓
[TRACKER] 23:42:41 无持仓
[TRACKER] 23:42:48 无持仓
[TRACKER] 23:42:54 无持仓
[TRACKER] 本轮结束（将由 crontab 重新拉起）
[TRACKER] 启动，每 5 秒检查一次…
[TRACKER] 23:43:03 无持仓
[TRACKER] 23:43:09 无持仓
[TRACKER] 23:43:15 无持仓
[TRACKER] 23:43:22 无持仓
[TRACKER] 23:43:29 无持仓
[TRACKER] 23:43:35 无持仓
[TRACKER] 23:43:41 无持仓
[TRACKER] 23:43:48 无持仓
[TRACKER] 23:43:54 无持仓
[TRACKER] 本轮结束（将由 crontab 重新拉起）
[TRACKER] 启动，每 5 秒检查一次…
[TRACKER] 23:44:03 无持仓
[TRACKER] 23:44:10 无持仓
[TRACKER] 23:44:16 无持仓
[TRACKER] 23:44:23 无持仓
[TRACKER] 23:44:29 无持仓
[TRACKER] 23:44:35 无持仓
[TRACKER] 23:44:42 无持仓
[TRACKER] 23:44:48 无持仓
[TRACKER] 23:44:54 无持仓
[TRACKER] 本轮结束（将由 crontab 重新拉起）
[TRACKER] 启动，每 5 秒检查一次…
[TRACKER] 23:45:02 无持仓
[TRACKER] 23:45:08 无持仓
[TRACKER] 23:45:14 无持仓
[TRACKER] 23:45:21 无持仓
[TRACKER] 23:45:27 无持仓
[TRACKER] 23:45:33 无持仓
[TRACKER] 23:45:40 无持仓
[TRACKER] 23:45:47 无持仓
[TRACKER] 23:45:53 无持仓
[TRACKER] 本轮结束（将由 crontab 重新拉起）
[TRACKER] 启动，每 5 秒检查一次…
[TRACKER] 23:46:03 无持仓
[TRACKER] 23:46:09 无持仓
[TRACKER] 23:46:16 无持仓
[TRACKER] 23:46:23 无持仓
[TRACKER] 23:46:29 无持仓
[TRACKER] 23:46:36 无持仓
[TRACKER] 23:46:42 无持仓
[TRACKER] 23:46:49 无持仓
[TRACKER] 23:46:56 无持仓
[TRACKER] 本轮结束（将由 crontab 重新拉起）
[TRACKER] 启动，每 5 秒检查一次…
[TRACKER] 23:47:02 无持仓
[TRACKER] 23:47:09 无持仓
[TRACKER] 23:47:15 无持仓
[TRACKER] 23:47:21 无持仓
[TRACKER] 23:47:28 无持仓
[TRACKER] 23:47:35 无持仓
[TRACKER] 23:47:41 无持仓
[TRACKER] 23:47:48 无持仓
[TRACKER] 23:47:54 无持仓
[TRACKER] 本轮结束（将由 crontab 重新拉起）
[TRACKER] 启动，每 5 秒检查一次…
[TRACKER] 23:48:01 无持仓
[TRACKER] 23:48:08 无持仓
[TRACKER] 23:48:15 无持仓
[TRACKER] 23:48:21 无持仓
[TRACKER] 23:48:28 无持仓
[TRACKER] 23:48:34 无持仓
[TRACKER] 23:48:41 无持仓
[TRACKER] 23:48:47 无持仓
[TRACKER] 23:48:53 无持仓
[TRACKER] 本轮结束（将由 crontab 重新拉起）
[TRACKER] 启动，每 5 秒检查一次…
[TRACKER] 23:49:03 无持仓
[TRACKER] 23:49:09 无持仓
[TRACKER] 23:49:16 无持仓
[TRACKER] 23:49:22 无持仓
[TRACKER] 23:49:29 无持仓
[TRACKER] 23:49:35 无持仓
[TRACKER] 23:49:41 无持仓
[TRACKER] 23:49:48 无持仓
[TRACKER] 23:49:54 无持仓
[TRACKER] 本轮结束（将由 crontab 重新拉起）
[TRACKER] 启动，每 5 秒检查一次…
[TRACKER] 23:50:03 无持仓
[TRACKER] 23:50:09 无持仓
[TRACKER] 23:50:15 无持仓
[TRACKER] 23:50:22 无持仓
[TRACKER] 23:50:28 无持仓
[TRACKER] 23:50:35 无持仓
[TRACKER] 23:50:41 无持仓
[TRACKER] 23:50:48 无持仓
[TRACKER] 23:50:54 无持仓
[TRACKER] 本轮结束（将由 crontab 重新拉起）
[TRACKER] 启动，每 5 秒检查一次…
[TRACKER] 23:51:03 无持仓
[TRACKER] 23:51:09 无持仓
[TRACKER] 23:51:16 无持仓
[TRACKER] 23:51:22 无持仓
[TRACKER] 23:51:29 无持仓
[TRACKER] 23:51:35 无持仓
[TRACKER] 23:51:42 无持仓
[TRACKER] 23:51:48 无持仓
[TRACKER] 23:51:55 无持仓
[TRACKER] 本轮结束（将由 crontab 重新拉起）
[TRACKER] 启动，每 5 秒检查一次…
[TRACKER] 23:52:02 无持仓
[TRACKER] 23:52:08 无持仓
[TRACKER] 23:52:14 无持仓
[TRACKER] 23:52:21 无持仓
[TRACKER] 23:52:27 无持仓
[TRACKER] 23:52:33 无持仓
[TRACKER] 23:52:40 无持仓
[TRACKER] 23:52:46 无持仓
[TRACKER] 23:52:53 无持仓
[TRACKER] 本轮结束（将由 crontab 重新拉起）
[TRACKER] 启动，每 5 秒检查一次…
[TRACKER] 23:53:03 无持仓
[TRACKER] 23:53:10 无持仓
[TRACKER] 23:53:16 无持仓
[TRACKER] 23:53:22 无持仓
[TRACKER] 23:53:29 无持仓
[TRACKER] 23:53:35 无持仓
[TRACKER] 23:53:42 无持仓
[TRACKER] 23:53:48 无持仓
[TRACKER] 23:53:55 无持仓
[TRACKER] 本轮结束（将由 crontab 重新拉起）
[TRACKER] 启动，每 5 秒检查一次…
[TRACKER] 23:54:02 无持仓
[TRACKER] 23:54:08 无持仓
[TRACKER] 23:54:15 无持仓
[TRACKER] 23:54:21 无持仓
[TRACKER] 23:54:28 无持仓
[TRACKER] 23:54:34 无持仓
[TRACKER] 23:54:40 无持仓
[TRACKER] 23:54:47 无持仓
[TRACKER] 23:54:53 无持仓
[TRACKER] 本轮结束（将由 crontab 重新拉起）
[TRACKER] 启动，每 5 秒检查一次…
[TRACKER] 23:55:04 无持仓
[TRACKER] 23:55:10 无持仓
[TRACKER] 23:55:17 无持仓
[TRACKER] 23:55:23 无持仓
[TRACKER] 23:55:29 无持仓
[TRACKER] 23:55:36 无持仓
[TRACKER] 23:55:42 无持仓
[TRACKER] 23:55:48 无持仓
[TRACKER] 23:55:55 无持仓
[TRACKER] 本轮结束（将由 crontab 重新拉起）
[TRACKER] 启动，每 5 秒检查一次…
[TRACKER] 23:56:02 无持仓
[TRACKER] 23:56:09 无持仓
[TRACKER] 23:56:15 无持仓
[TRACKER] 23:56:21 无持仓
[TRACKER] 23:56:28 无持仓
[TRACKER] 23:56:34 无持仓
[TRACKER] 23:56:41 无持仓
[TRACKER] 23:56:47 无持仓
[TRACKER] 23:56:53 无持仓
[TRACKER] 本轮结束（将由 crontab 重新拉起）
[TRACKER] 启动，每 5 秒检查一次…
[TRACKER] 23:57:03 无持仓
[TRACKER] 23:57:09 无持仓
[TRACKER] 23:57:16 无持仓
[TRACKER] 23:57:23 无持仓
[TRACKER] 23:57:29 无持仓
[TRACKER] 23:57:36 无持仓
[TRACKER] 23:57:42 无持仓
[TRACKER] 23:57:48 无持仓
[TRACKER] 23:57:55 无持仓
[TRACKER] 本轮结束（将由 crontab 重新拉起）
[TRACKER] 启动，每 5 秒检查一次…
[TRACKER] 23:58:02 无持仓
[TRACKER] 23:58:08 无持仓
[TRACKER] 23:58:14 无持仓
[TRACKER] 23:58:21 无持仓
[TRACKER] 23:58:28 无持仓
[TRACKER] 23:58:34 无持仓
[TRACKER] 23:58:41 无持仓
[TRACKER] 23:58:47 无持仓
[TRACKER] 23:58:54 无持仓
[TRACKER] 本轮结束（将由 crontab 重新拉起）
[TRACKER] 启动，每 5 秒检查一次…
[TRACKER] 23:59:03 无持仓
[TRACKER] 23:59:09 无持仓
[TRACKER] 23:59:16 无持仓
[TRACKER] 23:59:22 无持仓
[TRACKER] 23:59:28 无持仓
[TRACKER] 23:59:35 无持仓
[TRACKER] 23:59:41 无持仓
[TRACKER] 23:59:47 无持仓
[TRACKER] 23:59:54 无持仓
[TRACKER] 本轮结束（将由 crontab 重新拉起）
[TRACKER] 启动，每 5 秒检查一次…
[TRACKER] 00:00:05 无持仓
[TRACKER] 00:00:11 持仓=5 盈利=0.0692U 亏损=-0.1459U 净浮盈=-0.0767U 手续费基数=0.1247U 阈值=0.6236U
[TRACKER] 00:00:17 持仓=5 盈利=0.1606U 亏损=-0.0695U 净浮盈=0.0911U 手续费基数=0.1247U 阈值=0.6236U
[TRACKER] 00:00:24 持仓=5 盈利=0.3387U 亏损=0.0000U 净浮盈=0.3387U 手续费基数=0.1247U 阈值=0.6236U
[TRACKER] 00:00:30 持仓=5 盈利=0.5342U 亏损=0.0000U 净浮盈=0.5342U 手续费基数=0.1247U 阈值=0.6236U
[TRACKER] 00:00:37 持仓=5 盈利=0.6968U 亏损=0.0000U 净浮盈=0.6968U 手续费基数=0.1247U 阈值=0.6236U
[TRACKER] 🎯 净浮盈 0.6968 > 阈值 0.6236，开始平仓
   ✅ 平仓 TLM/USDT:USDT 浮盈 0.0000U
   ✅ 平仓 DEXE/USDT:USDT 浮盈 0.0210U
   ✅ 平仓 ESP/USDT:USDT 浮盈 0.2699U
   ✅ 平仓 EUL/USDT:USDT 浮盈 0.3300U
   ✅ 平仓 VANRY/USDT:USDT 浮盈 0.0760U
[TRACKER] 00:00:45 无持仓
[TRACKER] 00:00:52 无持仓
[TRACKER] 00:00:58 无持仓
[TRACKER] 本轮结束（将由 crontab 重新拉起）
[TRACKER] 启动，每 5 秒检查一次…
[TRACKER] 00:01:03 无持仓
[TRACKER] 00:01:10 无持仓
[TRACKER] 00:01:17 无持仓
[TRACKER] 00:01:23 无持仓
[TRACKER] 00:01:29 无持仓
[TRACKER] 00:01:35 无持仓
[TRACKER] 00:01:42 无持仓
[TRACKER] 00:01:49 无持仓
[TRACKER] 00:01:55 无持仓
[TRACKER] 本轮结束（将由 crontab 重新拉起）
[TRACKER] 启动，每 5 秒检查一次…
[TRACKER] 00:02:02 无持仓
[TRACKER] 00:02:09 无持仓
[TRACKER] 00:02:15 无持仓
[TRACKER] 00:02:21 无持仓
[TRACKER] 00:02:28 无持仓
[TRACKER] 00:02:34 无持仓
[TRACKER] 00:02:40 无持仓
[TRACKER] 00:02:47 无持仓
[TRACKER] 00:02:53 无持仓
[TRACKER] 本轮结束（将由 crontab 重新拉起）
[TRACKER] 启动，每 5 秒检查一次…
[TRACKER] 00:03:03 无持仓
[TRACKER] 00:03:10 无持仓
[TRACKER] 00:03:16 无持仓
[TRACKER] 00:03:22 无持仓
[TRACKER] 00:03:29 无持仓
[TRACKER] 00:03:35 无持仓
[TRACKER] 00:03:42 无持仓
[TRACKER] 00:03:48 无持仓
[TRACKER] 00:03:54 无持仓
[TRACKER] 本轮结束（将由 crontab 重新拉起）
[TRACKER] 启动，每 5 秒检查一次…
[TRACKER] 00:04:03 无持仓
[TRACKER] 00:04:10 无持仓
[TRACKER] 00:04:17 无持仓
[TRACKER] 00:04:23 无持仓
[TRACKER] 00:04:29 无持仓
[TRACKER] 00:04:36 无持仓
[TRACKER] 00:04:43 无持仓
[TRACKER] 00:04:49 无持仓
[TRACKER] 00:04:56 无持仓
[TRACKER] 本轮结束（将由 crontab 重新拉起）
[TRACKER] 启动，每 5 秒检查一次…
[TRACKER] 00:05:03 无持仓
[TRACKER] 00:05:09 无持仓
[TRACKER] 00:05:15 无持仓
[TRACKER] 00:05:22 无持仓
[TRACKER] 00:05:28 无持仓
[TRACKER] 00:05:34 无持仓
[TRACKER] 00:05:41 无持仓
[TRACKER] 00:05:47 无持仓
[TRACKER] 00:05:54 无持仓
[TRACKER] 本轮结束（将由 crontab 重新拉起）
[TRACKER] 启动，每 5 秒检查一次…
[TRACKER] 00:06:03 无持仓
[TRACKER] 00:06:09 无持仓
[TRACKER] 00:06:15 无持仓
[TRACKER] 00:06:22 无持仓
[TRACKER] 00:06:29 无持仓
[TRACKER] 00:06:35 无持仓
[TRACKER] 00:06:41 无持仓
[TRACKER] 00:06:48 无持仓
[TRACKER] 00:06:55 无持仓
[TRACKER] 本轮结束（将由 crontab 重新拉起）
[TRACKER] 启动，每 5 秒检查一次…
[TRACKER] 00:07:02 无持仓
[TRACKER] 00:07:08 无持仓
[TRACKER] 00:07:14 无持仓
[TRACKER] 00:07:21 无持仓
[TRACKER] 00:07:28 无持仓
[TRACKER] 00:07:34 无持仓
[TRACKER] 00:07:41 无持仓
[TRACKER] 00:07:47 无持仓
[TRACKER] 00:07:54 无持仓
[TRACKER] 本轮结束（将由 crontab 重新拉起）
[TRACKER] 启动，每 5 秒检查一次…
[TRACKER] 00:08:03 无持仓
[TRACKER] 00:08:09 无持仓
[TRACKER] 00:08:16 无持仓
[TRACKER] 00:08:22 无持仓
[TRACKER] 00:08:29 无持仓
[TRACKER] 00:08:35 无持仓
[TRACKER] 00:08:42 无持仓
[TRACKER] 00:08:48 无持仓
[TRACKER] 00:08:55 无持仓
[TRACKER] 本轮结束（将由 crontab 重新拉起）
[TRACKER] 启动，每 5 秒检查一次…
[TRACKER] 00:09:02 无持仓
[TRACKER] 00:09:08 无持仓
[TRACKER] 00:09:14 无持仓
[TRACKER] 00:09:21 无持仓
[TRACKER] 00:09:27 无持仓
[TRACKER] 00:09:33 无持仓
[TRACKER] 00:09:40 无持仓
[TRACKER] 00:09:46 无持仓
[TRACKER] 00:09:52 无持仓
[TRACKER] 本轮结束（将由 crontab 重新拉起）
[TRACKER] 启动，每 5 秒检查一次…
[TRACKER] 00:10:03 无持仓
[TRACKER] 00:10:10 无持仓
[TRACKER] 00:10:16 无持仓
[TRACKER] 00:10:22 无持仓
[TRACKER] 00:10:29 无持仓
[TRACKER] 00:10:36 无持仓
[TRACKER] 00:10:42 无持仓
[TRACKER] 00:10:48 无持仓
[TRACKER] 00:10:55 无持仓
[TRACKER] 本轮结束（将由 crontab 重新拉起）
[TRACKER] 启动，每 5 秒检查一次…
[TRACKER] 00:11:02 无持仓
[TRACKER] 00:11:08 无持仓
[TRACKER] 00:11:14 无持仓
[TRACKER] 00:11:21 无持仓
[TRACKER] 00:11:27 无持仓
[TRACKER] 00:11:34 无持仓
[TRACKER] 00:11:40 无持仓
[TRACKER] 00:11:46 无持仓
[TRACKER] 00:11:53 无持仓
[TRACKER] 本轮结束（将由 crontab 重新拉起）
[TRACKER] 启动，每 5 秒检查一次…
[TRACKER] 00:12:03 无持仓
[TRACKER] 00:12:09 无持仓
[TRACKER] 00:12:16 无持仓
[TRACKER] 00:12:22 无持仓
[TRACKER] 00:12:29 无持仓
[TRACKER] 00:12:35 无持仓
[TRACKER] 00:12:41 无持仓
[TRACKER] 00:12:48 无持仓
[TRACKER] 00:12:54 无持仓
[TRACKER] 本轮结束（将由 crontab 重新拉起）
[TRACKER] 启动，每 5 秒检查一次…
[TRACKER] 00:13:03 无持仓
[TRACKER] 00:13:09 无持仓
[TRACKER] 00:13:15 无持仓
[TRACKER] 00:13:22 无持仓
[TRACKER] 00:13:28 无持仓
[TRACKER] 00:13:34 无持仓
[TRACKER] 00:13:40 无持仓
[TRACKER] 00:13:47 无持仓
[TRACKER] 00:13:53 无持仓
[TRACKER] 本轮结束（将由 crontab 重新拉起）
[TRACKER] 启动，每 5 秒检查一次…
[TRACKER] 00:14:03 无持仓
[TRACKER] 00:14:10 无持仓
[TRACKER] 00:14:16 无持仓
[TRACKER] 00:14:23 无持仓
[TRACKER] 00:14:30 无持仓
[TRACKER] 00:14:37 无持仓
[TRACKER] 00:14:43 无持仓
[TRACKER] 00:14:49 无持仓
[TRACKER] 00:14:56 无持仓
[TRACKER] 本轮结束（将由 crontab 重新拉起）
[TRACKER] 启动，每 5 秒检查一次…
[TRACKER] 00:15:03 无持仓
[TRACKER] 00:15:10 无持仓
[TRACKER] 00:15:16 无持仓
[TRACKER] 00:15:23 无持仓
[TRACKER] 00:15:30 无持仓
[TRACKER] 00:15:36 无持仓
[TRACKER] 00:15:42 无持仓
[TRACKER] 00:15:49 无持仓
[TRACKER] 00:15:55 无持仓
[TRACKER] 本轮结束（将由 crontab 重新拉起）
[TRACKER] 启动，每 5 秒检查一次…
[TRACKER] 00:16:02 无持仓
[TRACKER] 00:16:09 无持仓
[TRACKER] 00:16:15 无持仓
[TRACKER] 00:16:22 无持仓
[TRACKER] 00:16:28 无持仓
[TRACKER] 00:16:35 无持仓
[TRACKER] 00:16:41 无持仓
[TRACKER] 00:16:48 无持仓
[TRACKER] 00:16:54 无持仓
[TRACKER] 本轮结束（将由 crontab 重新拉起）
[TRACKER] 启动，每 5 秒检查一次…
[TRACKER] 00:17:03 无持仓
[TRACKER] 00:17:09 无持仓
[TRACKER] 00:17:16 无持仓
[TRACKER] 00:17:22 无持仓
[TRACKER] 00:17:29 无持仓
[TRACKER] 00:17:35 无持仓
[TRACKER] 00:17:41 无持仓
[TRACKER] 00:17:48 无持仓
[TRACKER] 00:17:54 无持仓
[TRACKER] 本轮结束（将由 crontab 重新拉起）
[TRACKER] 启动，每 5 秒检查一次…
[TRACKER] 00:18:03 无持仓
[TRACKER] 00:18:10 无持仓
[TRACKER] 00:18:16 无持仓
[TRACKER] 00:18:23 无持仓
[TRACKER] 00:18:29 无持仓
[TRACKER] 00:18:36 无持仓
[TRACKER] 00:18:43 无持仓
[TRACKER] 00:18:49 无持仓
[TRACKER] 00:18:55 无持仓
[TRACKER] 本轮结束（将由 crontab 重新拉起）
[TRACKER] 启动，每 5 秒检查一次…
[TRACKER] 00:19:02 无持仓
[TRACKER] 00:19:08 无持仓
[TRACKER] 00:19:15 无持仓
[TRACKER] 00:19:21 无持仓
[TRACKER] 00:19:28 无持仓
[TRACKER] 00:19:35 无持仓
[TRACKER] 00:19:41 无持仓
[TRACKER] 00:19:48 无持仓
[TRACKER] 00:19:54 无持仓
[TRACKER] 本轮结束（将由 crontab 重新拉起）
[TRACKER] 启动，每 5 秒检查一次…
[TRACKER] 00:20:03 无持仓
[TRACKER] 00:20:10 无持仓
[TRACKER] 00:20:16 无持仓
[TRACKER] 00:20:23 无持仓
[TRACKER] 00:20:29 无持仓
[TRACKER] 00:20:35 无持仓
[TRACKER] 00:20:42 无持仓
[TRACKER] 00:20:48 无持仓
[TRACKER] 00:20:54 无持仓
[TRACKER] 本轮结束（将由 crontab 重新拉起）
[TRACKER] 启动，每 5 秒检查一次…
[TRACKER] 00:21:03 无持仓
[TRACKER] 00:21:10 无持仓
[TRACKER] 00:21:16 无持仓
[TRACKER] 00:21:23 无持仓
[TRACKER] 00:21:30 无持仓
[TRACKER] 00:21:36 无持仓
[TRACKER] 00:21:43 无持仓
[TRACKER] 00:21:49 无持仓
[TRACKER] 00:21:55 无持仓
[TRACKER] 本轮结束（将由 crontab 重新拉起）
[TRACKER] 启动，每 5 秒检查一次…
[TRACKER] 00:22:03 无持仓
[TRACKER] 00:22:10 无持仓
[TRACKER] 00:22:16 无持仓
[TRACKER] 00:22:22 无持仓
[TRACKER] 00:22:29 无持仓
[TRACKER] 00:22:35 无持仓
[TRACKER] 00:22:41 无持仓
[TRACKER] 00:22:47 无持仓
[TRACKER] 00:22:54 无持仓
[TRACKER] 本轮结束（将由 crontab 重新拉起）
[TRACKER] 启动，每 5 秒检查一次…
[TRACKER] 00:23:03 无持仓
[TRACKER] 00:23:09 无持仓
[TRACKER] 00:23:16 无持仓
[TRACKER] 00:23:22 无持仓
[TRACKER] 00:23:29 无持仓
[TRACKER] 00:23:35 无持仓
[TRACKER] 00:23:41 无持仓
[TRACKER] 00:23:48 无持仓
[TRACKER] 00:23:54 无持仓
[TRACKER] 本轮结束（将由 crontab 重新拉起）
[TRACKER] 启动，每 5 秒检查一次…
[TRACKER] 00:24:03 无持仓
[TRACKER] 00:24:10 无持仓
[TRACKER] 00:24:16 无持仓
[TRACKER] 00:24:23 无持仓
[TRACKER] 00:24:29 无持仓
[TRACKER] 00:24:35 无持仓
[TRACKER] 00:24:42 无持仓
[TRACKER] 00:24:48 无持仓
[TRACKER] 00:24:54 无持仓
[TRACKER] 本轮结束（将由 crontab 重新拉起）
[TRACKER] 启动，每 5 秒检查一次…
[TRACKER] 00:25:02 无持仓
[TRACKER] 00:25:08 无持仓
[TRACKER] 00:25:15 无持仓
[TRACKER] 00:25:22 无持仓
[TRACKER] 00:25:28 无持仓
[TRACKER] 00:25:34 无持仓
[TRACKER] 00:25:40 无持仓
[TRACKER] 00:25:47 无持仓
[TRACKER] 00:25:53 无持仓
[TRACKER] 本轮结束（将由 crontab 重新拉起）
[TRACKER] 启动，每 5 秒检查一次…
[TRACKER] 00:26:02 无持仓
[TRACKER] 00:26:09 无持仓
[TRACKER] 00:26:15 无持仓
[TRACKER] 00:26:22 无持仓
[TRACKER] 00:26:28 无持仓
[TRACKER] 00:26:35 无持仓
[TRACKER] 00:26:42 无持仓
[TRACKER] 00:26:48 无持仓
[TRACKER] 00:26:55 无持仓
[TRACKER] 本轮结束（将由 crontab 重新拉起）
[TRACKER] 启动，每 5 秒检查一次…
[TRACKER] 00:27:01 无持仓
[TRACKER] 00:27:08 无持仓
[TRACKER] 00:27:14 无持仓
[TRACKER] 00:27:21 无持仓
[TRACKER] 00:27:28 无持仓
[TRACKER] 00:27:34 无持仓
[TRACKER] 00:27:40 无持仓
[TRACKER] 00:27:47 无持仓
[TRACKER] 00:27:54 无持仓
[TRACKER] 本轮结束（将由 crontab 重新拉起）
[TRACKER] 启动，每 5 秒检查一次…
[TRACKER] 00:28:03 无持仓
[TRACKER] 00:28:09 无持仓
[TRACKER] 00:28:16 无持仓
[TRACKER] 00:28:22 无持仓
[TRACKER] 00:28:29 无持仓
[TRACKER] 00:28:35 无持仓
[TRACKER] 00:28:41 无持仓
[TRACKER] 00:28:48 无持仓
[TRACKER] 00:28:55 无持仓
[TRACKER] 本轮结束（将由 crontab 重新拉起）
[TRACKER] 启动，每 5 秒检查一次…
[TRACKER] 00:29:02 无持仓
[TRACKER] 00:29:08 无持仓
[TRACKER] 00:29:14 无持仓
[TRACKER] 00:29:21 无持仓
[TRACKER] 00:29:27 无持仓
[TRACKER] 00:29:34 无持仓
[TRACKER] 00:29:40 无持仓
[TRACKER] 00:29:47 无持仓
[TRACKER] 00:29:53 无持仓
[TRACKER] 本轮结束（将由 crontab 重新拉起）
[TRACKER] 启动，每 5 秒检查一次…
[TRACKER] 00:30:03 无持仓
[TRACKER] 00:30:10 无持仓
[TRACKER] 00:30:16 无持仓
[TRACKER] 00:30:23 无持仓
[TRACKER] 00:30:29 无持仓
[TRACKER] 00:30:35 无持仓
[TRACKER] 00:30:42 无持仓
[TRACKER] 00:30:48 无持仓
[TRACKER] 00:30:54 无持仓
[TRACKER] 本轮结束（将由 crontab 重新拉起）
[TRACKER] 启动，每 5 秒检查一次…
[TRACKER] 00:31:03 无持仓
[TRACKER] 00:31:10 无持仓
[TRACKER] 00:31:16 无持仓
[TRACKER] 00:31:23 无持仓
[TRACKER] 00:31:30 无持仓
[TRACKER] 00:31:36 无持仓
[TRACKER] 00:31:43 无持仓
[TRACKER] 00:31:49 无持仓
[TRACKER] 00:31:56 无持仓
[TRACKER] 本轮结束（将由 crontab 重新拉起）
[TRACKER] 启动，每 5 秒检查一次…
[TRACKER] 00:32:03 无持仓
[TRACKER] 00:32:09 无持仓
[TRACKER] 00:32:16 无持仓
[TRACKER] 00:32:22 无持仓
[TRACKER] 00:32:28 无持仓
[TRACKER] 00:32:34 无持仓
[TRACKER] 00:32:41 无持仓
[TRACKER] 00:32:47 无持仓
[TRACKER] 00:32:54 无持仓
[TRACKER] 本轮结束（将由 crontab 重新拉起）
[TRACKER] 启动，每 5 秒检查一次…
[TRACKER] 00:33:03 无持仓
[TRACKER] 00:33:10 无持仓
[TRACKER] 00:33:16 无持仓
[TRACKER] 00:33:22 无持仓
[TRACKER] 00:33:29 无持仓
[TRACKER] 00:33:36 无持仓
[TRACKER] 00:33:43 无持仓
[TRACKER] 00:33:49 无持仓
[TRACKER] 00:33:56 无持仓
[TRACKER] 本轮结束（将由 crontab 重新拉起）
[TRACKER] 启动，每 5 秒检查一次…
[TRACKER] 00:34:03 无持仓
[TRACKER] 00:34:09 无持仓
[TRACKER] 00:34:16 无持仓
[TRACKER] 00:34:22 无持仓
[TRACKER] 00:34:29 无持仓
[TRACKER] 00:34:36 无持仓
[TRACKER] 00:34:42 无持仓
[TRACKER] 00:34:49 无持仓
[TRACKER] 00:34:55 无持仓
[TRACKER] 本轮结束（将由 crontab 重新拉起）
[TRACKER] 启动，每 5 秒检查一次…
[TRACKER] 00:35:02 无持仓
[TRACKER] 00:35:08 无持仓
[TRACKER] 00:35:15 无持仓
[TRACKER] 00:35:21 无持仓
[TRACKER] 00:35:28 无持仓
[TRACKER] 00:35:35 无持仓
[TRACKER] 00:35:41 无持仓
[TRACKER] 00:35:48 无持仓
[TRACKER] 00:35:54 无持仓
[TRACKER] 本轮结束（将由 crontab 重新拉起）
[TRACKER] 启动，每 5 秒检查一次…
[TRACKER] 00:36:03 无持仓
[TRACKER] 00:36:10 无持仓
[TRACKER] 00:36:16 无持仓
[TRACKER] 00:36:23 无持仓
[TRACKER] 00:36:29 无持仓
[TRACKER] 00:36:35 无持仓
[TRACKER] 00:36:41 无持仓
[TRACKER] 00:36:48 无持仓
[TRACKER] 00:36:54 无持仓
[TRACKER] 本轮结束（将由 crontab 重新拉起）
[TRACKER] 启动，每 5 秒检查一次…
[TRACKER] 00:37:03 无持仓
[TRACKER] 00:37:10 无持仓
[TRACKER] 00:37:16 无持仓
[TRACKER] 00:37:23 无持仓
[TRACKER] 00:37:29 无持仓
[TRACKER] 00:37:36 无持仓
[TRACKER] 00:37:42 无持仓
[TRACKER] 00:37:48 无持仓
[TRACKER] 00:37:55 无持仓
[TRACKER] 本轮结束（将由 crontab 重新拉起）
[TRACKER] 启动，每 5 秒检查一次…
[TRACKER] 00:38:02 无持仓
[TRACKER] 00:38:08 无持仓
[TRACKER] 00:38:15 无持仓
[TRACKER] 00:38:21 无持仓
[TRACKER] 00:38:28 无持仓
[TRACKER] 00:38:34 无持仓
[TRACKER] 00:38:40 无持仓
[TRACKER] 00:38:47 无持仓
[TRACKER] 00:38:53 无持仓
[TRACKER] 本轮结束（将由 crontab 重新拉起）
[TRACKER] 启动，每 5 秒检查一次…
[TRACKER] 00:39:03 无持仓
[TRACKER] 00:39:10 无持仓
[TRACKER] 00:39:16 无持仓
[TRACKER] 00:39:23 无持仓
[TRACKER] 00:39:29 无持仓
[TRACKER] 00:39:35 无持仓
[TRACKER] 00:39:42 无持仓
[TRACKER] 00:39:49 无持仓
[TRACKER] 00:39:55 无持仓
[TRACKER] 本轮结束（将由 crontab 重新拉起）
[TRACKER] 启动，每 5 秒检查一次…
[TRACKER] 00:40:03 无持仓
[TRACKER] 00:40:09 无持仓
[TRACKER] 00:40:16 无持仓
[TRACKER] 00:40:22 无持仓
[TRACKER] 00:40:29 无持仓
[TRACKER] 00:40:35 无持仓
[TRACKER] 00:40:42 无持仓
[TRACKER] 00:40:48 无持仓
[TRACKER] 00:40:55 无持仓
[TRACKER] 本轮结束（将由 crontab 重新拉起）
[TRACKER] 启动，每 5 秒检查一次…
[TRACKER] 00:41:02 无持仓
[TRACKER] 00:41:08 无持仓
[TRACKER] 00:41:14 无持仓
[TRACKER] 00:41:21 无持仓
[TRACKER] 00:41:27 无持仓
[TRACKER] 00:41:34 无持仓
[TRACKER] 00:41:40 无持仓
[TRACKER] 00:41:47 无持仓
[TRACKER] 00:41:53 无持仓
[TRACKER] 本轮结束（将由 crontab 重新拉起）
[TRACKER] 启动，每 5 秒检查一次…
[TRACKER] 00:42:03 无持仓
[TRACKER] 00:42:09 无持仓
[TRACKER] 00:42:16 无持仓
[TRACKER] 00:42:22 无持仓
[TRACKER] 00:42:29 无持仓
[TRACKER] 00:42:35 无持仓
[TRACKER] 00:42:42 无持仓
[TRACKER] 00:42:48 无持仓
[TRACKER] 00:42:55 无持仓
[TRACKER] 本轮结束（将由 crontab 重新拉起）
[TRACKER] 启动，每 5 秒检查一次…
[TRACKER] 00:43:01 无持仓
[TRACKER] 00:43:08 无持仓
[TRACKER] 00:43:14 无持仓
[TRACKER] 00:43:20 无持仓
[TRACKER] 00:43:27 无持仓
[TRACKER] 00:43:33 无持仓
[TRACKER] 00:43:39 无持仓
[TRACKER] 00:43:46 无持仓
[TRACKER] 00:43:52 无持仓
[TRACKER] 本轮结束（将由 crontab 重新拉起）
[TRACKER] 启动，每 5 秒检查一次…
[TRACKER] 00:44:03 无持仓
[TRACKER] 00:44:10 无持仓
[TRACKER] 00:44:16 无持仓
[TRACKER] 00:44:22 无持仓
[TRACKER] 00:44:28 无持仓
[TRACKER] 00:44:35 无持仓
[TRACKER] 00:44:41 无持仓
[TRACKER] 00:44:48 无持仓
[TRACKER] 00:44:54 无持仓
[TRACKER] 本轮结束（将由 crontab 重新拉起）
[TRACKER] 启动，每 5 秒检查一次…
[TRACKER] 00:45:01 无持仓
[TRACKER] 00:45:08 无持仓
[TRACKER] 00:45:14 无持仓
[TRACKER] 00:45:21 无持仓
[TRACKER] 00:45:27 无持仓
[TRACKER] 00:45:34 无持仓
[TRACKER] 00:45:40 无持仓
[TRACKER] 00:45:47 无持仓
[TRACKER] 00:45:53 无持仓
[TRACKER] 本轮结束（将由 crontab 重新拉起）
[TRACKER] 启动，每 5 秒检查一次…
[TRACKER] 00:46:03 无持仓
[TRACKER] 00:46:10 无持仓
[TRACKER] 00:46:16 无持仓
[TRACKER] 00:46:22 无持仓
[TRACKER] 00:46:29 无持仓
[TRACKER] 00:46:35 无持仓
[TRACKER] 00:46:42 无持仓
[TRACKER] 00:46:49 无持仓
[TRACKER] 00:46:56 无持仓
[TRACKER] 本轮结束（将由 crontab 重新拉起）
[TRACKER] 启动，每 5 秒检查一次…
[TRACKER] 00:47:03 无持仓
[TRACKER] 00:47:09 无持仓
[TRACKER] 00:47:16 无持仓
[TRACKER] 00:47:23 无持仓
[TRACKER] 00:47:29 无持仓
[TRACKER] 00:47:35 无持仓
[TRACKER] 00:47:42 无持仓
[TRACKER] 00:47:48 无持仓
[TRACKER] 00:47:55 无持仓
[TRACKER] 本轮结束（将由 crontab 重新拉起）
[TRACKER] 启动，每 5 秒检查一次…
[TRACKER] 00:48:02 无持仓
[TRACKER] 00:48:08 无持仓
[TRACKER] 00:48:15 无持仓
[TRACKER] 00:48:21 无持仓
[TRACKER] 00:48:28 无持仓
[TRACKER] 00:48:34 无持仓
[TRACKER] 00:48:40 无持仓
[TRACKER] 00:48:47 无持仓
[TRACKER] 00:48:53 无持仓
[TRACKER] 本轮结束（将由 crontab 重新拉起）
[TRACKER] 启动，每 5 秒检查一次…
[TRACKER] 00:49:03 无持仓
[TRACKER] 00:49:09 无持仓
[TRACKER] 00:49:15 无持仓
[TRACKER] 00:49:22 无持仓
[TRACKER] 00:49:29 无持仓
[TRACKER] 00:49:35 无持仓
[TRACKER] 00:49:41 无持仓
[TRACKER] 00:49:48 无持仓
[TRACKER] 00:49:54 无持仓
[TRACKER] 本轮结束（将由 crontab 重新拉起）
[TRACKER] 启动，每 5 秒检查一次…
[TRACKER] 00:50:03 无持仓
[TRACKER] 00:50:10 无持仓
[TRACKER] 00:50:16 无持仓
[TRACKER] 00:50:23 无持仓
[TRACKER] 00:50:29 无持仓
[TRACKER] 00:50:36 无持仓
[TRACKER] 00:50:42 无持仓
[TRACKER] 00:50:49 无持仓
[TRACKER] 00:50:55 无持仓
[TRACKER] 本轮结束（将由 crontab 重新拉起）
[TRACKER] 启动，每 5 秒检查一次…
[TRACKER] 00:51:02 无持仓
[TRACKER] 00:51:09 无持仓
[TRACKER] 00:51:16 无持仓
[TRACKER] 00:51:22 无持仓
[TRACKER] 00:51:29 无持仓
[TRACKER] 00:51:35 无持仓
[TRACKER] 00:51:41 无持仓
[TRACKER] 00:51:47 无持仓
[TRACKER] 00:51:54 无持仓
[TRACKER] 本轮结束（将由 crontab 重新拉起）
[TRACKER] 启动，每 5 秒检查一次…
[TRACKER] 00:52:02 无持仓
[TRACKER] 00:52:09 无持仓
[TRACKER] 00:52:15 无持仓
[TRACKER] 00:52:22 无持仓
[TRACKER] 00:52:28 无持仓
[TRACKER] 00:52:34 无持仓
[TRACKER] 00:52:41 无持仓
[TRACKER] 00:52:47 无持仓
[TRACKER] 00:52:54 无持仓
[TRACKER] 本轮结束（将由 crontab 重新拉起）
[TRACKER] 启动，每 5 秒检查一次…
[TRACKER] 00:53:03 无持仓
[TRACKER] 00:53:09 无持仓
[TRACKER] 00:53:15 无持仓
[TRACKER] 00:53:21 无持仓
[TRACKER] 00:53:28 无持仓
[TRACKER] 00:53:35 无持仓
[TRACKER] 00:53:41 无持仓
[TRACKER] 00:53:48 无持仓
[TRACKER] 00:53:54 无持仓
[TRACKER] 本轮结束（将由 crontab 重新拉起）
[TRACKER] 启动，每 5 秒检查一次…
[TRACKER] 00:54:03 无持仓
[TRACKER] 00:54:09 无持仓
[TRACKER] 00:54:15 无持仓
[TRACKER] 00:54:22 无持仓
[TRACKER] 00:54:28 无持仓
[TRACKER] 00:54:34 无持仓
[TRACKER] 00:54:41 无持仓
[TRACKER] 00:54:47 无持仓
[TRACKER] 00:54:53 无持仓
[TRACKER] 本轮结束（将由 crontab 重新拉起）
[TRACKER] 启动，每 5 秒检查一次…
[TRACKER] 00:55:03 无持仓
[TRACKER] 00:55:09 无持仓
[TRACKER] 00:55:16 无持仓
[TRACKER] 00:55:22 无持仓
[TRACKER] 00:55:29 无持仓
[TRACKER] 00:55:35 无持仓
[TRACKER] 00:55:42 无持仓
[TRACKER] 00:55:48 无持仓
[TRACKER] 00:55:54 无持仓
[TRACKER] 本轮结束（将由 crontab 重新拉起）
[TRACKER] 启动，每 5 秒检查一次…
[TRACKER] 00:56:03 无持仓
[TRACKER] 00:56:10 无持仓
[TRACKER] 00:56:17 无持仓
[TRACKER] 00:56:23 无持仓
[TRACKER] 00:56:29 无持仓
[TRACKER] 00:56:36 无持仓
[TRACKER] 00:56:42 无持仓
[TRACKER] 00:56:49 无持仓
[TRACKER] 00:56:55 无持仓
[TRACKER] 本轮结束（将由 crontab 重新拉起）
[TRACKER] 启动，每 5 秒检查一次…
[TRACKER] 00:57:02 无持仓
[TRACKER] 00:57:09 无持仓
[TRACKER] 00:57:15 无持仓
[TRACKER] 00:57:22 无持仓
[TRACKER] 00:57:29 无持仓
[TRACKER] 00:57:35 无持仓
[TRACKER] 00:57:42 无持仓
[TRACKER] 00:57:49 无持仓
[TRACKER] 00:57:55 无持仓
[TRACKER] 本轮结束（将由 crontab 重新拉起）
[TRACKER] 启动，每 5 秒检查一次…
[TRACKER] 00:58:02 无持仓
[TRACKER] 00:58:08 无持仓
[TRACKER] 00:58:15 无持仓
[TRACKER] 00:58:21 无持仓
[TRACKER] 00:58:28 无持仓
[TRACKER] 00:58:35 无持仓
[TRACKER] 00:58:41 无持仓
[TRACKER] 00:58:47 无持仓
[TRACKER] 00:58:54 无持仓
[TRACKER] 本轮结束（将由 crontab 重新拉起）
[TRACKER] 启动，每 5 秒检查一次…
[TRACKER] 00:59:03 无持仓
[TRACKER] 00:59:09 无持仓
[TRACKER] 00:59:16 无持仓
[TRACKER] 00:59:22 无持仓
[TRACKER] 00:59:29 无持仓
[TRACKER] 00:59:35 无持仓
[TRACKER] 00:59:41 无持仓
[TRACKER] 00:59:48 无持仓
[TRACKER] 00:59:54 无持仓
[TRACKER] 本轮结束（将由 crontab 重新拉起）
[TRACKER] 启动，每 5 秒检查一次…
[TRACKER] 01:00:03 无持仓
[TRACKER] 01:00:10 持仓=1 盈利=0.0000U 亏损=-0.0210U 净浮盈=-0.0210U 手续费基数=0.0235U 阈值=0.1176U
[TRACKER] 01:00:16 持仓=1 盈利=0.0000U 亏损=-0.0210U 净浮盈=-0.0210U 手续费基数=0.0235U 阈值=0.1176U
[TRACKER] 01:00:23 持仓=1 盈利=0.0000U 亏损=-0.0140U 净浮盈=-0.0140U 手续费基数=0.0235U 阈值=0.1176U
[TRACKER] 01:00:29 持仓=1 盈利=0.0000U 亏损=-0.0070U 净浮盈=-0.0070U 手续费基数=0.0235U 阈值=0.1176U
[TRACKER] 01:00:36 持仓=1 盈利=0.0420U 亏损=0.0000U 净浮盈=0.0420U 手续费基数=0.0235U 阈值=0.1176U
[TRACKER] 01:00:42 持仓=1 盈利=0.0420U 亏损=0.0000U 净浮盈=0.0420U 手续费基数=0.0235U 阈值=0.1176U
[TRACKER] 01:00:49 持仓=1 盈利=0.0000U 亏损=-0.0560U 净浮盈=-0.0560U 手续费基数=0.0235U 阈值=0.1176U
[TRACKER] 01:00:55 持仓=1 盈利=0.0000U 亏损=-0.1470U 净浮盈=-0.1470U 手续费基数=0.0235U 阈值=0.1176U
[TRACKER] 本轮结束（将由 crontab 重新拉起）
[TRACKER] 启动，每 5 秒检查一次…
[TRACKER] 01:01:02 持仓=1 盈利=0.0000U 亏损=-0.2310U 净浮盈=-0.2310U 手续费基数=0.0235U 阈值=0.1176U
[TRACKER] 01:01:08 持仓=1 盈利=0.0000U 亏损=-0.2660U 净浮盈=-0.2660U 手续费基数=0.0235U 阈值=0.1176U
[TRACKER] 01:01:15 持仓=1 盈利=0.0000U 亏损=-0.2520U 净浮盈=-0.2520U 手续费基数=0.0235U 阈值=0.1176U
[TRACKER] 01:01:21 持仓=1 盈利=0.0000U 亏损=-0.2240U 净浮盈=-0.2240U 手续费基数=0.0235U 阈值=0.1176U
[TRACKER] 01:01:28 持仓=1 盈利=0.0000U 亏损=-0.2170U 净浮盈=-0.2170U 手续费基数=0.0235U 阈值=0.1176U
[TRACKER] 01:01:35 持仓=1 盈利=0.0000U 亏损=-0.2310U 净浮盈=-0.2310U 手续费基数=0.0235U 阈值=0.1176U
[TRACKER] 01:01:41 持仓=1 盈利=0.0000U 亏损=-0.2590U 净浮盈=-0.2590U 手续费基数=0.0235U 阈值=0.1176U
[TRACKER] 01:01:48 持仓=1 盈利=0.0000U 亏损=-0.2800U 净浮盈=-0.2800U 手续费基数=0.0235U 阈值=0.1176U
[TRACKER] 01:01:54 持仓=1 盈利=0.0000U 亏损=-0.3220U 净浮盈=-0.3220U 手续费基数=0.0235U 阈值=0.1176U
[TRACKER] 本轮结束（将由 crontab 重新拉起）
[TRACKER] 启动，每 5 秒检查一次…
[TRACKER] 01:02:03 持仓=1 盈利=0.0000U 亏损=-0.3150U 净浮盈=-0.3150U 手续费基数=0.0235U 阈值=0.1176U
[TRACKER] 01:02:09 持仓=1 盈利=0.0000U 亏损=-0.3080U 净浮盈=-0.3080U 手续费基数=0.0235U 阈值=0.1176U
[TRACKER] 01:02:16 持仓=1 盈利=0.0000U 亏损=-0.2870U 净浮盈=-0.2870U 手续费基数=0.0235U 阈值=0.1176U
[TRACKER] 01:02:23 持仓=1 盈利=0.0000U 亏损=-0.2870U 净浮盈=-0.2870U 手续费基数=0.0235U 阈值=0.1176U
[TRACKER] 01:02:29 持仓=1 盈利=0.0000U 亏损=-0.3290U 净浮盈=-0.3290U 手续费基数=0.0235U 阈值=0.1176U
[TRACKER] 01:02:36 持仓=1 盈利=0.0000U 亏损=-0.3780U 净浮盈=-0.3780U 手续费基数=0.0235U 阈值=0.1176U
[TRACKER] 01:02:42 持仓=1 盈利=0.0000U 亏损=-0.3920U 净浮盈=-0.3920U 手续费基数=0.0235U 阈值=0.1176U
[TRACKER] 01:02:49 持仓=1 盈利=0.0000U 亏损=-0.4200U 净浮盈=-0.4200U 手续费基数=0.0235U 阈值=0.1176U
[TRACKER] 01:02:55 持仓=1 盈利=0.0000U 亏损=-0.4480U 净浮盈=-0.4480U 手续费基数=0.0235U 阈值=0.1176U
[TRACKER] 本轮结束（将由 crontab 重新拉起）
[TRACKER] 启动，每 5 秒检查一次…
[TRACKER] 01:03:02 持仓=1 盈利=0.0000U 亏损=-0.4760U 净浮盈=-0.4760U 手续费基数=0.0235U 阈值=0.1176U
[TRACKER] 01:03:08 持仓=1 盈利=0.0000U 亏损=-0.5250U 净浮盈=-0.5250U 手续费基数=0.0235U 阈值=0.1176U
[TRACKER] 01:03:15 持仓=1 盈利=0.0000U 亏损=-0.5320U 净浮盈=-0.5320U 手续费基数=0.0235U 阈值=0.1176U
[TRACKER] 01:03:22 持仓=1 盈利=0.0000U 亏损=-0.5670U 净浮盈=-0.5670U 手续费基数=0.0235U 阈值=0.1176U
[TRACKER] 01:03:28 持仓=1 盈利=0.0000U 亏损=-0.5740U 净浮盈=-0.5740U 手续费基数=0.0235U 阈值=0.1176U
[TRACKER] 01:03:34 持仓=1 盈利=0.0000U 亏损=-0.5950U 净浮盈=-0.5950U 手续费基数=0.0235U 阈值=0.1176U
[TRACKER] 01:03:41 持仓=1 盈利=0.0000U 亏损=-0.5670U 净浮盈=-0.5670U 手续费基数=0.0235U 阈值=0.1176U
[TRACKER] 01:03:47 持仓=1 盈利=0.0000U 亏损=-0.5390U 净浮盈=-0.5390U 手续费基数=0.0235U 阈值=0.1176U
[TRACKER] 01:03:54 持仓=1 盈利=0.0000U 亏损=-0.5600U 净浮盈=-0.5600U 手续费基数=0.0235U 阈值=0.1176U
[TRACKER] 本轮结束（将由 crontab 重新拉起）
[TRACKER] 启动，每 5 秒检查一次…
[TRACKER] 01:04:03 持仓=1 盈利=0.0000U 亏损=-0.5530U 净浮盈=-0.5530U 手续费基数=0.0235U 阈值=0.1176U
[TRACKER] 01:04:09 持仓=1 盈利=0.0000U 亏损=-0.5460U 净浮盈=-0.5460U 手续费基数=0.0235U 阈值=0.1176U
[TRACKER] 01:04:16 持仓=1 盈利=0.0000U 亏损=-0.4690U 净浮盈=-0.4690U 手续费基数=0.0235U 阈值=0.1176U
[TRACKER] 01:04:22 持仓=1 盈利=0.0000U 亏损=-0.4550U 净浮盈=-0.4550U 手续费基数=0.0235U 阈值=0.1176U
[TRACKER] 01:04:28 持仓=1 盈利=0.0000U 亏损=-0.4550U 净浮盈=-0.4550U 手续费基数=0.0235U 阈值=0.1176U
[TRACKER] 01:04:35 持仓=1 盈利=0.0000U 亏损=-0.4410U 净浮盈=-0.4410U 手续费基数=0.0235U 阈值=0.1176U
[TRACKER] 01:04:41 持仓=1 盈利=0.0000U 亏损=-0.4760U 净浮盈=-0.4760U 手续费基数=0.0235U 阈值=0.1176U
[TRACKER] 01:04:48 持仓=1 盈利=0.0000U 亏损=-0.4620U 净浮盈=-0.4620U 手续费基数=0.0235U 阈值=0.1176U
[TRACKER] 01:04:54 持仓=1 盈利=0.0000U 亏损=-0.3640U 净浮盈=-0.3640U 手续费基数=0.0235U 阈值=0.1176U
[TRACKER] 本轮结束（将由 crontab 重新拉起）
[TRACKER] 启动，每 5 秒检查一次…
[TRACKER] 01:05:03 持仓=1 盈利=0.0000U 亏损=-0.3010U 净浮盈=-0.3010U 手续费基数=0.0235U 阈值=0.1176U
[TRACKER] 01:05:09 持仓=1 盈利=0.0000U 亏损=-0.3430U 净浮盈=-0.3430U 手续费基数=0.0235U 阈值=0.1176U
[TRACKER] 01:05:16 持仓=1 盈利=0.0000U 亏损=-0.3990U 净浮盈=-0.3990U 手续费基数=0.0235U 阈值=0.1176U
[TRACKER] 01:05:22 持仓=1 盈利=0.0000U 亏损=-0.3710U 净浮盈=-0.3710U 手续费基数=0.0235U 阈值=0.1176U
[TRACKER] 01:05:28 持仓=1 盈利=0.0000U 亏损=-0.3850U 净浮盈=-0.3850U 手续费基数=0.0235U 阈值=0.1176U
[TRACKER] 01:05:35 持仓=1 盈利=0.0000U 亏损=-0.4200U 净浮盈=-0.4200U 手续费基数=0.0235U 阈值=0.1176U
[TRACKER] 01:05:41 持仓=1 盈利=0.0000U 亏损=-0.3920U 净浮盈=-0.3920U 手续费基数=0.0235U 阈值=0.1176U
[TRACKER] 01:05:48 持仓=1 盈利=0.0000U 亏损=-0.3920U 净浮盈=-0.3920U 手续费基数=0.0235U 阈值=0.1176U
[TRACKER] 01:05:54 持仓=1 盈利=0.0000U 亏损=-0.3640U 净浮盈=-0.3640U 手续费基数=0.0235U 阈值=0.1176U
[TRACKER] 本轮结束（将由 crontab 重新拉起）
[TRACKER] 启动，每 5 秒检查一次…
[TRACKER] 01:06:03 持仓=1 盈利=0.0000U 亏损=-0.3430U 净浮盈=-0.3430U 手续费基数=0.0235U 阈值=0.1176U
[TRACKER] 01:06:10 持仓=1 盈利=0.0000U 亏损=-0.3290U 净浮盈=-0.3290U 手续费基数=0.0235U 阈值=0.1176U
[TRACKER] 01:06:16 持仓=1 盈利=0.0000U 亏损=-0.3360U 净浮盈=-0.3360U 手续费基数=0.0235U 阈值=0.1176U
[TRACKER] 01:06:22 持仓=1 盈利=0.0000U 亏损=-0.3430U 净浮盈=-0.3430U 手续费基数=0.0235U 阈值=0.1176U
[TRACKER] 01:06:29 持仓=1 盈利=0.0000U 亏损=-0.3430U 净浮盈=-0.3430U 手续费基数=0.0235U 阈值=0.1176U
[TRACKER] 01:06:36 持仓=1 盈利=0.0000U 亏损=-0.3570U 净浮盈=-0.3570U 手续费基数=0.0235U 阈值=0.1176U
[TRACKER] 01:06:42 持仓=1 盈利=0.0000U 亏损=-0.3220U 净浮盈=-0.3220U 手续费基数=0.0235U 阈值=0.1176U
[TRACKER] 01:06:48 持仓=1 盈利=0.0000U 亏损=-0.3150U 净浮盈=-0.3150U 手续费基数=0.0235U 阈值=0.1176U
[TRACKER] 01:06:55 持仓=1 盈利=0.0000U 亏损=-0.2940U 净浮盈=-0.2940U 手续费基数=0.0235U 阈值=0.1176U
[TRACKER] 本轮结束（将由 crontab 重新拉起）
[TRACKER] 启动，每 5 秒检查一次…
[TRACKER] 01:07:02 持仓=1 盈利=0.0000U 亏损=-0.3570U 净浮盈=-0.3570U 手续费基数=0.0235U 阈值=0.1176U
[TRACKER] 01:07:08 持仓=1 盈利=0.0000U 亏损=-0.3640U 净浮盈=-0.3640U 手续费基数=0.0235U 阈值=0.1176U
[TRACKER] 01:07:15 持仓=1 盈利=0.0000U 亏损=-0.3430U 净浮盈=-0.3430U 手续费基数=0.0235U 阈值=0.1176U
[TRACKER] 01:07:21 持仓=1 盈利=0.0000U 亏损=-0.3710U 净浮盈=-0.3710U 手续费基数=0.0235U 阈值=0.1176U
[TRACKER] 01:07:28 持仓=1 盈利=0.0000U 亏损=-0.3850U 净浮盈=-0.3850U 手续费基数=0.0235U 阈值=0.1176U
[TRACKER] 01:07:34 持仓=1 盈利=0.0000U 亏损=-0.4060U 净浮盈=-0.4060U 手续费基数=0.0235U 阈值=0.1176U
[TRACKER] 01:07:41 持仓=1 盈利=0.0000U 亏损=-0.3920U 净浮盈=-0.3920U 手续费基数=0.0235U 阈值=0.1176U
[TRACKER] 01:07:47 持仓=1 盈利=0.0000U 亏损=-0.4130U 净浮盈=-0.4130U 手续费基数=0.0235U 阈值=0.1176U
[TRACKER] 01:07:54 持仓=1 盈利=0.0000U 亏损=-0.3920U 净浮盈=-0.3920U 手续费基数=0.0235U 阈值=0.1176U
[TRACKER] 本轮结束（将由 crontab 重新拉起）
[TRACKER] 启动，每 5 秒检查一次…
[TRACKER] 01:08:03 持仓=1 盈利=0.0000U 亏损=-0.2520U 净浮盈=-0.2520U 手续费基数=0.0235U 阈值=0.1176U
[TRACKER] 01:08:09 持仓=1 盈利=0.0000U 亏损=-0.2940U 净浮盈=-0.2940U 手续费基数=0.0235U 阈值=0.1176U
[TRACKER] 01:08:15 持仓=1 盈利=0.0000U 亏损=-0.2870U 净浮盈=-0.2870U 手续费基数=0.0235U 阈值=0.1176U
[TRACKER] 01:08:21 持仓=1 盈利=0.0000U 亏损=-0.3220U 净浮盈=-0.3220U 手续费基数=0.0235U 阈值=0.1176U
[TRACKER] 01:08:28 持仓=1 盈利=0.0000U 亏损=-0.4760U 净浮盈=-0.4760U 手续费基数=0.0235U 阈值=0.1176U
[TRACKER] 01:08:34 持仓=1 盈利=0.0000U 亏损=-0.4550U 净浮盈=-0.4550U 手续费基数=0.0235U 阈值=0.1176U
[TRACKER] 01:08:41 持仓=1 盈利=0.0000U 亏损=-0.3570U 净浮盈=-0.3570U 手续费基数=0.0235U 阈值=0.1176U
[TRACKER] 01:08:47 持仓=1 盈利=0.0000U 亏损=-0.3850U 净浮盈=-0.3850U 手续费基数=0.0235U 阈值=0.1176U
[TRACKER] 01:08:53 持仓=1 盈利=0.0000U 亏损=-0.3780U 净浮盈=-0.3780U 手续费基数=0.0235U 阈值=0.1176U
[TRACKER] 本轮结束（将由 crontab 重新拉起）
[TRACKER] 启动，每 5 秒检查一次…
[TRACKER] 01:09:03 持仓=1 盈利=0.0000U 亏损=-0.3570U 净浮盈=-0.3570U 手续费基数=0.0235U 阈值=0.1176U
[TRACKER] 01:09:10 持仓=1 盈利=0.0000U 亏损=-0.3500U 净浮盈=-0.3500U 手续费基数=0.0235U 阈值=0.1176U
[TRACKER] 01:09:16 持仓=1 盈利=0.0000U 亏损=-0.3360U 净浮盈=-0.3360U 手续费基数=0.0235U 阈值=0.1176U
[TRACKER] 01:09:23 持仓=1 盈利=0.0000U 亏损=-0.3570U 净浮盈=-0.3570U 手续费基数=0.0235U 阈值=0.1176U
[TRACKER] 01:09:30 持仓=1 盈利=0.0000U 亏损=-0.3850U 净浮盈=-0.3850U 手续费基数=0.0235U 阈值=0.1176U
[TRACKER] 01:09:36 持仓=1 盈利=0.0000U 亏损=-0.3710U 净浮盈=-0.3710U 手续费基数=0.0235U 阈值=0.1176U
[TRACKER] 01:09:43 持仓=1 盈利=0.0000U 亏损=-0.3640U 净浮盈=-0.3640U 手续费基数=0.0235U 阈值=0.1176U
[TRACKER] 01:09:49 持仓=1 盈利=0.0000U 亏损=-0.3430U 净浮盈=-0.3430U 手续费基数=0.0235U 阈值=0.1176U
[TRACKER] 01:09:55 持仓=1 盈利=0.0000U 亏损=-0.3430U 净浮盈=-0.3430U 手续费基数=0.0235U 阈值=0.1176U
[TRACKER] 本轮结束（将由 crontab 重新拉起）
[TRACKER] 启动，每 5 秒检查一次…
[TRACKER] 01:10:03 持仓=1 盈利=0.0000U 亏损=-0.2590U 净浮盈=-0.2590U 手续费基数=0.0235U 阈值=0.1176U
[TRACKER] 01:10:09 持仓=1 盈利=0.0000U 亏损=-0.2170U 净浮盈=-0.2170U 手续费基数=0.0235U 阈值=0.1176U
[TRACKER] 01:10:16 持仓=1 盈利=0.0000U 亏损=-0.2520U 净浮盈=-0.2520U 手续费基数=0.0235U 阈值=0.1176U
[TRACKER] 01:10:22 持仓=1 盈利=0.0000U 亏损=-0.2800U 净浮盈=-0.2800U 手续费基数=0.0235U 阈值=0.1176U
[TRACKER] 01:10:29 持仓=1 盈利=0.0000U 亏损=-0.2730U 净浮盈=-0.2730U 手续费基数=0.0235U 阈值=0.1176U
[TRACKER] 01:10:35 持仓=1 盈利=0.0000U 亏损=-0.2800U 净浮盈=-0.2800U 手续费基数=0.0235U 阈值=0.1176U
[TRACKER] 01:10:41 持仓=1 盈利=0.0000U 亏损=-0.3150U 净浮盈=-0.3150U 手续费基数=0.0235U 阈值=0.1176U
[TRACKER] 01:10:48 持仓=1 盈利=0.0000U 亏损=-0.3010U 净浮盈=-0.3010U 手续费基数=0.0235U 阈值=0.1176U
[TRACKER] 01:10:54 持仓=1 盈利=0.0000U 亏损=-0.3080U 净浮盈=-0.3080U 手续费基数=0.0235U 阈值=0.1176U
[TRACKER] 本轮结束（将由 crontab 重新拉起）
[TRACKER] 启动，每 5 秒检查一次…
[TRACKER] 01:11:01 持仓=1 盈利=0.0000U 亏损=-0.2800U 净浮盈=-0.2800U 手续费基数=0.0235U 阈值=0.1176U
[TRACKER] 01:11:08 持仓=1 盈利=0.0000U 亏损=-0.2730U 净浮盈=-0.2730U 手续费基数=0.0235U 阈值=0.1176U
[TRACKER] 01:11:14 持仓=1 盈利=0.0000U 亏损=-0.2870U 净浮盈=-0.2870U 手续费基数=0.0235U 阈值=0.1176U
[TRACKER] 01:11:21 持仓=1 盈利=0.0000U 亏损=-0.2450U 净浮盈=-0.2450U 手续费基数=0.0235U 阈值=0.1176U
[TRACKER] 01:11:27 持仓=1 盈利=0.0000U 亏损=-0.2450U 净浮盈=-0.2450U 手续费基数=0.0235U 阈值=0.1176U
[TRACKER] 01:11:33 持仓=1 盈利=0.0000U 亏损=-0.2730U 净浮盈=-0.2730U 手续费基数=0.0235U 阈值=0.1176U
[TRACKER] 01:11:40 持仓=1 盈利=0.0000U 亏损=-0.2450U 净浮盈=-0.2450U 手续费基数=0.0235U 阈值=0.1176U
[TRACKER] 01:11:46 持仓=1 盈利=0.0000U 亏损=-0.2520U 净浮盈=-0.2520U 手续费基数=0.0235U 阈值=0.1176U
[TRACKER] 01:11:53 持仓=1 盈利=0.0000U 亏损=-0.2450U 净浮盈=-0.2450U 手续费基数=0.0235U 阈值=0.1176U
[TRACKER] 本轮结束（将由 crontab 重新拉起）
[TRACKER] 启动，每 5 秒检查一次…
[TRACKER] 01:12:02 持仓=1 盈利=0.0000U 亏损=-0.3150U 净浮盈=-0.3150U 手续费基数=0.0235U 阈值=0.1176U
[TRACKER] 01:12:09 持仓=1 盈利=0.0000U 亏损=-0.2870U 净浮盈=-0.2870U 手续费基数=0.0235U 阈值=0.1176U
[TRACKER] 01:12:16 持仓=1 盈利=0.0000U 亏损=-0.2870U 净浮盈=-0.2870U 手续费基数=0.0235U 阈值=0.1176U
[TRACKER] 01:12:22 持仓=1 盈利=0.0000U 亏损=-0.3150U 净浮盈=-0.3150U 手续费基数=0.0235U 阈值=0.1176U
[TRACKER] 01:12:29 持仓=1 盈利=0.0000U 亏损=-0.3150U 净浮盈=-0.3150U 手续费基数=0.0235U 阈值=0.1176U
[TRACKER] 01:12:35 持仓=1 盈利=0.0000U 亏损=-0.3290U 净浮盈=-0.3290U 手续费基数=0.0235U 阈值=0.1176U
[TRACKER] 01:12:41 持仓=1 盈利=0.0000U 亏损=-0.3290U 净浮盈=-0.3290U 手续费基数=0.0235U 阈值=0.1176U
[TRACKER] 01:12:48 持仓=1 盈利=0.0000U 亏损=-0.4060U 净浮盈=-0.4060U 手续费基数=0.0235U 阈值=0.1176U
[TRACKER] 01:12:54 持仓=1 盈利=0.0000U 亏损=-0.3850U 净浮盈=-0.3850U 手续费基数=0.0235U 阈值=0.1176U
[TRACKER] 本轮结束（将由 crontab 重新拉起）
[TRACKER] 启动，每 5 秒检查一次…
[TRACKER] 01:13:01 持仓=1 盈利=0.0000U 亏损=-0.3710U 净浮盈=-0.3710U 手续费基数=0.0235U 阈值=0.1176U
[TRACKER] 01:13:08 持仓=1 盈利=0.0000U 亏损=-0.3570U 净浮盈=-0.3570U 手续费基数=0.0235U 阈值=0.1176U
[TRACKER] 01:13:14 持仓=1 盈利=0.0000U 亏损=-0.3570U 净浮盈=-0.3570U 手续费基数=0.0235U 阈值=0.1176U
[TRACKER] 01:13:20 持仓=1 盈利=0.0000U 亏损=-0.3430U 净浮盈=-0.3430U 手续费基数=0.0235U 阈值=0.1176U
[TRACKER] 01:13:27 持仓=1 盈利=0.0000U 亏损=-0.3360U 净浮盈=-0.3360U 手续费基数=0.0235U 阈值=0.1176U
[TRACKER] 01:13:33 持仓=1 盈利=0.0000U 亏损=-0.3430U 净浮盈=-0.3430U 手续费基数=0.0235U 阈值=0.1176U
[TRACKER] 01:13:39 持仓=1 盈利=0.0000U 亏损=-0.3850U 净浮盈=-0.3850U 手续费基数=0.0235U 阈值=0.1176U
[TRACKER] 01:13:45 持仓=1 盈利=0.0000U 亏损=-0.3990U 净浮盈=-0.3990U 手续费基数=0.0235U 阈值=0.1176U
[TRACKER] 01:13:52 持仓=1 盈利=0.0000U 亏损=-0.4480U 净浮盈=-0.4480U 手续费基数=0.0235U 阈值=0.1176U
[TRACKER] 本轮结束（将由 crontab 重新拉起）
[TRACKER] 启动，每 5 秒检查一次…
[TRACKER] 01:14:03 持仓=1 盈利=0.0000U 亏损=-0.4620U 净浮盈=-0.4620U 手续费基数=0.0235U 阈值=0.1176U
[TRACKER] 01:14:10 持仓=1 盈利=0.0000U 亏损=-0.4830U 净浮盈=-0.4830U 手续费基数=0.0235U 阈值=0.1176U
[TRACKER] 01:14:16 持仓=1 盈利=0.0000U 亏损=-0.4760U 净浮盈=-0.4760U 手续费基数=0.0235U 阈值=0.1176U
[TRACKER] 01:14:23 持仓=1 盈利=0.0000U 亏损=-0.5040U 净浮盈=-0.5040U 手续费基数=0.0235U 阈值=0.1176U
[TRACKER] 01:14:29 持仓=1 盈利=0.0000U 亏损=-0.5880U 净浮盈=-0.5880U 手续费基数=0.0235U 阈值=0.1176U
[TRACKER] 01:14:36 持仓=1 盈利=0.0000U 亏损=-0.5600U 净浮盈=-0.5600U 手续费基数=0.0235U 阈值=0.1176U
[TRACKER] 01:14:42 持仓=1 盈利=0.0000U 亏损=-0.5390U 净浮盈=-0.5390U 手续费基数=0.0235U 阈值=0.1176U
[TRACKER] 01:14:49 持仓=1 盈利=0.0000U 亏损=-0.5320U 净浮盈=-0.5320U 手续费基数=0.0235U 阈值=0.1176U
[TRACKER] 01:14:55 持仓=1 盈利=0.0000U 亏损=-0.5320U 净浮盈=-0.5320U 手续费基数=0.0235U 阈值=0.1176U
[TRACKER] 本轮结束（将由 crontab 重新拉起）
[TRACKER] 启动，每 5 秒检查一次…
[TRACKER] 01:15:02 持仓=1 盈利=0.0000U 亏损=-0.5250U 净浮盈=-0.5250U 手续费基数=0.0235U 阈值=0.1176U
[TRACKER] 01:15:08 持仓=1 盈利=0.0000U 亏损=-0.5530U 净浮盈=-0.5530U 手续费基数=0.0235U 阈值=0.1176U
[TRACKER] 01:15:14 持仓=1 盈利=0.0000U 亏损=-0.4900U 净浮盈=-0.4900U 手续费基数=0.0235U 阈值=0.1176U
[TRACKER] 01:15:21 持仓=1 盈利=0.0000U 亏损=-0.4200U 净浮盈=-0.4200U 手续费基数=0.0235U 阈值=0.1176U
[TRACKER] 01:15:27 持仓=1 盈利=0.0000U 亏损=-0.4060U 净浮盈=-0.4060U 手续费基数=0.0235U 阈值=0.1176U
[TRACKER] 01:15:34 持仓=1 盈利=0.0000U 亏损=-0.3780U 净浮盈=-0.3780U 手续费基数=0.0235U 阈值=0.1176U
[TRACKER] 01:15:41 持仓=1 盈利=0.0000U 亏损=-0.3640U 净浮盈=-0.3640U 手续费基数=0.0235U 阈值=0.1176U
[TRACKER] 01:15:47 持仓=1 盈利=0.0000U 亏损=-0.3780U 净浮盈=-0.3780U 手续费基数=0.0235U 阈值=0.1176U
[TRACKER] 01:15:54 持仓=1 盈利=0.0000U 亏损=-0.3850U 净浮盈=-0.3850U 手续费基数=0.0235U 阈值=0.1176U
[TRACKER] 本轮结束（将由 crontab 重新拉起）
[TRACKER] 启动，每 5 秒检查一次…
[TRACKER] 01:16:02 持仓=1 盈利=0.0000U 亏损=-0.3920U 净浮盈=-0.3920U 手续费基数=0.0235U 阈值=0.1176U
[TRACKER] 01:16:09 持仓=1 盈利=0.0000U 亏损=-0.3500U 净浮盈=-0.3500U 手续费基数=0.0235U 阈值=0.1176U
[TRACKER] 01:16:15 持仓=1 盈利=0.0000U 亏损=-0.3500U 净浮盈=-0.3500U 手续费基数=0.0235U 阈值=0.1176U
[TRACKER] 01:16:22 持仓=1 盈利=0.0000U 亏损=-0.3220U 净浮盈=-0.3220U 手续费基数=0.0235U 阈值=0.1176U
[TRACKER] 01:16:28 持仓=1 盈利=0.0000U 亏损=-0.3570U 净浮盈=-0.3570U 手续费基数=0.0235U 阈值=0.1176U
[TRACKER] 01:16:34 持仓=1 盈利=0.0000U 亏损=-0.3640U 净浮盈=-0.3640U 手续费基数=0.0235U 阈值=0.1176U
[TRACKER] 01:16:41 持仓=1 盈利=0.0000U 亏损=-0.3640U 净浮盈=-0.3640U 手续费基数=0.0235U 阈值=0.1176U
[TRACKER] 01:16:47 持仓=1 盈利=0.0000U 亏损=-0.3360U 净浮盈=-0.3360U 手续费基数=0.0235U 阈值=0.1176U
[TRACKER] 01:16:53 持仓=1 盈利=0.0000U 亏损=-0.4270U 净浮盈=-0.4270U 手续费基数=0.0235U 阈值=0.1176U
[TRACKER] 本轮结束（将由 crontab 重新拉起）
[TRACKER] 启动，每 5 秒检查一次…
[TRACKER] 01:17:02 持仓=1 盈利=0.0000U 亏损=-0.4970U 净浮盈=-0.4970U 手续费基数=0.0235U 阈值=0.1176U
[TRACKER] 01:17:09 持仓=1 盈利=0.0000U 亏损=-0.4970U 净浮盈=-0.4970U 手续费基数=0.0235U 阈值=0.1176U
[TRACKER] 01:17:15 持仓=1 盈利=0.0000U 亏损=-0.4340U 净浮盈=-0.4340U 手续费基数=0.0235U 阈值=0.1176U
[TRACKER] 01:17:22 持仓=1 盈利=0.0000U 亏损=-0.4200U 净浮盈=-0.4200U 手续费基数=0.0235U 阈值=0.1176U
[TRACKER] 01:17:28 持仓=1 盈利=0.0000U 亏损=-0.3990U 净浮盈=-0.3990U 手续费基数=0.0235U 阈值=0.1176U
[TRACKER] 01:17:35 持仓=1 盈利=0.0000U 亏损=-0.3990U 净浮盈=-0.3990U 手续费基数=0.0235U 阈值=0.1176U
[TRACKER] 01:17:41 持仓=1 盈利=0.0000U 亏损=-0.3920U 净浮盈=-0.3920U 手续费基数=0.0235U 阈值=0.1176U
[TRACKER] 01:17:48 持仓=1 盈利=0.0000U 亏损=-0.3920U 净浮盈=-0.3920U 手续费基数=0.0235U 阈值=0.1176U
[TRACKER] 01:17:54 持仓=1 盈利=0.0000U 亏损=-0.4060U 净浮盈=-0.4060U 手续费基数=0.0235U 阈值=0.1176U
[TRACKER] 本轮结束（将由 crontab 重新拉起）
[TRACKER] 启动，每 5 秒检查一次…
[TRACKER] 01:18:03 持仓=1 盈利=0.0000U 亏损=-0.4060U 净浮盈=-0.4060U 手续费基数=0.0235U 阈值=0.1176U
[TRACKER] 01:18:10 持仓=1 盈利=0.0000U 亏损=-0.4410U 净浮盈=-0.4410U 手续费基数=0.0235U 阈值=0.1176U
[TRACKER] 01:18:16 持仓=1 盈利=0.0000U 亏损=-0.4060U 净浮盈=-0.4060U 手续费基数=0.0235U 阈值=0.1176U
[TRACKER] 01:18:23 持仓=1 盈利=0.0000U 亏损=-0.4200U 净浮盈=-0.4200U 手续费基数=0.0235U 阈值=0.1176U
[TRACKER] 01:18:29 持仓=1 盈利=0.0000U 亏损=-0.4970U 净浮盈=-0.4970U 手续费基数=0.0235U 阈值=0.1176U
[TRACKER] 01:18:35 持仓=1 盈利=0.0000U 亏损=-0.5180U 净浮盈=-0.5180U 手续费基数=0.0235U 阈值=0.1176U
[TRACKER] 01:18:42 持仓=1 盈利=0.0000U 亏损=-0.5880U 净浮盈=-0.5880U 手续费基数=0.0235U 阈值=0.1176U
[TRACKER] 01:18:49 持仓=1 盈利=0.0000U 亏损=-0.6440U 净浮盈=-0.6440U 手续费基数=0.0235U 阈值=0.1176U
[TRACKER] 01:18:55 持仓=1 盈利=0.0000U 亏损=-0.6160U 净浮盈=-0.6160U 手续费基数=0.0235U 阈值=0.1176U
[TRACKER] 本轮结束（将由 crontab 重新拉起）
[TRACKER] 启动，每 5 秒检查一次…
[TRACKER] 01:19:02 持仓=1 盈利=0.0000U 亏损=-0.5810U 净浮盈=-0.5810U 手续费基数=0.0235U 阈值=0.1176U
[TRACKER] 01:19:08 持仓=1 盈利=0.0000U 亏损=-0.6230U 净浮盈=-0.6230U 手续费基数=0.0235U 阈值=0.1176U
[TRACKER] 01:19:15 持仓=1 盈利=0.0000U 亏损=-0.6160U 净浮盈=-0.6160U 手续费基数=0.0235U 阈值=0.1176U
[TRACKER] 01:19:22 持仓=1 盈利=0.0000U 亏损=-0.6090U 净浮盈=-0.6090U 手续费基数=0.0235U 阈值=0.1176U
[TRACKER] 01:19:29 持仓=1 盈利=0.0000U 亏损=-0.6160U 净浮盈=-0.6160U 手续费基数=0.0235U 阈值=0.1176U
[TRACKER] 01:19:35 持仓=1 盈利=0.0000U 亏损=-0.6580U 净浮盈=-0.6580U 手续费基数=0.0235U 阈值=0.1176U
[TRACKER] 01:19:41 持仓=1 盈利=0.0000U 亏损=-0.6370U 净浮盈=-0.6370U 手续费基数=0.0235U 阈值=0.1176U
[TRACKER] 01:19:48 持仓=1 盈利=0.0000U 亏损=-0.6720U 净浮盈=-0.6720U 手续费基数=0.0235U 阈值=0.1176U
[TRACKER] 01:19:54 持仓=1 盈利=0.0000U 亏损=-0.6230U 净浮盈=-0.6230U 手续费基数=0.0235U 阈值=0.1176U
[TRACKER] 本轮结束（将由 crontab 重新拉起）
[TRACKER] 启动，每 5 秒检查一次…
[TRACKER] 01:20:03 持仓=1 盈利=0.0000U 亏损=-0.6440U 净浮盈=-0.6440U 手续费基数=0.0235U 阈值=0.1176U
[TRACKER] 01:20:10 持仓=1 盈利=0.0000U 亏损=-0.6650U 净浮盈=-0.6650U 手续费基数=0.0235U 阈值=0.1176U
[TRACKER] 01:20:16 持仓=1 盈利=0.0000U 亏损=-0.7140U 净浮盈=-0.7140U 手续费基数=0.0235U 阈值=0.1176U
[TRACKER] 01:20:23 持仓=1 盈利=0.0000U 亏损=-0.7210U 净浮盈=-0.7210U 手续费基数=0.0235U 阈值=0.1176U
[TRACKER] 01:20:30 持仓=1 盈利=0.0000U 亏损=-0.7350U 净浮盈=-0.7350U 手续费基数=0.0235U 阈值=0.1176U
[TRACKER] 01:20:36 持仓=1 盈利=0.0000U 亏损=-0.7700U 净浮盈=-0.7700U 手续费基数=0.0235U 阈值=0.1176U
[TRACKER] 01:20:43 持仓=1 盈利=0.0000U 亏损=-0.7910U 净浮盈=-0.7910U 手续费基数=0.0235U 阈值=0.1176U
[TRACKER] 01:20:49 持仓=1 盈利=0.0000U 亏损=-0.7700U 净浮盈=-0.7700U 手续费基数=0.0235U 阈值=0.1176U
[TRACKER] 01:20:56 持仓=1 盈利=0.0000U 亏损=-0.7560U 净浮盈=-0.7560U 手续费基数=0.0235U 阈值=0.1176U
[TRACKER] 本轮结束（将由 crontab 重新拉起）
[TRACKER] 启动，每 5 秒检查一次…
[TRACKER] 01:21:02 持仓=1 盈利=0.0000U 亏损=-0.7280U 净浮盈=-0.7280U 手续费基数=0.0235U 阈值=0.1176U
[TRACKER] 01:21:09 持仓=1 盈利=0.0000U 亏损=-0.7910U 净浮盈=-0.7910U 手续费基数=0.0235U 阈值=0.1176U
[TRACKER] 01:21:15 持仓=1 盈利=0.0000U 亏损=-0.7770U 净浮盈=-0.7770U 手续费基数=0.0235U 阈值=0.1176U
[TRACKER] 01:21:22 持仓=1 盈利=0.0000U 亏损=-0.7840U 净浮盈=-0.7840U 手续费基数=0.0235U 阈值=0.1176U
[TRACKER] 01:21:28 持仓=1 盈利=0.0000U 亏损=-0.7980U 净浮盈=-0.7980U 手续费基数=0.0235U 阈值=0.1176U
[TRACKER] 01:21:34 持仓=1 盈利=0.0000U 亏损=-0.7840U 净浮盈=-0.7840U 手续费基数=0.0235U 阈值=0.1176U
[TRACKER] 01:21:40 持仓=1 盈利=0.0000U 亏损=-0.7630U 净浮盈=-0.7630U 手续费基数=0.0235U 阈值=0.1176U
[TRACKER] 01:21:47 持仓=1 盈利=0.0000U 亏损=-0.7420U 净浮盈=-0.7420U 手续费基数=0.0235U 阈值=0.1176U
[TRACKER] 01:21:53 持仓=1 盈利=0.0000U 亏损=-0.6860U 净浮盈=-0.6860U 手续费基数=0.0235U 阈值=0.1176U
[TRACKER] 本轮结束（将由 crontab 重新拉起）
[TRACKER] 启动，每 5 秒检查一次…
[TRACKER] 01:22:04 持仓=1 盈利=0.0000U 亏损=-0.7350U 净浮盈=-0.7350U 手续费基数=0.0235U 阈值=0.1176U
[TRACKER] 01:22:10 持仓=1 盈利=0.0000U 亏损=-0.7210U 净浮盈=-0.7210U 手续费基数=0.0235U 阈值=0.1176U
[TRACKER] 01:22:16 持仓=1 盈利=0.0000U 亏损=-0.7490U 净浮盈=-0.7490U 手续费基数=0.0235U 阈值=0.1176U
[TRACKER] 01:22:23 持仓=1 盈利=0.0000U 亏损=-0.6930U 净浮盈=-0.6930U 手续费基数=0.0235U 阈值=0.1176U
[TRACKER] 01:22:29 持仓=1 盈利=0.0000U 亏损=-0.7000U 净浮盈=-0.7000U 手续费基数=0.0235U 阈值=0.1176U
[TRACKER] 01:22:36 持仓=1 盈利=0.0000U 亏损=-0.7280U 净浮盈=-0.7280U 手续费基数=0.0235U 阈值=0.1176U
[TRACKER] 01:22:42 持仓=1 盈利=0.0000U 亏损=-0.7210U 净浮盈=-0.7210U 手续费基数=0.0235U 阈值=0.1176U
[TRACKER] 01:22:49 持仓=1 盈利=0.0000U 亏损=-0.7420U 净浮盈=-0.7420U 手续费基数=0.0235U 阈值=0.1176U
[TRACKER] 01:22:55 持仓=1 盈利=0.0000U 亏损=-0.7280U 净浮盈=-0.7280U 手续费基数=0.0235U 阈值=0.1176U
[TRACKER] 本轮结束（将由 crontab 重新拉起）
[TRACKER] 启动，每 5 秒检查一次…
[TRACKER] 01:23:02 持仓=1 盈利=0.0000U 亏损=-0.7280U 净浮盈=-0.7280U 手续费基数=0.0235U 阈值=0.1176U
[TRACKER] 01:23:09 持仓=1 盈利=0.0000U 亏损=-0.6790U 净浮盈=-0.6790U 手续费基数=0.0235U 阈值=0.1176U
[TRACKER] 01:23:15 持仓=1 盈利=0.0000U 亏损=-0.6440U 净浮盈=-0.6440U 手续费基数=0.0235U 阈值=0.1176U
[TRACKER] 01:23:21 持仓=1 盈利=0.0000U 亏损=-0.5670U 净浮盈=-0.5670U 手续费基数=0.0235U 阈值=0.1176U
[TRACKER] 01:23:27 持仓=1 盈利=0.0000U 亏损=-0.6300U 净浮盈=-0.6300U 手续费基数=0.0235U 阈值=0.1176U
[TRACKER] 01:23:34 持仓=1 盈利=0.0000U 亏损=-0.6230U 净浮盈=-0.6230U 手续费基数=0.0235U 阈值=0.1176U
[TRACKER] 01:23:40 持仓=1 盈利=0.0000U 亏损=-0.5880U 净浮盈=-0.5880U 手续费基数=0.0235U 阈值=0.1176U
[TRACKER] 01:23:47 持仓=1 盈利=0.0000U 亏损=-0.6440U 净浮盈=-0.6440U 手续费基数=0.0235U 阈值=0.1176U
[TRACKER] 01:23:53 持仓=1 盈利=0.0000U 亏损=-0.6370U 净浮盈=-0.6370U 手续费基数=0.0235U 阈值=0.1176U
[TRACKER] 本轮结束（将由 crontab 重新拉起）
[TRACKER] 启动，每 5 秒检查一次…
[TRACKER] 01:24:03 持仓=1 盈利=0.0000U 亏损=-0.7420U 净浮盈=-0.7420U 手续费基数=0.0235U 阈值=0.1176U
[TRACKER] 01:24:10 持仓=1 盈利=0.0000U 亏损=-0.7350U 净浮盈=-0.7350U 手续费基数=0.0235U 阈值=0.1176U
[TRACKER] 01:24:16 持仓=1 盈利=0.0000U 亏损=-0.7490U 净浮盈=-0.7490U 手续费基数=0.0235U 阈值=0.1176U
[TRACKER] 01:24:23 持仓=1 盈利=0.0000U 亏损=-0.7280U 净浮盈=-0.7280U 手续费基数=0.0235U 阈值=0.1176U
[TRACKER] 01:24:29 持仓=1 盈利=0.0000U 亏损=-0.7210U 净浮盈=-0.7210U 手续费基数=0.0235U 阈值=0.1176U
[TRACKER] 01:24:36 持仓=1 盈利=0.0000U 亏损=-0.7210U 净浮盈=-0.7210U 手续费基数=0.0235U 阈值=0.1176U
[TRACKER] 01:24:42 持仓=1 盈利=0.0000U 亏损=-0.7420U 净浮盈=-0.7420U 手续费基数=0.0235U 阈值=0.1176U
[TRACKER] 01:24:48 持仓=1 盈利=0.0000U 亏损=-0.6790U 净浮盈=-0.6790U 手续费基数=0.0235U 阈值=0.1176U
[TRACKER] 01:24:55 持仓=1 盈利=0.0000U 亏损=-0.6580U 净浮盈=-0.6580U 手续费基数=0.0235U 阈值=0.1176U
[TRACKER] 本轮结束（将由 crontab 重新拉起）
[TRACKER] 启动，每 5 秒检查一次…
[TRACKER] 01:25:02 持仓=1 盈利=0.0000U 亏损=-0.6650U 净浮盈=-0.6650U 手续费基数=0.0235U 阈值=0.1176U
[TRACKER] 01:25:09 持仓=1 盈利=0.0000U 亏损=-0.6650U 净浮盈=-0.6650U 手续费基数=0.0235U 阈值=0.1176U
[TRACKER] 01:25:15 持仓=1 盈利=0.0000U 亏损=-0.6790U 净浮盈=-0.6790U 手续费基数=0.0235U 阈值=0.1176U
[TRACKER] 01:25:21 持仓=1 盈利=0.0000U 亏损=-0.6440U 净浮盈=-0.6440U 手续费基数=0.0235U 阈值=0.1176U
[TRACKER] 01:25:28 持仓=1 盈利=0.0000U 亏损=-0.6440U 净浮盈=-0.6440U 手续费基数=0.0235U 阈值=0.1176U
[TRACKER] 01:25:34 持仓=1 盈利=0.0000U 亏损=-0.6440U 净浮盈=-0.6440U 手续费基数=0.0235U 阈值=0.1176U
[TRACKER] 01:25:40 持仓=1 盈利=0.0000U 亏损=-0.6160U 净浮盈=-0.6160U 手续费基数=0.0235U 阈值=0.1176U
[TRACKER] 01:25:47 持仓=1 盈利=0.0000U 亏损=-0.6440U 净浮盈=-0.6440U 手续费基数=0.0235U 阈值=0.1176U
[TRACKER] 01:25:54 持仓=1 盈利=0.0000U 亏损=-0.6440U 净浮盈=-0.6440U 手续费基数=0.0235U 阈值=0.1176U
[TRACKER] 本轮结束（将由 crontab 重新拉起）
[TRACKER] 启动，每 5 秒检查一次…
[TRACKER] 01:26:03 持仓=1 盈利=0.0000U 亏损=-0.6020U 净浮盈=-0.6020U 手续费基数=0.0235U 阈值=0.1176U
[TRACKER] 01:26:09 持仓=1 盈利=0.0000U 亏损=-0.5740U 净浮盈=-0.5740U 手续费基数=0.0235U 阈值=0.1176U
[TRACKER] 01:26:15 持仓=1 盈利=0.0000U 亏损=-0.5600U 净浮盈=-0.5600U 手续费基数=0.0235U 阈值=0.1176U
[TRACKER] 01:26:22 持仓=1 盈利=0.0000U 亏损=-0.5600U 净浮盈=-0.5600U 手续费基数=0.0235U 阈值=0.1176U
[TRACKER] 01:26:28 持仓=1 盈利=0.0000U 亏损=-0.5600U 净浮盈=-0.5600U 手续费基数=0.0235U 阈值=0.1176U
[TRACKER] 01:26:35 持仓=1 盈利=0.0000U 亏损=-0.5740U 净浮盈=-0.5740U 手续费基数=0.0235U 阈值=0.1176U
[TRACKER] 01:26:42 持仓=1 盈利=0.0000U 亏损=-0.5460U 净浮盈=-0.5460U 手续费基数=0.0235U 阈值=0.1176U
[TRACKER] 01:26:48 持仓=1 盈利=0.0000U 亏损=-0.5390U 净浮盈=-0.5390U 手续费基数=0.0235U 阈值=0.1176U
[TRACKER] 01:26:55 持仓=1 盈利=0.0000U 亏损=-0.5880U 净浮盈=-0.5880U 手续费基数=0.0235U 阈值=0.1176U
[TRACKER] 本轮结束（将由 crontab 重新拉起）
[TRACKER] 启动，每 5 秒检查一次…
[TRACKER] 01:27:02 持仓=1 盈利=0.0000U 亏损=-0.6020U 净浮盈=-0.6020U 手续费基数=0.0235U 阈值=0.1176U
[TRACKER] 01:27:09 持仓=1 盈利=0.0000U 亏损=-0.6370U 净浮盈=-0.6370U 手续费基数=0.0235U 阈值=0.1176U
[TRACKER] 01:27:15 持仓=1 盈利=0.0000U 亏损=-0.6510U 净浮盈=-0.6510U 手续费基数=0.0235U 阈值=0.1176U
[TRACKER] 01:27:21 持仓=1 盈利=0.0000U 亏损=-0.6300U 净浮盈=-0.6300U 手续费基数=0.0235U 阈值=0.1176U
[TRACKER] 01:27:28 持仓=1 盈利=0.0000U 亏损=-0.6650U 净浮盈=-0.6650U 手续费基数=0.0235U 阈值=0.1176U
[TRACKER] 01:27:34 持仓=1 盈利=0.0000U 亏损=-0.6860U 净浮盈=-0.6860U 手续费基数=0.0235U 阈值=0.1176U
[TRACKER] 01:27:40 持仓=1 盈利=0.0000U 亏损=-0.6440U 净浮盈=-0.6440U 手续费基数=0.0235U 阈值=0.1176U
[TRACKER] 01:27:46 持仓=1 盈利=0.0000U 亏损=-0.6580U 净浮盈=-0.6580U 手续费基数=0.0235U 阈值=0.1176U
[TRACKER] 01:27:53 持仓=1 盈利=0.0000U 亏损=-0.6580U 净浮盈=-0.6580U 手续费基数=0.0235U 阈值=0.1176U
[TRACKER] 本轮结束（将由 crontab 重新拉起）
[TRACKER] 启动，每 5 秒检查一次…
[TRACKER] 01:28:03 持仓=1 盈利=0.0000U 亏损=-0.7000U 净浮盈=-0.7000U 手续费基数=0.0235U 阈值=0.1176U
[TRACKER] 01:28:09 持仓=1 盈利=0.0000U 亏损=-0.8190U 净浮盈=-0.8190U 手续费基数=0.0235U 阈值=0.1176U
[TRACKER] 01:28:16 持仓=1 盈利=0.0000U 亏损=-0.7840U 净浮盈=-0.7840U 手续费基数=0.0235U 阈值=0.1176U
[TRACKER] 01:28:23 持仓=1 盈利=0.0000U 亏损=-0.8750U 净浮盈=-0.8750U 手续费基数=0.0235U 阈值=0.1176U
[TRACKER] 01:28:29 持仓=1 盈利=0.0000U 亏损=-0.8120U 净浮盈=-0.8120U 手续费基数=0.0235U 阈值=0.1176U
[TRACKER] 01:28:35 持仓=1 盈利=0.0000U 亏损=-0.7770U 净浮盈=-0.7770U 手续费基数=0.0235U 阈值=0.1176U
[TRACKER] 01:28:42 持仓=1 盈利=0.0000U 亏损=-0.7630U 净浮盈=-0.7630U 手续费基数=0.0235U 阈值=0.1176U
[TRACKER] 01:28:48 持仓=1 盈利=0.0000U 亏损=-0.7980U 净浮盈=-0.7980U 手续费基数=0.0235U 阈值=0.1176U
[TRACKER] 01:28:54 持仓=1 盈利=0.0000U 亏损=-0.8260U 净浮盈=-0.8260U 手续费基数=0.0235U 阈值=0.1176U
[TRACKER] 本轮结束（将由 crontab 重新拉起）
[TRACKER] 启动，每 5 秒检查一次…
[TRACKER] 01:29:01 持仓=1 盈利=0.0000U 亏损=-0.8120U 净浮盈=-0.8120U 手续费基数=0.0235U 阈值=0.1176U
[TRACKER] 01:29:08 持仓=1 盈利=0.0000U 亏损=-0.8540U 净浮盈=-0.8540U 手续费基数=0.0235U 阈值=0.1176U
[TRACKER] 01:29:14 持仓=1 盈利=0.0000U 亏损=-0.8120U 净浮盈=-0.8120U 手续费基数=0.0235U 阈值=0.1176U
[TRACKER] 01:29:20 持仓=1 盈利=0.0000U 亏损=-0.8120U 净浮盈=-0.8120U 手续费基数=0.0235U 阈值=0.1176U
[TRACKER] 01:29:27 持仓=1 盈利=0.0000U 亏损=-0.8050U 净浮盈=-0.8050U 手续费基数=0.0235U 阈值=0.1176U
[TRACKER] 01:29:33 持仓=1 盈利=0.0000U 亏损=-0.7980U 净浮盈=-0.7980U 手续费基数=0.0235U 阈值=0.1176U
[TRACKER] 01:29:39 持仓=1 盈利=0.0000U 亏损=-0.7280U 净浮盈=-0.7280U 手续费基数=0.0235U 阈值=0.1176U
[TRACKER] 01:29:46 持仓=1 盈利=0.0000U 亏损=-0.7630U 净浮盈=-0.7630U 手续费基数=0.0235U 阈值=0.1176U
[TRACKER] 01:29:52 持仓=1 盈利=0.0000U 亏损=-0.7560U 净浮盈=-0.7560U 手续费基数=0.0235U 阈值=0.1176U
[TRACKER] 本轮结束（将由 crontab 重新拉起）
[TRACKER] 启动，每 5 秒检查一次…
[TRACKER] 01:30:04 持仓=1 盈利=0.0000U 亏损=-0.7490U 净浮盈=-0.7490U 手续费基数=0.0235U 阈值=0.1176U
[TRACKER] 01:30:10 持仓=1 盈利=0.0000U 亏损=-0.7490U 净浮盈=-0.7490U 手续费基数=0.0235U 阈值=0.1176U
[TRACKER] 01:30:17 持仓=1 盈利=0.0000U 亏损=-0.7070U 净浮盈=-0.7070U 手续费基数=0.0235U 阈值=0.1176U
[TRACKER] 01:30:23 持仓=1 盈利=0.0000U 亏损=-0.6300U 净浮盈=-0.6300U 手续费基数=0.0235U 阈值=0.1176U
[TRACKER] 01:30:30 持仓=1 盈利=0.0000U 亏损=-0.7210U 净浮盈=-0.7210U 手续费基数=0.0235U 阈值=0.1176U
[TRACKER] 01:30:36 持仓=1 盈利=0.0000U 亏损=-0.6790U 净浮盈=-0.6790U 手续费基数=0.0235U 阈值=0.1176U
[TRACKER] 01:30:42 持仓=1 盈利=0.0000U 亏损=-0.6790U 净浮盈=-0.6790U 手续费基数=0.0235U 阈值=0.1176U
[TRACKER] 01:30:49 持仓=1 盈利=0.0000U 亏损=-0.6440U 净浮盈=-0.6440U 手续费基数=0.0235U 阈值=0.1176U
[TRACKER] 01:30:55 持仓=1 盈利=0.0000U 亏损=-0.6090U 净浮盈=-0.6090U 手续费基数=0.0235U 阈值=0.1176U
[TRACKER] 本轮结束（将由 crontab 重新拉起）
[TRACKER] 启动，每 5 秒检查一次…
[TRACKER] 01:31:02 持仓=1 盈利=0.0000U 亏损=-0.6300U 净浮盈=-0.6300U 手续费基数=0.0235U 阈值=0.1176U
[TRACKER] 01:31:08 持仓=1 盈利=0.0000U 亏损=-0.6090U 净浮盈=-0.6090U 手续费基数=0.0235U 阈值=0.1176U
[TRACKER] 01:31:14 持仓=1 盈利=0.0000U 亏损=-0.5740U 净浮盈=-0.5740U 手续费基数=0.0235U 阈值=0.1176U
[TRACKER] 01:31:21 持仓=1 盈利=0.0000U 亏损=-0.5740U 净浮盈=-0.5740U 手续费基数=0.0235U 阈值=0.1176U
[TRACKER] 01:31:27 持仓=1 盈利=0.0000U 亏损=-0.5950U 净浮盈=-0.5950U 手续费基数=0.0235U 阈值=0.1176U
[TRACKER] 01:31:34 持仓=1 盈利=0.0000U 亏损=-0.6160U 净浮盈=-0.6160U 手续费基数=0.0235U 阈值=0.1176U
[TRACKER] 01:31:41 持仓=1 盈利=0.0000U 亏损=-0.6720U 净浮盈=-0.6720U 手续费基数=0.0235U 阈值=0.1176U
[TRACKER] 01:31:47 持仓=1 盈利=0.0000U 亏损=-0.7070U 净浮盈=-0.7070U 手续费基数=0.0235U 阈值=0.1176U
[TRACKER] 01:31:53 持仓=1 盈利=0.0000U 亏损=-0.6720U 净浮盈=-0.6720U 手续费基数=0.0235U 阈值=0.1176U
[TRACKER] 本轮结束（将由 crontab 重新拉起）
[TRACKER] 启动，每 5 秒检查一次…
[TRACKER] 01:32:02 持仓=1 盈利=0.0000U 亏损=-0.7070U 净浮盈=-0.7070U 手续费基数=0.0235U 阈值=0.1176U
[TRACKER] 01:32:09 持仓=1 盈利=0.0000U 亏损=-0.6930U 净浮盈=-0.6930U 手续费基数=0.0235U 阈值=0.1176U
[TRACKER] 01:32:15 持仓=1 盈利=0.0000U 亏损=-0.7350U 净浮盈=-0.7350U 手续费基数=0.0235U 阈值=0.1176U
[TRACKER] 01:32:22 持仓=1 盈利=0.0000U 亏损=-0.6860U 净浮盈=-0.6860U 手续费基数=0.0235U 阈值=0.1176U
[TRACKER] 01:32:28 持仓=1 盈利=0.0000U 亏损=-0.6580U 净浮盈=-0.6580U 手续费基数=0.0235U 阈值=0.1176U
[TRACKER] 01:32:34 持仓=1 盈利=0.0000U 亏损=-0.6580U 净浮盈=-0.6580U 手续费基数=0.0235U 阈值=0.1176U
[TRACKER] 01:32:41 持仓=1 盈利=0.0000U 亏损=-0.6580U 净浮盈=-0.6580U 手续费基数=0.0235U 阈值=0.1176U
[TRACKER] 01:32:48 持仓=1 盈利=0.0000U 亏损=-0.6510U 净浮盈=-0.6510U 手续费基数=0.0235U 阈值=0.1176U
[TRACKER] 01:32:54 持仓=1 盈利=0.0000U 亏损=-0.6440U 净浮盈=-0.6440U 手续费基数=0.0235U 阈值=0.1176U
[TRACKER] 本轮结束（将由 crontab 重新拉起）
[TRACKER] 启动，每 5 秒检查一次…
[TRACKER] 01:33:03 持仓=1 盈利=0.0000U 亏损=-0.6650U 净浮盈=-0.6650U 手续费基数=0.0235U 阈值=0.1176U
[TRACKER] 01:33:10 持仓=1 盈利=0.0000U 亏损=-0.7420U 净浮盈=-0.7420U 手续费基数=0.0235U 阈值=0.1176U
[TRACKER] 01:33:16 持仓=1 盈利=0.0000U 亏损=-0.7490U 净浮盈=-0.7490U 手续费基数=0.0235U 阈值=0.1176U
[TRACKER] 01:33:23 持仓=1 盈利=0.0000U 亏损=-0.8960U 净浮盈=-0.8960U 手续费基数=0.0235U 阈值=0.1176U
[TRACKER] 01:33:29 持仓=1 盈利=0.0000U 亏损=-0.9310U 净浮盈=-0.9310U 手续费基数=0.0235U 阈值=0.1176U
[TRACKER] 01:33:36 持仓=1 盈利=0.0000U 亏损=-0.9800U 净浮盈=-0.9800U 手续费基数=0.0235U 阈值=0.1176U
[TRACKER] 01:33:42 持仓=1 盈利=0.0000U 亏损=-0.9170U 净浮盈=-0.9170U 手续费基数=0.0235U 阈值=0.1176U
[TRACKER] 01:33:49 持仓=1 盈利=0.0000U 亏损=-0.9030U 净浮盈=-0.9030U 手续费基数=0.0235U 阈值=0.1176U
[TRACKER] 01:33:55 持仓=1 盈利=0.0000U 亏损=-0.9520U 净浮盈=-0.9520U 手续费基数=0.0235U 阈值=0.1176U
[TRACKER] 本轮结束（将由 crontab 重新拉起）
[TRACKER] 启动，每 5 秒检查一次…
[TRACKER] 01:34:02 持仓=1 盈利=0.0000U 亏损=-0.9520U 净浮盈=-0.9520U 手续费基数=0.0235U 阈值=0.1176U
[TRACKER] 01:34:09 持仓=1 盈利=0.0000U 亏损=-1.0150U 净浮盈=-1.0150U 手续费基数=0.0235U 阈值=0.1176U
[TRACKER] 01:34:15 持仓=1 盈利=0.0000U 亏损=-0.9730U 净浮盈=-0.9730U 手续费基数=0.0235U 阈值=0.1176U
[TRACKER] 01:34:22 持仓=1 盈利=0.0000U 亏损=-0.8960U 净浮盈=-0.8960U 手续费基数=0.0235U 阈值=0.1176U
[TRACKER] 01:34:29 持仓=1 盈利=0.0000U 亏损=-0.9030U 净浮盈=-0.9030U 手续费基数=0.0235U 阈值=0.1176U
[TRACKER] 01:34:35 持仓=1 盈利=0.0000U 亏损=-0.9100U 净浮盈=-0.9100U 手续费基数=0.0235U 阈值=0.1176U
[TRACKER] 01:34:42 持仓=1 盈利=0.0000U 亏损=-0.9100U 净浮盈=-0.9100U 手续费基数=0.0235U 阈值=0.1176U
[TRACKER] 01:34:48 持仓=1 盈利=0.0000U 亏损=-0.9100U 净浮盈=-0.9100U 手续费基数=0.0235U 阈值=0.1176U
[TRACKER] 01:34:54 持仓=1 盈利=0.0000U 亏损=-0.9170U 净浮盈=-0.9170U 手续费基数=0.0235U 阈值=0.1176U
[TRACKER] 本轮结束（将由 crontab 重新拉起）
[TRACKER] 启动，每 5 秒检查一次…
[TRACKER] 01:35:03 持仓=1 盈利=0.0000U 亏损=-0.9170U 净浮盈=-0.9170U 手续费基数=0.0235U 阈值=0.1176U
[TRACKER] 01:35:09 持仓=1 盈利=0.0000U 亏损=-0.9450U 净浮盈=-0.9450U 手续费基数=0.0235U 阈值=0.1176U
[TRACKER] 01:35:16 持仓=1 盈利=0.0000U 亏损=-0.9310U 净浮盈=-0.9310U 手续费基数=0.0235U 阈值=0.1176U
[TRACKER] 01:35:22 持仓=1 盈利=0.0000U 亏损=-1.0010U 净浮盈=-1.0010U 手续费基数=0.0235U 阈值=0.1176U
[TRACKER] 01:35:28 持仓=1 盈利=0.0000U 亏损=-1.0640U 净浮盈=-1.0640U 手续费基数=0.0235U 阈值=0.1176U
[TRACKER] 01:35:35 持仓=1 盈利=0.0000U 亏损=-1.0500U 净浮盈=-1.0500U 手续费基数=0.0235U 阈值=0.1176U
[TRACKER] 01:35:41 持仓=1 盈利=0.0000U 亏损=-1.0640U 净浮盈=-1.0640U 手续费基数=0.0235U 阈值=0.1176U
[TRACKER] 01:35:48 持仓=1 盈利=0.0000U 亏损=-1.0570U 净浮盈=-1.0570U 手续费基数=0.0235U 阈值=0.1176U
[TRACKER] 01:35:54 持仓=1 盈利=0.0000U 亏损=-0.9730U 净浮盈=-0.9730U 手续费基数=0.0235U 阈值=0.1176U
[TRACKER] 本轮结束（将由 crontab 重新拉起）
[TRACKER] 启动，每 5 秒检查一次…
[TRACKER] 01:36:03 持仓=1 盈利=0.0000U 亏损=-0.9940U 净浮盈=-0.9940U 手续费基数=0.0235U 阈值=0.1176U
[TRACKER] 01:36:10 持仓=1 盈利=0.0000U 亏损=-1.0220U 净浮盈=-1.0220U 手续费基数=0.0235U 阈值=0.1176U
[TRACKER] 01:36:16 持仓=1 盈利=0.0000U 亏损=-0.9870U 净浮盈=-0.9870U 手续费基数=0.0235U 阈值=0.1176U
[TRACKER] 01:36:23 持仓=1 盈利=0.0000U 亏损=-0.9800U 净浮盈=-0.9800U 手续费基数=0.0235U 阈值=0.1176U
[TRACKER] 01:36:29 持仓=1 盈利=0.0000U 亏损=-1.0080U 净浮盈=-1.0080U 手续费基数=0.0235U 阈值=0.1176U
[TRACKER] 01:36:35 持仓=1 盈利=0.0000U 亏损=-1.0080U 净浮盈=-1.0080U 手续费基数=0.0235U 阈值=0.1176U
[TRACKER] 01:36:41 持仓=1 盈利=0.0000U 亏损=-0.9730U 净浮盈=-0.9730U 手续费基数=0.0235U 阈值=0.1176U
[TRACKER] 01:36:48 持仓=1 盈利=0.0000U 亏损=-0.9450U 净浮盈=-0.9450U 手续费基数=0.0235U 阈值=0.1176U
[TRACKER] 01:36:55 持仓=1 盈利=0.0000U 亏损=-0.9660U 净浮盈=-0.9660U 手续费基数=0.0235U 阈值=0.1176U
[TRACKER] 本轮结束（将由 crontab 重新拉起）
[TRACKER] 启动，每 5 秒检查一次…
[TRACKER] 01:37:02 持仓=1 盈利=0.0000U 亏损=-0.9730U 净浮盈=-0.9730U 手续费基数=0.0235U 阈值=0.1176U
[TRACKER] 01:37:08 持仓=1 盈利=0.0000U 亏损=-0.9030U 净浮盈=-0.9030U 手续费基数=0.0235U 阈值=0.1176U
[TRACKER] 01:37:14 持仓=1 盈利=0.0000U 亏损=-0.9240U 净浮盈=-0.9240U 手续费基数=0.0235U 阈值=0.1176U
[TRACKER] 01:37:21 持仓=1 盈利=0.0000U 亏损=-0.9380U 净浮盈=-0.9380U 手续费基数=0.0235U 阈值=0.1176U
[TRACKER] 01:37:27 持仓=1 盈利=0.0000U 亏损=-0.9800U 净浮盈=-0.9800U 手续费基数=0.0235U 阈值=0.1176U
[TRACKER] 01:37:33 持仓=1 盈利=0.0000U 亏损=-0.9450U 净浮盈=-0.9450U 手续费基数=0.0235U 阈值=0.1176U
[TRACKER] 01:37:40 持仓=1 盈利=0.0000U 亏损=-0.9520U 净浮盈=-0.9520U 手续费基数=0.0235U 阈值=0.1176U
[TRACKER] 01:37:46 持仓=1 盈利=0.0000U 亏损=-0.9590U 净浮盈=-0.9590U 手续费基数=0.0235U 阈值=0.1176U
[TRACKER] 01:37:52 持仓=1 盈利=0.0000U 亏损=-0.9310U 净浮盈=-0.9310U 手续费基数=0.0235U 阈值=0.1176U
[TRACKER] 本轮结束（将由 crontab 重新拉起）
[TRACKER] 启动，每 5 秒检查一次…
[TRACKER] 01:38:03 持仓=1 盈利=0.0000U 亏损=-0.9520U 净浮盈=-0.9520U 手续费基数=0.0235U 阈值=0.1176U
[TRACKER] 01:38:09 持仓=1 盈利=0.0000U 亏损=-0.9240U 净浮盈=-0.9240U 手续费基数=0.0235U 阈值=0.1176U
[TRACKER] 01:38:16 持仓=1 盈利=0.0000U 亏损=-0.9240U 净浮盈=-0.9240U 手续费基数=0.0235U 阈值=0.1176U
[TRACKER] 01:38:22 持仓=1 盈利=0.0000U 亏损=-0.8890U 净浮盈=-0.8890U 手续费基数=0.0235U 阈值=0.1176U
[TRACKER] 01:38:29 持仓=1 盈利=0.0000U 亏损=-0.9310U 净浮盈=-0.9310U 手续费基数=0.0235U 阈值=0.1176U
[TRACKER] 01:38:35 持仓=1 盈利=0.0000U 亏损=-0.8960U 净浮盈=-0.8960U 手续费基数=0.0235U 阈值=0.1176U
[TRACKER] 01:38:41 持仓=1 盈利=0.0000U 亏损=-0.8960U 净浮盈=-0.8960U 手续费基数=0.0235U 阈值=0.1176U
[TRACKER] 01:38:48 持仓=1 盈利=0.0000U 亏损=-0.9030U 净浮盈=-0.9030U 手续费基数=0.0235U 阈值=0.1176U
[TRACKER] 01:38:54 持仓=1 盈利=0.0000U 亏损=-0.8960U 净浮盈=-0.8960U 手续费基数=0.0235U 阈值=0.1176U
[TRACKER] 本轮结束（将由 crontab 重新拉起）
[TRACKER] 启动，每 5 秒检查一次…
[TRACKER] 01:39:03 持仓=1 盈利=0.0000U 亏损=-0.9030U 净浮盈=-0.9030U 手续费基数=0.0235U 阈值=0.1176U
[TRACKER] 01:39:10 持仓=1 盈利=0.0000U 亏损=-0.7980U 净浮盈=-0.7980U 手续费基数=0.0235U 阈值=0.1176U
[TRACKER] 01:39:16 持仓=1 盈利=0.0000U 亏损=-0.7980U 净浮盈=-0.7980U 手续费基数=0.0235U 阈值=0.1176U
[TRACKER] 01:39:23 持仓=1 盈利=0.0000U 亏损=-0.7560U 净浮盈=-0.7560U 手续费基数=0.0235U 阈值=0.1176U
[TRACKER] 01:39:29 持仓=1 盈利=0.0000U 亏损=-0.7910U 净浮盈=-0.7910U 手续费基数=0.0235U 阈值=0.1176U
[TRACKER] 01:39:36 持仓=1 盈利=0.0000U 亏损=-0.8190U 净浮盈=-0.8190U 手续费基数=0.0235U 阈值=0.1176U
[TRACKER] 01:39:42 持仓=1 盈利=0.0000U 亏损=-0.8260U 净浮盈=-0.8260U 手续费基数=0.0235U 阈值=0.1176U
[TRACKER] 01:39:49 持仓=1 盈利=0.0000U 亏损=-0.8190U 净浮盈=-0.8190U 手续费基数=0.0235U 阈值=0.1176U
[TRACKER] 01:39:56 持仓=1 盈利=0.0000U 亏损=-0.7770U 净浮盈=-0.7770U 手续费基数=0.0235U 阈值=0.1176U
[TRACKER] 本轮结束（将由 crontab 重新拉起）
[TRACKER] 启动，每 5 秒检查一次…
[TRACKER] 01:40:03 持仓=1 盈利=0.0000U 亏损=-0.6860U 净浮盈=-0.6860U 手续费基数=0.0235U 阈值=0.1176U
[TRACKER] 01:40:09 持仓=1 盈利=0.0000U 亏损=-0.6580U 净浮盈=-0.6580U 手续费基数=0.0235U 阈值=0.1176U
[TRACKER] 01:40:16 持仓=1 盈利=0.0000U 亏损=-0.6020U 净浮盈=-0.6020U 手续费基数=0.0235U 阈值=0.1176U
[TRACKER] 01:40:22 持仓=1 盈利=0.0000U 亏损=-0.6300U 净浮盈=-0.6300U 手续费基数=0.0235U 阈值=0.1176U
[TRACKER] 01:40:29 持仓=1 盈利=0.0000U 亏损=-0.6440U 净浮盈=-0.6440U 手续费基数=0.0235U 阈值=0.1176U
[TRACKER] 01:40:35 持仓=1 盈利=0.0000U 亏损=-0.5880U 净浮盈=-0.5880U 手续费基数=0.0235U 阈值=0.1176U
[TRACKER] 01:40:41 持仓=1 盈利=0.0000U 亏损=-0.6300U 净浮盈=-0.6300U 手续费基数=0.0235U 阈值=0.1176U
[TRACKER] 01:40:48 持仓=1 盈利=0.0000U 亏损=-0.6090U 净浮盈=-0.6090U 手续费基数=0.0235U 阈值=0.1176U
[TRACKER] 01:40:54 持仓=1 盈利=0.0000U 亏损=-0.6160U 净浮盈=-0.6160U 手续费基数=0.0235U 阈值=0.1176U
[TRACKER] 本轮结束（将由 crontab 重新拉起）
[TRACKER] 启动，每 5 秒检查一次…
[TRACKER] 01:41:03 持仓=1 盈利=0.0000U 亏损=-0.6440U 净浮盈=-0.6440U 手续费基数=0.0235U 阈值=0.1176U
[TRACKER] 01:41:09 持仓=1 盈利=0.0000U 亏损=-0.6440U 净浮盈=-0.6440U 手续费基数=0.0235U 阈值=0.1176U
[TRACKER] 01:41:15 持仓=1 盈利=0.0000U 亏损=-0.5740U 净浮盈=-0.5740U 手续费基数=0.0235U 阈值=0.1176U
[TRACKER] 01:41:22 持仓=1 盈利=0.0000U 亏损=-0.5880U 净浮盈=-0.5880U 手续费基数=0.0235U 阈值=0.1176U
[TRACKER] 01:41:28 持仓=1 盈利=0.0000U 亏损=-0.5810U 净浮盈=-0.5810U 手续费基数=0.0235U 阈值=0.1176U
[TRACKER] 01:41:35 持仓=1 盈利=0.0000U 亏损=-0.5950U 净浮盈=-0.5950U 手续费基数=0.0235U 阈值=0.1176U
[TRACKER] 01:41:41 持仓=1 盈利=0.0000U 亏损=-0.6160U 净浮盈=-0.6160U 手续费基数=0.0235U 阈值=0.1176U
[TRACKER] 01:41:48 持仓=1 盈利=0.0000U 亏损=-0.6650U 净浮盈=-0.6650U 手续费基数=0.0235U 阈值=0.1176U
[TRACKER] 01:41:54 持仓=1 盈利=0.0000U 亏损=-0.6650U 净浮盈=-0.6650U 手续费基数=0.0235U 阈值=0.1176U
[TRACKER] 本轮结束（将由 crontab 重新拉起）
[TRACKER] 启动，每 5 秒检查一次…
[TRACKER] 01:42:03 持仓=1 盈利=0.0000U 亏损=-0.7210U 净浮盈=-0.7210U 手续费基数=0.0235U 阈值=0.1176U
[TRACKER] 01:42:10 持仓=1 盈利=0.0000U 亏损=-0.7980U 净浮盈=-0.7980U 手续费基数=0.0235U 阈值=0.1176U
[TRACKER] 01:42:16 持仓=1 盈利=0.0000U 亏损=-0.8120U 净浮盈=-0.8120U 手续费基数=0.0235U 阈值=0.1176U
[TRACKER] 01:42:22 持仓=1 盈利=0.0000U 亏损=-0.8190U 净浮盈=-0.8190U 手续费基数=0.0235U 阈值=0.1176U
[TRACKER] 01:42:29 持仓=1 盈利=0.0000U 亏损=-0.8260U 净浮盈=-0.8260U 手续费基数=0.0235U 阈值=0.1176U
[TRACKER] 01:42:36 持仓=1 盈利=0.0000U 亏损=-0.8330U 净浮盈=-0.8330U 手续费基数=0.0235U 阈值=0.1176U
[TRACKER] 01:42:42 持仓=1 盈利=0.0000U 亏损=-0.8260U 净浮盈=-0.8260U 手续费基数=0.0235U 阈值=0.1176U
[TRACKER] 01:42:49 持仓=1 盈利=0.0000U 亏损=-0.7840U 净浮盈=-0.7840U 手续费基数=0.0235U 阈值=0.1176U
[TRACKER] 01:42:56 持仓=1 盈利=0.0000U 亏损=-0.7840U 净浮盈=-0.7840U 手续费基数=0.0235U 阈值=0.1176U
[TRACKER] 本轮结束（将由 crontab 重新拉起）
[TRACKER] 启动，每 5 秒检查一次…
[TRACKER] 01:43:03 持仓=1 盈利=0.0000U 亏损=-0.7980U 净浮盈=-0.7980U 手续费基数=0.0235U 阈值=0.1176U
[TRACKER] 01:43:09 持仓=1 盈利=0.0000U 亏损=-0.8120U 净浮盈=-0.8120U 手续费基数=0.0235U 阈值=0.1176U
[TRACKER] 01:43:15 持仓=1 盈利=0.0000U 亏损=-0.7840U 净浮盈=-0.7840U 手续费基数=0.0235U 阈值=0.1176U
[TRACKER] 01:43:22 持仓=1 盈利=0.0000U 亏损=-0.7840U 净浮盈=-0.7840U 手续费基数=0.0235U 阈值=0.1176U
[TRACKER] 01:43:28 持仓=1 盈利=0.0000U 亏损=-0.7910U 净浮盈=-0.7910U 手续费基数=0.0235U 阈值=0.1176U
[TRACKER] 01:43:34 持仓=1 盈利=0.0000U 亏损=-0.8750U 净浮盈=-0.8750U 手续费基数=0.0235U 阈值=0.1176U
[TRACKER] 01:43:41 持仓=1 盈利=0.0000U 亏损=-0.8750U 净浮盈=-0.8750U 手续费基数=0.0235U 阈值=0.1176U
[TRACKER] 01:43:47 持仓=1 盈利=0.0000U 亏损=-0.8330U 净浮盈=-0.8330U 手续费基数=0.0235U 阈值=0.1176U
[TRACKER] 01:43:53 持仓=1 盈利=0.0000U 亏损=-0.8960U 净浮盈=-0.8960U 手续费基数=0.0235U 阈值=0.1176U
[TRACKER] 本轮结束（将由 crontab 重新拉起）
[TRACKER] 启动，每 5 秒检查一次…
[TRACKER] 01:44:03 持仓=1 盈利=0.0000U 亏损=-0.8610U 净浮盈=-0.8610U 手续费基数=0.0235U 阈值=0.1176U
[TRACKER] 01:44:10 持仓=1 盈利=0.0000U 亏损=-0.8400U 净浮盈=-0.8400U 手续费基数=0.0235U 阈值=0.1176U
[TRACKER] 01:44:16 持仓=1 盈利=0.0000U 亏损=-0.8120U 净浮盈=-0.8120U 手续费基数=0.0235U 阈值=0.1176U
[TRACKER] 01:44:22 持仓=1 盈利=0.0000U 亏损=-0.7980U 净浮盈=-0.7980U 手续费基数=0.0235U 阈值=0.1176U
[TRACKER] 01:44:28 持仓=1 盈利=0.0000U 亏损=-0.8050U 净浮盈=-0.8050U 手续费基数=0.0235U 阈值=0.1176U
[TRACKER] 01:44:35 持仓=1 盈利=0.0000U 亏损=-0.7140U 净浮盈=-0.7140U 手续费基数=0.0235U 阈值=0.1176U
[TRACKER] 01:44:41 持仓=1 盈利=0.0000U 亏损=-0.6580U 净浮盈=-0.6580U 手续费基数=0.0235U 阈值=0.1176U
[TRACKER] 01:44:48 持仓=1 盈利=0.0000U 亏损=-0.6720U 净浮盈=-0.6720U 手续费基数=0.0235U 阈值=0.1176U
[TRACKER] 01:44:55 持仓=1 盈利=0.0000U 亏损=-0.6160U 净浮盈=-0.6160U 手续费基数=0.0235U 阈值=0.1176U
[TRACKER] 本轮结束（将由 crontab 重新拉起）
[TRACKER] 启动，每 5 秒检查一次…
[TRACKER] 01:45:02 持仓=1 盈利=0.0000U 亏损=-0.6370U 净浮盈=-0.6370U 手续费基数=0.0235U 阈值=0.1176U
[TRACKER] 01:45:08 持仓=1 盈利=0.0000U 亏损=-0.6860U 净浮盈=-0.6860U 手续费基数=0.0235U 阈值=0.1176U
[TRACKER] 01:45:15 持仓=1 盈利=0.0000U 亏损=-0.6860U 净浮盈=-0.6860U 手续费基数=0.0235U 阈值=0.1176U
[TRACKER] 01:45:21 持仓=1 盈利=0.0000U 亏损=-0.6720U 净浮盈=-0.6720U 手续费基数=0.0235U 阈值=0.1176U
[TRACKER] 01:45:28 持仓=1 盈利=0.0000U 亏损=-0.6720U 净浮盈=-0.6720U 手续费基数=0.0235U 阈值=0.1176U
[TRACKER] 01:45:34 持仓=1 盈利=0.0000U 亏损=-0.6370U 净浮盈=-0.6370U 手续费基数=0.0235U 阈值=0.1176U
[TRACKER] 01:45:41 持仓=1 盈利=0.0000U 亏损=-0.5530U 净浮盈=-0.5530U 手续费基数=0.0235U 阈值=0.1176U
[TRACKER] 01:45:48 持仓=1 盈利=0.0000U 亏损=-0.5880U 净浮盈=-0.5880U 手续费基数=0.0235U 阈值=0.1176U
[TRACKER] 01:45:54 持仓=1 盈利=0.0000U 亏损=-0.6510U 净浮盈=-0.6510U 手续费基数=0.0235U 阈值=0.1176U
[TRACKER] 本轮结束（将由 crontab 重新拉起）
[TRACKER] 启动，每 5 秒检查一次…
[TRACKER] 01:46:03 持仓=1 盈利=0.0000U 亏损=-0.6230U 净浮盈=-0.6230U 手续费基数=0.0235U 阈值=0.1176U
[TRACKER] 01:46:10 持仓=1 盈利=0.0000U 亏损=-0.5880U 净浮盈=-0.5880U 手续费基数=0.0235U 阈值=0.1176U
[TRACKER] 01:46:16 持仓=1 盈利=0.0000U 亏损=-0.5670U 净浮盈=-0.5670U 手续费基数=0.0235U 阈值=0.1176U
[TRACKER] 01:46:22 持仓=1 盈利=0.0000U 亏损=-0.5530U 净浮盈=-0.5530U 手续费基数=0.0235U 阈值=0.1176U
[TRACKER] 01:46:29 持仓=1 盈利=0.0000U 亏损=-0.5600U 净浮盈=-0.5600U 手续费基数=0.0235U 阈值=0.1176U
[TRACKER] 01:46:35 持仓=1 盈利=0.0000U 亏损=-0.5390U 净浮盈=-0.5390U 手续费基数=0.0235U 阈值=0.1176U
[TRACKER] 01:46:41 持仓=1 盈利=0.0000U 亏损=-0.5250U 净浮盈=-0.5250U 手续费基数=0.0235U 阈值=0.1176U
[TRACKER] 01:46:48 持仓=1 盈利=0.0000U 亏损=-0.5040U 净浮盈=-0.5040U 手续费基数=0.0235U 阈值=0.1176U
[TRACKER] 01:46:55 持仓=1 盈利=0.0000U 亏损=-0.4970U 净浮盈=-0.4970U 手续费基数=0.0235U 阈值=0.1176U
[TRACKER] 本轮结束（将由 crontab 重新拉起）
[TRACKER] 启动，每 5 秒检查一次…
[TRACKER] 01:47:02 持仓=1 盈利=0.0000U 亏损=-0.5250U 净浮盈=-0.5250U 手续费基数=0.0235U 阈值=0.1176U
[TRACKER] 01:47:08 持仓=1 盈利=0.0000U 亏损=-0.5460U 净浮盈=-0.5460U 手续费基数=0.0235U 阈值=0.1176U
[TRACKER] 01:47:15 持仓=1 盈利=0.0000U 亏损=-0.5390U 净浮盈=-0.5390U 手续费基数=0.0235U 阈值=0.1176U
[TRACKER] 01:47:21 持仓=1 盈利=0.0000U 亏损=-0.5250U 净浮盈=-0.5250U 手续费基数=0.0235U 阈值=0.1176U
[TRACKER] 01:47:27 持仓=1 盈利=0.0000U 亏损=-0.4760U 净浮盈=-0.4760U 手续费基数=0.0235U 阈值=0.1176U
[TRACKER] 01:47:34 持仓=1 盈利=0.0000U 亏损=-0.4830U 净浮盈=-0.4830U 手续费基数=0.0235U 阈值=0.1176U
[TRACKER] 01:47:40 持仓=1 盈利=0.0000U 亏损=-0.4690U 净浮盈=-0.4690U 手续费基数=0.0235U 阈值=0.1176U
[TRACKER] 01:47:47 持仓=1 盈利=0.0000U 亏损=-0.4410U 净浮盈=-0.4410U 手续费基数=0.0235U 阈值=0.1176U
[TRACKER] 01:47:53 持仓=1 盈利=0.0000U 亏损=-0.4340U 净浮盈=-0.4340U 手续费基数=0.0235U 阈值=0.1176U
[TRACKER] 本轮结束（将由 crontab 重新拉起）
[TRACKER] 启动，每 5 秒检查一次…
[TRACKER] 01:48:03 持仓=1 盈利=0.0000U 亏损=-0.4270U 净浮盈=-0.4270U 手续费基数=0.0235U 阈值=0.1176U
[TRACKER] 01:48:10 持仓=1 盈利=0.0000U 亏损=-0.4270U 净浮盈=-0.4270U 手续费基数=0.0235U 阈值=0.1176U
[TRACKER] 01:48:16 持仓=1 盈利=0.0000U 亏损=-0.4270U 净浮盈=-0.4270U 手续费基数=0.0235U 阈值=0.1176U
[TRACKER] 01:48:23 持仓=1 盈利=0.0000U 亏损=-0.4130U 净浮盈=-0.4130U 手续费基数=0.0235U 阈值=0.1176U
[TRACKER] 01:48:29 持仓=1 盈利=0.0000U 亏损=-0.4340U 净浮盈=-0.4340U 手续费基数=0.0235U 阈值=0.1176U
[TRACKER] 01:48:35 持仓=1 盈利=0.0000U 亏损=-0.4270U 净浮盈=-0.4270U 手续费基数=0.0235U 阈值=0.1176U
[TRACKER] 01:48:42 持仓=1 盈利=0.0000U 亏损=-0.4410U 净浮盈=-0.4410U 手续费基数=0.0235U 阈值=0.1176U
[TRACKER] 01:48:49 持仓=1 盈利=0.0000U 亏损=-0.4550U 净浮盈=-0.4550U 手续费基数=0.0235U 阈值=0.1176U
[TRACKER] 01:48:55 持仓=1 盈利=0.0000U 亏损=-0.5040U 净浮盈=-0.5040U 手续费基数=0.0235U 阈值=0.1176U
[TRACKER] 本轮结束（将由 crontab 重新拉起）
[TRACKER] 启动，每 5 秒检查一次…
[TRACKER] 01:49:03 持仓=1 盈利=0.0000U 亏损=-0.4970U 净浮盈=-0.4970U 手续费基数=0.0235U 阈值=0.1176U
[TRACKER] 01:49:09 持仓=1 盈利=0.0000U 亏损=-0.4970U 净浮盈=-0.4970U 手续费基数=0.0235U 阈值=0.1176U
[TRACKER] 01:49:15 持仓=1 盈利=0.0000U 亏损=-0.4830U 净浮盈=-0.4830U 手续费基数=0.0235U 阈值=0.1176U
[TRACKER] 01:49:22 持仓=1 盈利=0.0000U 亏损=-0.4410U 净浮盈=-0.4410U 手续费基数=0.0235U 阈值=0.1176U
[TRACKER] 01:49:28 持仓=1 盈利=0.0000U 亏损=-0.4550U 净浮盈=-0.4550U 手续费基数=0.0235U 阈值=0.1176U
[TRACKER] 01:49:35 持仓=1 盈利=0.0000U 亏损=-0.4550U 净浮盈=-0.4550U 手续费基数=0.0235U 阈值=0.1176U
[TRACKER] 01:49:41 持仓=1 盈利=0.0000U 亏损=-0.4830U 净浮盈=-0.4830U 手续费基数=0.0235U 阈值=0.1176U
[TRACKER] 01:49:47 持仓=1 盈利=0.0000U 亏损=-0.4690U 净浮盈=-0.4690U 手续费基数=0.0235U 阈值=0.1176U
[TRACKER] 01:49:54 持仓=1 盈利=0.0000U 亏损=-0.4340U 净浮盈=-0.4340U 手续费基数=0.0235U 阈值=0.1176U
[TRACKER] 本轮结束（将由 crontab 重新拉起）
[TRACKER] 启动，每 5 秒检查一次…
[TRACKER] 01:50:02 持仓=1 盈利=0.0000U 亏损=-0.3500U 净浮盈=-0.3500U 手续费基数=0.0235U 阈值=0.1176U
[TRACKER] 01:50:09 持仓=1 盈利=0.0000U 亏损=-0.3290U 净浮盈=-0.3290U 手续费基数=0.0235U 阈值=0.1176U
[TRACKER] 01:50:16 持仓=1 盈利=0.0000U 亏损=-0.3150U 净浮盈=-0.3150U 手续费基数=0.0235U 阈值=0.1176U
[TRACKER] 01:50:22 持仓=1 盈利=0.0000U 亏损=-0.3640U 净浮盈=-0.3640U 手续费基数=0.0235U 阈值=0.1176U
[TRACKER] 01:50:29 持仓=1 盈利=0.0000U 亏损=-0.3850U 净浮盈=-0.3850U 手续费基数=0.0235U 阈值=0.1176U
[TRACKER] 01:50:35 持仓=1 盈利=0.0000U 亏损=-0.3710U 净浮盈=-0.3710U 手续费基数=0.0235U 阈值=0.1176U
[TRACKER] 01:50:41 持仓=1 盈利=0.0000U 亏损=-0.3710U 净浮盈=-0.3710U 手续费基数=0.0235U 阈值=0.1176U
[TRACKER] 01:50:48 持仓=1 盈利=0.0000U 亏损=-0.3290U 净浮盈=-0.3290U 手续费基数=0.0235U 阈值=0.1176U
[TRACKER] 01:50:54 持仓=1 盈利=0.0000U 亏损=-0.3500U 净浮盈=-0.3500U 手续费基数=0.0235U 阈值=0.1176U
[TRACKER] 本轮结束（将由 crontab 重新拉起）
[TRACKER] 启动，每 5 秒检查一次…
[TRACKER] 01:51:03 持仓=1 盈利=0.0000U 亏损=-0.3430U 净浮盈=-0.3430U 手续费基数=0.0235U 阈值=0.1176U
[TRACKER] 01:51:09 持仓=1 盈利=0.0000U 亏损=-0.2940U 净浮盈=-0.2940U 手续费基数=0.0235U 阈值=0.1176U
[TRACKER] 01:51:16 持仓=1 盈利=0.0000U 亏损=-0.2660U 净浮盈=-0.2660U 手续费基数=0.0235U 阈值=0.1176U
[TRACKER] 01:51:22 持仓=1 盈利=0.0000U 亏损=-0.2660U 净浮盈=-0.2660U 手续费基数=0.0235U 阈值=0.1176U
[TRACKER] 01:51:28 持仓=1 盈利=0.0000U 亏损=-0.2170U 净浮盈=-0.2170U 手续费基数=0.0235U 阈值=0.1176U
[TRACKER] 01:51:35 持仓=1 盈利=0.0000U 亏损=-0.2240U 净浮盈=-0.2240U 手续费基数=0.0235U 阈值=0.1176U
[TRACKER] 01:51:41 持仓=1 盈利=0.0000U 亏损=-0.1820U 净浮盈=-0.1820U 手续费基数=0.0235U 阈值=0.1176U
[TRACKER] 01:51:47 持仓=1 盈利=0.0000U 亏损=-0.2030U 净浮盈=-0.2030U 手续费基数=0.0235U 阈值=0.1176U
[TRACKER] 01:51:54 持仓=1 盈利=0.0000U 亏损=-0.1750U 净浮盈=-0.1750U 手续费基数=0.0235U 阈值=0.1176U
[TRACKER] 本轮结束（将由 crontab 重新拉起）
[TRACKER] 启动，每 5 秒检查一次…
[TRACKER] 01:52:03 持仓=1 盈利=0.0000U 亏损=-0.2030U 净浮盈=-0.2030U 手续费基数=0.0235U 阈值=0.1176U
[TRACKER] 01:52:09 持仓=1 盈利=0.0000U 亏损=-0.2520U 净浮盈=-0.2520U 手续费基数=0.0235U 阈值=0.1176U
[TRACKER] 01:52:15 持仓=1 盈利=0.0000U 亏损=-0.1890U 净浮盈=-0.1890U 手续费基数=0.0235U 阈值=0.1176U
[TRACKER] 01:52:22 持仓=1 盈利=0.0000U 亏损=-0.1960U 净浮盈=-0.1960U 手续费基数=0.0235U 阈值=0.1176U
[TRACKER] 01:52:28 持仓=1 盈利=0.0000U 亏损=-0.1960U 净浮盈=-0.1960U 手续费基数=0.0235U 阈值=0.1176U
[TRACKER] 01:52:34 持仓=1 盈利=0.0000U 亏损=-0.2380U 净浮盈=-0.2380U 手续费基数=0.0235U 阈值=0.1176U
[TRACKER] 01:52:41 持仓=1 盈利=0.0000U 亏损=-0.2450U 净浮盈=-0.2450U 手续费基数=0.0235U 阈值=0.1176U
[TRACKER] 01:52:47 持仓=1 盈利=0.0000U 亏损=-0.2450U 净浮盈=-0.2450U 手续费基数=0.0235U 阈值=0.1176U
[TRACKER] 01:52:54 持仓=1 盈利=0.0000U 亏损=-0.2030U 净浮盈=-0.2030U 手续费基数=0.0235U 阈值=0.1176U
[TRACKER] 本轮结束（将由 crontab 重新拉起）
[TRACKER] 启动，每 5 秒检查一次…
[TRACKER] 01:53:03 持仓=1 盈利=0.0000U 亏损=-0.2310U 净浮盈=-0.2310U 手续费基数=0.0235U 阈值=0.1176U
[TRACKER] 01:53:09 持仓=1 盈利=0.0000U 亏损=-0.2310U 净浮盈=-0.2310U 手续费基数=0.0235U 阈值=0.1176U
[TRACKER] 01:53:16 持仓=1 盈利=0.0000U 亏损=-0.2590U 净浮盈=-0.2590U 手续费基数=0.0235U 阈值=0.1176U
[TRACKER] 01:53:23 持仓=1 盈利=0.0000U 亏损=-0.2520U 净浮盈=-0.2520U 手续费基数=0.0235U 阈值=0.1176U
[TRACKER] 01:53:29 持仓=1 盈利=0.0000U 亏损=-0.2450U 净浮盈=-0.2450U 手续费基数=0.0235U 阈值=0.1176U
[TRACKER] 01:53:35 持仓=1 盈利=0.0000U 亏损=-0.2660U 净浮盈=-0.2660U 手续费基数=0.0235U 阈值=0.1176U
[TRACKER] 01:53:42 持仓=1 盈利=0.0000U 亏损=-0.2590U 净浮盈=-0.2590U 手续费基数=0.0235U 阈值=0.1176U
[TRACKER] 01:53:48 持仓=1 盈利=0.0000U 亏损=-0.2520U 净浮盈=-0.2520U 手续费基数=0.0235U 阈值=0.1176U
[TRACKER] 01:53:54 持仓=1 盈利=0.0000U 亏损=-0.2520U 净浮盈=-0.2520U 手续费基数=0.0235U 阈值=0.1176U
[TRACKER] 本轮结束（将由 crontab 重新拉起）
[TRACKER] 启动，每 5 秒检查一次…
[TRACKER] 01:54:03 持仓=1 盈利=0.0000U 亏损=-0.2520U 净浮盈=-0.2520U 手续费基数=0.0235U 阈值=0.1176U
[TRACKER] 01:54:09 持仓=1 盈利=0.0000U 亏损=-0.2310U 净浮盈=-0.2310U 手续费基数=0.0235U 阈值=0.1176U
[TRACKER] 01:54:16 持仓=1 盈利=0.0000U 亏损=-0.2170U 净浮盈=-0.2170U 手续费基数=0.0235U 阈值=0.1176U
[TRACKER] 01:54:22 持仓=1 盈利=0.0000U 亏损=-0.2450U 净浮盈=-0.2450U 手续费基数=0.0235U 阈值=0.1176U
[TRACKER] 01:54:28 持仓=1 盈利=0.0000U 亏损=-0.1890U 净浮盈=-0.1890U 手续费基数=0.0235U 阈值=0.1176U
[TRACKER] 01:54:35 持仓=1 盈利=0.0000U 亏损=-0.2030U 净浮盈=-0.2030U 手续费基数=0.0235U 阈值=0.1176U
[TRACKER] 01:54:41 持仓=1 盈利=0.0000U 亏损=-0.1960U 净浮盈=-0.1960U 手续费基数=0.0235U 阈值=0.1176U
[TRACKER] 01:54:47 持仓=1 盈利=0.0000U 亏损=-0.1680U 净浮盈=-0.1680U 手续费基数=0.0235U 阈值=0.1176U
[TRACKER] 01:54:54 持仓=1 盈利=0.0000U 亏损=-0.1750U 净浮盈=-0.1750U 手续费基数=0.0235U 阈值=0.1176U
[TRACKER] 本轮结束（将由 crontab 重新拉起）
[TRACKER] 启动，每 5 秒检查一次…
[TRACKER] 01:55:03 持仓=1 盈利=0.0000U 亏损=-0.1540U 净浮盈=-0.1540U 手续费基数=0.0235U 阈值=0.1176U
[TRACKER] 01:55:09 持仓=1 盈利=0.0000U 亏损=-0.1750U 净浮盈=-0.1750U 手续费基数=0.0235U 阈值=0.1176U
[TRACKER] 01:55:16 持仓=1 盈利=0.0000U 亏损=-0.1610U 净浮盈=-0.1610U 手续费基数=0.0235U 阈值=0.1176U
[TRACKER] 01:55:22 持仓=1 盈利=0.0000U 亏损=-0.1260U 净浮盈=-0.1260U 手续费基数=0.0235U 阈值=0.1176U
[TRACKER] 01:55:29 持仓=1 盈利=0.0000U 亏损=-0.1820U 净浮盈=-0.1820U 手续费基数=0.0235U 阈值=0.1176U
[TRACKER] 01:55:35 持仓=1 盈利=0.0000U 亏损=-0.2310U 净浮盈=-0.2310U 手续费基数=0.0235U 阈值=0.1176U
[TRACKER] 01:55:42 持仓=1 盈利=0.0000U 亏损=-0.1890U 净浮盈=-0.1890U 手续费基数=0.0235U 阈值=0.1176U
[TRACKER] 01:55:48 持仓=1 盈利=0.0000U 亏损=-0.1890U 净浮盈=-0.1890U 手续费基数=0.0235U 阈值=0.1176U
[TRACKER] 01:55:55 持仓=1 盈利=0.0000U 亏损=-0.1610U 净浮盈=-0.1610U 手续费基数=0.0235U 阈值=0.1176U
[TRACKER] 本轮结束（将由 crontab 重新拉起）
[TRACKER] 启动，每 5 秒检查一次…
[TRACKER] 01:56:02 持仓=1 盈利=0.0000U 亏损=-0.1120U 净浮盈=-0.1120U 手续费基数=0.0235U 阈值=0.1176U
[TRACKER] 01:56:08 持仓=1 盈利=0.0000U 亏损=-0.0980U 净浮盈=-0.0980U 手续费基数=0.0235U 阈值=0.1176U
[TRACKER] 01:56:14 持仓=1 盈利=0.0000U 亏损=-0.1190U 净浮盈=-0.1190U 手续费基数=0.0235U 阈值=0.1176U
[TRACKER] 01:56:21 持仓=1 盈利=0.0000U 亏损=-0.1190U 净浮盈=-0.1190U 手续费基数=0.0235U 阈值=0.1176U
[TRACKER] 01:56:27 持仓=1 盈利=0.0000U 亏损=-0.1190U 净浮盈=-0.1190U 手续费基数=0.0235U 阈值=0.1176U
[TRACKER] 01:56:33 持仓=1 盈利=0.0000U 亏损=-0.1330U 净浮盈=-0.1330U 手续费基数=0.0235U 阈值=0.1176U
[TRACKER] 01:56:39 持仓=1 盈利=0.0000U 亏损=-0.1470U 净浮盈=-0.1470U 手续费基数=0.0235U 阈值=0.1176U
[TRACKER] 01:56:46 持仓=1 盈利=0.0000U 亏损=-0.1540U 净浮盈=-0.1540U 手续费基数=0.0235U 阈值=0.1176U
[TRACKER] 01:56:53 持仓=1 盈利=0.0000U 亏损=-0.1750U 净浮盈=-0.1750U 手续费基数=0.0235U 阈值=0.1176U
[TRACKER] 本轮结束（将由 crontab 重新拉起）
[TRACKER] 启动，每 5 秒检查一次…
[TRACKER] 01:57:03 持仓=1 盈利=0.0000U 亏损=-0.1190U 净浮盈=-0.1190U 手续费基数=0.0235U 阈值=0.1176U
[TRACKER] 01:57:09 持仓=1 盈利=0.0000U 亏损=-0.0980U 净浮盈=-0.0980U 手续费基数=0.0235U 阈值=0.1176U
[TRACKER] 01:57:16 持仓=1 盈利=0.0000U 亏损=-0.1400U 净浮盈=-0.1400U 手续费基数=0.0235U 阈值=0.1176U
[TRACKER] 01:57:22 持仓=1 盈利=0.0000U 亏损=-0.2100U 净浮盈=-0.2100U 手续费基数=0.0235U 阈值=0.1176U
[TRACKER] 01:57:28 持仓=1 盈利=0.0000U 亏损=-0.2730U 净浮盈=-0.2730U 手续费基数=0.0235U 阈值=0.1176U
[TRACKER] 01:57:35 持仓=1 盈利=0.0000U 亏损=-0.2380U 净浮盈=-0.2380U 手续费基数=0.0235U 阈值=0.1176U
[TRACKER] 01:57:41 持仓=1 盈利=0.0000U 亏损=-0.4410U 净浮盈=-0.4410U 手续费基数=0.0235U 阈值=0.1176U
[TRACKER] 01:57:47 持仓=1 盈利=0.0000U 亏损=-0.4200U 净浮盈=-0.4200U 手续费基数=0.0235U 阈值=0.1176U
[TRACKER] 01:57:54 持仓=1 盈利=0.0000U 亏损=-0.4200U 净浮盈=-0.4200U 手续费基数=0.0235U 阈值=0.1176U
[TRACKER] 本轮结束（将由 crontab 重新拉起）
[TRACKER] 启动，每 5 秒检查一次…
[TRACKER] 01:58:03 持仓=1 盈利=0.0000U 亏损=-0.4690U 净浮盈=-0.4690U 手续费基数=0.0235U 阈值=0.1176U
[TRACKER] 01:58:09 持仓=1 盈利=0.0000U 亏损=-0.3920U 净浮盈=-0.3920U 手续费基数=0.0235U 阈值=0.1176U
[TRACKER] 01:58:15 持仓=1 盈利=0.0000U 亏损=-0.3920U 净浮盈=-0.3920U 手续费基数=0.0235U 阈值=0.1176U
[TRACKER] 01:58:22 持仓=1 盈利=0.0000U 亏损=-0.3990U 净浮盈=-0.3990U 手续费基数=0.0235U 阈值=0.1176U
[TRACKER] 01:58:28 持仓=1 盈利=0.0000U 亏损=-0.3990U 净浮盈=-0.3990U 手续费基数=0.0235U 阈值=0.1176U
[TRACKER] 01:58:34 持仓=1 盈利=0.0000U 亏损=-0.4340U 净浮盈=-0.4340U 手续费基数=0.0235U 阈值=0.1176U
[TRACKER] 01:58:41 持仓=1 盈利=0.0000U 亏损=-0.4410U 净浮盈=-0.4410U 手续费基数=0.0235U 阈值=0.1176U
[TRACKER] 01:58:47 持仓=1 盈利=0.0000U 亏损=-0.4340U 净浮盈=-0.4340U 手续费基数=0.0235U 阈值=0.1176U
[TRACKER] 01:58:54 持仓=1 盈利=0.0000U 亏损=-0.4620U 净浮盈=-0.4620U 手续费基数=0.0235U 阈值=0.1176U
[TRACKER] 本轮结束（将由 crontab 重新拉起）
[TRACKER] 启动，每 5 秒检查一次…
[TRACKER] 01:59:03 持仓=1 盈利=0.0000U 亏损=-0.4340U 净浮盈=-0.4340U 手续费基数=0.0235U 阈值=0.1176U
[TRACKER] 01:59:09 持仓=1 盈利=0.0000U 亏损=-0.5110U 净浮盈=-0.5110U 手续费基数=0.0235U 阈值=0.1176U
[TRACKER] 01:59:16 持仓=1 盈利=0.0000U 亏损=-0.5530U 净浮盈=-0.5530U 手续费基数=0.0235U 阈值=0.1176U
[TRACKER] 01:59:22 持仓=1 盈利=0.0000U 亏损=-0.4620U 净浮盈=-0.4620U 手续费基数=0.0235U 阈值=0.1176U
[TRACKER] 01:59:29 持仓=1 盈利=0.0000U 亏损=-0.4130U 净浮盈=-0.4130U 手续费基数=0.0235U 阈值=0.1176U
[TRACKER] 01:59:35 持仓=1 盈利=0.0000U 亏损=-0.4410U 净浮盈=-0.4410U 手续费基数=0.0235U 阈值=0.1176U
[TRACKER] 01:59:41 持仓=1 盈利=0.0000U 亏损=-0.4760U 净浮盈=-0.4760U 手续费基数=0.0235U 阈值=0.1176U
[TRACKER] 01:59:48 持仓=1 盈利=0.0000U 亏损=-0.4620U 净浮盈=-0.4620U 手续费基数=0.0235U 阈值=0.1176U
[TRACKER] 01:59:54 持仓=1 盈利=0.0000U 亏损=-0.4970U 净浮盈=-0.4970U 手续费基数=0.0235U 阈值=0.1176U
[TRACKER] 本轮结束（将由 crontab 重新拉起）
[TRACKER] 启动，每 5 秒检查一次…
[TRACKER] 02:00:03 持仓=1 盈利=0.0000U 亏损=-0.4480U 净浮盈=-0.4480U 手续费基数=0.0231U 阈值=0.1157U
[TRACKER] 02:00:10 持仓=1 盈利=0.0000U 亏损=-0.3710U 净浮盈=-0.3710U 手续费基数=0.0231U 阈值=0.1157U
[TRACKER] 02:00:17 持仓=1 盈利=0.0000U 亏损=-0.3640U 净浮盈=-0.3640U 手续费基数=0.0231U 阈值=0.1157U
[TRACKER] 02:00:24 持仓=1 盈利=0.0000U 亏损=-0.2940U 净浮盈=-0.2940U 手续费基数=0.0231U 阈值=0.1157U
[TRACKER] 02:00:30 持仓=1 盈利=0.0000U 亏损=-0.3640U 净浮盈=-0.3640U 手续费基数=0.0231U 阈值=0.1157U
[TRACKER] 02:00:37 持仓=1 盈利=0.0000U 亏损=-0.3780U 净浮盈=-0.3780U 手续费基数=0.0231U 阈值=0.1157U
[TRACKER] 02:00:43 持仓=1 盈利=0.0000U 亏损=-0.4060U 净浮盈=-0.4060U 手续费基数=0.0231U 阈值=0.1157U
[TRACKER] 02:00:49 持仓=1 盈利=0.0000U 亏损=-0.3850U 净浮盈=-0.3850U 手续费基数=0.0231U 阈值=0.1157U
[TRACKER] 02:00:56 持仓=1 盈利=0.0000U 亏损=-0.4130U 净浮盈=-0.4130U 手续费基数=0.0231U 阈值=0.1157U
[TRACKER] 本轮结束（将由 crontab 重新拉起）
[TRACKER] 启动，每 5 秒检查一次…
[TRACKER] 02:01:03 持仓=1 盈利=0.0000U 亏损=-0.4340U 净浮盈=-0.4340U 手续费基数=0.0231U 阈值=0.1157U
[TRACKER] 02:01:09 持仓=1 盈利=0.0000U 亏损=-0.4130U 净浮盈=-0.4130U 手续费基数=0.0231U 阈值=0.1157U
[TRACKER] 02:01:15 持仓=1 盈利=0.0000U 亏损=-0.4970U 净浮盈=-0.4970U 手续费基数=0.0231U 阈值=0.1157U
[TRACKER] 02:01:22 持仓=1 盈利=0.0000U 亏损=-0.5880U 净浮盈=-0.5880U 手续费基数=0.0231U 阈值=0.1157U
[TRACKER] 02:01:28 持仓=1 盈利=0.0000U 亏损=-0.5530U 净浮盈=-0.5530U 手续费基数=0.0231U 阈值=0.1157U
[TRACKER] 02:01:35 持仓=1 盈利=0.0000U 亏损=-0.5880U 净浮盈=-0.5880U 手续费基数=0.0231U 阈值=0.1157U
[TRACKER] 02:01:41 持仓=1 盈利=0.0000U 亏损=-0.6020U 净浮盈=-0.6020U 手续费基数=0.0231U 阈值=0.1157U
[TRACKER] 02:01:48 持仓=1 盈利=0.0000U 亏损=-0.5390U 净浮盈=-0.5390U 手续费基数=0.0231U 阈值=0.1157U
[TRACKER] 02:01:54 持仓=1 盈利=0.0000U 亏损=-0.5670U 净浮盈=-0.5670U 手续费基数=0.0231U 阈值=0.1157U
[TRACKER] 本轮结束（将由 crontab 重新拉起）
[TRACKER] 启动，每 5 秒检查一次…
[TRACKER] 02:02:04 持仓=1 盈利=0.0000U 亏损=-0.6160U 净浮盈=-0.6160U 手续费基数=0.0231U 阈值=0.1157U
[TRACKER] 02:02:10 持仓=1 盈利=0.0000U 亏损=-0.6790U 净浮盈=-0.6790U 手续费基数=0.0231U 阈值=0.1157U
[TRACKER] 02:02:16 持仓=1 盈利=0.0000U 亏损=-0.6440U 净浮盈=-0.6440U 手续费基数=0.0231U 阈值=0.1157U
[TRACKER] 02:02:23 持仓=1 盈利=0.0000U 亏损=-0.6860U 净浮盈=-0.6860U 手续费基数=0.0231U 阈值=0.1157U
[TRACKER] 02:02:30 持仓=1 盈利=0.0000U 亏损=-0.6720U 净浮盈=-0.6720U 手续费基数=0.0231U 阈值=0.1157U
[TRACKER] 02:02:37 持仓=1 盈利=0.0000U 亏损=-0.6510U 净浮盈=-0.6510U 手续费基数=0.0231U 阈值=0.1157U
[TRACKER] 02:02:43 持仓=1 盈利=0.0000U 亏损=-0.7000U 净浮盈=-0.7000U 手续费基数=0.0231U 阈值=0.1157U
[TRACKER] 02:02:49 持仓=1 盈利=0.0000U 亏损=-0.6860U 净浮盈=-0.6860U 手续费基数=0.0231U 阈值=0.1157U
[TRACKER] 02:02:56 持仓=1 盈利=0.0000U 亏损=-0.6790U 净浮盈=-0.6790U 手续费基数=0.0231U 阈值=0.1157U
[TRACKER] 本轮结束（将由 crontab 重新拉起）
[TRACKER] 启动，每 5 秒检查一次…
[TRACKER] 02:03:03 持仓=1 盈利=0.0000U 亏损=-0.6860U 净浮盈=-0.6860U 手续费基数=0.0231U 阈值=0.1157U
[TRACKER] 02:03:09 持仓=1 盈利=0.0000U 亏损=-0.7000U 净浮盈=-0.7000U 手续费基数=0.0231U 阈值=0.1157U
[TRACKER] 02:03:16 持仓=1 盈利=0.0000U 亏损=-0.7140U 净浮盈=-0.7140U 手续费基数=0.0231U 阈值=0.1157U
[TRACKER] 02:03:22 持仓=1 盈利=0.0000U 亏损=-0.7280U 净浮盈=-0.7280U 手续费基数=0.0231U 阈值=0.1157U
[TRACKER] 02:03:29 持仓=1 盈利=0.0000U 亏损=-0.7700U 净浮盈=-0.7700U 手续费基数=0.0231U 阈值=0.1157U
[TRACKER] 02:03:35 持仓=1 盈利=0.0000U 亏损=-0.7630U 净浮盈=-0.7630U 手续费基数=0.0231U 阈值=0.1157U
[TRACKER] 02:03:41 持仓=1 盈利=0.0000U 亏损=-0.7630U 净浮盈=-0.7630U 手续费基数=0.0231U 阈值=0.1157U
[TRACKER] 02:03:48 持仓=1 盈利=0.0000U 亏损=-0.7490U 净浮盈=-0.7490U 手续费基数=0.0231U 阈值=0.1157U
[TRACKER] 02:03:54 持仓=1 盈利=0.0000U 亏损=-0.7770U 净浮盈=-0.7770U 手续费基数=0.0231U 阈值=0.1157U
[TRACKER] 本轮结束（将由 crontab 重新拉起）
[TRACKER] 启动，每 5 秒检查一次…
[TRACKER] 02:04:04 持仓=1 盈利=0.0000U 亏损=-0.7560U 净浮盈=-0.7560U 手续费基数=0.0231U 阈值=0.1157U
[TRACKER] 02:04:11 持仓=1 盈利=0.0000U 亏损=-0.7350U 净浮盈=-0.7350U 手续费基数=0.0231U 阈值=0.1157U
[TRACKER] 02:04:17 持仓=1 盈利=0.0000U 亏损=-0.7210U 净浮盈=-0.7210U 手续费基数=0.0231U 阈值=0.1157U
[TRACKER] 02:04:24 持仓=1 盈利=0.0000U 亏损=-0.6930U 净浮盈=-0.6930U 手续费基数=0.0231U 阈值=0.1157U
[TRACKER] 02:04:30 持仓=1 盈利=0.0000U 亏损=-0.7070U 净浮盈=-0.7070U 手续费基数=0.0231U 阈值=0.1157U
[TRACKER] 02:04:36 持仓=1 盈利=0.0000U 亏损=-0.7140U 净浮盈=-0.7140U 手续费基数=0.0231U 阈值=0.1157U
[TRACKER] 02:04:43 持仓=1 盈利=0.0000U 亏损=-0.7210U 净浮盈=-0.7210U 手续费基数=0.0231U 阈值=0.1157U
[TRACKER] 02:04:50 持仓=1 盈利=0.0000U 亏损=-0.6790U 净浮盈=-0.6790U 手续费基数=0.0231U 阈值=0.1157U
[TRACKER] 02:04:56 持仓=1 盈利=0.0000U 亏损=-0.6720U 净浮盈=-0.6720U 手续费基数=0.0231U 阈值=0.1157U
[TRACKER] 本轮结束（将由 crontab 重新拉起）
[TRACKER] 启动，每 5 秒检查一次…
[TRACKER] 02:05:03 持仓=1 盈利=0.0000U 亏损=-0.7210U 净浮盈=-0.7210U 手续费基数=0.0231U 阈值=0.1157U
[TRACKER] 02:05:09 持仓=1 盈利=0.0000U 亏损=-0.7630U 净浮盈=-0.7630U 手续费基数=0.0231U 阈值=0.1157U
[TRACKER] 02:05:16 持仓=1 盈利=0.0000U 亏损=-0.8750U 净浮盈=-0.8750U 手续费基数=0.0231U 阈值=0.1157U
[TRACKER] 02:05:22 持仓=1 盈利=0.0000U 亏损=-0.8960U 净浮盈=-0.8960U 手续费基数=0.0231U 阈值=0.1157U
[TRACKER] 02:05:29 持仓=1 盈利=0.0000U 亏损=-0.8820U 净浮盈=-0.8820U 手续费基数=0.0231U 阈值=0.1157U
[TRACKER] 02:05:35 持仓=1 盈利=0.0000U 亏损=-0.8820U 净浮盈=-0.8820U 手续费基数=0.0231U 阈值=0.1157U
[TRACKER] 02:05:41 持仓=1 盈利=0.0000U 亏损=-0.8680U 净浮盈=-0.8680U 手续费基数=0.0231U 阈值=0.1157U
[TRACKER] 02:05:47 持仓=1 盈利=0.0000U 亏损=-0.8680U 净浮盈=-0.8680U 手续费基数=0.0231U 阈值=0.1157U
[TRACKER] 02:05:54 持仓=1 盈利=0.0000U 亏损=-0.8750U 净浮盈=-0.8750U 手续费基数=0.0231U 阈值=0.1157U
[TRACKER] 本轮结束（将由 crontab 重新拉起）
[TRACKER] 启动，每 5 秒检查一次…
[TRACKER] 02:06:03 持仓=1 盈利=0.0000U 亏损=-0.9310U 净浮盈=-0.9310U 手续费基数=0.0231U 阈值=0.1157U
[TRACKER] 02:06:09 持仓=1 盈利=0.0000U 亏损=-0.8610U 净浮盈=-0.8610U 手续费基数=0.0231U 阈值=0.1157U
[TRACKER] 02:06:16 持仓=1 盈利=0.0000U 亏损=-0.8470U 净浮盈=-0.8470U 手续费基数=0.0231U 阈值=0.1157U
[TRACKER] 02:06:23 持仓=1 盈利=0.0000U 亏损=-0.8610U 净浮盈=-0.8610U 手续费基数=0.0231U 阈值=0.1157U
[TRACKER] 02:06:29 持仓=1 盈利=0.0000U 亏损=-0.8540U 净浮盈=-0.8540U 手续费基数=0.0231U 阈值=0.1157U
[TRACKER] 02:06:36 持仓=1 盈利=0.0000U 亏损=-0.8400U 净浮盈=-0.8400U 手续费基数=0.0231U 阈值=0.1157U
[TRACKER] 02:06:42 持仓=1 盈利=0.0000U 亏损=-0.8050U 净浮盈=-0.8050U 手续费基数=0.0231U 阈值=0.1157U
[TRACKER] 02:06:49 持仓=1 盈利=0.0000U 亏损=-0.8050U 净浮盈=-0.8050U 手续费基数=0.0231U 阈值=0.1157U
[TRACKER] 02:06:55 持仓=1 盈利=0.0000U 亏损=-0.8050U 净浮盈=-0.8050U 手续费基数=0.0231U 阈值=0.1157U
[TRACKER] 本轮结束（将由 crontab 重新拉起）
[TRACKER] 启动，每 5 秒检查一次…
[TRACKER] 02:07:03 持仓=1 盈利=0.0000U 亏损=-0.7910U 净浮盈=-0.7910U 手续费基数=0.0231U 阈值=0.1157U
[TRACKER] 02:07:09 持仓=1 盈利=0.0000U 亏损=-0.8260U 净浮盈=-0.8260U 手续费基数=0.0231U 阈值=0.1157U
[TRACKER] 02:07:15 持仓=1 盈利=0.0000U 亏损=-0.7840U 净浮盈=-0.7840U 手续费基数=0.0231U 阈值=0.1157U
[TRACKER] 02:07:22 持仓=1 盈利=0.0000U 亏损=-0.7770U 净浮盈=-0.7770U 手续费基数=0.0231U 阈值=0.1157U
[TRACKER] 02:07:28 持仓=1 盈利=0.0000U 亏损=-0.7490U 净浮盈=-0.7490U 手续费基数=0.0231U 阈值=0.1157U
[TRACKER] 02:07:35 持仓=1 盈利=0.0000U 亏损=-0.7490U 净浮盈=-0.7490U 手续费基数=0.0231U 阈值=0.1157U
[TRACKER] 02:07:41 持仓=1 盈利=0.0000U 亏损=-0.7490U 净浮盈=-0.7490U 手续费基数=0.0231U 阈值=0.1157U
[TRACKER] 02:07:47 持仓=1 盈利=0.0000U 亏损=-0.7700U 净浮盈=-0.7700U 手续费基数=0.0231U 阈值=0.1157U
[TRACKER] 02:07:53 持仓=1 盈利=0.0000U 亏损=-0.7560U 净浮盈=-0.7560U 手续费基数=0.0231U 阈值=0.1157U
[TRACKER] 本轮结束（将由 crontab 重新拉起）
[TRACKER] 启动，每 5 秒检查一次…
[TRACKER] 02:08:03 持仓=1 盈利=0.0000U 亏损=-0.6790U 净浮盈=-0.6790U 手续费基数=0.0231U 阈值=0.1157U
[TRACKER] 02:08:10 持仓=1 盈利=0.0000U 亏损=-0.6930U 净浮盈=-0.6930U 手续费基数=0.0231U 阈值=0.1157U
[TRACKER] 02:08:17 持仓=1 盈利=0.0000U 亏损=-0.7070U 净浮盈=-0.7070U 手续费基数=0.0231U 阈值=0.1157U
[TRACKER] 02:08:23 持仓=1 盈利=0.0000U 亏损=-0.7070U 净浮盈=-0.7070U 手续费基数=0.0231U 阈值=0.1157U
[TRACKER] 02:08:29 持仓=1 盈利=0.0000U 亏损=-0.6510U 净浮盈=-0.6510U 手续费基数=0.0231U 阈值=0.1157U
[TRACKER] 02:08:36 持仓=1 盈利=0.0000U 亏损=-0.6720U 净浮盈=-0.6720U 手续费基数=0.0231U 阈值=0.1157U
[TRACKER] 02:08:43 持仓=1 盈利=0.0000U 亏损=-0.6790U 净浮盈=-0.6790U 手续费基数=0.0231U 阈值=0.1157U
[TRACKER] 02:08:49 持仓=1 盈利=0.0000U 亏损=-0.6650U 净浮盈=-0.6650U 手续费基数=0.0231U 阈值=0.1157U
[TRACKER] 02:08:56 持仓=1 盈利=0.0000U 亏损=-0.6860U 净浮盈=-0.6860U 手续费基数=0.0231U 阈值=0.1157U
[TRACKER] 本轮结束（将由 crontab 重新拉起）
[TRACKER] 启动，每 5 秒检查一次…
[TRACKER] 02:09:03 持仓=1 盈利=0.0000U 亏损=-0.7070U 净浮盈=-0.7070U 手续费基数=0.0231U 阈值=0.1157U
[TRACKER] 02:09:10 持仓=1 盈利=0.0000U 亏损=-0.6300U 净浮盈=-0.6300U 手续费基数=0.0231U 阈值=0.1157U
[TRACKER] 02:09:16 持仓=1 盈利=0.0000U 亏损=-0.6370U 净浮盈=-0.6370U 手续费基数=0.0231U 阈值=0.1157U
[TRACKER] 02:09:22 持仓=1 盈利=0.0000U 亏损=-0.6580U 净浮盈=-0.6580U 手续费基数=0.0231U 阈值=0.1157U
[TRACKER] 02:09:29 持仓=1 盈利=0.0000U 亏损=-0.6300U 净浮盈=-0.6300U 手续费基数=0.0231U 阈值=0.1157U
[TRACKER] 02:09:35 持仓=1 盈利=0.0000U 亏损=-0.6370U 净浮盈=-0.6370U 手续费基数=0.0231U 阈值=0.1157U
[TRACKER] 02:09:42 持仓=1 盈利=0.0000U 亏损=-0.5670U 净浮盈=-0.5670U 手续费基数=0.0231U 阈值=0.1157U
[TRACKER] 02:09:48 持仓=1 盈利=0.0000U 亏损=-0.6720U 净浮盈=-0.6720U 手续费基数=0.0231U 阈值=0.1157U
[TRACKER] 02:09:54 持仓=1 盈利=0.0000U 亏损=-0.6020U 净浮盈=-0.6020U 手续费基数=0.0231U 阈值=0.1157U
[TRACKER] 本轮结束（将由 crontab 重新拉起）
[TRACKER] 启动，每 5 秒检查一次…
[TRACKER] 02:10:03 持仓=1 盈利=0.0000U 亏损=-0.6090U 净浮盈=-0.6090U 手续费基数=0.0231U 阈值=0.1157U
[TRACKER] 02:10:09 持仓=1 盈利=0.0000U 亏损=-0.5810U 净浮盈=-0.5810U 手续费基数=0.0231U 阈值=0.1157U
[TRACKER] 02:10:16 持仓=1 盈利=0.0000U 亏损=-0.6020U 净浮盈=-0.6020U 手续费基数=0.0231U 阈值=0.1157U
[TRACKER] 02:10:23 持仓=1 盈利=0.0000U 亏损=-0.6930U 净浮盈=-0.6930U 手续费基数=0.0231U 阈值=0.1157U
[TRACKER] 02:10:29 持仓=1 盈利=0.0000U 亏损=-0.6720U 净浮盈=-0.6720U 手续费基数=0.0231U 阈值=0.1157U
[TRACKER] 02:10:36 持仓=1 盈利=0.0000U 亏损=-0.6930U 净浮盈=-0.6930U 手续费基数=0.0231U 阈值=0.1157U
[TRACKER] 02:10:42 持仓=1 盈利=0.0000U 亏损=-0.6650U 净浮盈=-0.6650U 手续费基数=0.0231U 阈值=0.1157U
[TRACKER] 02:10:49 持仓=1 盈利=0.0000U 亏损=-0.6160U 净浮盈=-0.6160U 手续费基数=0.0231U 阈值=0.1157U
[TRACKER] 02:10:55 持仓=1 盈利=0.0000U 亏损=-0.6300U 净浮盈=-0.6300U 手续费基数=0.0231U 阈值=0.1157U
[TRACKER] 本轮结束（将由 crontab 重新拉起）
[TRACKER] 启动，每 5 秒检查一次…
[TRACKER] 02:11:02 持仓=1 盈利=0.0000U 亏损=-0.6720U 净浮盈=-0.6720U 手续费基数=0.0231U 阈值=0.1157U
[TRACKER] 02:11:09 持仓=1 盈利=0.0000U 亏损=-0.6370U 净浮盈=-0.6370U 手续费基数=0.0231U 阈值=0.1157U
[TRACKER] 02:11:15 持仓=1 盈利=0.0000U 亏损=-0.6370U 净浮盈=-0.6370U 手续费基数=0.0231U 阈值=0.1157U
[TRACKER] 02:11:22 持仓=1 盈利=0.0000U 亏损=-0.6580U 净浮盈=-0.6580U 手续费基数=0.0231U 阈值=0.1157U
[TRACKER] 02:11:29 持仓=1 盈利=0.0000U 亏损=-0.6790U 净浮盈=-0.6790U 手续费基数=0.0231U 阈值=0.1157U
[TRACKER] 02:11:35 持仓=1 盈利=0.0000U 亏损=-0.6930U 净浮盈=-0.6930U 手续费基数=0.0231U 阈值=0.1157U
[TRACKER] 02:11:41 持仓=1 盈利=0.0000U 亏损=-0.6860U 净浮盈=-0.6860U 手续费基数=0.0231U 阈值=0.1157U
[TRACKER] 02:11:48 持仓=1 盈利=0.0000U 亏损=-0.6930U 净浮盈=-0.6930U 手续费基数=0.0231U 阈值=0.1157U
[TRACKER] 02:11:54 持仓=1 盈利=0.0000U 亏损=-0.6860U 净浮盈=-0.6860U 手续费基数=0.0231U 阈值=0.1157U
[TRACKER] 本轮结束（将由 crontab 重新拉起）
[TRACKER] 启动，每 5 秒检查一次…
[TRACKER] 02:12:03 持仓=1 盈利=0.0000U 亏损=-0.6720U 净浮盈=-0.6720U 手续费基数=0.0231U 阈值=0.1157U
[TRACKER] 02:12:10 持仓=1 盈利=0.0000U 亏损=-0.6370U 净浮盈=-0.6370U 手续费基数=0.0231U 阈值=0.1157U
[TRACKER] 02:12:16 持仓=1 盈利=0.0000U 亏损=-0.5810U 净浮盈=-0.5810U 手续费基数=0.0231U 阈值=0.1157U
[TRACKER] 02:12:22 持仓=1 盈利=0.0000U 亏损=-0.5880U 净浮盈=-0.5880U 手续费基数=0.0231U 阈值=0.1157U
[TRACKER] 02:12:29 持仓=1 盈利=0.0000U 亏损=-0.5600U 净浮盈=-0.5600U 手续费基数=0.0231U 阈值=0.1157U
[TRACKER] 02:12:36 持仓=1 盈利=0.0000U 亏损=-0.6020U 净浮盈=-0.6020U 手续费基数=0.0231U 阈值=0.1157U
[TRACKER] 02:12:42 持仓=1 盈利=0.0000U 亏损=-0.6090U 净浮盈=-0.6090U 手续费基数=0.0231U 阈值=0.1157U
[TRACKER] 02:12:48 持仓=1 盈利=0.0000U 亏损=-0.5880U 净浮盈=-0.5880U 手续费基数=0.0231U 阈值=0.1157U
[TRACKER] 02:12:55 持仓=1 盈利=0.0000U 亏损=-0.5740U 净浮盈=-0.5740U 手续费基数=0.0231U 阈值=0.1157U
[TRACKER] 本轮结束（将由 crontab 重新拉起）
[TRACKER] 启动，每 5 秒检查一次…
[TRACKER] 02:13:02 持仓=1 盈利=0.0000U 亏损=-0.5740U 净浮盈=-0.5740U 手续费基数=0.0231U 阈值=0.1157U
[TRACKER] 02:13:08 持仓=1 盈利=0.0000U 亏损=-0.5670U 净浮盈=-0.5670U 手续费基数=0.0231U 阈值=0.1157U
[TRACKER] 02:13:15 持仓=1 盈利=0.0000U 亏损=-0.5670U 净浮盈=-0.5670U 手续费基数=0.0231U 阈值=0.1157U
[TRACKER] 02:13:21 持仓=1 盈利=0.0000U 亏损=-0.5950U 净浮盈=-0.5950U 手续费基数=0.0231U 阈值=0.1157U
[TRACKER] 02:13:27 持仓=1 盈利=0.0000U 亏损=-0.5810U 净浮盈=-0.5810U 手续费基数=0.0231U 阈值=0.1157U
[TRACKER] 02:13:34 持仓=1 盈利=0.0000U 亏损=-0.6160U 净浮盈=-0.6160U 手续费基数=0.0231U 阈值=0.1157U
[TRACKER] 02:13:40 持仓=1 盈利=0.0000U 亏损=-0.5530U 净浮盈=-0.5530U 手续费基数=0.0231U 阈值=0.1157U
[TRACKER] 02:13:47 持仓=1 盈利=0.0000U 亏损=-0.5600U 净浮盈=-0.5600U 手续费基数=0.0231U 阈值=0.1157U
[TRACKER] 02:13:53 持仓=1 盈利=0.0000U 亏损=-0.5250U 净浮盈=-0.5250U 手续费基数=0.0231U 阈值=0.1157U
[TRACKER] 本轮结束（将由 crontab 重新拉起）
[TRACKER] 启动，每 5 秒检查一次…
[TRACKER] 02:14:03 持仓=1 盈利=0.0000U 亏损=-0.5530U 净浮盈=-0.5530U 手续费基数=0.0231U 阈值=0.1157U
[TRACKER] 02:14:09 持仓=1 盈利=0.0000U 亏损=-0.5740U 净浮盈=-0.5740U 手续费基数=0.0231U 阈值=0.1157U
[TRACKER] 02:14:16 持仓=1 盈利=0.0000U 亏损=-0.5600U 净浮盈=-0.5600U 手续费基数=0.0231U 阈值=0.1157U
[TRACKER] 02:14:22 持仓=1 盈利=0.0000U 亏损=-0.5460U 净浮盈=-0.5460U 手续费基数=0.0231U 阈值=0.1157U
[TRACKER] 02:14:28 持仓=1 盈利=0.0000U 亏损=-0.5110U 净浮盈=-0.5110U 手续费基数=0.0231U 阈值=0.1157U
[TRACKER] 02:14:35 持仓=1 盈利=0.0000U 亏损=-0.4830U 净浮盈=-0.4830U 手续费基数=0.0231U 阈值=0.1157U
[TRACKER] 02:14:41 持仓=1 盈利=0.0000U 亏损=-0.5180U 净浮盈=-0.5180U 手续费基数=0.0231U 阈值=0.1157U
[TRACKER] 02:14:48 持仓=1 盈利=0.0000U 亏损=-0.4900U 净浮盈=-0.4900U 手续费基数=0.0231U 阈值=0.1157U
[TRACKER] 02:14:54 持仓=1 盈利=0.0000U 亏损=-0.4830U 净浮盈=-0.4830U 手续费基数=0.0231U 阈值=0.1157U
[TRACKER] 本轮结束（将由 crontab 重新拉起）
[TRACKER] 启动，每 5 秒检查一次…
[TRACKER] 02:15:03 持仓=1 盈利=0.0000U 亏损=-0.4690U 净浮盈=-0.4690U 手续费基数=0.0231U 阈值=0.1157U
[TRACKER] 02:15:09 持仓=1 盈利=0.0000U 亏损=-0.5110U 净浮盈=-0.5110U 手续费基数=0.0231U 阈值=0.1157U
[TRACKER] 02:15:15 持仓=1 盈利=0.0000U 亏损=-0.5390U 净浮盈=-0.5390U 手续费基数=0.0231U 阈值=0.1157U
[TRACKER] 02:15:22 持仓=1 盈利=0.0000U 亏损=-0.5180U 净浮盈=-0.5180U 手续费基数=0.0231U 阈值=0.1157U
[TRACKER] 02:15:28 持仓=1 盈利=0.0000U 亏损=-0.5460U 净浮盈=-0.5460U 手续费基数=0.0231U 阈值=0.1157U
[TRACKER] 02:15:34 持仓=1 盈利=0.0000U 亏损=-0.5950U 净浮盈=-0.5950U 手续费基数=0.0231U 阈值=0.1157U
[TRACKER] 02:15:41 持仓=1 盈利=0.0000U 亏损=-0.5810U 净浮盈=-0.5810U 手续费基数=0.0231U 阈值=0.1157U
[TRACKER] 02:15:48 持仓=1 盈利=0.0000U 亏损=-0.5810U 净浮盈=-0.5810U 手续费基数=0.0231U 阈值=0.1157U
[TRACKER] 02:15:54 持仓=1 盈利=0.0000U 亏损=-0.6020U 净浮盈=-0.6020U 手续费基数=0.0231U 阈值=0.1157U
[TRACKER] 本轮结束（将由 crontab 重新拉起）
[TRACKER] 启动，每 5 秒检查一次…
[TRACKER] 02:16:03 持仓=1 盈利=0.0000U 亏损=-0.6020U 净浮盈=-0.6020U 手续费基数=0.0231U 阈值=0.1157U
[TRACKER] 02:16:10 持仓=1 盈利=0.0000U 亏损=-0.5950U 净浮盈=-0.5950U 手续费基数=0.0231U 阈值=0.1157U
[TRACKER] 02:16:16 持仓=1 盈利=0.0000U 亏损=-0.5950U 净浮盈=-0.5950U 手续费基数=0.0231U 阈值=0.1157U
[TRACKER] 02:16:23 持仓=1 盈利=0.0000U 亏损=-0.5810U 净浮盈=-0.5810U 手续费基数=0.0231U 阈值=0.1157U
[TRACKER] 02:16:29 持仓=1 盈利=0.0000U 亏损=-0.6020U 净浮盈=-0.6020U 手续费基数=0.0231U 阈值=0.1157U
[TRACKER] 02:16:35 持仓=1 盈利=0.0000U 亏损=-0.5810U 净浮盈=-0.5810U 手续费基数=0.0231U 阈值=0.1157U
[TRACKER] 02:16:42 持仓=1 盈利=0.0000U 亏损=-0.5880U 净浮盈=-0.5880U 手续费基数=0.0231U 阈值=0.1157U
[TRACKER] 02:16:48 持仓=1 盈利=0.0000U 亏损=-0.5950U 净浮盈=-0.5950U 手续费基数=0.0231U 阈值=0.1157U
[TRACKER] 02:16:54 持仓=1 盈利=0.0000U 亏损=-0.6090U 净浮盈=-0.6090U 手续费基数=0.0231U 阈值=0.1157U
[TRACKER] 本轮结束（将由 crontab 重新拉起）
[TRACKER] 启动，每 5 秒检查一次…
[TRACKER] 02:17:03 持仓=1 盈利=0.0000U 亏损=-0.4200U 净浮盈=-0.4200U 手续费基数=0.0231U 阈值=0.1157U
[TRACKER] 02:17:10 持仓=1 盈利=0.0000U 亏损=-0.4760U 净浮盈=-0.4760U 手续费基数=0.0231U 阈值=0.1157U
[TRACKER] 02:17:16 持仓=1 盈利=0.0000U 亏损=-0.4550U 净浮盈=-0.4550U 手续费基数=0.0231U 阈值=0.1157U
[TRACKER] 02:17:23 持仓=1 盈利=0.0000U 亏损=-0.4130U 净浮盈=-0.4130U 手续费基数=0.0231U 阈值=0.1157U
[TRACKER] 02:17:29 持仓=1 盈利=0.0000U 亏损=-0.4340U 净浮盈=-0.4340U 手续费基数=0.0231U 阈值=0.1157U
[TRACKER] 02:17:35 持仓=1 盈利=0.0000U 亏损=-0.4480U 净浮盈=-0.4480U 手续费基数=0.0231U 阈值=0.1157U
[TRACKER] 02:17:42 持仓=1 盈利=0.0000U 亏损=-0.4550U 净浮盈=-0.4550U 手续费基数=0.0231U 阈值=0.1157U
[TRACKER] 02:17:48 持仓=1 盈利=0.0000U 亏损=-0.4690U 净浮盈=-0.4690U 手续费基数=0.0231U 阈值=0.1157U
[TRACKER] 02:17:55 持仓=1 盈利=0.0000U 亏损=-0.4410U 净浮盈=-0.4410U 手续费基数=0.0231U 阈值=0.1157U
[TRACKER] 本轮结束（将由 crontab 重新拉起）
[TRACKER] 启动，每 5 秒检查一次…
[TRACKER] 02:18:02 持仓=1 盈利=0.0000U 亏损=-0.3850U 净浮盈=-0.3850U 手续费基数=0.0231U 阈值=0.1157U
[TRACKER] 02:18:09 持仓=1 盈利=0.0000U 亏损=-0.3640U 净浮盈=-0.3640U 手续费基数=0.0231U 阈值=0.1157U
[TRACKER] 02:18:15 持仓=1 盈利=0.0000U 亏损=-0.3500U 净浮盈=-0.3500U 手续费基数=0.0231U 阈值=0.1157U
[TRACKER] 02:18:21 持仓=1 盈利=0.0000U 亏损=-0.3290U 净浮盈=-0.3290U 手续费基数=0.0231U 阈值=0.1157U
[TRACKER] 02:18:28 持仓=1 盈利=0.0000U 亏损=-0.3500U 净浮盈=-0.3500U 手续费基数=0.0231U 阈值=0.1157U
[TRACKER] 02:18:35 持仓=1 盈利=0.0000U 亏损=-0.3570U 净浮盈=-0.3570U 手续费基数=0.0231U 阈值=0.1157U
[TRACKER] 02:18:41 持仓=1 盈利=0.0000U 亏损=-0.3780U 净浮盈=-0.3780U 手续费基数=0.0231U 阈值=0.1157U
[TRACKER] 02:18:47 持仓=1 盈利=0.0000U 亏损=-0.3780U 净浮盈=-0.3780U 手续费基数=0.0231U 阈值=0.1157U
[TRACKER] 02:18:54 持仓=1 盈利=0.0000U 亏损=-0.3570U 净浮盈=-0.3570U 手续费基数=0.0231U 阈值=0.1157U
[TRACKER] 本轮结束（将由 crontab 重新拉起）
[TRACKER] 启动，每 5 秒检查一次…
[TRACKER] 02:19:03 持仓=1 盈利=0.0000U 亏损=-0.3640U 净浮盈=-0.3640U 手续费基数=0.0231U 阈值=0.1157U
[TRACKER] 02:19:09 持仓=1 盈利=0.0000U 亏损=-0.3780U 净浮盈=-0.3780U 手续费基数=0.0231U 阈值=0.1157U
[TRACKER] 02:19:15 持仓=1 盈利=0.0000U 亏损=-0.4200U 净浮盈=-0.4200U 手续费基数=0.0231U 阈值=0.1157U
[TRACKER] 02:19:22 持仓=1 盈利=0.0000U 亏损=-0.4410U 净浮盈=-0.4410U 手续费基数=0.0231U 阈值=0.1157U
[TRACKER] 02:19:28 持仓=1 盈利=0.0000U 亏损=-0.4620U 净浮盈=-0.4620U 手续费基数=0.0231U 阈值=0.1157U
[TRACKER] 02:19:35 持仓=1 盈利=0.0000U 亏损=-0.4620U 净浮盈=-0.4620U 手续费基数=0.0231U 阈值=0.1157U
[TRACKER] 02:19:42 持仓=1 盈利=0.0000U 亏损=-0.4690U 净浮盈=-0.4690U 手续费基数=0.0231U 阈值=0.1157U
[TRACKER] 02:19:48 持仓=1 盈利=0.0000U 亏损=-0.4620U 净浮盈=-0.4620U 手续费基数=0.0231U 阈值=0.1157U
[TRACKER] 02:19:55 持仓=1 盈利=0.0000U 亏损=-0.4480U 净浮盈=-0.4480U 手续费基数=0.0231U 阈值=0.1157U
[TRACKER] 本轮结束（将由 crontab 重新拉起）
[TRACKER] 启动，每 5 秒检查一次…
[TRACKER] 02:20:02 持仓=1 盈利=0.0000U 亏损=-0.4550U 净浮盈=-0.4550U 手续费基数=0.0231U 阈值=0.1157U
[TRACKER] 02:20:08 持仓=1 盈利=0.0000U 亏损=-0.4410U 净浮盈=-0.4410U 手续费基数=0.0231U 阈值=0.1157U
[TRACKER] 02:20:15 持仓=1 盈利=0.0000U 亏损=-0.4410U 净浮盈=-0.4410U 手续费基数=0.0231U 阈值=0.1157U
[TRACKER] 02:20:22 持仓=1 盈利=0.0000U 亏损=-0.4480U 净浮盈=-0.4480U 手续费基数=0.0231U 阈值=0.1157U
[TRACKER] 02:20:28 持仓=1 盈利=0.0000U 亏损=-0.4340U 净浮盈=-0.4340U 手续费基数=0.0231U 阈值=0.1157U
[TRACKER] 02:20:34 持仓=1 盈利=0.0000U 亏损=-0.3500U 净浮盈=-0.3500U 手续费基数=0.0231U 阈值=0.1157U
[TRACKER] 02:20:41 持仓=1 盈利=0.0000U 亏损=-0.3710U 净浮盈=-0.3710U 手续费基数=0.0231U 阈值=0.1157U
[TRACKER] 02:20:47 持仓=1 盈利=0.0000U 亏损=-0.3570U 净浮盈=-0.3570U 手续费基数=0.0231U 阈值=0.1157U
[TRACKER] 02:20:53 持仓=1 盈利=0.0000U 亏损=-0.3360U 净浮盈=-0.3360U 手续费基数=0.0231U 阈值=0.1157U
[TRACKER] 本轮结束（将由 crontab 重新拉起）
[TRACKER] 启动，每 5 秒检查一次…
[TRACKER] 02:21:02 持仓=1 盈利=0.0000U 亏损=-0.3290U 净浮盈=-0.3290U 手续费基数=0.0231U 阈值=0.1157U
[TRACKER] 02:21:09 持仓=1 盈利=0.0000U 亏损=-0.3290U 净浮盈=-0.3290U 手续费基数=0.0231U 阈值=0.1157U
[TRACKER] 02:21:15 持仓=1 盈利=0.0000U 亏损=-0.3570U 净浮盈=-0.3570U 手续费基数=0.0231U 阈值=0.1157U
[TRACKER] 02:21:21 持仓=1 盈利=0.0000U 亏损=-0.3570U 净浮盈=-0.3570U 手续费基数=0.0231U 阈值=0.1157U
[TRACKER] 02:21:28 持仓=1 盈利=0.0000U 亏损=-0.3500U 净浮盈=-0.3500U 手续费基数=0.0231U 阈值=0.1157U
[TRACKER] 02:21:34 持仓=1 盈利=0.0000U 亏损=-0.3010U 净浮盈=-0.3010U 手续费基数=0.0231U 阈值=0.1157U
[TRACKER] 02:21:41 持仓=1 盈利=0.0000U 亏损=-0.3220U 净浮盈=-0.3220U 手续费基数=0.0231U 阈值=0.1157U
[TRACKER] 02:21:47 持仓=1 盈利=0.0000U 亏损=-0.3290U 净浮盈=-0.3290U 手续费基数=0.0231U 阈值=0.1157U
[TRACKER] 02:21:53 持仓=1 盈利=0.0000U 亏损=-0.2940U 净浮盈=-0.2940U 手续费基数=0.0231U 阈值=0.1157U
[TRACKER] 本轮结束（将由 crontab 重新拉起）
[TRACKER] 启动，每 5 秒检查一次…
[TRACKER] 02:22:02 持仓=1 盈利=0.0000U 亏损=-0.2730U 净浮盈=-0.2730U 手续费基数=0.0231U 阈值=0.1157U
[TRACKER] 02:22:09 持仓=1 盈利=0.0000U 亏损=-0.2450U 净浮盈=-0.2450U 手续费基数=0.0231U 阈值=0.1157U
[TRACKER] 02:22:15 持仓=1 盈利=0.0000U 亏损=-0.2800U 净浮盈=-0.2800U 手续费基数=0.0231U 阈值=0.1157U
[TRACKER] 02:22:22 持仓=1 盈利=0.0000U 亏损=-0.3150U 净浮盈=-0.3150U 手续费基数=0.0231U 阈值=0.1157U
[TRACKER] 02:22:28 持仓=1 盈利=0.0000U 亏损=-0.3150U 净浮盈=-0.3150U 手续费基数=0.0231U 阈值=0.1157U
[TRACKER] 02:22:35 持仓=1 盈利=0.0000U 亏损=-0.3010U 净浮盈=-0.3010U 手续费基数=0.0231U 阈值=0.1157U
[TRACKER] 02:22:41 持仓=1 盈利=0.0000U 亏损=-0.3010U 净浮盈=-0.3010U 手续费基数=0.0231U 阈值=0.1157U
[TRACKER] 02:22:48 持仓=1 盈利=0.0000U 亏损=-0.3010U 净浮盈=-0.3010U 手续费基数=0.0231U 阈值=0.1157U
[TRACKER] 02:22:54 持仓=1 盈利=0.0000U 亏损=-0.2800U 净浮盈=-0.2800U 手续费基数=0.0231U 阈值=0.1157U
[TRACKER] 本轮结束（将由 crontab 重新拉起）
[TRACKER] 启动，每 5 秒检查一次…
[TRACKER] 02:23:04 持仓=1 盈利=0.0000U 亏损=-0.2660U 净浮盈=-0.2660U 手续费基数=0.0231U 阈值=0.1157U
[TRACKER] 02:23:10 持仓=1 盈利=0.0000U 亏损=-0.2660U 净浮盈=-0.2660U 手续费基数=0.0231U 阈值=0.1157U
[TRACKER] 02:23:16 持仓=1 盈利=0.0000U 亏损=-0.2800U 净浮盈=-0.2800U 手续费基数=0.0231U 阈值=0.1157U
[TRACKER] 02:23:23 持仓=1 盈利=0.0000U 亏损=-0.2520U 净浮盈=-0.2520U 手续费基数=0.0231U 阈值=0.1157U
[TRACKER] 02:23:29 持仓=1 盈利=0.0000U 亏损=-0.2590U 净浮盈=-0.2590U 手续费基数=0.0231U 阈值=0.1157U
[TRACKER] 02:23:35 持仓=1 盈利=0.0000U 亏损=-0.2520U 净浮盈=-0.2520U 手续费基数=0.0231U 阈值=0.1157U
[TRACKER] 02:23:42 持仓=1 盈利=0.0000U 亏损=-0.2380U 净浮盈=-0.2380U 手续费基数=0.0231U 阈值=0.1157U
[TRACKER] 02:23:49 持仓=1 盈利=0.0000U 亏损=-0.2450U 净浮盈=-0.2450U 手续费基数=0.0231U 阈值=0.1157U
[TRACKER] 02:23:55 持仓=1 盈利=0.0000U 亏损=-0.2660U 净浮盈=-0.2660U 手续费基数=0.0231U 阈值=0.1157U
[TRACKER] 本轮结束（将由 crontab 重新拉起）
[TRACKER] 启动，每 5 秒检查一次…
[TRACKER] 02:24:02 持仓=1 盈利=0.0000U 亏损=-0.2800U 净浮盈=-0.2800U 手续费基数=0.0231U 阈值=0.1157U
[TRACKER] 02:24:09 持仓=1 盈利=0.0000U 亏损=-0.3360U 净浮盈=-0.3360U 手续费基数=0.0231U 阈值=0.1157U
[TRACKER] 02:24:15 持仓=1 盈利=0.0000U 亏损=-0.3360U 净浮盈=-0.3360U 手续费基数=0.0231U 阈值=0.1157U
[TRACKER] 02:24:21 持仓=1 盈利=0.0000U 亏损=-0.3290U 净浮盈=-0.3290U 手续费基数=0.0231U 阈值=0.1157U
[TRACKER] 02:24:28 持仓=1 盈利=0.0000U 亏损=-0.3220U 净浮盈=-0.3220U 手续费基数=0.0231U 阈值=0.1157U
[TRACKER] 02:24:35 持仓=1 盈利=0.0000U 亏损=-0.3500U 净浮盈=-0.3500U 手续费基数=0.0231U 阈值=0.1157U
[TRACKER] 02:24:41 持仓=1 盈利=0.0000U 亏损=-0.3640U 净浮盈=-0.3640U 手续费基数=0.0231U 阈值=0.1157U
[TRACKER] 02:24:48 持仓=1 盈利=0.0000U 亏损=-0.3360U 净浮盈=-0.3360U 手续费基数=0.0231U 阈值=0.1157U
[TRACKER] 02:24:54 持仓=1 盈利=0.0000U 亏损=-0.2800U 净浮盈=-0.2800U 手续费基数=0.0231U 阈值=0.1157U
[TRACKER] 本轮结束（将由 crontab 重新拉起）
[TRACKER] 启动，每 5 秒检查一次…
[TRACKER] 02:25:03 持仓=1 盈利=0.0000U 亏损=-0.3010U 净浮盈=-0.3010U 手续费基数=0.0231U 阈值=0.1157U
[TRACKER] 02:25:10 持仓=1 盈利=0.0000U 亏损=-0.3920U 净浮盈=-0.3920U 手续费基数=0.0231U 阈值=0.1157U
[TRACKER] 02:25:16 持仓=1 盈利=0.0000U 亏损=-0.3640U 净浮盈=-0.3640U 手续费基数=0.0231U 阈值=0.1157U
[TRACKER] 02:25:23 持仓=1 盈利=0.0000U 亏损=-0.3710U 净浮盈=-0.3710U 手续费基数=0.0231U 阈值=0.1157U
[TRACKER] 02:25:29 持仓=1 盈利=0.0000U 亏损=-0.3710U 净浮盈=-0.3710U 手续费基数=0.0231U 阈值=0.1157U
[TRACKER] 02:25:35 持仓=1 盈利=0.0000U 亏损=-0.3850U 净浮盈=-0.3850U 手续费基数=0.0231U 阈值=0.1157U
[TRACKER] 02:25:41 持仓=1 盈利=0.0000U 亏损=-0.3780U 净浮盈=-0.3780U 手续费基数=0.0231U 阈值=0.1157U
[TRACKER] 02:25:48 持仓=1 盈利=0.0000U 亏损=-0.3850U 净浮盈=-0.3850U 手续费基数=0.0231U 阈值=0.1157U
[TRACKER] 02:25:55 持仓=1 盈利=0.0000U 亏损=-0.3710U 净浮盈=-0.3710U 手续费基数=0.0231U 阈值=0.1157U
[TRACKER] 本轮结束（将由 crontab 重新拉起）
[TRACKER] 启动，每 5 秒检查一次…
[TRACKER] 02:26:01 持仓=1 盈利=0.0000U 亏损=-0.3570U 净浮盈=-0.3570U 手续费基数=0.0231U 阈值=0.1157U
[TRACKER] 02:26:08 持仓=1 盈利=0.0000U 亏损=-0.3360U 净浮盈=-0.3360U 手续费基数=0.0231U 阈值=0.1157U
[TRACKER] 02:26:15 持仓=1 盈利=0.0000U 亏损=-0.2590U 净浮盈=-0.2590U 手续费基数=0.0231U 阈值=0.1157U
[TRACKER] 02:26:21 持仓=1 盈利=0.0000U 亏损=-0.3010U 净浮盈=-0.3010U 手续费基数=0.0231U 阈值=0.1157U
[TRACKER] 02:26:27 持仓=1 盈利=0.0000U 亏损=-0.2660U 净浮盈=-0.2660U 手续费基数=0.0231U 阈值=0.1157U
[TRACKER] 02:26:34 持仓=1 盈利=0.0000U 亏损=-0.2800U 净浮盈=-0.2800U 手续费基数=0.0231U 阈值=0.1157U
[TRACKER] 02:26:40 持仓=1 盈利=0.0000U 亏损=-0.2940U 净浮盈=-0.2940U 手续费基数=0.0231U 阈值=0.1157U
[TRACKER] 02:26:47 持仓=1 盈利=0.0000U 亏损=-0.2800U 净浮盈=-0.2800U 手续费基数=0.0231U 阈值=0.1157U
[TRACKER] 02:26:53 持仓=1 盈利=0.0000U 亏损=-0.2870U 净浮盈=-0.2870U 手续费基数=0.0231U 阈值=0.1157U
[TRACKER] 本轮结束（将由 crontab 重新拉起）
[TRACKER] 启动，每 5 秒检查一次…
[TRACKER] 02:27:04 持仓=1 盈利=0.0000U 亏损=-0.2660U 净浮盈=-0.2660U 手续费基数=0.0231U 阈值=0.1157U
[TRACKER] 02:27:10 持仓=1 盈利=0.0000U 亏损=-0.2660U 净浮盈=-0.2660U 手续费基数=0.0231U 阈值=0.1157U
[TRACKER] 02:27:16 持仓=1 盈利=0.0000U 亏损=-0.3150U 净浮盈=-0.3150U 手续费基数=0.0231U 阈值=0.1157U
[TRACKER] 02:27:23 持仓=1 盈利=0.0000U 亏损=-0.3220U 净浮盈=-0.3220U 手续费基数=0.0231U 阈值=0.1157U
[TRACKER] 02:27:29 持仓=1 盈利=0.0000U 亏损=-0.3010U 净浮盈=-0.3010U 手续费基数=0.0231U 阈值=0.1157U
[TRACKER] 02:27:35 持仓=1 盈利=0.0000U 亏损=-0.3010U 净浮盈=-0.3010U 手续费基数=0.0231U 阈值=0.1157U
[TRACKER] 02:27:42 持仓=1 盈利=0.0000U 亏损=-0.2590U 净浮盈=-0.2590U 手续费基数=0.0231U 阈值=0.1157U
[TRACKER] 02:27:48 持仓=1 盈利=0.0000U 亏损=-0.2660U 净浮盈=-0.2660U 手续费基数=0.0231U 阈值=0.1157U
[TRACKER] 02:27:55 持仓=1 盈利=0.0000U 亏损=-0.2660U 净浮盈=-0.2660U 手续费基数=0.0231U 阈值=0.1157U
[TRACKER] 本轮结束（将由 crontab 重新拉起）
[TRACKER] 启动，每 5 秒检查一次…
[TRACKER] 02:28:02 持仓=1 盈利=0.0000U 亏损=-0.2800U 净浮盈=-0.2800U 手续费基数=0.0231U 阈值=0.1157U
[TRACKER] 02:28:08 持仓=1 盈利=0.0000U 亏损=-0.3010U 净浮盈=-0.3010U 手续费基数=0.0231U 阈值=0.1157U
[TRACKER] 02:28:15 持仓=1 盈利=0.0000U 亏损=-0.3080U 净浮盈=-0.3080U 手续费基数=0.0231U 阈值=0.1157U
[TRACKER] 02:28:21 持仓=1 盈利=0.0000U 亏损=-0.2870U 净浮盈=-0.2870U 手续费基数=0.0231U 阈值=0.1157U
[TRACKER] 02:28:28 持仓=1 盈利=0.0000U 亏损=-0.2870U 净浮盈=-0.2870U 手续费基数=0.0231U 阈值=0.1157U
[TRACKER] 02:28:34 持仓=1 盈利=0.0000U 亏损=-0.3150U 净浮盈=-0.3150U 手续费基数=0.0231U 阈值=0.1157U
[TRACKER] 02:28:40 持仓=1 盈利=0.0000U 亏损=-0.3150U 净浮盈=-0.3150U 手续费基数=0.0231U 阈值=0.1157U
[TRACKER] 02:28:47 持仓=1 盈利=0.0000U 亏损=-0.3010U 净浮盈=-0.3010U 手续费基数=0.0231U 阈值=0.1157U
[TRACKER] 02:28:53 持仓=1 盈利=0.0000U 亏损=-0.2870U 净浮盈=-0.2870U 手续费基数=0.0231U 阈值=0.1157U
[TRACKER] 本轮结束（将由 crontab 重新拉起）
[TRACKER] 启动，每 5 秒检查一次…
[TRACKER] 02:29:03 持仓=1 盈利=0.0000U 亏损=-0.2940U 净浮盈=-0.2940U 手续费基数=0.0231U 阈值=0.1157U
[TRACKER] 02:29:10 持仓=1 盈利=0.0000U 亏损=-0.2870U 净浮盈=-0.2870U 手续费基数=0.0231U 阈值=0.1157U
[TRACKER] 02:29:16 持仓=1 盈利=0.0000U 亏损=-0.3080U 净浮盈=-0.3080U 手续费基数=0.0231U 阈值=0.1157U
[TRACKER] 02:29:23 持仓=1 盈利=0.0000U 亏损=-0.3010U 净浮盈=-0.3010U 手续费基数=0.0231U 阈值=0.1157U
[TRACKER] 02:29:29 持仓=1 盈利=0.0000U 亏损=-0.3080U 净浮盈=-0.3080U 手续费基数=0.0231U 阈值=0.1157U
[TRACKER] 02:29:35 持仓=1 盈利=0.0000U 亏损=-0.2940U 净浮盈=-0.2940U 手续费基数=0.0231U 阈值=0.1157U
[TRACKER] 02:29:42 持仓=1 盈利=0.0000U 亏损=-0.2870U 净浮盈=-0.2870U 手续费基数=0.0231U 阈值=0.1157U
[TRACKER] 02:29:48 持仓=1 盈利=0.0000U 亏损=-0.2870U 净浮盈=-0.2870U 手续费基数=0.0231U 阈值=0.1157U
[TRACKER] 02:29:54 持仓=1 盈利=0.0000U 亏损=-0.2870U 净浮盈=-0.2870U 手续费基数=0.0231U 阈值=0.1157U
[TRACKER] 本轮结束（将由 crontab 重新拉起）
[TRACKER] 启动，每 5 秒检查一次…
[TRACKER] 02:30:03 持仓=1 盈利=0.0000U 亏损=-0.2310U 净浮盈=-0.2310U 手续费基数=0.0231U 阈值=0.1157U
[TRACKER] 02:30:09 持仓=1 盈利=0.0000U 亏损=-0.2520U 净浮盈=-0.2520U 手续费基数=0.0231U 阈值=0.1157U
[TRACKER] 02:30:16 持仓=1 盈利=0.0000U 亏损=-0.2450U 净浮盈=-0.2450U 手续费基数=0.0231U 阈值=0.1157U
[TRACKER] 02:30:22 持仓=1 盈利=0.0000U 亏损=-0.2310U 净浮盈=-0.2310U 手续费基数=0.0231U 阈值=0.1157U
[TRACKER] 02:30:29 持仓=1 盈利=0.0000U 亏损=-0.2380U 净浮盈=-0.2380U 手续费基数=0.0231U 阈值=0.1157U
[TRACKER] 02:30:35 持仓=1 盈利=0.0000U 亏损=-0.2240U 净浮盈=-0.2240U 手续费基数=0.0231U 阈值=0.1157U
[TRACKER] 02:30:41 持仓=1 盈利=0.0000U 亏损=-0.2380U 净浮盈=-0.2380U 手续费基数=0.0231U 阈值=0.1157U
[TRACKER] 02:30:48 持仓=1 盈利=0.0000U 亏损=-0.2800U 净浮盈=-0.2800U 手续费基数=0.0231U 阈值=0.1157U
[TRACKER] 02:30:54 持仓=1 盈利=0.0000U 亏损=-0.2660U 净浮盈=-0.2660U 手续费基数=0.0231U 阈值=0.1157U
[TRACKER] 本轮结束（将由 crontab 重新拉起）
[TRACKER] 启动，每 5 秒检查一次…
[TRACKER] 02:31:03 持仓=1 盈利=0.0000U 亏损=-0.3080U 净浮盈=-0.3080U 手续费基数=0.0231U 阈值=0.1157U
[TRACKER] 02:31:10 持仓=1 盈利=0.0000U 亏损=-0.3150U 净浮盈=-0.3150U 手续费基数=0.0231U 阈值=0.1157U
[TRACKER] 02:31:16 持仓=1 盈利=0.0000U 亏损=-0.3430U 净浮盈=-0.3430U 手续费基数=0.0231U 阈值=0.1157U
[TRACKER] 02:31:23 持仓=1 盈利=0.0000U 亏损=-0.3430U 净浮盈=-0.3430U 手续费基数=0.0231U 阈值=0.1157U
[TRACKER] 02:31:29 持仓=1 盈利=0.0000U 亏损=-0.3500U 净浮盈=-0.3500U 手续费基数=0.0231U 阈值=0.1157U
[TRACKER] 02:31:36 持仓=1 盈利=0.0000U 亏损=-0.3430U 净浮盈=-0.3430U 手续费基数=0.0231U 阈值=0.1157U
[TRACKER] 02:31:42 持仓=1 盈利=0.0000U 亏损=-0.3570U 净浮盈=-0.3570U 手续费基数=0.0231U 阈值=0.1157U
[TRACKER] 02:31:48 持仓=1 盈利=0.0000U 亏损=-0.3710U 净浮盈=-0.3710U 手续费基数=0.0231U 阈值=0.1157U
[TRACKER] 02:31:54 持仓=1 盈利=0.0000U 亏损=-0.3570U 净浮盈=-0.3570U 手续费基数=0.0231U 阈值=0.1157U
[TRACKER] 本轮结束（将由 crontab 重新拉起）
[TRACKER] 启动，每 5 秒检查一次…
[TRACKER] 02:32:01 持仓=1 盈利=0.0000U 亏损=-0.3430U 净浮盈=-0.3430U 手续费基数=0.0231U 阈值=0.1157U
[TRACKER] 02:32:08 持仓=1 盈利=0.0000U 亏损=-0.3360U 净浮盈=-0.3360U 手续费基数=0.0231U 阈值=0.1157U
[TRACKER] 02:32:15 持仓=1 盈利=0.0000U 亏损=-0.3500U 净浮盈=-0.3500U 手续费基数=0.0231U 阈值=0.1157U
[TRACKER] 02:32:21 持仓=1 盈利=0.0000U 亏损=-0.3360U 净浮盈=-0.3360U 手续费基数=0.0231U 阈值=0.1157U
[TRACKER] 02:32:27 持仓=1 盈利=0.0000U 亏损=-0.3640U 净浮盈=-0.3640U 手续费基数=0.0231U 阈值=0.1157U
[TRACKER] 02:32:34 持仓=1 盈利=0.0000U 亏损=-0.3640U 净浮盈=-0.3640U 手续费基数=0.0231U 阈值=0.1157U
[TRACKER] 02:32:40 持仓=1 盈利=0.0000U 亏损=-0.3850U 净浮盈=-0.3850U 手续费基数=0.0231U 阈值=0.1157U
[TRACKER] 02:32:46 持仓=1 盈利=0.0000U 亏损=-0.3920U 净浮盈=-0.3920U 手续费基数=0.0231U 阈值=0.1157U
[TRACKER] 02:32:53 持仓=1 盈利=0.0000U 亏损=-0.3920U 净浮盈=-0.3920U 手续费基数=0.0231U 阈值=0.1157U
[TRACKER] 本轮结束（将由 crontab 重新拉起）
[TRACKER] 启动，每 5 秒检查一次…
[TRACKER] 02:33:03 持仓=1 盈利=0.0000U 亏损=-0.3990U 净浮盈=-0.3990U 手续费基数=0.0231U 阈值=0.1157U
[TRACKER] 02:33:09 持仓=1 盈利=0.0000U 亏损=-0.4130U 净浮盈=-0.4130U 手续费基数=0.0231U 阈值=0.1157U
[TRACKER] 02:33:15 持仓=1 盈利=0.0000U 亏损=-0.3640U 净浮盈=-0.3640U 手续费基数=0.0231U 阈值=0.1157U
[TRACKER] 02:33:22 持仓=1 盈利=0.0000U 亏损=-0.3780U 净浮盈=-0.3780U 手续费基数=0.0231U 阈值=0.1157U
[TRACKER] 02:33:28 持仓=1 盈利=0.0000U 亏损=-0.4270U 净浮盈=-0.4270U 手续费基数=0.0231U 阈值=0.1157U
[TRACKER] 02:33:35 持仓=1 盈利=0.0000U 亏损=-0.4060U 净浮盈=-0.4060U 手续费基数=0.0231U 阈值=0.1157U
[TRACKER] 02:33:41 持仓=1 盈利=0.0000U 亏损=-0.4130U 净浮盈=-0.4130U 手续费基数=0.0231U 阈值=0.1157U
[TRACKER] 02:33:47 持仓=1 盈利=0.0000U 亏损=-0.3850U 净浮盈=-0.3850U 手续费基数=0.0231U 阈值=0.1157U
[TRACKER] 02:33:54 持仓=1 盈利=0.0000U 亏损=-0.3640U 净浮盈=-0.3640U 手续费基数=0.0231U 阈值=0.1157U
[TRACKER] 本轮结束（将由 crontab 重新拉起）
[TRACKER] 启动，每 5 秒检查一次…
[TRACKER] 02:34:03 持仓=1 盈利=0.0000U 亏损=-0.3500U 净浮盈=-0.3500U 手续费基数=0.0231U 阈值=0.1157U
[TRACKER] 02:34:09 持仓=1 盈利=0.0000U 亏损=-0.3990U 净浮盈=-0.3990U 手续费基数=0.0231U 阈值=0.1157U
[TRACKER] 02:34:16 持仓=1 盈利=0.0000U 亏损=-0.3920U 净浮盈=-0.3920U 手续费基数=0.0231U 阈值=0.1157U
[TRACKER] 02:34:22 持仓=1 盈利=0.0000U 亏损=-0.3990U 净浮盈=-0.3990U 手续费基数=0.0231U 阈值=0.1157U
[TRACKER] 02:34:29 持仓=1 盈利=0.0000U 亏损=-0.4060U 净浮盈=-0.4060U 手续费基数=0.0231U 阈值=0.1157U
[TRACKER] 02:34:35 持仓=1 盈利=0.0000U 亏损=-0.4410U 净浮盈=-0.4410U 手续费基数=0.0231U 阈值=0.1157U
[TRACKER] 02:34:41 持仓=1 盈利=0.0000U 亏损=-0.4480U 净浮盈=-0.4480U 手续费基数=0.0231U 阈值=0.1157U
[TRACKER] 02:34:48 持仓=1 盈利=0.0000U 亏损=-0.4410U 净浮盈=-0.4410U 手续费基数=0.0231U 阈值=0.1157U
[TRACKER] 02:34:54 持仓=1 盈利=0.0000U 亏损=-0.4480U 净浮盈=-0.4480U 手续费基数=0.0231U 阈值=0.1157U
[TRACKER] 本轮结束（将由 crontab 重新拉起）
[TRACKER] 启动，每 5 秒检查一次…
[TRACKER] 02:35:03 持仓=1 盈利=0.0000U 亏损=-0.4200U 净浮盈=-0.4200U 手续费基数=0.0231U 阈值=0.1157U
[TRACKER] 02:35:10 持仓=1 盈利=0.0000U 亏损=-0.4060U 净浮盈=-0.4060U 手续费基数=0.0231U 阈值=0.1157U
[TRACKER] 02:35:16 持仓=1 盈利=0.0000U 亏损=-0.4130U 净浮盈=-0.4130U 手续费基数=0.0231U 阈值=0.1157U
[TRACKER] 02:35:23 持仓=1 盈利=0.0000U 亏损=-0.3850U 净浮盈=-0.3850U 手续费基数=0.0231U 阈值=0.1157U
[TRACKER] 02:35:29 持仓=1 盈利=0.0000U 亏损=-0.3640U 净浮盈=-0.3640U 手续费基数=0.0231U 阈值=0.1157U
[TRACKER] 02:35:36 持仓=1 盈利=0.0000U 亏损=-0.3360U 净浮盈=-0.3360U 手续费基数=0.0231U 阈值=0.1157U
[TRACKER] 02:35:42 持仓=1 盈利=0.0000U 亏损=-0.2800U 净浮盈=-0.2800U 手续费基数=0.0231U 阈值=0.1157U
[TRACKER] 02:35:48 持仓=1 盈利=0.0000U 亏损=-0.2940U 净浮盈=-0.2940U 手续费基数=0.0231U 阈值=0.1157U
[TRACKER] 02:35:55 持仓=1 盈利=0.0000U 亏损=-0.3430U 净浮盈=-0.3430U 手续费基数=0.0231U 阈值=0.1157U
[TRACKER] 本轮结束（将由 crontab 重新拉起）
[TRACKER] 启动，每 5 秒检查一次…
[TRACKER] 02:36:02 持仓=1 盈利=0.0000U 亏损=-0.3850U 净浮盈=-0.3850U 手续费基数=0.0231U 阈值=0.1157U
[TRACKER] 02:36:08 持仓=1 盈利=0.0000U 亏损=-0.3640U 净浮盈=-0.3640U 手续费基数=0.0231U 阈值=0.1157U
[TRACKER] 02:36:14 持仓=1 盈利=0.0000U 亏损=-0.3640U 净浮盈=-0.3640U 手续费基数=0.0231U 阈值=0.1157U
[TRACKER] 02:36:21 持仓=1 盈利=0.0000U 亏损=-0.3150U 净浮盈=-0.3150U 手续费基数=0.0231U 阈值=0.1157U
[TRACKER] 02:36:27 持仓=1 盈利=0.0000U 亏损=-0.3220U 净浮盈=-0.3220U 手续费基数=0.0231U 阈值=0.1157U
[TRACKER] 02:36:34 持仓=1 盈利=0.0000U 亏损=-0.3500U 净浮盈=-0.3500U 手续费基数=0.0231U 阈值=0.1157U
[TRACKER] 02:36:40 持仓=1 盈利=0.0000U 亏损=-0.3640U 净浮盈=-0.3640U 手续费基数=0.0231U 阈值=0.1157U
[TRACKER] 02:36:47 持仓=1 盈利=0.0000U 亏损=-0.3640U 净浮盈=-0.3640U 手续费基数=0.0231U 阈值=0.1157U
[TRACKER] 02:36:53 持仓=1 盈利=0.0000U 亏损=-0.4130U 净浮盈=-0.4130U 手续费基数=0.0231U 阈值=0.1157U
[TRACKER] 本轮结束（将由 crontab 重新拉起）
[TRACKER] 启动，每 5 秒检查一次…
[TRACKER] 02:37:03 持仓=1 盈利=0.0000U 亏损=-0.3920U 净浮盈=-0.3920U 手续费基数=0.0231U 阈值=0.1157U
[TRACKER] 02:37:09 持仓=1 盈利=0.0000U 亏损=-0.3920U 净浮盈=-0.3920U 手续费基数=0.0231U 阈值=0.1157U
[TRACKER] 02:37:15 持仓=1 盈利=0.0000U 亏损=-0.4060U 净浮盈=-0.4060U 手续费基数=0.0231U 阈值=0.1157U
[TRACKER] 02:37:22 持仓=1 盈利=0.0000U 亏损=-0.4200U 净浮盈=-0.4200U 手续费基数=0.0231U 阈值=0.1157U
[TRACKER] 02:37:29 持仓=1 盈利=0.0000U 亏损=-0.4200U 净浮盈=-0.4200U 手续费基数=0.0231U 阈值=0.1157U
[TRACKER] 02:37:35 持仓=1 盈利=0.0000U 亏损=-0.3990U 净浮盈=-0.3990U 手续费基数=0.0231U 阈值=0.1157U
[TRACKER] 02:37:41 持仓=1 盈利=0.0000U 亏损=-0.4130U 净浮盈=-0.4130U 手续费基数=0.0231U 阈值=0.1157U
[TRACKER] 02:37:48 持仓=1 盈利=0.0000U 亏损=-0.3710U 净浮盈=-0.3710U 手续费基数=0.0231U 阈值=0.1157U
[TRACKER] 02:37:55 持仓=1 盈利=0.0000U 亏损=-0.3710U 净浮盈=-0.3710U 手续费基数=0.0231U 阈值=0.1157U
[TRACKER] 本轮结束（将由 crontab 重新拉起）
[TRACKER] 启动，每 5 秒检查一次…
[TRACKER] 02:38:02 持仓=1 盈利=0.0000U 亏损=-0.3780U 净浮盈=-0.3780U 手续费基数=0.0231U 阈值=0.1157U
[TRACKER] 02:38:08 持仓=1 盈利=0.0000U 亏损=-0.4130U 净浮盈=-0.4130U 手续费基数=0.0231U 阈值=0.1157U
[TRACKER] 02:38:15 持仓=1 盈利=0.0000U 亏损=-0.4270U 净浮盈=-0.4270U 手续费基数=0.0231U 阈值=0.1157U
[TRACKER] 02:38:21 持仓=1 盈利=0.0000U 亏损=-0.4270U 净浮盈=-0.4270U 手续费基数=0.0231U 阈值=0.1157U
[TRACKER] 02:38:28 持仓=1 盈利=0.0000U 亏损=-0.4270U 净浮盈=-0.4270U 手续费基数=0.0231U 阈值=0.1157U
[TRACKER] 02:38:34 持仓=1 盈利=0.0000U 亏损=-0.4340U 净浮盈=-0.4340U 手续费基数=0.0231U 阈值=0.1157U
[TRACKER] 02:38:41 持仓=1 盈利=0.0000U 亏损=-0.4550U 净浮盈=-0.4550U 手续费基数=0.0231U 阈值=0.1157U
[TRACKER] 02:38:47 持仓=1 盈利=0.0000U 亏损=-0.4550U 净浮盈=-0.4550U 手续费基数=0.0231U 阈值=0.1157U
[TRACKER] 02:38:54 持仓=1 盈利=0.0000U 亏损=-0.3710U 净浮盈=-0.3710U 手续费基数=0.0231U 阈值=0.1157U
[TRACKER] 本轮结束（将由 crontab 重新拉起）
[TRACKER] 启动，每 5 秒检查一次…
[TRACKER] 02:39:03 持仓=1 盈利=0.0000U 亏损=-0.3220U 净浮盈=-0.3220U 手续费基数=0.0231U 阈值=0.1157U
[TRACKER] 02:39:09 持仓=1 盈利=0.0000U 亏损=-0.3290U 净浮盈=-0.3290U 手续费基数=0.0231U 阈值=0.1157U
[TRACKER] 02:39:15 持仓=1 盈利=0.0000U 亏损=-0.3360U 净浮盈=-0.3360U 手续费基数=0.0231U 阈值=0.1157U
[TRACKER] 02:39:22 持仓=1 盈利=0.0000U 亏损=-0.3850U 净浮盈=-0.3850U 手续费基数=0.0231U 阈值=0.1157U
[TRACKER] 02:39:28 持仓=1 盈利=0.0000U 亏损=-0.3920U 净浮盈=-0.3920U 手续费基数=0.0231U 阈值=0.1157U
[TRACKER] 02:39:35 持仓=1 盈利=0.0000U 亏损=-0.4060U 净浮盈=-0.4060U 手续费基数=0.0231U 阈值=0.1157U
[TRACKER] 02:39:41 持仓=1 盈利=0.0000U 亏损=-0.3430U 净浮盈=-0.3430U 手续费基数=0.0231U 阈值=0.1157U
[TRACKER] 02:39:47 持仓=1 盈利=0.0000U 亏损=-0.3500U 净浮盈=-0.3500U 手续费基数=0.0231U 阈值=0.1157U
[TRACKER] 02:39:54 持仓=1 盈利=0.0000U 亏损=-0.3430U 净浮盈=-0.3430U 手续费基数=0.0231U 阈值=0.1157U
[TRACKER] 本轮结束（将由 crontab 重新拉起）
[TRACKER] 启动，每 5 秒检查一次…
[TRACKER] 02:40:03 持仓=1 盈利=0.0000U 亏损=-0.3500U 净浮盈=-0.3500U 手续费基数=0.0231U 阈值=0.1157U
[TRACKER] 02:40:09 持仓=1 盈利=0.0000U 亏损=-0.3500U 净浮盈=-0.3500U 手续费基数=0.0231U 阈值=0.1157U
[TRACKER] 02:40:16 持仓=1 盈利=0.0000U 亏损=-0.2730U 净浮盈=-0.2730U 手续费基数=0.0231U 阈值=0.1157U
[TRACKER] 02:40:22 持仓=1 盈利=0.0000U 亏损=-0.2730U 净浮盈=-0.2730U 手续费基数=0.0231U 阈值=0.1157U
[TRACKER] 02:40:29 持仓=1 盈利=0.0000U 亏损=-0.2660U 净浮盈=-0.2660U 手续费基数=0.0231U 阈值=0.1157U
[TRACKER] 02:40:35 持仓=1 盈利=0.0000U 亏损=-0.2730U 净浮盈=-0.2730U 手续费基数=0.0231U 阈值=0.1157U
[TRACKER] 02:40:41 持仓=1 盈利=0.0000U 亏损=-0.2940U 净浮盈=-0.2940U 手续费基数=0.0231U 阈值=0.1157U
[TRACKER] 02:40:48 持仓=1 盈利=0.0000U 亏损=-0.2940U 净浮盈=-0.2940U 手续费基数=0.0231U 阈值=0.1157U
[TRACKER] 02:40:55 持仓=1 盈利=0.0000U 亏损=-0.3080U 净浮盈=-0.3080U 手续费基数=0.0231U 阈值=0.1157U
[TRACKER] 本轮结束（将由 crontab 重新拉起）
[TRACKER] 启动，每 5 秒检查一次…
[TRACKER] 02:41:02 持仓=1 盈利=0.0000U 亏损=-0.3290U 净浮盈=-0.3290U 手续费基数=0.0231U 阈值=0.1157U
[TRACKER] 02:41:09 持仓=1 盈利=0.0000U 亏损=-0.3360U 净浮盈=-0.3360U 手续费基数=0.0231U 阈值=0.1157U
[TRACKER] 02:41:15 持仓=1 盈利=0.0000U 亏损=-0.3360U 净浮盈=-0.3360U 手续费基数=0.0231U 阈值=0.1157U
[TRACKER] 02:41:22 持仓=1 盈利=0.0000U 亏损=-0.3360U 净浮盈=-0.3360U 手续费基数=0.0231U 阈值=0.1157U
[TRACKER] 02:41:28 持仓=1 盈利=0.0000U 亏损=-0.3360U 净浮盈=-0.3360U 手续费基数=0.0231U 阈值=0.1157U
[TRACKER] 02:41:34 持仓=1 盈利=0.0000U 亏损=-0.3290U 净浮盈=-0.3290U 手续费基数=0.0231U 阈值=0.1157U
[TRACKER] 02:41:41 持仓=1 盈利=0.0000U 亏损=-0.3430U 净浮盈=-0.3430U 手续费基数=0.0231U 阈值=0.1157U
[TRACKER] 02:41:47 持仓=1 盈利=0.0000U 亏损=-0.3710U 净浮盈=-0.3710U 手续费基数=0.0231U 阈值=0.1157U
[TRACKER] 02:41:54 持仓=1 盈利=0.0000U 亏损=-0.3780U 净浮盈=-0.3780U 手续费基数=0.0231U 阈值=0.1157U
[TRACKER] 本轮结束（将由 crontab 重新拉起）
[TRACKER] 启动，每 5 秒检查一次…
[TRACKER] 02:42:03 持仓=1 盈利=0.0000U 亏损=-0.3640U 净浮盈=-0.3640U 手续费基数=0.0231U 阈值=0.1157U
[TRACKER] 02:42:09 持仓=1 盈利=0.0000U 亏损=-0.3780U 净浮盈=-0.3780U 手续费基数=0.0231U 阈值=0.1157U
[TRACKER] 02:42:16 持仓=1 盈利=0.0000U 亏损=-0.3500U 净浮盈=-0.3500U 手续费基数=0.0231U 阈值=0.1157U
[TRACKER] 02:42:22 持仓=1 盈利=0.0000U 亏损=-0.3290U 净浮盈=-0.3290U 手续费基数=0.0231U 阈值=0.1157U
[TRACKER] 02:42:28 持仓=1 盈利=0.0000U 亏损=-0.3290U 净浮盈=-0.3290U 手续费基数=0.0231U 阈值=0.1157U
[TRACKER] 02:42:35 持仓=1 盈利=0.0000U 亏损=-0.3360U 净浮盈=-0.3360U 手续费基数=0.0231U 阈值=0.1157U
[TRACKER] 02:42:41 持仓=1 盈利=0.0000U 亏损=-0.3290U 净浮盈=-0.3290U 手续费基数=0.0231U 阈值=0.1157U
[TRACKER] 02:42:47 持仓=1 盈利=0.0000U 亏损=-0.3360U 净浮盈=-0.3360U 手续费基数=0.0231U 阈值=0.1157U
[TRACKER] 02:42:54 持仓=1 盈利=0.0000U 亏损=-0.3360U 净浮盈=-0.3360U 手续费基数=0.0231U 阈值=0.1157U
[TRACKER] 本轮结束（将由 crontab 重新拉起）
[TRACKER] 启动，每 5 秒检查一次…
[TRACKER] 02:43:03 持仓=1 盈利=0.0000U 亏损=-0.3570U 净浮盈=-0.3570U 手续费基数=0.0231U 阈值=0.1157U
[TRACKER] 02:43:09 持仓=1 盈利=0.0000U 亏损=-0.3920U 净浮盈=-0.3920U 手续费基数=0.0231U 阈值=0.1157U
[TRACKER] 02:43:16 持仓=1 盈利=0.0000U 亏损=-0.3920U 净浮盈=-0.3920U 手续费基数=0.0231U 阈值=0.1157U
[TRACKER] 02:43:22 持仓=1 盈利=0.0000U 亏损=-0.3290U 净浮盈=-0.3290U 手续费基数=0.0231U 阈值=0.1157U
[TRACKER] 02:43:29 持仓=1 盈利=0.0000U 亏损=-0.3220U 净浮盈=-0.3220U 手续费基数=0.0231U 阈值=0.1157U
[TRACKER] 02:43:35 持仓=1 盈利=0.0000U 亏损=-0.3010U 净浮盈=-0.3010U 手续费基数=0.0231U 阈值=0.1157U
[TRACKER] 02:43:41 持仓=1 盈利=0.0000U 亏损=-0.3080U 净浮盈=-0.3080U 手续费基数=0.0231U 阈值=0.1157U
[TRACKER] 02:43:48 持仓=1 盈利=0.0000U 亏损=-0.3220U 净浮盈=-0.3220U 手续费基数=0.0231U 阈值=0.1157U
[TRACKER] 02:43:54 持仓=1 盈利=0.0000U 亏损=-0.3150U 净浮盈=-0.3150U 手续费基数=0.0231U 阈值=0.1157U
[TRACKER] 本轮结束（将由 crontab 重新拉起）
[TRACKER] 启动，每 5 秒检查一次…
[TRACKER] 02:44:03 持仓=1 盈利=0.0000U 亏损=-0.3220U 净浮盈=-0.3220U 手续费基数=0.0231U 阈值=0.1157U
[TRACKER] 02:44:09 持仓=1 盈利=0.0000U 亏损=-0.3290U 净浮盈=-0.3290U 手续费基数=0.0231U 阈值=0.1157U
[TRACKER] 02:44:16 持仓=1 盈利=0.0000U 亏损=-0.3080U 净浮盈=-0.3080U 手续费基数=0.0231U 阈值=0.1157U
[TRACKER] 02:44:22 持仓=1 盈利=0.0000U 亏损=-0.3150U 净浮盈=-0.3150U 手续费基数=0.0231U 阈值=0.1157U
[TRACKER] 02:44:29 持仓=1 盈利=0.0000U 亏损=-0.3220U 净浮盈=-0.3220U 手续费基数=0.0231U 阈值=0.1157U
[TRACKER] 02:44:35 持仓=1 盈利=0.0000U 亏损=-0.3220U 净浮盈=-0.3220U 手续费基数=0.0231U 阈值=0.1157U
[TRACKER] 02:44:41 持仓=1 盈利=0.0000U 亏损=-0.3290U 净浮盈=-0.3290U 手续费基数=0.0231U 阈值=0.1157U
[TRACKER] 02:44:48 持仓=1 盈利=0.0000U 亏损=-0.3150U 净浮盈=-0.3150U 手续费基数=0.0231U 阈值=0.1157U
[TRACKER] 02:44:54 持仓=1 盈利=0.0000U 亏损=-0.3220U 净浮盈=-0.3220U 手续费基数=0.0231U 阈值=0.1157U
[TRACKER] 本轮结束（将由 crontab 重新拉起）
[TRACKER] 启动，每 5 秒检查一次…
[TRACKER] 02:45:03 持仓=1 盈利=0.0000U 亏损=-0.3080U 净浮盈=-0.3080U 手续费基数=0.0231U 阈值=0.1157U
[TRACKER] 02:45:10 持仓=1 盈利=0.0000U 亏损=-0.2870U 净浮盈=-0.2870U 手续费基数=0.0231U 阈值=0.1157U
[TRACKER] 02:45:16 持仓=1 盈利=0.0000U 亏损=-0.2590U 净浮盈=-0.2590U 手续费基数=0.0231U 阈值=0.1157U
[TRACKER] 02:45:23 持仓=1 盈利=0.0000U 亏损=-0.2870U 净浮盈=-0.2870U 手续费基数=0.0231U 阈值=0.1157U
[TRACKER] 02:45:29 持仓=1 盈利=0.0000U 亏损=-0.3010U 净浮盈=-0.3010U 手续费基数=0.0231U 阈值=0.1157U
[TRACKER] 02:45:35 持仓=1 盈利=0.0000U 亏损=-0.2870U 净浮盈=-0.2870U 手续费基数=0.0231U 阈值=0.1157U
[TRACKER] 02:45:42 持仓=1 盈利=0.0000U 亏损=-0.3150U 净浮盈=-0.3150U 手续费基数=0.0231U 阈值=0.1157U
[TRACKER] 02:45:48 持仓=1 盈利=0.0000U 亏损=-0.3150U 净浮盈=-0.3150U 手续费基数=0.0231U 阈值=0.1157U
[TRACKER] 02:45:55 持仓=1 盈利=0.0000U 亏损=-0.3430U 净浮盈=-0.3430U 手续费基数=0.0231U 阈值=0.1157U
[TRACKER] 本轮结束（将由 crontab 重新拉起）
[TRACKER] 启动，每 5 秒检查一次…
[TRACKER] 02:46:02 持仓=1 盈利=0.0000U 亏损=-0.3430U 净浮盈=-0.3430U 手续费基数=0.0231U 阈值=0.1157U
[TRACKER] 02:46:08 持仓=1 盈利=0.0000U 亏损=-0.3850U 净浮盈=-0.3850U 手续费基数=0.0231U 阈值=0.1157U
[TRACKER] 02:46:15 持仓=1 盈利=0.0000U 亏损=-0.3920U 净浮盈=-0.3920U 手续费基数=0.0231U 阈值=0.1157U
[TRACKER] 02:46:21 持仓=1 盈利=0.0000U 亏损=-0.3780U 净浮盈=-0.3780U 手续费基数=0.0231U 阈值=0.1157U
[TRACKER] 02:46:28 持仓=1 盈利=0.0000U 亏损=-0.3920U 净浮盈=-0.3920U 手续费基数=0.0231U 阈值=0.1157U
[TRACKER] 02:46:34 持仓=1 盈利=0.0000U 亏损=-0.3920U 净浮盈=-0.3920U 手续费基数=0.0231U 阈值=0.1157U
[TRACKER] 02:46:40 持仓=1 盈利=0.0000U 亏损=-0.3990U 净浮盈=-0.3990U 手续费基数=0.0231U 阈值=0.1157U
[TRACKER] 02:46:46 持仓=1 盈利=0.0000U 亏损=-0.4060U 净浮盈=-0.4060U 手续费基数=0.0231U 阈值=0.1157U
[TRACKER] 02:46:53 持仓=1 盈利=0.0000U 亏损=-0.3990U 净浮盈=-0.3990U 手续费基数=0.0231U 阈值=0.1157U
[TRACKER] 本轮结束（将由 crontab 重新拉起）
[TRACKER] 启动，每 5 秒检查一次…
[TRACKER] 02:47:02 持仓=1 盈利=0.0000U 亏损=-0.3500U 净浮盈=-0.3500U 手续费基数=0.0231U 阈值=0.1157U
[TRACKER] 02:47:09 持仓=1 盈利=0.0000U 亏损=-0.3640U 净浮盈=-0.3640U 手续费基数=0.0231U 阈值=0.1157U
[TRACKER] 02:47:16 持仓=1 盈利=0.0000U 亏损=-0.3570U 净浮盈=-0.3570U 手续费基数=0.0231U 阈值=0.1157U
[TRACKER] 02:47:22 持仓=1 盈利=0.0000U 亏损=-0.3360U 净浮盈=-0.3360U 手续费基数=0.0231U 阈值=0.1157U
[TRACKER] 02:47:29 持仓=1 盈利=0.0000U 亏损=-0.3570U 净浮盈=-0.3570U 手续费基数=0.0231U 阈值=0.1157U
[TRACKER] 02:47:35 持仓=1 盈利=0.0000U 亏损=-0.3780U 净浮盈=-0.3780U 手续费基数=0.0231U 阈值=0.1157U
[TRACKER] 02:47:42 持仓=1 盈利=0.0000U 亏损=-0.3780U 净浮盈=-0.3780U 手续费基数=0.0231U 阈值=0.1157U
[TRACKER] 02:47:48 持仓=1 盈利=0.0000U 亏损=-0.3920U 净浮盈=-0.3920U 手续费基数=0.0231U 阈值=0.1157U
[TRACKER] 02:47:54 持仓=1 盈利=0.0000U 亏损=-0.3780U 净浮盈=-0.3780U 手续费基数=0.0231U 阈值=0.1157U
[TRACKER] 本轮结束（将由 crontab 重新拉起）
[TRACKER] 启动，每 5 秒检查一次…
[TRACKER] 02:48:03 持仓=1 盈利=0.0000U 亏损=-0.3500U 净浮盈=-0.3500U 手续费基数=0.0231U 阈值=0.1157U
[TRACKER] 02:48:09 持仓=1 盈利=0.0000U 亏损=-0.3710U 净浮盈=-0.3710U 手续费基数=0.0231U 阈值=0.1157U
[TRACKER] 02:48:16 持仓=1 盈利=0.0000U 亏损=-0.3850U 净浮盈=-0.3850U 手续费基数=0.0231U 阈值=0.1157U
[TRACKER] 02:48:22 持仓=1 盈利=0.0000U 亏损=-0.4130U 净浮盈=-0.4130U 手续费基数=0.0231U 阈值=0.1157U
[TRACKER] 02:48:29 持仓=1 盈利=0.0000U 亏损=-0.3990U 净浮盈=-0.3990U 手续费基数=0.0231U 阈值=0.1157U
[TRACKER] 02:48:36 持仓=1 盈利=0.0000U 亏损=-0.4270U 净浮盈=-0.4270U 手续费基数=0.0231U 阈值=0.1157U
[TRACKER] 02:48:42 持仓=1 盈利=0.0000U 亏损=-0.3990U 净浮盈=-0.3990U 手续费基数=0.0231U 阈值=0.1157U
[TRACKER] 02:48:49 持仓=1 盈利=0.0000U 亏损=-0.3710U 净浮盈=-0.3710U 手续费基数=0.0231U 阈值=0.1157U
[TRACKER] 02:48:55 持仓=1 盈利=0.0000U 亏损=-0.3780U 净浮盈=-0.3780U 手续费基数=0.0231U 阈值=0.1157U
[TRACKER] 本轮结束（将由 crontab 重新拉起）
[TRACKER] 启动，每 5 秒检查一次…
[TRACKER] 02:49:02 持仓=1 盈利=0.0000U 亏损=-0.3570U 净浮盈=-0.3570U 手续费基数=0.0231U 阈值=0.1157U
[TRACKER] 02:49:08 持仓=1 盈利=0.0000U 亏损=-0.3220U 净浮盈=-0.3220U 手续费基数=0.0231U 阈值=0.1157U
[TRACKER] 02:49:15 持仓=1 盈利=0.0000U 亏损=-0.3500U 净浮盈=-0.3500U 手续费基数=0.0231U 阈值=0.1157U
[TRACKER] 02:49:21 持仓=1 盈利=0.0000U 亏损=-0.3780U 净浮盈=-0.3780U 手续费基数=0.0231U 阈值=0.1157U
[TRACKER] 02:49:28 持仓=1 盈利=0.0000U 亏损=-0.3780U 净浮盈=-0.3780U 手续费基数=0.0231U 阈值=0.1157U
[TRACKER] 02:49:35 持仓=1 盈利=0.0000U 亏损=-0.3780U 净浮盈=-0.3780U 手续费基数=0.0231U 阈值=0.1157U
[TRACKER] 02:49:41 持仓=1 盈利=0.0000U 亏损=-0.3640U 净浮盈=-0.3640U 手续费基数=0.0231U 阈值=0.1157U
[TRACKER] 02:49:47 持仓=1 盈利=0.0000U 亏损=-0.3500U 净浮盈=-0.3500U 手续费基数=0.0231U 阈值=0.1157U
[TRACKER] 02:49:54 持仓=1 盈利=0.0000U 亏损=-0.3290U 净浮盈=-0.3290U 手续费基数=0.0231U 阈值=0.1157U
[TRACKER] 本轮结束（将由 crontab 重新拉起）
[TRACKER] 启动，每 5 秒检查一次…
[TRACKER] 02:50:03 持仓=1 盈利=0.0000U 亏损=-0.3150U 净浮盈=-0.3150U 手续费基数=0.0231U 阈值=0.1157U
[TRACKER] 02:50:10 持仓=1 盈利=0.0000U 亏损=-0.2870U 净浮盈=-0.2870U 手续费基数=0.0231U 阈值=0.1157U
[TRACKER] 02:50:16 持仓=1 盈利=0.0000U 亏损=-0.2800U 净浮盈=-0.2800U 手续费基数=0.0231U 阈值=0.1157U
[TRACKER] 02:50:23 持仓=1 盈利=0.0000U 亏损=-0.2730U 净浮盈=-0.2730U 手续费基数=0.0231U 阈值=0.1157U
[TRACKER] 02:50:29 持仓=1 盈利=0.0000U 亏损=-0.3010U 净浮盈=-0.3010U 手续费基数=0.0231U 阈值=0.1157U
[TRACKER] 02:50:36 持仓=1 盈利=0.0000U 亏损=-0.3010U 净浮盈=-0.3010U 手续费基数=0.0231U 阈值=0.1157U
[TRACKER] 02:50:42 持仓=1 盈利=0.0000U 亏损=-0.2940U 净浮盈=-0.2940U 手续费基数=0.0231U 阈值=0.1157U
[TRACKER] 02:50:49 持仓=1 盈利=0.0000U 亏损=-0.3290U 净浮盈=-0.3290U 手续费基数=0.0231U 阈值=0.1157U
[TRACKER] 02:50:55 持仓=1 盈利=0.0000U 亏损=-0.2520U 净浮盈=-0.2520U 手续费基数=0.0231U 阈值=0.1157U
[TRACKER] 本轮结束（将由 crontab 重新拉起）
[TRACKER] 启动，每 5 秒检查一次…
[TRACKER] 02:51:02 持仓=1 盈利=0.0000U 亏损=-0.2870U 净浮盈=-0.2870U 手续费基数=0.0231U 阈值=0.1157U
[TRACKER] 02:51:09 持仓=1 盈利=0.0000U 亏损=-0.2100U 净浮盈=-0.2100U 手续费基数=0.0231U 阈值=0.1157U
[TRACKER] 02:51:15 持仓=1 盈利=0.0000U 亏损=-0.2310U 净浮盈=-0.2310U 手续费基数=0.0231U 阈值=0.1157U
[TRACKER] 02:51:21 持仓=1 盈利=0.0000U 亏损=-0.2520U 净浮盈=-0.2520U 手续费基数=0.0231U 阈值=0.1157U
[TRACKER] 02:51:28 持仓=1 盈利=0.0000U 亏损=-0.2520U 净浮盈=-0.2520U 手续费基数=0.0231U 阈值=0.1157U
[TRACKER] 02:51:34 持仓=1 盈利=0.0000U 亏损=-0.2450U 净浮盈=-0.2450U 手续费基数=0.0231U 阈值=0.1157U
[TRACKER] 02:51:40 持仓=1 盈利=0.0000U 亏损=-0.2730U 净浮盈=-0.2730U 手续费基数=0.0231U 阈值=0.1157U
[TRACKER] 02:51:46 持仓=1 盈利=0.0000U 亏损=-0.2800U 净浮盈=-0.2800U 手续费基数=0.0231U 阈值=0.1157U
[TRACKER] 02:51:53 持仓=1 盈利=0.0000U 亏损=-0.3220U 净浮盈=-0.3220U 手续费基数=0.0231U 阈值=0.1157U
[TRACKER] 本轮结束（将由 crontab 重新拉起）
[TRACKER] 启动，每 5 秒检查一次…
[TRACKER] 02:52:03 持仓=1 盈利=0.0000U 亏损=-0.3010U 净浮盈=-0.3010U 手续费基数=0.0231U 阈值=0.1157U
[TRACKER] 02:52:09 持仓=1 盈利=0.0000U 亏损=-0.2940U 净浮盈=-0.2940U 手续费基数=0.0231U 阈值=0.1157U
[TRACKER] 02:52:16 持仓=1 盈利=0.0000U 亏损=-0.3010U 净浮盈=-0.3010U 手续费基数=0.0231U 阈值=0.1157U
[TRACKER] 02:52:22 持仓=1 盈利=0.0000U 亏损=-0.2800U 净浮盈=-0.2800U 手续费基数=0.0231U 阈值=0.1157U
[TRACKER] 02:52:29 持仓=1 盈利=0.0000U 亏损=-0.2660U 净浮盈=-0.2660U 手续费基数=0.0231U 阈值=0.1157U
[TRACKER] 02:52:35 持仓=1 盈利=0.0000U 亏损=-0.2940U 净浮盈=-0.2940U 手续费基数=0.0231U 阈值=0.1157U
[TRACKER] 02:52:42 持仓=1 盈利=0.0000U 亏损=-0.2940U 净浮盈=-0.2940U 手续费基数=0.0231U 阈值=0.1157U
[TRACKER] 02:52:48 持仓=1 盈利=0.0000U 亏损=-0.2870U 净浮盈=-0.2870U 手续费基数=0.0231U 阈值=0.1157U
[TRACKER] 02:52:55 持仓=1 盈利=0.0000U 亏损=-0.2870U 净浮盈=-0.2870U 手续费基数=0.0231U 阈值=0.1157U
[TRACKER] 本轮结束（将由 crontab 重新拉起）
[TRACKER] 启动，每 5 秒检查一次…
[TRACKER] 02:53:02 持仓=1 盈利=0.0000U 亏损=-0.2800U 净浮盈=-0.2800U 手续费基数=0.0231U 阈值=0.1157U
[TRACKER] 02:53:09 持仓=1 盈利=0.0000U 亏损=-0.3360U 净浮盈=-0.3360U 手续费基数=0.0231U 阈值=0.1157U
[TRACKER] 02:53:15 持仓=1 盈利=0.0000U 亏损=-0.3290U 净浮盈=-0.3290U 手续费基数=0.0231U 阈值=0.1157U
[TRACKER] 02:53:21 持仓=1 盈利=0.0000U 亏损=-0.3290U 净浮盈=-0.3290U 手续费基数=0.0231U 阈值=0.1157U
[TRACKER] 02:53:27 持仓=1 盈利=0.0000U 亏损=-0.3430U 净浮盈=-0.3430U 手续费基数=0.0231U 阈值=0.1157U
[TRACKER] 02:53:34 持仓=1 盈利=0.0000U 亏损=-0.3500U 净浮盈=-0.3500U 手续费基数=0.0231U 阈值=0.1157U
[TRACKER] 02:53:40 持仓=1 盈利=0.0000U 亏损=-0.3850U 净浮盈=-0.3850U 手续费基数=0.0231U 阈值=0.1157U
[TRACKER] 02:53:46 持仓=1 盈利=0.0000U 亏损=-0.3990U 净浮盈=-0.3990U 手续费基数=0.0231U 阈值=0.1157U
[TRACKER] 02:53:52 持仓=1 盈利=0.0000U 亏损=-0.3780U 净浮盈=-0.3780U 手续费基数=0.0231U 阈值=0.1157U
[TRACKER] 本轮结束（将由 crontab 重新拉起）
[TRACKER] 启动，每 5 秒检查一次…
[TRACKER] 02:54:03 持仓=1 盈利=0.0000U 亏损=-0.3920U 净浮盈=-0.3920U 手续费基数=0.0231U 阈值=0.1157U
[TRACKER] 02:54:09 持仓=1 盈利=0.0000U 亏损=-0.3990U 净浮盈=-0.3990U 手续费基数=0.0231U 阈值=0.1157U
[TRACKER] 02:54:16 持仓=1 盈利=0.0000U 亏损=-0.3990U 净浮盈=-0.3990U 手续费基数=0.0231U 阈值=0.1157U
[TRACKER] 02:54:22 持仓=1 盈利=0.0000U 亏损=-0.4130U 净浮盈=-0.4130U 手续费基数=0.0231U 阈值=0.1157U
[TRACKER] 02:54:29 持仓=1 盈利=0.0000U 亏损=-0.4130U 净浮盈=-0.4130U 手续费基数=0.0231U 阈值=0.1157U
[TRACKER] 02:54:35 持仓=1 盈利=0.0000U 亏损=-0.4270U 净浮盈=-0.4270U 手续费基数=0.0231U 阈值=0.1157U
[TRACKER] 02:54:41 持仓=1 盈利=0.0000U 亏损=-0.4200U 净浮盈=-0.4200U 手续费基数=0.0231U 阈值=0.1157U
[TRACKER] 02:54:47 持仓=1 盈利=0.0000U 亏损=-0.4060U 净浮盈=-0.4060U 手续费基数=0.0231U 阈值=0.1157U
[TRACKER] 02:54:54 持仓=1 盈利=0.0000U 亏损=-0.3920U 净浮盈=-0.3920U 手续费基数=0.0231U 阈值=0.1157U
[TRACKER] 本轮结束（将由 crontab 重新拉起）
[TRACKER] 启动，每 5 秒检查一次…
[TRACKER] 02:55:03 持仓=1 盈利=0.0000U 亏损=-0.3500U 净浮盈=-0.3500U 手续费基数=0.0231U 阈值=0.1157U
[TRACKER] 02:55:10 持仓=1 盈利=0.0000U 亏损=-0.3010U 净浮盈=-0.3010U 手续费基数=0.0231U 阈值=0.1157U
[TRACKER] 02:55:16 持仓=1 盈利=0.0000U 亏损=-0.3290U 净浮盈=-0.3290U 手续费基数=0.0231U 阈值=0.1157U
[TRACKER] 02:55:22 持仓=1 盈利=0.0000U 亏损=-0.3360U 净浮盈=-0.3360U 手续费基数=0.0231U 阈值=0.1157U
[TRACKER] 02:55:29 持仓=1 盈利=0.0000U 亏损=-0.3500U 净浮盈=-0.3500U 手续费基数=0.0231U 阈值=0.1157U
[TRACKER] 02:55:35 持仓=1 盈利=0.0000U 亏损=-0.3500U 净浮盈=-0.3500U 手续费基数=0.0231U 阈值=0.1157U
[TRACKER] 02:55:41 持仓=1 盈利=0.0000U 亏损=-0.3290U 净浮盈=-0.3290U 手续费基数=0.0231U 阈值=0.1157U
[TRACKER] 02:55:48 持仓=1 盈利=0.0000U 亏损=-0.3430U 净浮盈=-0.3430U 手续费基数=0.0231U 阈值=0.1157U
[TRACKER] 02:55:54 持仓=1 盈利=0.0000U 亏损=-0.3570U 净浮盈=-0.3570U 手续费基数=0.0231U 阈值=0.1157U
[TRACKER] 本轮结束（将由 crontab 重新拉起）
[TRACKER] 启动，每 5 秒检查一次…
[TRACKER] 02:56:03 持仓=1 盈利=0.0000U 亏损=-0.3290U 净浮盈=-0.3290U 手续费基数=0.0231U 阈值=0.1157U
[TRACKER] 02:56:09 持仓=1 盈利=0.0000U 亏损=-0.3780U 净浮盈=-0.3780U 手续费基数=0.0231U 阈值=0.1157U
[TRACKER] 02:56:15 持仓=1 盈利=0.0000U 亏损=-0.3640U 净浮盈=-0.3640U 手续费基数=0.0231U 阈值=0.1157U
[TRACKER] 02:56:22 持仓=1 盈利=0.0000U 亏损=-0.3500U 净浮盈=-0.3500U 手续费基数=0.0231U 阈值=0.1157U
[TRACKER] 02:56:28 持仓=1 盈利=0.0000U 亏损=-0.4340U 净浮盈=-0.4340U 手续费基数=0.0231U 阈值=0.1157U
[TRACKER] 02:56:34 持仓=1 盈利=0.0000U 亏损=-0.4410U 净浮盈=-0.4410U 手续费基数=0.0231U 阈值=0.1157U
[TRACKER] 02:56:41 持仓=1 盈利=0.0000U 亏损=-0.4760U 净浮盈=-0.4760U 手续费基数=0.0231U 阈值=0.1157U
[TRACKER] 02:56:48 持仓=1 盈利=0.0000U 亏损=-0.4620U 净浮盈=-0.4620U 手续费基数=0.0231U 阈值=0.1157U
[TRACKER] 02:56:54 持仓=1 盈利=0.0000U 亏损=-0.4620U 净浮盈=-0.4620U 手续费基数=0.0231U 阈值=0.1157U
[TRACKER] 本轮结束（将由 crontab 重新拉起）
[TRACKER] 启动，每 5 秒检查一次…
[TRACKER] 02:57:03 持仓=1 盈利=0.0000U 亏损=-0.4480U 净浮盈=-0.4480U 手续费基数=0.0231U 阈值=0.1157U
[TRACKER] 02:57:09 持仓=1 盈利=0.0000U 亏损=-0.4480U 净浮盈=-0.4480U 手续费基数=0.0231U 阈值=0.1157U
[TRACKER] 02:57:16 持仓=1 盈利=0.0000U 亏损=-0.4410U 净浮盈=-0.4410U 手续费基数=0.0231U 阈值=0.1157U
[TRACKER] 02:57:22 持仓=1 盈利=0.0000U 亏损=-0.4620U 净浮盈=-0.4620U 手续费基数=0.0231U 阈值=0.1157U
[TRACKER] 02:57:29 持仓=1 盈利=0.0000U 亏损=-0.4620U 净浮盈=-0.4620U 手续费基数=0.0231U 阈值=0.1157U
[TRACKER] 02:57:35 持仓=1 盈利=0.0000U 亏损=-0.4620U 净浮盈=-0.4620U 手续费基数=0.0231U 阈值=0.1157U
[TRACKER] 02:57:42 持仓=1 盈利=0.0000U 亏损=-0.4760U 净浮盈=-0.4760U 手续费基数=0.0231U 阈值=0.1157U
[TRACKER] 02:57:48 持仓=1 盈利=0.0000U 亏损=-0.4900U 净浮盈=-0.4900U 手续费基数=0.0231U 阈值=0.1157U
[TRACKER] 02:57:55 持仓=1 盈利=0.0000U 亏损=-0.5040U 净浮盈=-0.5040U 手续费基数=0.0231U 阈值=0.1157U
[TRACKER] 本轮结束（将由 crontab 重新拉起）
[TRACKER] 启动，每 5 秒检查一次…
[TRACKER] 02:58:01 持仓=1 盈利=0.0000U 亏损=-0.4900U 净浮盈=-0.4900U 手续费基数=0.0231U 阈值=0.1157U
[TRACKER] 02:58:08 持仓=1 盈利=0.0000U 亏损=-0.4900U 净浮盈=-0.4900U 手续费基数=0.0231U 阈值=0.1157U
[TRACKER] 02:58:14 持仓=1 盈利=0.0000U 亏损=-0.4760U 净浮盈=-0.4760U 手续费基数=0.0231U 阈值=0.1157U
[TRACKER] 02:58:21 持仓=1 盈利=0.0000U 亏损=-0.4690U 净浮盈=-0.4690U 手续费基数=0.0231U 阈值=0.1157U
[TRACKER] 02:58:27 持仓=1 盈利=0.0000U 亏损=-0.4760U 净浮盈=-0.4760U 手续费基数=0.0231U 阈值=0.1157U
[TRACKER] 02:58:33 持仓=1 盈利=0.0000U 亏损=-0.4760U 净浮盈=-0.4760U 手续费基数=0.0231U 阈值=0.1157U
[TRACKER] 02:58:39 持仓=1 盈利=0.0000U 亏损=-0.4620U 净浮盈=-0.4620U 手续费基数=0.0231U 阈值=0.1157U
[TRACKER] 02:58:46 持仓=1 盈利=0.0000U 亏损=-0.4830U 净浮盈=-0.4830U 手续费基数=0.0231U 阈值=0.1157U
[TRACKER] 02:58:52 持仓=1 盈利=0.0000U 亏损=-0.5110U 净浮盈=-0.5110U 手续费基数=0.0231U 阈值=0.1157U
[TRACKER] 本轮结束（将由 crontab 重新拉起）
[TRACKER] 启动，每 5 秒检查一次…
[TRACKER] 02:59:03 持仓=1 盈利=0.0000U 亏损=-0.5320U 净浮盈=-0.5320U 手续费基数=0.0231U 阈值=0.1157U
[TRACKER] 02:59:10 持仓=1 盈利=0.0000U 亏损=-0.5250U 净浮盈=-0.5250U 手续费基数=0.0231U 阈值=0.1157U
[TRACKER] 02:59:17 持仓=1 盈利=0.0000U 亏损=-0.4970U 净浮盈=-0.4970U 手续费基数=0.0231U 阈值=0.1157U
[TRACKER] 02:59:23 持仓=1 盈利=0.0000U 亏损=-0.5390U 净浮盈=-0.5390U 手续费基数=0.0231U 阈值=0.1157U
[TRACKER] 02:59:30 持仓=1 盈利=0.0000U 亏损=-0.5880U 净浮盈=-0.5880U 手续费基数=0.0231U 阈值=0.1157U
[TRACKER] 02:59:36 持仓=1 盈利=0.0000U 亏损=-0.5810U 净浮盈=-0.5810U 手续费基数=0.0231U 阈值=0.1157U
[TRACKER] 02:59:42 持仓=1 盈利=0.0000U 亏损=-0.5460U 净浮盈=-0.5460U 手续费基数=0.0231U 阈值=0.1157U
[TRACKER] 02:59:49 持仓=1 盈利=0.0000U 亏损=-0.5250U 净浮盈=-0.5250U 手续费基数=0.0231U 阈值=0.1157U
[TRACKER] 02:59:55 持仓=1 盈利=0.0000U 亏损=-0.5180U 净浮盈=-0.5180U 手续费基数=0.0231U 阈值=0.1157U
[TRACKER] 本轮结束（将由 crontab 重新拉起）
[TRACKER] 启动，每 5 秒检查一次…
[TRACKER] 03:00:02 持仓=1 盈利=0.0000U 亏损=-0.4690U 净浮盈=-0.4690U 手续费基数=0.0228U 阈值=0.1142U
[TRACKER] 03:00:09 持仓=1 盈利=0.0000U 亏损=-0.4760U 净浮盈=-0.4760U 手续费基数=0.0228U 阈值=0.1142U
[TRACKER] 03:00:15 持仓=1 盈利=0.0000U 亏损=-0.4620U 净浮盈=-0.4620U 手续费基数=0.0228U 阈值=0.1142U
[TRACKER] 03:00:21 持仓=1 盈利=0.0000U 亏损=-0.4480U 净浮盈=-0.4480U 手续费基数=0.0228U 阈值=0.1142U
[TRACKER] 03:00:28 持仓=1 盈利=0.0000U 亏损=-0.3990U 净浮盈=-0.3990U 手续费基数=0.0228U 阈值=0.1142U
[TRACKER] 03:00:34 持仓=1 盈利=0.0000U 亏损=-0.4060U 净浮盈=-0.4060U 手续费基数=0.0228U 阈值=0.1142U
[TRACKER] 03:00:41 持仓=1 盈利=0.0000U 亏损=-0.4340U 净浮盈=-0.4340U 手续费基数=0.0228U 阈值=0.1142U
[TRACKER] 03:00:47 持仓=1 盈利=0.0000U 亏损=-0.4270U 净浮盈=-0.4270U 手续费基数=0.0228U 阈值=0.1142U
[TRACKER] 03:00:54 持仓=1 盈利=0.0000U 亏损=-0.4130U 净浮盈=-0.4130U 手续费基数=0.0228U 阈值=0.1142U
[TRACKER] 本轮结束（将由 crontab 重新拉起）
[TRACKER] 启动，每 5 秒检查一次…
[TRACKER] 03:01:02 持仓=1 盈利=0.0000U 亏损=-0.3780U 净浮盈=-0.3780U 手续费基数=0.0228U 阈值=0.1142U
[TRACKER] 03:01:09 持仓=1 盈利=0.0000U 亏损=-0.3780U 净浮盈=-0.3780U 手续费基数=0.0228U 阈值=0.1142U
[TRACKER] 03:01:16 持仓=1 盈利=0.0000U 亏损=-0.3920U 净浮盈=-0.3920U 手续费基数=0.0228U 阈值=0.1142U
[TRACKER] 03:01:22 持仓=1 盈利=0.0000U 亏损=-0.4130U 净浮盈=-0.4130U 手续费基数=0.0228U 阈值=0.1142U
[TRACKER] 03:01:28 持仓=1 盈利=0.0000U 亏损=-0.4200U 净浮盈=-0.4200U 手续费基数=0.0228U 阈值=0.1142U
[TRACKER] 03:01:35 持仓=1 盈利=0.0000U 亏损=-0.4130U 净浮盈=-0.4130U 手续费基数=0.0228U 阈值=0.1142U
[TRACKER] 03:01:41 持仓=1 盈利=0.0000U 亏损=-0.4060U 净浮盈=-0.4060U 手续费基数=0.0228U 阈值=0.1142U
[TRACKER] 03:01:47 持仓=1 盈利=0.0000U 亏损=-0.4200U 净浮盈=-0.4200U 手续费基数=0.0228U 阈值=0.1142U
[TRACKER] 03:01:53 持仓=1 盈利=0.0000U 亏损=-0.4270U 净浮盈=-0.4270U 手续费基数=0.0228U 阈值=0.1142U
[TRACKER] 本轮结束（将由 crontab 重新拉起）
[TRACKER] 启动，每 5 秒检查一次…
[TRACKER] 03:02:02 持仓=1 盈利=0.0000U 亏损=-0.4480U 净浮盈=-0.4480U 手续费基数=0.0228U 阈值=0.1142U
[TRACKER] 03:02:09 持仓=1 盈利=0.0000U 亏损=-0.4200U 净浮盈=-0.4200U 手续费基数=0.0228U 阈值=0.1142U
[TRACKER] 03:02:15 持仓=1 盈利=0.0000U 亏损=-0.4060U 净浮盈=-0.4060U 手续费基数=0.0228U 阈值=0.1142U
[TRACKER] 03:02:21 持仓=1 盈利=0.0000U 亏损=-0.4060U 净浮盈=-0.4060U 手续费基数=0.0228U 阈值=0.1142U
[TRACKER] 03:02:28 持仓=1 盈利=0.0000U 亏损=-0.4200U 净浮盈=-0.4200U 手续费基数=0.0228U 阈值=0.1142U
[TRACKER] 03:02:34 持仓=1 盈利=0.0000U 亏损=-0.4200U 净浮盈=-0.4200U 手续费基数=0.0228U 阈值=0.1142U
[TRACKER] 03:02:40 持仓=1 盈利=0.0000U 亏损=-0.4130U 净浮盈=-0.4130U 手续费基数=0.0228U 阈值=0.1142U
[TRACKER] 03:02:46 持仓=1 盈利=0.0000U 亏损=-0.4410U 净浮盈=-0.4410U 手续费基数=0.0228U 阈值=0.1142U
[TRACKER] 03:02:53 持仓=1 盈利=0.0000U 亏损=-0.4620U 净浮盈=-0.4620U 手续费基数=0.0228U 阈值=0.1142U
[TRACKER] 本轮结束（将由 crontab 重新拉起）
[TRACKER] 启动，每 5 秒检查一次…
[TRACKER] 03:03:03 持仓=1 盈利=0.0000U 亏损=-0.4620U 净浮盈=-0.4620U 手续费基数=0.0228U 阈值=0.1142U
[TRACKER] 03:03:09 持仓=1 盈利=0.0000U 亏损=-0.4690U 净浮盈=-0.4690U 手续费基数=0.0228U 阈值=0.1142U
[TRACKER] 03:03:15 持仓=1 盈利=0.0000U 亏损=-0.4690U 净浮盈=-0.4690U 手续费基数=0.0228U 阈值=0.1142U
[TRACKER] 03:03:21 持仓=1 盈利=0.0000U 亏损=-0.4620U 净浮盈=-0.4620U 手续费基数=0.0228U 阈值=0.1142U
[TRACKER] 03:03:28 持仓=1 盈利=0.0000U 亏损=-0.4620U 净浮盈=-0.4620U 手续费基数=0.0228U 阈值=0.1142U
[TRACKER] 03:03:34 持仓=1 盈利=0.0000U 亏损=-0.4480U 净浮盈=-0.4480U 手续费基数=0.0228U 阈值=0.1142U
[TRACKER] 03:03:40 持仓=1 盈利=0.0000U 亏损=-0.4340U 净浮盈=-0.4340U 手续费基数=0.0228U 阈值=0.1142U
[TRACKER] 03:03:47 持仓=1 盈利=0.0000U 亏损=-0.4480U 净浮盈=-0.4480U 手续费基数=0.0228U 阈值=0.1142U
[TRACKER] 03:03:53 持仓=1 盈利=0.0000U 亏损=-0.4550U 净浮盈=-0.4550U 手续费基数=0.0228U 阈值=0.1142U
[TRACKER] 本轮结束（将由 crontab 重新拉起）
[TRACKER] 启动，每 5 秒检查一次…
[TRACKER] 03:04:03 持仓=1 盈利=0.0000U 亏损=-0.4550U 净浮盈=-0.4550U 手续费基数=0.0228U 阈值=0.1142U
[TRACKER] 03:04:10 持仓=1 盈利=0.0000U 亏损=-0.4480U 净浮盈=-0.4480U 手续费基数=0.0228U 阈值=0.1142U
[TRACKER] 03:04:16 持仓=1 盈利=0.0000U 亏损=-0.4480U 净浮盈=-0.4480U 手续费基数=0.0228U 阈值=0.1142U
[TRACKER] 03:04:22 持仓=1 盈利=0.0000U 亏损=-0.4410U 净浮盈=-0.4410U 手续费基数=0.0228U 阈值=0.1142U
[TRACKER] 03:04:28 持仓=1 盈利=0.0000U 亏损=-0.4690U 净浮盈=-0.4690U 手续费基数=0.0228U 阈值=0.1142U
[TRACKER] 03:04:35 持仓=1 盈利=0.0000U 亏损=-0.5110U 净浮盈=-0.5110U 手续费基数=0.0228U 阈值=0.1142U
[TRACKER] 03:04:41 持仓=1 盈利=0.0000U 亏损=-0.5670U 净浮盈=-0.5670U 手续费基数=0.0228U 阈值=0.1142U
[TRACKER] 03:04:47 持仓=1 盈利=0.0000U 亏损=-0.5670U 净浮盈=-0.5670U 手续费基数=0.0228U 阈值=0.1142U
[TRACKER] 03:04:54 持仓=1 盈利=0.0000U 亏损=-0.5810U 净浮盈=-0.5810U 手续费基数=0.0228U 阈值=0.1142U
[TRACKER] 本轮结束（将由 crontab 重新拉起）
[TRACKER] 启动，每 5 秒检查一次…
[TRACKER] 03:05:03 持仓=1 盈利=0.0000U 亏损=-0.5530U 净浮盈=-0.5530U 手续费基数=0.0228U 阈值=0.1142U
[TRACKER] 03:05:09 持仓=1 盈利=0.0000U 亏损=-0.4410U 净浮盈=-0.4410U 手续费基数=0.0228U 阈值=0.1142U
[TRACKER] 03:05:16 持仓=1 盈利=0.0000U 亏损=-0.4480U 净浮盈=-0.4480U 手续费基数=0.0228U 阈值=0.1142U
[TRACKER] 03:05:22 持仓=1 盈利=0.0000U 亏损=-0.4830U 净浮盈=-0.4830U 手续费基数=0.0228U 阈值=0.1142U
[TRACKER] 03:05:29 持仓=1 盈利=0.0000U 亏损=-0.4620U 净浮盈=-0.4620U 手续费基数=0.0228U 阈值=0.1142U
[TRACKER] 03:05:35 持仓=1 盈利=0.0000U 亏损=-0.4550U 净浮盈=-0.4550U 手续费基数=0.0228U 阈值=0.1142U
[TRACKER] 03:05:42 持仓=1 盈利=0.0000U 亏损=-0.4760U 净浮盈=-0.4760U 手续费基数=0.0228U 阈值=0.1142U
[TRACKER] 03:05:48 持仓=1 盈利=0.0000U 亏损=-0.4830U 净浮盈=-0.4830U 手续费基数=0.0228U 阈值=0.1142U
[TRACKER] 03:05:55 持仓=1 盈利=0.0000U 亏损=-0.4830U 净浮盈=-0.4830U 手续费基数=0.0228U 阈值=0.1142U
[TRACKER] 本轮结束（将由 crontab 重新拉起）
[TRACKER] 启动，每 5 秒检查一次…
[TRACKER] 03:06:01 持仓=1 盈利=0.0000U 亏损=-0.4480U 净浮盈=-0.4480U 手续费基数=0.0228U 阈值=0.1142U
[TRACKER] 03:06:08 持仓=1 盈利=0.0000U 亏损=-0.3990U 净浮盈=-0.3990U 手续费基数=0.0228U 阈值=0.1142U
[TRACKER] 03:06:14 持仓=1 盈利=0.0000U 亏损=-0.3640U 净浮盈=-0.3640U 手续费基数=0.0228U 阈值=0.1142U
[TRACKER] 03:06:20 持仓=1 盈利=0.0000U 亏损=-0.3990U 净浮盈=-0.3990U 手续费基数=0.0228U 阈值=0.1142U
[TRACKER] 03:06:27 持仓=1 盈利=0.0000U 亏损=-0.4270U 净浮盈=-0.4270U 手续费基数=0.0228U 阈值=0.1142U
[TRACKER] 03:06:33 持仓=1 盈利=0.0000U 亏损=-0.4410U 净浮盈=-0.4410U 手续费基数=0.0228U 阈值=0.1142U
[TRACKER] 03:06:39 持仓=1 盈利=0.0000U 亏损=-0.4270U 净浮盈=-0.4270U 手续费基数=0.0228U 阈值=0.1142U
[TRACKER] 03:06:46 持仓=1 盈利=0.0000U 亏损=-0.4060U 净浮盈=-0.4060U 手续费基数=0.0228U 阈值=0.1142U
[TRACKER] 03:06:52 持仓=1 盈利=0.0000U 亏损=-0.4060U 净浮盈=-0.4060U 手续费基数=0.0228U 阈值=0.1142U
[TRACKER] 本轮结束（将由 crontab 重新拉起）
[TRACKER] 启动，每 5 秒检查一次…
[TRACKER] 03:07:03 持仓=1 盈利=0.0000U 亏损=-0.4900U 净浮盈=-0.4900U 手续费基数=0.0228U 阈值=0.1142U
[TRACKER] 03:07:09 持仓=1 盈利=0.0000U 亏损=-0.5040U 净浮盈=-0.5040U 手续费基数=0.0228U 阈值=0.1142U
[TRACKER] 03:07:15 持仓=1 盈利=0.0000U 亏损=-0.4340U 净浮盈=-0.4340U 手续费基数=0.0228U 阈值=0.1142U
[TRACKER] 03:07:22 持仓=1 盈利=0.0000U 亏损=-0.4480U 净浮盈=-0.4480U 手续费基数=0.0228U 阈值=0.1142U
[TRACKER] 03:07:29 持仓=1 盈利=0.0000U 亏损=-0.4690U 净浮盈=-0.4690U 手续费基数=0.0228U 阈值=0.1142U
[TRACKER] 03:07:35 持仓=1 盈利=0.0000U 亏损=-0.4970U 净浮盈=-0.4970U 手续费基数=0.0228U 阈值=0.1142U
[TRACKER] 03:07:42 持仓=1 盈利=0.0000U 亏损=-0.4480U 净浮盈=-0.4480U 手续费基数=0.0228U 阈值=0.1142U
[TRACKER] 03:07:48 持仓=1 盈利=0.0000U 亏损=-0.4760U 净浮盈=-0.4760U 手续费基数=0.0228U 阈值=0.1142U
[TRACKER] 03:07:55 持仓=1 盈利=0.0000U 亏损=-0.4970U 净浮盈=-0.4970U 手续费基数=0.0228U 阈值=0.1142U
[TRACKER] 本轮结束（将由 crontab 重新拉起）
[TRACKER] 启动，每 5 秒检查一次…
[TRACKER] 03:08:02 持仓=1 盈利=0.0000U 亏损=-0.6090U 净浮盈=-0.6090U 手续费基数=0.0228U 阈值=0.1142U
[TRACKER] 03:08:08 持仓=1 盈利=0.0000U 亏损=-0.5880U 净浮盈=-0.5880U 手续费基数=0.0228U 阈值=0.1142U
[TRACKER] 03:08:15 持仓=1 盈利=0.0000U 亏损=-0.6090U 净浮盈=-0.6090U 手续费基数=0.0228U 阈值=0.1142U
[TRACKER] 03:08:21 持仓=1 盈利=0.0000U 亏损=-0.6440U 净浮盈=-0.6440U 手续费基数=0.0228U 阈值=0.1142U
[TRACKER] 03:08:28 持仓=1 盈利=0.0000U 亏损=-0.7000U 净浮盈=-0.7000U 手续费基数=0.0228U 阈值=0.1142U
[TRACKER] 03:08:34 持仓=1 盈利=0.0000U 亏损=-0.7070U 净浮盈=-0.7070U 手续费基数=0.0228U 阈值=0.1142U
[TRACKER] 03:08:41 持仓=1 盈利=0.0000U 亏损=-0.6930U 净浮盈=-0.6930U 手续费基数=0.0228U 阈值=0.1142U
[TRACKER] 03:08:47 持仓=1 盈利=0.0000U 亏损=-0.6300U 净浮盈=-0.6300U 手续费基数=0.0228U 阈值=0.1142U
[TRACKER] 03:08:54 持仓=1 盈利=0.0000U 亏损=-0.6370U 净浮盈=-0.6370U 手续费基数=0.0228U 阈值=0.1142U
[TRACKER] 本轮结束（将由 crontab 重新拉起）
[TRACKER] 启动，每 5 秒检查一次…
[TRACKER] 03:09:03 持仓=1 盈利=0.0000U 亏损=-0.6090U 净浮盈=-0.6090U 手续费基数=0.0228U 阈值=0.1142U
[TRACKER] 03:09:09 持仓=1 盈利=0.0000U 亏损=-0.6230U 净浮盈=-0.6230U 手续费基数=0.0228U 阈值=0.1142U
[TRACKER] 03:09:16 持仓=1 盈利=0.0000U 亏损=-0.6510U 净浮盈=-0.6510U 手续费基数=0.0228U 阈值=0.1142U
[TRACKER] 03:09:22 持仓=1 盈利=0.0000U 亏损=-0.6510U 净浮盈=-0.6510U 手续费基数=0.0228U 阈值=0.1142U
[TRACKER] 03:09:28 持仓=1 盈利=0.0000U 亏损=-0.6440U 净浮盈=-0.6440U 手续费基数=0.0228U 阈值=0.1142U
[TRACKER] 03:09:34 持仓=1 盈利=0.0000U 亏损=-0.5950U 净浮盈=-0.5950U 手续费基数=0.0228U 阈值=0.1142U
[TRACKER] 03:09:41 持仓=1 盈利=0.0000U 亏损=-0.6300U 净浮盈=-0.6300U 手续费基数=0.0228U 阈值=0.1142U
[TRACKER] 03:09:47 持仓=1 盈利=0.0000U 亏损=-0.6720U 净浮盈=-0.6720U 手续费基数=0.0228U 阈值=0.1142U
[TRACKER] 03:09:53 持仓=1 盈利=0.0000U 亏损=-0.6510U 净浮盈=-0.6510U 手续费基数=0.0228U 阈值=0.1142U
[TRACKER] 本轮结束（将由 crontab 重新拉起）
[TRACKER] 启动，每 5 秒检查一次…
[TRACKER] 03:10:03 持仓=1 盈利=0.0000U 亏损=-0.6790U 净浮盈=-0.6790U 手续费基数=0.0228U 阈值=0.1142U
[TRACKER] 03:10:09 持仓=1 盈利=0.0000U 亏损=-0.6860U 净浮盈=-0.6860U 手续费基数=0.0228U 阈值=0.1142U
[TRACKER] 03:10:16 持仓=1 盈利=0.0000U 亏损=-0.6370U 净浮盈=-0.6370U 手续费基数=0.0228U 阈值=0.1142U
[TRACKER] 03:10:22 持仓=1 盈利=0.0000U 亏损=-0.6510U 净浮盈=-0.6510U 手续费基数=0.0228U 阈值=0.1142U
[TRACKER] 03:10:28 持仓=1 盈利=0.0000U 亏损=-0.6510U 净浮盈=-0.6510U 手续费基数=0.0228U 阈值=0.1142U
[TRACKER] 03:10:35 持仓=1 盈利=0.0000U 亏损=-0.6650U 净浮盈=-0.6650U 手续费基数=0.0228U 阈值=0.1142U
[TRACKER] 03:10:41 持仓=1 盈利=0.0000U 亏损=-0.6440U 净浮盈=-0.6440U 手续费基数=0.0228U 阈值=0.1142U
[TRACKER] 03:10:48 持仓=1 盈利=0.0000U 亏损=-0.6300U 净浮盈=-0.6300U 手续费基数=0.0228U 阈值=0.1142U
[TRACKER] 03:10:54 持仓=1 盈利=0.0000U 亏损=-0.6160U 净浮盈=-0.6160U 手续费基数=0.0228U 阈值=0.1142U
[TRACKER] 本轮结束（将由 crontab 重新拉起）
[TRACKER] 启动，每 5 秒检查一次…
[TRACKER] 03:11:03 持仓=1 盈利=0.0000U 亏损=-0.6370U 净浮盈=-0.6370U 手续费基数=0.0228U 阈值=0.1142U
[TRACKER] 03:11:09 持仓=1 盈利=0.0000U 亏损=-0.6930U 净浮盈=-0.6930U 手续费基数=0.0228U 阈值=0.1142U
[TRACKER] 03:11:15 持仓=1 盈利=0.0000U 亏损=-0.7630U 净浮盈=-0.7630U 手续费基数=0.0228U 阈值=0.1142U
[TRACKER] 03:11:22 持仓=1 盈利=0.0000U 亏损=-0.7770U 净浮盈=-0.7770U 手续费基数=0.0228U 阈值=0.1142U
[TRACKER] 03:11:28 持仓=1 盈利=0.0000U 亏损=-0.7980U 净浮盈=-0.7980U 手续费基数=0.0228U 阈值=0.1142U
[TRACKER] 03:11:34 持仓=1 盈利=0.0000U 亏损=-0.7980U 净浮盈=-0.7980U 手续费基数=0.0228U 阈值=0.1142U
[TRACKER] 03:11:41 持仓=1 盈利=0.0000U 亏损=-0.8050U 净浮盈=-0.8050U 手续费基数=0.0228U 阈值=0.1142U
[TRACKER] 03:11:48 持仓=1 盈利=0.0000U 亏损=-0.8190U 净浮盈=-0.8190U 手续费基数=0.0228U 阈值=0.1142U
[TRACKER] 03:11:54 持仓=1 盈利=0.0000U 亏损=-0.8190U 净浮盈=-0.8190U 手续费基数=0.0228U 阈值=0.1142U
[TRACKER] 本轮结束（将由 crontab 重新拉起）
[TRACKER] 启动，每 5 秒检查一次…
[TRACKER] 03:12:03 持仓=1 盈利=0.0000U 亏损=-0.7840U 净浮盈=-0.7840U 手续费基数=0.0228U 阈值=0.1142U
[TRACKER] 03:12:09 持仓=1 盈利=0.0000U 亏损=-0.7700U 净浮盈=-0.7700U 手续费基数=0.0228U 阈值=0.1142U
[TRACKER] 03:12:16 持仓=1 盈利=0.0000U 亏损=-0.7700U 净浮盈=-0.7700U 手续费基数=0.0228U 阈值=0.1142U
[TRACKER] 03:12:23 持仓=1 盈利=0.0000U 亏损=-0.7700U 净浮盈=-0.7700U 手续费基数=0.0228U 阈值=0.1142U
[TRACKER] 03:12:29 持仓=1 盈利=0.0000U 亏损=-0.7840U 净浮盈=-0.7840U 手续费基数=0.0228U 阈值=0.1142U
[TRACKER] 03:12:35 持仓=1 盈利=0.0000U 亏损=-0.7910U 净浮盈=-0.7910U 手续费基数=0.0228U 阈值=0.1142U
[TRACKER] 03:12:42 持仓=1 盈利=0.0000U 亏损=-0.8190U 净浮盈=-0.8190U 手续费基数=0.0228U 阈值=0.1142U
[TRACKER] 03:12:48 持仓=1 盈利=0.0000U 亏损=-0.8190U 净浮盈=-0.8190U 手续费基数=0.0228U 阈值=0.1142U
[TRACKER] 03:12:54 持仓=1 盈利=0.0000U 亏损=-0.8120U 净浮盈=-0.8120U 手续费基数=0.0228U 阈值=0.1142U
[TRACKER] 本轮结束（将由 crontab 重新拉起）
[TRACKER] 启动，每 5 秒检查一次…
[TRACKER] 03:13:03 持仓=1 盈利=0.0000U 亏损=-0.8190U 净浮盈=-0.8190U 手续费基数=0.0228U 阈值=0.1142U
[TRACKER] 03:13:10 持仓=1 盈利=0.0000U 亏损=-0.8470U 净浮盈=-0.8470U 手续费基数=0.0228U 阈值=0.1142U
[TRACKER] 03:13:16 持仓=1 盈利=0.0000U 亏损=-0.8470U 净浮盈=-0.8470U 手续费基数=0.0228U 阈值=0.1142U
[TRACKER] 03:13:22 持仓=1 盈利=0.0000U 亏损=-0.7700U 净浮盈=-0.7700U 手续费基数=0.0228U 阈值=0.1142U
[TRACKER] 03:13:29 持仓=1 盈利=0.0000U 亏损=-0.7700U 净浮盈=-0.7700U 手续费基数=0.0228U 阈值=0.1142U
[TRACKER] 03:13:35 持仓=1 盈利=0.0000U 亏损=-0.7490U 净浮盈=-0.7490U 手续费基数=0.0228U 阈值=0.1142U
[TRACKER] 03:13:42 持仓=1 盈利=0.0000U 亏损=-0.7910U 净浮盈=-0.7910U 手续费基数=0.0228U 阈值=0.1142U
[TRACKER] 03:13:48 持仓=1 盈利=0.0000U 亏损=-0.7980U 净浮盈=-0.7980U 手续费基数=0.0228U 阈值=0.1142U
[TRACKER] 03:13:55 持仓=1 盈利=0.0000U 亏损=-0.8120U 净浮盈=-0.8120U 手续费基数=0.0228U 阈值=0.1142U
[TRACKER] 本轮结束（将由 crontab 重新拉起）
[TRACKER] 启动，每 5 秒检查一次…
[TRACKER] 03:14:02 持仓=1 盈利=0.0000U 亏损=-0.7560U 净浮盈=-0.7560U 手续费基数=0.0228U 阈值=0.1142U
[TRACKER] 03:14:09 持仓=1 盈利=0.0000U 亏损=-0.8120U 净浮盈=-0.8120U 手续费基数=0.0228U 阈值=0.1142U
[TRACKER] 03:14:15 持仓=1 盈利=0.0000U 亏损=-0.8190U 净浮盈=-0.8190U 手续费基数=0.0228U 阈值=0.1142U
[TRACKER] 03:14:22 持仓=1 盈利=0.0000U 亏损=-0.8120U 净浮盈=-0.8120U 手续费基数=0.0228U 阈值=0.1142U
[TRACKER] 03:14:28 持仓=1 盈利=0.0000U 亏损=-0.7840U 净浮盈=-0.7840U 手续费基数=0.0228U 阈值=0.1142U
[TRACKER] 03:14:35 持仓=1 盈利=0.0000U 亏损=-0.7840U 净浮盈=-0.7840U 手续费基数=0.0228U 阈值=0.1142U
[TRACKER] 03:14:41 持仓=1 盈利=0.0000U 亏损=-0.7630U 净浮盈=-0.7630U 手续费基数=0.0228U 阈值=0.1142U
[TRACKER] 03:14:48 持仓=1 盈利=0.0000U 亏损=-0.7630U 净浮盈=-0.7630U 手续费基数=0.0228U 阈值=0.1142U
[TRACKER] 03:14:54 持仓=1 盈利=0.0000U 亏损=-0.7700U 净浮盈=-0.7700U 手续费基数=0.0228U 阈值=0.1142U
[TRACKER] 本轮结束（将由 crontab 重新拉起）
[TRACKER] 启动，每 5 秒检查一次…
[TRACKER] 03:15:03 持仓=1 盈利=0.0000U 亏损=-0.6930U 净浮盈=-0.6930U 手续费基数=0.0228U 阈值=0.1142U
[TRACKER] 03:15:10 持仓=1 盈利=0.0000U 亏损=-0.7560U 净浮盈=-0.7560U 手续费基数=0.0228U 阈值=0.1142U
[TRACKER] 03:15:16 持仓=1 盈利=0.0000U 亏损=-0.7630U 净浮盈=-0.7630U 手续费基数=0.0228U 阈值=0.1142U
[TRACKER] 03:15:23 持仓=1 盈利=0.0000U 亏损=-0.7770U 净浮盈=-0.7770U 手续费基数=0.0228U 阈值=0.1142U
[TRACKER] 03:15:29 持仓=1 盈利=0.0000U 亏损=-0.7700U 净浮盈=-0.7700U 手续费基数=0.0228U 阈值=0.1142U
[TRACKER] 03:15:35 持仓=1 盈利=0.0000U 亏损=-0.7070U 净浮盈=-0.7070U 手续费基数=0.0228U 阈值=0.1142U
[TRACKER] 03:15:41 持仓=1 盈利=0.0000U 亏损=-0.7070U 净浮盈=-0.7070U 手续费基数=0.0228U 阈值=0.1142U
[TRACKER] 03:15:48 持仓=1 盈利=0.0000U 亏损=-0.7630U 净浮盈=-0.7630U 手续费基数=0.0228U 阈值=0.1142U
[TRACKER] 03:15:54 持仓=1 盈利=0.0000U 亏损=-0.7630U 净浮盈=-0.7630U 手续费基数=0.0228U 阈值=0.1142U
[TRACKER] 本轮结束（将由 crontab 重新拉起）
[TRACKER] 启动，每 5 秒检查一次…
[TRACKER] 03:16:03 持仓=1 盈利=0.0000U 亏损=-0.7280U 净浮盈=-0.7280U 手续费基数=0.0228U 阈值=0.1142U
[TRACKER] 03:16:10 持仓=1 盈利=0.0000U 亏损=-0.7280U 净浮盈=-0.7280U 手续费基数=0.0228U 阈值=0.1142U
[TRACKER] 03:16:16 持仓=1 盈利=0.0000U 亏损=-0.7070U 净浮盈=-0.7070U 手续费基数=0.0228U 阈值=0.1142U
[TRACKER] 03:16:23 持仓=1 盈利=0.0000U 亏损=-0.7000U 净浮盈=-0.7000U 手续费基数=0.0228U 阈值=0.1142U
[TRACKER] 03:16:29 持仓=1 盈利=0.0000U 亏损=-0.6510U 净浮盈=-0.6510U 手续费基数=0.0228U 阈值=0.1142U
[TRACKER] 03:16:36 持仓=1 盈利=0.0000U 亏损=-0.6230U 净浮盈=-0.6230U 手续费基数=0.0228U 阈值=0.1142U
[TRACKER] 03:16:42 持仓=1 盈利=0.0000U 亏损=-0.6650U 净浮盈=-0.6650U 手续费基数=0.0228U 阈值=0.1142U
[TRACKER] 03:16:48 持仓=1 盈利=0.0000U 亏损=-0.6650U 净浮盈=-0.6650U 手续费基数=0.0228U 阈值=0.1142U
[TRACKER] 03:16:55 持仓=1 盈利=0.0000U 亏损=-0.6930U 净浮盈=-0.6930U 手续费基数=0.0228U 阈值=0.1142U
[TRACKER] 本轮结束（将由 crontab 重新拉起）
[TRACKER] 启动，每 5 秒检查一次…
[TRACKER] 03:17:02 持仓=1 盈利=0.0000U 亏损=-0.6790U 净浮盈=-0.6790U 手续费基数=0.0228U 阈值=0.1142U
[TRACKER] 03:17:08 持仓=1 盈利=0.0000U 亏损=-0.6720U 净浮盈=-0.6720U 手续费基数=0.0228U 阈值=0.1142U
[TRACKER] 03:17:15 持仓=1 盈利=0.0000U 亏损=-0.7210U 净浮盈=-0.7210U 手续费基数=0.0228U 阈值=0.1142U
[TRACKER] 03:17:21 持仓=1 盈利=0.0000U 亏损=-0.6860U 净浮盈=-0.6860U 手续费基数=0.0228U 阈值=0.1142U
[TRACKER] 03:17:28 持仓=1 盈利=0.0000U 亏损=-0.6930U 净浮盈=-0.6930U 手续费基数=0.0228U 阈值=0.1142U
[TRACKER] 03:17:34 持仓=1 盈利=0.0000U 亏损=-0.7000U 净浮盈=-0.7000U 手续费基数=0.0228U 阈值=0.1142U
[TRACKER] 03:17:40 持仓=1 盈利=0.0000U 亏损=-0.6720U 净浮盈=-0.6720U 手续费基数=0.0228U 阈值=0.1142U
[TRACKER] 03:17:47 持仓=1 盈利=0.0000U 亏损=-0.6510U 净浮盈=-0.6510U 手续费基数=0.0228U 阈值=0.1142U
[TRACKER] 03:17:53 持仓=1 盈利=0.0000U 亏损=-0.6580U 净浮盈=-0.6580U 手续费基数=0.0228U 阈值=0.1142U
[TRACKER] 本轮结束（将由 crontab 重新拉起）
[TRACKER] 启动，每 5 秒检查一次…
[TRACKER] 03:18:03 持仓=1 盈利=0.0000U 亏损=-0.6300U 净浮盈=-0.6300U 手续费基数=0.0228U 阈值=0.1142U
[TRACKER] 03:18:09 持仓=1 盈利=0.0000U 亏损=-0.6860U 净浮盈=-0.6860U 手续费基数=0.0228U 阈值=0.1142U
[TRACKER] 03:18:15 持仓=1 盈利=0.0000U 亏损=-0.6930U 净浮盈=-0.6930U 手续费基数=0.0228U 阈值=0.1142U
[TRACKER] 03:18:22 持仓=1 盈利=0.0000U 亏损=-0.7070U 净浮盈=-0.7070U 手续费基数=0.0228U 阈值=0.1142U
[TRACKER] 03:18:28 持仓=1 盈利=0.0000U 亏损=-0.7000U 净浮盈=-0.7000U 手续费基数=0.0228U 阈值=0.1142U
[TRACKER] 03:18:34 持仓=1 盈利=0.0000U 亏损=-0.7000U 净浮盈=-0.7000U 手续费基数=0.0228U 阈值=0.1142U
[TRACKER] 03:18:41 持仓=1 盈利=0.0000U 亏损=-0.7140U 净浮盈=-0.7140U 手续费基数=0.0228U 阈值=0.1142U
[TRACKER] 03:18:47 持仓=1 盈利=0.0000U 亏损=-0.7140U 净浮盈=-0.7140U 手续费基数=0.0228U 阈值=0.1142U
[TRACKER] 03:18:54 持仓=1 盈利=0.0000U 亏损=-0.6720U 净浮盈=-0.6720U 手续费基数=0.0228U 阈值=0.1142U
[TRACKER] 本轮结束（将由 crontab 重新拉起）
[TRACKER] 启动，每 5 秒检查一次…
[TRACKER] 03:19:03 持仓=1 盈利=0.0000U 亏损=-0.7210U 净浮盈=-0.7210U 手续费基数=0.0228U 阈值=0.1142U
[TRACKER] 03:19:09 持仓=1 盈利=0.0000U 亏损=-0.8960U 净浮盈=-0.8960U 手续费基数=0.0228U 阈值=0.1142U
[TRACKER] 03:19:16 持仓=1 盈利=0.0000U 亏损=-0.8820U 净浮盈=-0.8820U 手续费基数=0.0228U 阈值=0.1142U
[TRACKER] 03:19:22 持仓=1 盈利=0.0000U 亏损=-0.9310U 净浮盈=-0.9310U 手续费基数=0.0228U 阈值=0.1142U
[TRACKER] 03:19:28 持仓=1 盈利=0.0000U 亏损=-0.8960U 净浮盈=-0.8960U 手续费基数=0.0228U 阈值=0.1142U
[TRACKER] 03:19:35 持仓=1 盈利=0.0000U 亏损=-0.9030U 净浮盈=-0.9030U 手续费基数=0.0228U 阈值=0.1142U
[TRACKER] 03:19:41 持仓=1 盈利=0.0000U 亏损=-0.8540U 净浮盈=-0.8540U 手续费基数=0.0228U 阈值=0.1142U
[TRACKER] 03:19:48 持仓=1 盈利=0.0000U 亏损=-0.8470U 净浮盈=-0.8470U 手续费基数=0.0228U 阈值=0.1142U
[TRACKER] 03:19:54 持仓=1 盈利=0.0000U 亏损=-0.8750U 净浮盈=-0.8750U 手续费基数=0.0228U 阈值=0.1142U
[TRACKER] 本轮结束（将由 crontab 重新拉起）
[TRACKER] 启动，每 5 秒检查一次…
[TRACKER] 03:20:03 持仓=1 盈利=0.0000U 亏损=-1.0780U 净浮盈=-1.0780U 手续费基数=0.0228U 阈值=0.1142U
[TRACKER] 03:20:09 持仓=1 盈利=0.0000U 亏损=-1.1130U 净浮盈=-1.1130U 手续费基数=0.0228U 阈值=0.1142U
[TRACKER] 03:20:16 持仓=1 盈利=0.0000U 亏损=-1.0360U 净浮盈=-1.0360U 手续费基数=0.0228U 阈值=0.1142U
[TRACKER] 03:20:23 持仓=1 盈利=0.0000U 亏损=-1.0220U 净浮盈=-1.0220U 手续费基数=0.0228U 阈值=0.1142U
[TRACKER] 03:20:29 持仓=1 盈利=0.0000U 亏损=-1.0640U 净浮盈=-1.0640U 手续费基数=0.0228U 阈值=0.1142U
[TRACKER] 03:20:35 持仓=1 盈利=0.0000U 亏损=-1.0500U 净浮盈=-1.0500U 手续费基数=0.0228U 阈值=0.1142U
[TRACKER] 03:20:41 持仓=1 盈利=0.0000U 亏损=-1.0430U 净浮盈=-1.0430U 手续费基数=0.0228U 阈值=0.1142U
[TRACKER] 03:20:48 持仓=1 盈利=0.0000U 亏损=-1.0150U 净浮盈=-1.0150U 手续费基数=0.0228U 阈值=0.1142U
[TRACKER] 03:20:54 持仓=1 盈利=0.0000U 亏损=-0.9730U 净浮盈=-0.9730U 手续费基数=0.0228U 阈值=0.1142U
[TRACKER] 本轮结束（将由 crontab 重新拉起）
[TRACKER] 启动，每 5 秒检查一次…
[TRACKER] 03:21:03 持仓=1 盈利=0.0000U 亏损=-0.9240U 净浮盈=-0.9240U 手续费基数=0.0228U 阈值=0.1142U
[TRACKER] 03:21:10 持仓=1 盈利=0.0000U 亏损=-0.9030U 净浮盈=-0.9030U 手续费基数=0.0228U 阈值=0.1142U
[TRACKER] 03:21:16 持仓=1 盈利=0.0000U 亏损=-0.9310U 净浮盈=-0.9310U 手续费基数=0.0228U 阈值=0.1142U
[TRACKER] 03:21:22 持仓=1 盈利=0.0000U 亏损=-0.9310U 净浮盈=-0.9310U 手续费基数=0.0228U 阈值=0.1142U
[TRACKER] 03:21:29 持仓=1 盈利=0.0000U 亏损=-0.9100U 净浮盈=-0.9100U 手续费基数=0.0228U 阈值=0.1142U
[TRACKER] 03:21:36 持仓=1 盈利=0.0000U 亏损=-0.9100U 净浮盈=-0.9100U 手续费基数=0.0228U 阈值=0.1142U
[TRACKER] 03:21:42 持仓=1 盈利=0.0000U 亏损=-0.8960U 净浮盈=-0.8960U 手续费基数=0.0228U 阈值=0.1142U
[TRACKER] 03:21:49 持仓=1 盈利=0.0000U 亏损=-0.9240U 净浮盈=-0.9240U 手续费基数=0.0228U 阈值=0.1142U
[TRACKER] 03:21:55 持仓=1 盈利=0.0000U 亏损=-0.9240U 净浮盈=-0.9240U 手续费基数=0.0228U 阈值=0.1142U
[TRACKER] 本轮结束（将由 crontab 重新拉起）
[TRACKER] 启动，每 5 秒检查一次…
[TRACKER] 03:22:03 持仓=1 盈利=0.0000U 亏损=-0.9660U 净浮盈=-0.9660U 手续费基数=0.0228U 阈值=0.1142U
[TRACKER] 03:22:09 持仓=1 盈利=0.0000U 亏损=-0.9590U 净浮盈=-0.9590U 手续费基数=0.0228U 阈值=0.1142U
[TRACKER] 03:22:15 持仓=1 盈利=0.0000U 亏损=-0.9240U 净浮盈=-0.9240U 手续费基数=0.0228U 阈值=0.1142U
[TRACKER] 03:22:22 持仓=1 盈利=0.0000U 亏损=-0.9380U 净浮盈=-0.9380U 手续费基数=0.0228U 阈值=0.1142U
[TRACKER] 03:22:29 持仓=1 盈利=0.0000U 亏损=-0.9520U 净浮盈=-0.9520U 手续费基数=0.0228U 阈值=0.1142U
[TRACKER] 03:22:35 持仓=1 盈利=0.0000U 亏损=-0.9380U 净浮盈=-0.9380U 手续费基数=0.0228U 阈值=0.1142U
[TRACKER] 03:22:42 持仓=1 盈利=0.0000U 亏损=-0.9240U 净浮盈=-0.9240U 手续费基数=0.0228U 阈值=0.1142U
[TRACKER] 03:22:48 持仓=1 盈利=0.0000U 亏损=-0.9380U 净浮盈=-0.9380U 手续费基数=0.0228U 阈值=0.1142U
[TRACKER] 03:22:55 持仓=1 盈利=0.0000U 亏损=-0.9240U 净浮盈=-0.9240U 手续费基数=0.0228U 阈值=0.1142U
[TRACKER] 本轮结束（将由 crontab 重新拉起）
[TRACKER] 启动，每 5 秒检查一次…
[TRACKER] 03:23:02 持仓=1 盈利=0.0000U 亏损=-0.9310U 净浮盈=-0.9310U 手续费基数=0.0228U 阈值=0.1142U
[TRACKER] 03:23:08 持仓=1 盈利=0.0000U 亏损=-1.0780U 净浮盈=-1.0780U 手续费基数=0.0228U 阈值=0.1142U
[TRACKER] 03:23:14 持仓=1 盈利=0.0000U 亏损=-1.1130U 净浮盈=-1.1130U 手续费基数=0.0228U 阈值=0.1142U
[TRACKER] 03:23:21 持仓=1 盈利=0.0000U 亏损=-1.0920U 净浮盈=-1.0920U 手续费基数=0.0228U 阈值=0.1142U
[TRACKER] 03:23:28 持仓=1 盈利=0.0000U 亏损=-1.1130U 净浮盈=-1.1130U 手续费基数=0.0228U 阈值=0.1142U
[TRACKER] 03:23:34 持仓=1 盈利=0.0000U 亏损=-1.0710U 净浮盈=-1.0710U 手续费基数=0.0228U 阈值=0.1142U
[TRACKER] 03:23:41 持仓=1 盈利=0.0000U 亏损=-1.0570U 净浮盈=-1.0570U 手续费基数=0.0228U 阈值=0.1142U
[TRACKER] 03:23:47 持仓=1 盈利=0.0000U 亏损=-1.0430U 净浮盈=-1.0430U 手续费基数=0.0228U 阈值=0.1142U
[TRACKER] 03:23:54 持仓=1 盈利=0.0000U 亏损=-1.0080U 净浮盈=-1.0080U 手续费基数=0.0228U 阈值=0.1142U
[TRACKER] 本轮结束（将由 crontab 重新拉起）
[TRACKER] 启动，每 5 秒检查一次…
[TRACKER] 03:24:03 持仓=1 盈利=0.0000U 亏损=-0.9730U 净浮盈=-0.9730U 手续费基数=0.0228U 阈值=0.1142U
[TRACKER] 03:24:09 持仓=1 盈利=0.0000U 亏损=-1.0500U 净浮盈=-1.0500U 手续费基数=0.0228U 阈值=0.1142U
[TRACKER] 03:24:15 持仓=1 盈利=0.0000U 亏损=-1.0360U 净浮盈=-1.0360U 手续费基数=0.0228U 阈值=0.1142U
[TRACKER] 03:24:22 持仓=1 盈利=0.0000U 亏损=-1.0710U 净浮盈=-1.0710U 手续费基数=0.0228U 阈值=0.1142U
[TRACKER] 03:24:29 持仓=1 盈利=0.0000U 亏损=-1.0780U 净浮盈=-1.0780U 手续费基数=0.0228U 阈值=0.1142U
[TRACKER] 03:24:35 持仓=1 盈利=0.0000U 亏损=-1.0850U 净浮盈=-1.0850U 手续费基数=0.0228U 阈值=0.1142U
[TRACKER] 03:24:42 持仓=1 盈利=0.0000U 亏损=-1.0850U 净浮盈=-1.0850U 手续费基数=0.0228U 阈值=0.1142U
[TRACKER] 03:24:48 持仓=1 盈利=0.0000U 亏损=-1.0780U 净浮盈=-1.0780U 手续费基数=0.0228U 阈值=0.1142U
[TRACKER] 03:24:54 持仓=1 盈利=0.0000U 亏损=-1.0500U 净浮盈=-1.0500U 手续费基数=0.0228U 阈值=0.1142U
[TRACKER] 本轮结束（将由 crontab 重新拉起）
[TRACKER] 启动，每 5 秒检查一次…
[TRACKER] 03:25:03 持仓=1 盈利=0.0000U 亏损=-1.0080U 净浮盈=-1.0080U 手续费基数=0.0228U 阈值=0.1142U
[TRACKER] 03:25:10 持仓=1 盈利=0.0000U 亏损=-0.9940U 净浮盈=-0.9940U 手续费基数=0.0228U 阈值=0.1142U
[TRACKER] 03:25:16 持仓=1 盈利=0.0000U 亏损=-0.9940U 净浮盈=-0.9940U 手续费基数=0.0228U 阈值=0.1142U
[TRACKER] 03:25:23 持仓=1 盈利=0.0000U 亏损=-1.0010U 净浮盈=-1.0010U 手续费基数=0.0228U 阈值=0.1142U
[TRACKER] 03:25:29 持仓=1 盈利=0.0000U 亏损=-0.9800U 净浮盈=-0.9800U 手续费基数=0.0228U 阈值=0.1142U
[TRACKER] 03:25:36 持仓=1 盈利=0.0000U 亏损=-1.0010U 净浮盈=-1.0010U 手续费基数=0.0228U 阈值=0.1142U
[TRACKER] 03:25:42 持仓=1 盈利=0.0000U 亏损=-0.9940U 净浮盈=-0.9940U 手续费基数=0.0228U 阈值=0.1142U
[TRACKER] 03:25:48 持仓=1 盈利=0.0000U 亏损=-0.9800U 净浮盈=-0.9800U 手续费基数=0.0228U 阈值=0.1142U
[TRACKER] 03:25:55 持仓=1 盈利=0.0000U 亏损=-0.9870U 净浮盈=-0.9870U 手续费基数=0.0228U 阈值=0.1142U
[TRACKER] 本轮结束（将由 crontab 重新拉起）
[TRACKER] 启动，每 5 秒检查一次…
[TRACKER] 03:26:02 持仓=1 盈利=0.0000U 亏损=-0.9590U 净浮盈=-0.9590U 手续费基数=0.0228U 阈值=0.1142U
[TRACKER] 03:26:08 持仓=1 盈利=0.0000U 亏损=-0.9590U 净浮盈=-0.9590U 手续费基数=0.0228U 阈值=0.1142U
[TRACKER] 03:26:15 持仓=1 盈利=0.0000U 亏损=-0.9730U 净浮盈=-0.9730U 手续费基数=0.0228U 阈值=0.1142U
[TRACKER] 03:26:21 持仓=1 盈利=0.0000U 亏损=-0.9870U 净浮盈=-0.9870U 手续费基数=0.0228U 阈值=0.1142U
[TRACKER] 03:26:28 持仓=1 盈利=0.0000U 亏损=-0.9870U 净浮盈=-0.9870U 手续费基数=0.0228U 阈值=0.1142U
[TRACKER] 03:26:34 持仓=1 盈利=0.0000U 亏损=-0.9870U 净浮盈=-0.9870U 手续费基数=0.0228U 阈值=0.1142U
[TRACKER] 03:26:40 持仓=1 盈利=0.0000U 亏损=-0.9380U 净浮盈=-0.9380U 手续费基数=0.0228U 阈值=0.1142U
[TRACKER] 03:26:47 持仓=1 盈利=0.0000U 亏损=-0.9590U 净浮盈=-0.9590U 手续费基数=0.0228U 阈值=0.1142U
[TRACKER] 03:26:53 持仓=1 盈利=0.0000U 亏损=-0.9590U 净浮盈=-0.9590U 手续费基数=0.0228U 阈值=0.1142U
[TRACKER] 本轮结束（将由 crontab 重新拉起）
[TRACKER] 启动，每 5 秒检查一次…
[TRACKER] 03:27:03 持仓=1 盈利=0.0000U 亏损=-0.9380U 净浮盈=-0.9380U 手续费基数=0.0228U 阈值=0.1142U
[TRACKER] 03:27:09 持仓=1 盈利=0.0000U 亏损=-0.9450U 净浮盈=-0.9450U 手续费基数=0.0228U 阈值=0.1142U
[TRACKER] 03:27:16 持仓=1 盈利=0.0000U 亏损=-0.9520U 净浮盈=-0.9520U 手续费基数=0.0228U 阈值=0.1142U
[TRACKER] 03:27:22 持仓=1 盈利=0.0000U 亏损=-0.9590U 净浮盈=-0.9590U 手续费基数=0.0228U 阈值=0.1142U
[TRACKER] 03:27:28 持仓=1 盈利=0.0000U 亏损=-0.9310U 净浮盈=-0.9310U 手续费基数=0.0228U 阈值=0.1142U
[TRACKER] 03:27:34 持仓=1 盈利=0.0000U 亏损=-0.9380U 净浮盈=-0.9380U 手续费基数=0.0228U 阈值=0.1142U
[TRACKER] 03:27:41 持仓=1 盈利=0.0000U 亏损=-0.8960U 净浮盈=-0.8960U 手续费基数=0.0228U 阈值=0.1142U
[TRACKER] 03:27:47 持仓=1 盈利=0.0000U 亏损=-0.9170U 净浮盈=-0.9170U 手续费基数=0.0228U 阈值=0.1142U
[TRACKER] 03:27:54 持仓=1 盈利=0.0000U 亏损=-0.9030U 净浮盈=-0.9030U 手续费基数=0.0228U 阈值=0.1142U
[TRACKER] 本轮结束（将由 crontab 重新拉起）
[TRACKER] 启动，每 5 秒检查一次…
[TRACKER] 03:28:03 持仓=1 盈利=0.0000U 亏损=-0.9380U 净浮盈=-0.9380U 手续费基数=0.0228U 阈值=0.1142U
[TRACKER] 03:28:09 持仓=1 盈利=0.0000U 亏损=-0.9450U 净浮盈=-0.9450U 手续费基数=0.0228U 阈值=0.1142U
[TRACKER] 03:28:16 持仓=1 盈利=0.0000U 亏损=-0.9520U 净浮盈=-0.9520U 手续费基数=0.0228U 阈值=0.1142U
[TRACKER] 03:28:22 持仓=1 盈利=0.0000U 亏损=-0.9660U 净浮盈=-0.9660U 手续费基数=0.0228U 阈值=0.1142U
[TRACKER] 03:28:29 持仓=1 盈利=0.0000U 亏损=-0.9240U 净浮盈=-0.9240U 手续费基数=0.0228U 阈值=0.1142U
[TRACKER] 03:28:35 持仓=1 盈利=0.0000U 亏损=-0.9170U 净浮盈=-0.9170U 手续费基数=0.0228U 阈值=0.1142U
[TRACKER] 03:28:41 持仓=1 盈利=0.0000U 亏损=-0.9310U 净浮盈=-0.9310U 手续费基数=0.0228U 阈值=0.1142U
[TRACKER] 03:28:48 持仓=1 盈利=0.0000U 亏损=-0.9590U 净浮盈=-0.9590U 手续费基数=0.0228U 阈值=0.1142U
[TRACKER] 03:28:54 持仓=1 盈利=0.0000U 亏损=-1.0780U 净浮盈=-1.0780U 手续费基数=0.0228U 阈值=0.1142U
[TRACKER] 本轮结束（将由 crontab 重新拉起）
[TRACKER] 启动，每 5 秒检查一次…
[TRACKER] 03:29:03 持仓=1 盈利=0.0000U 亏损=-1.1060U 净浮盈=-1.1060U 手续费基数=0.0228U 阈值=0.1142U
[TRACKER] 03:29:09 持仓=1 盈利=0.0000U 亏损=-1.0990U 净浮盈=-1.0990U 手续费基数=0.0228U 阈值=0.1142U
[TRACKER] 03:29:15 持仓=1 盈利=0.0000U 亏损=-1.0570U 净浮盈=-1.0570U 手续费基数=0.0228U 阈值=0.1142U
[TRACKER] 03:29:22 持仓=1 盈利=0.0000U 亏损=-1.1130U 净浮盈=-1.1130U 手续费基数=0.0228U 阈值=0.1142U
[TRACKER] 03:29:28 持仓=1 盈利=0.0000U 亏损=-1.1270U 净浮盈=-1.1270U 手续费基数=0.0228U 阈值=0.1142U
[TRACKER] 03:29:35 持仓=1 盈利=0.0000U 亏损=-1.0990U 净浮盈=-1.0990U 手续费基数=0.0228U 阈值=0.1142U
[TRACKER] 03:29:41 持仓=1 盈利=0.0000U 亏损=-1.1480U 净浮盈=-1.1480U 手续费基数=0.0228U 阈值=0.1142U
[TRACKER] 03:29:47 持仓=1 盈利=0.0000U 亏损=-1.1200U 净浮盈=-1.1200U 手续费基数=0.0228U 阈值=0.1142U
[TRACKER] 03:29:53 持仓=1 盈利=0.0000U 亏损=-1.0850U 净浮盈=-1.0850U 手续费基数=0.0228U 阈值=0.1142U
[TRACKER] 本轮结束（将由 crontab 重新拉起）
[TRACKER] 启动，每 5 秒检查一次…
[TRACKER] 03:30:03 持仓=1 盈利=0.0000U 亏损=-1.1690U 净浮盈=-1.1690U 手续费基数=0.0228U 阈值=0.1142U
[TRACKER] 03:30:10 持仓=1 盈利=0.0000U 亏损=-1.1550U 净浮盈=-1.1550U 手续费基数=0.0228U 阈值=0.1142U
[TRACKER] 03:30:16 持仓=1 盈利=0.0000U 亏损=-1.1970U 净浮盈=-1.1970U 手续费基数=0.0228U 阈值=0.1142U
[TRACKER] 03:30:23 持仓=1 盈利=0.0000U 亏损=-1.1760U 净浮盈=-1.1760U 手续费基数=0.0228U 阈值=0.1142U
[TRACKER] 03:30:29 持仓=1 盈利=0.0000U 亏损=-1.1410U 净浮盈=-1.1410U 手续费基数=0.0228U 阈值=0.1142U
[TRACKER] 03:30:36 持仓=1 盈利=0.0000U 亏损=-1.1620U 净浮盈=-1.1620U 手续费基数=0.0228U 阈值=0.1142U
[TRACKER] 03:30:42 持仓=1 盈利=0.0000U 亏损=-1.1760U 净浮盈=-1.1760U 手续费基数=0.0228U 阈值=0.1142U
[TRACKER] 03:30:48 持仓=1 盈利=0.0000U 亏损=-1.1620U 净浮盈=-1.1620U 手续费基数=0.0228U 阈值=0.1142U
[TRACKER] 03:30:55 持仓=1 盈利=0.0000U 亏损=-1.1130U 净浮盈=-1.1130U 手续费基数=0.0228U 阈值=0.1142U
[TRACKER] 本轮结束（将由 crontab 重新拉起）
[TRACKER] 启动，每 5 秒检查一次…
[TRACKER] 03:31:02 持仓=1 盈利=0.0000U 亏损=-1.0500U 净浮盈=-1.0500U 手续费基数=0.0228U 阈值=0.1142U
[TRACKER] 03:31:08 持仓=1 盈利=0.0000U 亏损=-1.1480U 净浮盈=-1.1480U 手续费基数=0.0228U 阈值=0.1142U
[TRACKER] 03:31:15 持仓=1 盈利=0.0000U 亏损=-1.1480U 净浮盈=-1.1480U 手续费基数=0.0228U 阈值=0.1142U
[TRACKER] 03:31:21 持仓=1 盈利=0.0000U 亏损=-1.1200U 净浮盈=-1.1200U 手续费基数=0.0228U 阈值=0.1142U
[TRACKER] 03:31:28 持仓=1 盈利=0.0000U 亏损=-1.1060U 净浮盈=-1.1060U 手续费基数=0.0228U 阈值=0.1142U
[TRACKER] 03:31:34 持仓=1 盈利=0.0000U 亏损=-1.0710U 净浮盈=-1.0710U 手续费基数=0.0228U 阈值=0.1142U
[TRACKER] 03:31:40 持仓=1 盈利=0.0000U 亏损=-1.0990U 净浮盈=-1.0990U 手续费基数=0.0228U 阈值=0.1142U
[TRACKER] 03:31:47 持仓=1 盈利=0.0000U 亏损=-1.0570U 净浮盈=-1.0570U 手续费基数=0.0228U 阈值=0.1142U
[TRACKER] 03:31:54 持仓=1 盈利=0.0000U 亏损=-1.0570U 净浮盈=-1.0570U 手续费基数=0.0228U 阈值=0.1142U
[TRACKER] 本轮结束（将由 crontab 重新拉起）
[TRACKER] 启动，每 5 秒检查一次…
[TRACKER] 03:32:03 持仓=1 盈利=0.0000U 亏损=-1.0430U 净浮盈=-1.0430U 手续费基数=0.0228U 阈值=0.1142U
[TRACKER] 03:32:09 持仓=1 盈利=0.0000U 亏损=-1.0570U 净浮盈=-1.0570U 手续费基数=0.0228U 阈值=0.1142U
[TRACKER] 03:32:16 持仓=1 盈利=0.0000U 亏损=-1.0570U 净浮盈=-1.0570U 手续费基数=0.0228U 阈值=0.1142U
[TRACKER] 03:32:22 持仓=1 盈利=0.0000U 亏损=-1.0500U 净浮盈=-1.0500U 手续费基数=0.0228U 阈值=0.1142U
[TRACKER] 03:32:29 持仓=1 盈利=0.0000U 亏损=-1.0500U 净浮盈=-1.0500U 手续费基数=0.0228U 阈值=0.1142U
[TRACKER] 03:32:35 持仓=1 盈利=0.0000U 亏损=-1.0500U 净浮盈=-1.0500U 手续费基数=0.0228U 阈值=0.1142U
[TRACKER] 03:32:42 持仓=1 盈利=0.0000U 亏损=-1.0500U 净浮盈=-1.0500U 手续费基数=0.0228U 阈值=0.1142U
[TRACKER] 03:32:48 持仓=1 盈利=0.0000U 亏损=-1.0570U 净浮盈=-1.0570U 手续费基数=0.0228U 阈值=0.1142U
[TRACKER] 03:32:55 持仓=1 盈利=0.0000U 亏损=-1.1830U 净浮盈=-1.1830U 手续费基数=0.0228U 阈值=0.1142U
[TRACKER] 本轮结束（将由 crontab 重新拉起）
[TRACKER] 启动，每 5 秒检查一次…
[TRACKER] 03:33:02 持仓=1 盈利=0.0000U 亏损=-1.1340U 净浮盈=-1.1340U 手续费基数=0.0228U 阈值=0.1142U
[TRACKER] 03:33:08 持仓=1 盈利=0.0000U 亏损=-1.2110U 净浮盈=-1.2110U 手续费基数=0.0228U 阈值=0.1142U
[TRACKER] 03:33:14 持仓=1 盈利=0.0000U 亏损=-1.2180U 净浮盈=-1.2180U 手续费基数=0.0228U 阈值=0.1142U
[TRACKER] 03:33:20 持仓=1 盈利=0.0000U 亏损=-1.2040U 净浮盈=-1.2040U 手续费基数=0.0228U 阈值=0.1142U
[TRACKER] 03:33:27 持仓=1 盈利=0.0000U 亏损=-1.2110U 净浮盈=-1.2110U 手续费基数=0.0228U 阈值=0.1142U
[TRACKER] 03:33:33 持仓=1 盈利=0.0000U 亏损=-1.2110U 净浮盈=-1.2110U 手续费基数=0.0228U 阈值=0.1142U
[TRACKER] 03:33:39 持仓=1 盈利=0.0000U 亏损=-1.2250U 净浮盈=-1.2250U 手续费基数=0.0228U 阈值=0.1142U
[TRACKER] 03:33:46 持仓=1 盈利=0.0000U 亏损=-1.2460U 净浮盈=-1.2460U 手续费基数=0.0228U 阈值=0.1142U
[TRACKER] 03:33:52 持仓=1 盈利=0.0000U 亏损=-1.3650U 净浮盈=-1.3650U 手续费基数=0.0228U 阈值=0.1142U
[TRACKER] 本轮结束（将由 crontab 重新拉起）
[TRACKER] 启动，每 5 秒检查一次…
[TRACKER] 03:34:02 持仓=1 盈利=0.0000U 亏损=-1.4000U 净浮盈=-1.4000U 手续费基数=0.0228U 阈值=0.1142U
[TRACKER] 03:34:09 持仓=1 盈利=0.0000U 亏损=-1.3440U 净浮盈=-1.3440U 手续费基数=0.0228U 阈值=0.1142U
[TRACKER] 03:34:15 持仓=1 盈利=0.0000U 亏损=-1.3720U 净浮盈=-1.3720U 手续费基数=0.0228U 阈值=0.1142U
[TRACKER] 03:34:22 持仓=1 盈利=0.0000U 亏损=-1.4140U 净浮盈=-1.4140U 手续费基数=0.0228U 阈值=0.1142U
[TRACKER] 03:34:28 持仓=1 盈利=0.0000U 亏损=-1.4070U 净浮盈=-1.4070U 手续费基数=0.0228U 阈值=0.1142U
[TRACKER] 03:34:35 持仓=1 盈利=0.0000U 亏损=-1.4000U 净浮盈=-1.4000U 手续费基数=0.0228U 阈值=0.1142U
[TRACKER] 03:34:41 持仓=1 盈利=0.0000U 亏损=-1.3720U 净浮盈=-1.3720U 手续费基数=0.0228U 阈值=0.1142U
[TRACKER] 03:34:48 持仓=1 盈利=0.0000U 亏损=-1.3300U 净浮盈=-1.3300U 手续费基数=0.0228U 阈值=0.1142U
[TRACKER] 03:34:54 持仓=1 盈利=0.0000U 亏损=-1.2740U 净浮盈=-1.2740U 手续费基数=0.0228U 阈值=0.1142U
[TRACKER] 本轮结束（将由 crontab 重新拉起）
[TRACKER] 启动，每 5 秒检查一次…
[TRACKER] 03:35:03 持仓=1 盈利=0.0000U 亏损=-1.3090U 净浮盈=-1.3090U 手续费基数=0.0228U 阈值=0.1142U
[TRACKER] 03:35:09 持仓=1 盈利=0.0000U 亏损=-1.3300U 净浮盈=-1.3300U 手续费基数=0.0228U 阈值=0.1142U
[TRACKER] 03:35:16 持仓=1 盈利=0.0000U 亏损=-1.2740U 净浮盈=-1.2740U 手续费基数=0.0228U 阈值=0.1142U
[TRACKER] 03:35:22 持仓=1 盈利=0.0000U 亏损=-1.2600U 净浮盈=-1.2600U 手续费基数=0.0228U 阈值=0.1142U
[TRACKER] 03:35:28 持仓=1 盈利=0.0000U 亏损=-1.2670U 净浮盈=-1.2670U 手续费基数=0.0228U 阈值=0.1142U
[TRACKER] 03:35:35 持仓=1 盈利=0.0000U 亏损=-1.2600U 净浮盈=-1.2600U 手续费基数=0.0228U 阈值=0.1142U
[TRACKER] 03:35:41 持仓=1 盈利=0.0000U 亏损=-1.3160U 净浮盈=-1.3160U 手续费基数=0.0228U 阈值=0.1142U
[TRACKER] 03:35:48 持仓=1 盈利=0.0000U 亏损=-1.2880U 净浮盈=-1.2880U 手续费基数=0.0228U 阈值=0.1142U
[TRACKER] 03:35:55 持仓=1 盈利=0.0000U 亏损=-1.2740U 净浮盈=-1.2740U 手续费基数=0.0228U 阈值=0.1142U
[TRACKER] 本轮结束（将由 crontab 重新拉起）
[TRACKER] 启动，每 5 秒检查一次…
[TRACKER] 03:36:01 持仓=1 盈利=0.0000U 亏损=-1.2670U 净浮盈=-1.2670U 手续费基数=0.0228U 阈值=0.1142U
[TRACKER] 03:36:08 持仓=1 盈利=0.0000U 亏损=-1.2950U 净浮盈=-1.2950U 手续费基数=0.0228U 阈值=0.1142U
[TRACKER] 03:36:14 持仓=1 盈利=0.0000U 亏损=-1.2950U 净浮盈=-1.2950U 手续费基数=0.0228U 阈值=0.1142U
[TRACKER] 03:36:20 持仓=1 盈利=0.0000U 亏损=-1.2950U 净浮盈=-1.2950U 手续费基数=0.0228U 阈值=0.1142U
[TRACKER] 03:36:27 持仓=1 盈利=0.0000U 亏损=-1.3580U 净浮盈=-1.3580U 手续费基数=0.0228U 阈值=0.1142U
[TRACKER] 03:36:33 持仓=1 盈利=0.0000U 亏损=-1.3790U 净浮盈=-1.3790U 手续费基数=0.0228U 阈值=0.1142U
[TRACKER] 03:36:39 持仓=1 盈利=0.0000U 亏损=-1.3930U 净浮盈=-1.3930U 手续费基数=0.0228U 阈值=0.1142U
[TRACKER] 03:36:46 持仓=1 盈利=0.0000U 亏损=-1.3720U 净浮盈=-1.3720U 手续费基数=0.0228U 阈值=0.1142U
[TRACKER] 03:36:52 持仓=1 盈利=0.0000U 亏损=-1.3720U 净浮盈=-1.3720U 手续费基数=0.0228U 阈值=0.1142U
[TRACKER] 本轮结束（将由 crontab 重新拉起）
[TRACKER] 启动，每 5 秒检查一次…
[TRACKER] 03:37:03 持仓=1 盈利=0.0000U 亏损=-1.3510U 净浮盈=-1.3510U 手续费基数=0.0228U 阈值=0.1142U
[TRACKER] 03:37:10 持仓=1 盈利=0.0000U 亏损=-1.3790U 净浮盈=-1.3790U 手续费基数=0.0228U 阈值=0.1142U
[TRACKER] 03:37:16 持仓=1 盈利=0.0000U 亏损=-1.4000U 净浮盈=-1.4000U 手续费基数=0.0228U 阈值=0.1142U
[TRACKER] 03:37:22 持仓=1 盈利=0.0000U 亏损=-1.3720U 净浮盈=-1.3720U 手续费基数=0.0228U 阈值=0.1142U
[TRACKER] 03:37:29 持仓=1 盈利=0.0000U 亏损=-1.4070U 净浮盈=-1.4070U 手续费基数=0.0228U 阈值=0.1142U
[TRACKER] 03:37:35 持仓=1 盈利=0.0000U 亏损=-1.4210U 净浮盈=-1.4210U 手续费基数=0.0228U 阈值=0.1142U
[TRACKER] 03:37:41 持仓=1 盈利=0.0000U 亏损=-1.4210U 净浮盈=-1.4210U 手续费基数=0.0228U 阈值=0.1142U
[TRACKER] 03:37:47 持仓=1 盈利=0.0000U 亏损=-1.4280U 净浮盈=-1.4280U 手续费基数=0.0228U 阈值=0.1142U
[TRACKER] 03:37:54 持仓=1 盈利=0.0000U 亏损=-1.4280U 净浮盈=-1.4280U 手续费基数=0.0228U 阈值=0.1142U
[TRACKER] 本轮结束（将由 crontab 重新拉起）
[TRACKER] 启动，每 5 秒检查一次…
[TRACKER] 03:38:03 持仓=1 盈利=0.0000U 亏损=-1.4560U 净浮盈=-1.4560U 手续费基数=0.0228U 阈值=0.1142U
[TRACKER] 03:38:09 持仓=1 盈利=0.0000U 亏损=-1.4210U 净浮盈=-1.4210U 手续费基数=0.0228U 阈值=0.1142U
[TRACKER] 03:38:16 持仓=1 盈利=0.0000U 亏损=-1.4280U 净浮盈=-1.4280U 手续费基数=0.0228U 阈值=0.1142U
[TRACKER] 03:38:22 持仓=1 盈利=0.0000U 亏损=-1.4420U 净浮盈=-1.4420U 手续费基数=0.0228U 阈值=0.1142U
[TRACKER] 03:38:28 持仓=1 盈利=0.0000U 亏损=-1.4420U 净浮盈=-1.4420U 手续费基数=0.0228U 阈值=0.1142U
[TRACKER] 03:38:34 持仓=1 盈利=0.0000U 亏损=-1.4350U 净浮盈=-1.4350U 手续费基数=0.0228U 阈值=0.1142U
[TRACKER] 03:38:41 持仓=1 盈利=0.0000U 亏损=-1.4280U 净浮盈=-1.4280U 手续费基数=0.0228U 阈值=0.1142U
[TRACKER] 03:38:47 持仓=1 盈利=0.0000U 亏损=-1.4280U 净浮盈=-1.4280U 手续费基数=0.0228U 阈值=0.1142U
[TRACKER] 03:38:53 持仓=1 盈利=0.0000U 亏损=-1.3440U 净浮盈=-1.3440U 手续费基数=0.0228U 阈值=0.1142U
[TRACKER] 本轮结束（将由 crontab 重新拉起）
[TRACKER] 启动，每 5 秒检查一次…
[TRACKER] 03:39:03 持仓=1 盈利=0.0000U 亏损=-1.3720U 净浮盈=-1.3720U 手续费基数=0.0228U 阈值=0.1142U
[TRACKER] 03:39:09 持仓=1 盈利=0.0000U 亏损=-1.3930U 净浮盈=-1.3930U 手续费基数=0.0228U 阈值=0.1142U
[TRACKER] 03:39:16 持仓=1 盈利=0.0000U 亏损=-1.3440U 净浮盈=-1.3440U 手续费基数=0.0228U 阈值=0.1142U
[TRACKER] 03:39:22 持仓=1 盈利=0.0000U 亏损=-1.3790U 净浮盈=-1.3790U 手续费基数=0.0228U 阈值=0.1142U
[TRACKER] 03:39:28 持仓=1 盈利=0.0000U 亏损=-1.4210U 净浮盈=-1.4210U 手续费基数=0.0228U 阈值=0.1142U
[TRACKER] 03:39:35 持仓=1 盈利=0.0000U 亏损=-1.4980U 净浮盈=-1.4980U 手续费基数=0.0228U 阈值=0.1142U
[TRACKER] 03:39:42 持仓=1 盈利=0.0000U 亏损=-1.5050U 净浮盈=-1.5050U 手续费基数=0.0228U 阈值=0.1142U
[TRACKER] 03:39:48 持仓=1 盈利=0.0000U 亏损=-1.5120U 净浮盈=-1.5120U 手续费基数=0.0228U 阈值=0.1142U
[TRACKER] 03:39:55 持仓=1 盈利=0.0000U 亏损=-1.4910U 净浮盈=-1.4910U 手续费基数=0.0228U 阈值=0.1142U
[TRACKER] 本轮结束（将由 crontab 重新拉起）
[TRACKER] 启动，每 5 秒检查一次…
[TRACKER] 03:40:01 持仓=1 盈利=0.0000U 亏损=-1.4700U 净浮盈=-1.4700U 手续费基数=0.0228U 阈值=0.1142U
[TRACKER] 03:40:08 持仓=1 盈利=0.0000U 亏损=-1.4700U 净浮盈=-1.4700U 手续费基数=0.0228U 阈值=0.1142U
[TRACKER] 03:40:14 持仓=1 盈利=0.0000U 亏损=-1.4420U 净浮盈=-1.4420U 手续费基数=0.0228U 阈值=0.1142U
[TRACKER] 03:40:21 持仓=1 盈利=0.0000U 亏损=-1.4560U 净浮盈=-1.4560U 手续费基数=0.0228U 阈值=0.1142U
[TRACKER] 03:40:27 持仓=1 盈利=0.0000U 亏损=-1.4070U 净浮盈=-1.4070U 手续费基数=0.0228U 阈值=0.1142U
[TRACKER] 03:40:34 持仓=1 盈利=0.0000U 亏损=-1.4210U 净浮盈=-1.4210U 手续费基数=0.0228U 阈值=0.1142U
[TRACKER] 03:40:40 持仓=1 盈利=0.0000U 亏损=-1.4560U 净浮盈=-1.4560U 手续费基数=0.0228U 阈值=0.1142U
[TRACKER] 03:40:46 持仓=1 盈利=0.0000U 亏损=-1.4210U 净浮盈=-1.4210U 手续费基数=0.0228U 阈值=0.1142U
[TRACKER] 03:40:52 持仓=1 盈利=0.0000U 亏损=-1.3860U 净浮盈=-1.3860U 手续费基数=0.0228U 阈值=0.1142U
[TRACKER] 本轮结束（将由 crontab 重新拉起）
[TRACKER] 启动，每 5 秒检查一次…
[TRACKER] 03:41:04 持仓=1 盈利=0.0000U 亏损=-1.4070U 净浮盈=-1.4070U 手续费基数=0.0228U 阈值=0.1142U
[TRACKER] 03:41:10 持仓=1 盈利=0.0000U 亏损=-1.4280U 净浮盈=-1.4280U 手续费基数=0.0228U 阈值=0.1142U
[TRACKER] 03:41:17 持仓=1 盈利=0.0000U 亏损=-1.3300U 净浮盈=-1.3300U 手续费基数=0.0228U 阈值=0.1142U
[TRACKER] 03:41:23 持仓=1 盈利=0.0000U 亏损=-1.3440U 净浮盈=-1.3440U 手续费基数=0.0228U 阈值=0.1142U
[TRACKER] 03:41:29 持仓=1 盈利=0.0000U 亏损=-1.3300U 净浮盈=-1.3300U 手续费基数=0.0228U 阈值=0.1142U
[TRACKER] 03:41:36 持仓=1 盈利=0.0000U 亏损=-1.3510U 净浮盈=-1.3510U 手续费基数=0.0228U 阈值=0.1142U
[TRACKER] 03:41:43 持仓=1 盈利=0.0000U 亏损=-1.3440U 净浮盈=-1.3440U 手续费基数=0.0228U 阈值=0.1142U
[TRACKER] 03:41:49 持仓=1 盈利=0.0000U 亏损=-1.3090U 净浮盈=-1.3090U 手续费基数=0.0228U 阈值=0.1142U
[TRACKER] 03:41:56 持仓=1 盈利=0.0000U 亏损=-1.1760U 净浮盈=-1.1760U 手续费基数=0.0228U 阈值=0.1142U
[TRACKER] 本轮结束（将由 crontab 重新拉起）
[TRACKER] 启动，每 5 秒检查一次…
[TRACKER] 03:42:03 持仓=1 盈利=0.0000U 亏损=-1.1690U 净浮盈=-1.1690U 手续费基数=0.0228U 阈值=0.1142U
[TRACKER] 03:42:09 持仓=1 盈利=0.0000U 亏损=-1.2320U 净浮盈=-1.2320U 手续费基数=0.0228U 阈值=0.1142U
[TRACKER] 03:42:15 持仓=1 盈利=0.0000U 亏损=-1.2530U 净浮盈=-1.2530U 手续费基数=0.0228U 阈值=0.1142U
[TRACKER] 03:42:22 持仓=1 盈利=0.0000U 亏损=-1.2530U 净浮盈=-1.2530U 手续费基数=0.0228U 阈值=0.1142U
[TRACKER] 03:42:28 持仓=1 盈利=0.0000U 亏损=-1.2390U 净浮盈=-1.2390U 手续费基数=0.0228U 阈值=0.1142U
[TRACKER] 03:42:35 持仓=1 盈利=0.0000U 亏损=-1.2320U 净浮盈=-1.2320U 手续费基数=0.0228U 阈值=0.1142U
[TRACKER] 03:42:41 持仓=1 盈利=0.0000U 亏损=-1.1830U 净浮盈=-1.1830U 手续费基数=0.0228U 阈值=0.1142U
[TRACKER] 03:42:47 持仓=1 盈利=0.0000U 亏损=-1.2180U 净浮盈=-1.2180U 手续费基数=0.0228U 阈值=0.1142U
[TRACKER] 03:42:54 持仓=1 盈利=0.0000U 亏损=-1.1970U 净浮盈=-1.1970U 手续费基数=0.0228U 阈值=0.1142U
[TRACKER] 本轮结束（将由 crontab 重新拉起）
[TRACKER] 启动，每 5 秒检查一次…
[TRACKER] 03:43:03 持仓=1 盈利=0.0000U 亏损=-1.2530U 净浮盈=-1.2530U 手续费基数=0.0228U 阈值=0.1142U
[TRACKER] 03:43:09 持仓=1 盈利=0.0000U 亏损=-1.2810U 净浮盈=-1.2810U 手续费基数=0.0228U 阈值=0.1142U
[TRACKER] 03:43:16 持仓=1 盈利=0.0000U 亏损=-1.3650U 净浮盈=-1.3650U 手续费基数=0.0228U 阈值=0.1142U
[TRACKER] 03:43:22 持仓=1 盈利=0.0000U 亏损=-1.3440U 净浮盈=-1.3440U 手续费基数=0.0228U 阈值=0.1142U
[TRACKER] 03:43:29 持仓=1 盈利=0.0000U 亏损=-1.4000U 净浮盈=-1.4000U 手续费基数=0.0228U 阈值=0.1142U
[TRACKER] 03:43:35 持仓=1 盈利=0.0000U 亏损=-1.3790U 净浮盈=-1.3790U 手续费基数=0.0228U 阈值=0.1142U
[TRACKER] 03:43:41 持仓=1 盈利=0.0000U 亏损=-1.3650U 净浮盈=-1.3650U 手续费基数=0.0228U 阈值=0.1142U
[TRACKER] 03:43:48 持仓=1 盈利=0.0000U 亏损=-1.3790U 净浮盈=-1.3790U 手续费基数=0.0228U 阈值=0.1142U
[TRACKER] 03:43:54 持仓=1 盈利=0.0000U 亏损=-1.4000U 净浮盈=-1.4000U 手续费基数=0.0228U 阈值=0.1142U
[TRACKER] 本轮结束（将由 crontab 重新拉起）
[TRACKER] 启动，每 5 秒检查一次…
[TRACKER] 03:44:03 持仓=1 盈利=0.0000U 亏损=-1.3650U 净浮盈=-1.3650U 手续费基数=0.0228U 阈值=0.1142U
[TRACKER] 03:44:10 持仓=1 盈利=0.0000U 亏损=-1.3720U 净浮盈=-1.3720U 手续费基数=0.0228U 阈值=0.1142U
[TRACKER] 03:44:16 持仓=1 盈利=0.0000U 亏损=-1.3510U 净浮盈=-1.3510U 手续费基数=0.0228U 阈值=0.1142U
[TRACKER] 03:44:23 持仓=1 盈利=0.0000U 亏损=-1.3720U 净浮盈=-1.3720U 手续费基数=0.0228U 阈值=0.1142U
[TRACKER] 03:44:29 持仓=1 盈利=0.0000U 亏损=-1.3440U 净浮盈=-1.3440U 手续费基数=0.0228U 阈值=0.1142U
[TRACKER] 03:44:35 持仓=1 盈利=0.0000U 亏损=-1.3510U 净浮盈=-1.3510U 手续费基数=0.0228U 阈值=0.1142U
[TRACKER] 03:44:41 持仓=1 盈利=0.0000U 亏损=-1.3230U 净浮盈=-1.3230U 手续费基数=0.0228U 阈值=0.1142U
[TRACKER] 03:44:48 持仓=1 盈利=0.0000U 亏损=-1.3090U 净浮盈=-1.3090U 手续费基数=0.0228U 阈值=0.1142U
[TRACKER] 03:44:54 持仓=1 盈利=0.0000U 亏损=-1.3790U 净浮盈=-1.3790U 手续费基数=0.0228U 阈值=0.1142U
[TRACKER] 本轮结束（将由 crontab 重新拉起）
[TRACKER] 启动，每 5 秒检查一次…
[TRACKER] 03:45:03 持仓=1 盈利=0.0000U 亏损=-1.3580U 净浮盈=-1.3580U 手续费基数=0.0228U 阈值=0.1142U
[TRACKER] 03:45:09 持仓=1 盈利=0.0000U 亏损=-1.4000U 净浮盈=-1.4000U 手续费基数=0.0228U 阈值=0.1142U
[TRACKER] 03:45:16 持仓=1 盈利=0.0000U 亏损=-1.3930U 净浮盈=-1.3930U 手续费基数=0.0228U 阈值=0.1142U
[TRACKER] 03:45:22 持仓=1 盈利=0.0000U 亏损=-1.3510U 净浮盈=-1.3510U 手续费基数=0.0228U 阈值=0.1142U
[TRACKER] 03:45:28 持仓=1 盈利=0.0000U 亏损=-1.3090U 净浮盈=-1.3090U 手续费基数=0.0228U 阈值=0.1142U
[TRACKER] 03:45:35 持仓=1 盈利=0.0000U 亏损=-1.2950U 净浮盈=-1.2950U 手续费基数=0.0228U 阈值=0.1142U
[TRACKER] 03:45:41 持仓=1 盈利=0.0000U 亏损=-1.2950U 净浮盈=-1.2950U 手续费基数=0.0228U 阈值=0.1142U
[TRACKER] 03:45:48 持仓=1 盈利=0.0000U 亏损=-1.2950U 净浮盈=-1.2950U 手续费基数=0.0228U 阈值=0.1142U
[TRACKER] 03:45:54 持仓=1 盈利=0.0000U 亏损=-1.2950U 净浮盈=-1.2950U 手续费基数=0.0228U 阈值=0.1142U
[TRACKER] 本轮结束（将由 crontab 重新拉起）
[TRACKER] 启动，每 5 秒检查一次…
[TRACKER] 03:46:03 持仓=1 盈利=0.0000U 亏损=-1.2670U 净浮盈=-1.2670U 手续费基数=0.0228U 阈值=0.1142U
[TRACKER] 03:46:09 持仓=1 盈利=0.0000U 亏损=-1.2250U 净浮盈=-1.2250U 手续费基数=0.0228U 阈值=0.1142U
[TRACKER] 03:46:16 持仓=1 盈利=0.0000U 亏损=-1.2110U 净浮盈=-1.2110U 手续费基数=0.0228U 阈值=0.1142U
[TRACKER] 03:46:22 持仓=1 盈利=0.0000U 亏损=-1.1620U 净浮盈=-1.1620U 手续费基数=0.0228U 阈值=0.1142U
[TRACKER] 03:46:28 持仓=1 盈利=0.0000U 亏损=-1.2040U 净浮盈=-1.2040U 手续费基数=0.0228U 阈值=0.1142U
[TRACKER] 03:46:35 持仓=1 盈利=0.0000U 亏损=-1.1550U 净浮盈=-1.1550U 手续费基数=0.0228U 阈值=0.1142U
[TRACKER] 03:46:41 持仓=1 盈利=0.0000U 亏损=-1.1690U 净浮盈=-1.1690U 手续费基数=0.0228U 阈值=0.1142U
[TRACKER] 03:46:48 持仓=1 盈利=0.0000U 亏损=-1.1690U 净浮盈=-1.1690U 手续费基数=0.0228U 阈值=0.1142U
[TRACKER] 03:46:54 持仓=1 盈利=0.0000U 亏损=-1.1480U 净浮盈=-1.1480U 手续费基数=0.0228U 阈值=0.1142U
[TRACKER] 本轮结束（将由 crontab 重新拉起）
[TRACKER] 启动，每 5 秒检查一次…
[TRACKER] 03:47:03 持仓=1 盈利=0.0000U 亏损=-1.2600U 净浮盈=-1.2600U 手续费基数=0.0228U 阈值=0.1142U
[TRACKER] 03:47:09 持仓=1 盈利=0.0000U 亏损=-1.2600U 净浮盈=-1.2600U 手续费基数=0.0228U 阈值=0.1142U
[TRACKER] 03:47:16 持仓=1 盈利=0.0000U 亏损=-1.2810U 净浮盈=-1.2810U 手续费基数=0.0228U 阈值=0.1142U
[TRACKER] 03:47:22 持仓=1 盈利=0.0000U 亏损=-1.2530U 净浮盈=-1.2530U 手续费基数=0.0228U 阈值=0.1142U
[TRACKER] 03:47:28 持仓=1 盈利=0.0000U 亏损=-1.2530U 净浮盈=-1.2530U 手续费基数=0.0228U 阈值=0.1142U
[TRACKER] 03:47:35 持仓=1 盈利=0.0000U 亏损=-1.3300U 净浮盈=-1.3300U 手续费基数=0.0228U 阈值=0.1142U
[TRACKER] 03:47:41 持仓=1 盈利=0.0000U 亏损=-1.3440U 净浮盈=-1.3440U 手续费基数=0.0228U 阈值=0.1142U
[TRACKER] 03:47:48 持仓=1 盈利=0.0000U 亏损=-1.3440U 净浮盈=-1.3440U 手续费基数=0.0228U 阈值=0.1142U
[TRACKER] 03:47:54 持仓=1 盈利=0.0000U 亏损=-1.3370U 净浮盈=-1.3370U 手续费基数=0.0228U 阈值=0.1142U
[TRACKER] 本轮结束（将由 crontab 重新拉起）
[TRACKER] 启动，每 5 秒检查一次…
[TRACKER] 03:48:03 持仓=1 盈利=0.0000U 亏损=-1.3510U 净浮盈=-1.3510U 手续费基数=0.0228U 阈值=0.1142U
[TRACKER] 03:48:09 持仓=1 盈利=0.0000U 亏损=-1.3720U 净浮盈=-1.3720U 手续费基数=0.0228U 阈值=0.1142U
[TRACKER] 03:48:16 持仓=1 盈利=0.0000U 亏损=-1.3790U 净浮盈=-1.3790U 手续费基数=0.0228U 阈值=0.1142U
[TRACKER] 03:48:23 持仓=1 盈利=0.0000U 亏损=-1.4560U 净浮盈=-1.4560U 手续费基数=0.0228U 阈值=0.1142U
[TRACKER] 03:48:29 持仓=1 盈利=0.0000U 亏损=-1.5050U 净浮盈=-1.5050U 手续费基数=0.0228U 阈值=0.1142U
[TRACKER] 03:48:35 持仓=1 盈利=0.0000U 亏损=-1.4910U 净浮盈=-1.4910U 手续费基数=0.0228U 阈值=0.1142U
[TRACKER] 03:48:42 持仓=1 盈利=0.0000U 亏损=-1.5470U 净浮盈=-1.5470U 手续费基数=0.0228U 阈值=0.1142U
[TRACKER] 03:48:48 持仓=1 盈利=0.0000U 亏损=-1.5610U 净浮盈=-1.5610U 手续费基数=0.0228U 阈值=0.1142U
[TRACKER] 03:48:55 持仓=1 盈利=0.0000U 亏损=-1.5330U 净浮盈=-1.5330U 手续费基数=0.0228U 阈值=0.1142U
[TRACKER] 本轮结束（将由 crontab 重新拉起）
[TRACKER] 启动，每 5 秒检查一次…
[TRACKER] 03:49:01 持仓=1 盈利=0.0000U 亏损=-1.4910U 净浮盈=-1.4910U 手续费基数=0.0228U 阈值=0.1142U
[TRACKER] 03:49:08 持仓=1 盈利=0.0000U 亏损=-1.4770U 净浮盈=-1.4770U 手续费基数=0.0228U 阈值=0.1142U
[TRACKER] 03:49:14 持仓=1 盈利=0.0000U 亏损=-1.4490U 净浮盈=-1.4490U 手续费基数=0.0228U 阈值=0.1142U
[TRACKER] 03:49:21 持仓=1 盈利=0.0000U 亏损=-1.4630U 净浮盈=-1.4630U 手续费基数=0.0228U 阈值=0.1142U
[TRACKER] 03:49:27 持仓=1 盈利=0.0000U 亏损=-1.4490U 净浮盈=-1.4490U 手续费基数=0.0228U 阈值=0.1142U
[TRACKER] 03:49:33 持仓=1 盈利=0.0000U 亏损=-1.4420U 净浮盈=-1.4420U 手续费基数=0.0228U 阈值=0.1142U
[TRACKER] 03:49:39 持仓=1 盈利=0.0000U 亏损=-1.4770U 净浮盈=-1.4770U 手续费基数=0.0228U 阈值=0.1142U
[TRACKER] 03:49:46 持仓=1 盈利=0.0000U 亏损=-1.4770U 净浮盈=-1.4770U 手续费基数=0.0228U 阈值=0.1142U
[TRACKER] 03:49:53 持仓=1 盈利=0.0000U 亏损=-1.4910U 净浮盈=-1.4910U 手续费基数=0.0228U 阈值=0.1142U
[TRACKER] 本轮结束（将由 crontab 重新拉起）
[TRACKER] 启动，每 5 秒检查一次…
[TRACKER] 03:50:03 持仓=1 盈利=0.0000U 亏损=-1.6240U 净浮盈=-1.6240U 手续费基数=0.0228U 阈值=0.1142U
[TRACKER] 03:50:10 持仓=1 盈利=0.0000U 亏损=-1.6450U 净浮盈=-1.6450U 手续费基数=0.0228U 阈值=0.1142U
[TRACKER] 03:50:16 持仓=1 盈利=0.0000U 亏损=-1.6870U 净浮盈=-1.6870U 手续费基数=0.0228U 阈值=0.1142U
[TRACKER] 03:50:22 持仓=1 盈利=0.0000U 亏损=-1.7150U 净浮盈=-1.7150U 手续费基数=0.0228U 阈值=0.1142U
[TRACKER] 03:50:29 持仓=1 盈利=0.0000U 亏损=-1.7290U 净浮盈=-1.7290U 手续费基数=0.0228U 阈值=0.1142U
[TRACKER] 03:50:35 持仓=1 盈利=0.0000U 亏损=-1.6800U 净浮盈=-1.6800U 手续费基数=0.0228U 阈值=0.1142U
[TRACKER] 03:50:41 持仓=1 盈利=0.0000U 亏损=-1.6660U 净浮盈=-1.6660U 手续费基数=0.0228U 阈值=0.1142U
[TRACKER] 03:50:48 持仓=1 盈利=0.0000U 亏损=-1.6520U 净浮盈=-1.6520U 手续费基数=0.0228U 阈值=0.1142U
[TRACKER] 03:50:54 持仓=1 盈利=0.0000U 亏损=-1.5960U 净浮盈=-1.5960U 手续费基数=0.0228U 阈值=0.1142U
[TRACKER] 本轮结束（将由 crontab 重新拉起）
[TRACKER] 启动，每 5 秒检查一次…
[TRACKER] 03:51:03 持仓=1 盈利=0.0000U 亏损=-1.5890U 净浮盈=-1.5890U 手续费基数=0.0228U 阈值=0.1142U
[TRACKER] 03:51:09 持仓=1 盈利=0.0000U 亏损=-1.5820U 净浮盈=-1.5820U 手续费基数=0.0228U 阈值=0.1142U
[TRACKER] 03:51:16 持仓=1 盈利=0.0000U 亏损=-1.5890U 净浮盈=-1.5890U 手续费基数=0.0228U 阈值=0.1142U
[TRACKER] 03:51:22 持仓=1 盈利=0.0000U 亏损=-1.5610U 净浮盈=-1.5610U 手续费基数=0.0228U 阈值=0.1142U
[TRACKER] 03:51:28 持仓=1 盈利=0.0000U 亏损=-1.5330U 净浮盈=-1.5330U 手续费基数=0.0228U 阈值=0.1142U
[TRACKER] 03:51:35 持仓=1 盈利=0.0000U 亏损=-1.5540U 净浮盈=-1.5540U 手续费基数=0.0228U 阈值=0.1142U
[TRACKER] 03:51:41 持仓=1 盈利=0.0000U 亏损=-1.5260U 净浮盈=-1.5260U 手续费基数=0.0228U 阈值=0.1142U
[TRACKER] 03:51:47 持仓=1 盈利=0.0000U 亏损=-1.4630U 净浮盈=-1.4630U 手续费基数=0.0228U 阈值=0.1142U
[TRACKER] 03:51:54 持仓=1 盈利=0.0000U 亏损=-1.4840U 净浮盈=-1.4840U 手续费基数=0.0228U 阈值=0.1142U
[TRACKER] 本轮结束（将由 crontab 重新拉起）
[TRACKER] 启动，每 5 秒检查一次…
[TRACKER] 03:52:03 持仓=1 盈利=0.0000U 亏损=-1.4000U 净浮盈=-1.4000U 手续费基数=0.0228U 阈值=0.1142U
[TRACKER] 03:52:09 持仓=1 盈利=0.0000U 亏损=-1.4140U 净浮盈=-1.4140U 手续费基数=0.0228U 阈值=0.1142U
[TRACKER] 03:52:15 持仓=1 盈利=0.0000U 亏损=-1.4280U 净浮盈=-1.4280U 手续费基数=0.0228U 阈值=0.1142U
[TRACKER] 03:52:22 持仓=1 盈利=0.0000U 亏损=-1.4210U 净浮盈=-1.4210U 手续费基数=0.0228U 阈值=0.1142U
[TRACKER] 03:52:28 持仓=1 盈利=0.0000U 亏损=-1.4350U 净浮盈=-1.4350U 手续费基数=0.0228U 阈值=0.1142U
[TRACKER] 03:52:35 持仓=1 盈利=0.0000U 亏损=-1.4210U 净浮盈=-1.4210U 手续费基数=0.0228U 阈值=0.1142U
[TRACKER] 03:52:41 持仓=1 盈利=0.0000U 亏损=-1.3440U 净浮盈=-1.3440U 手续费基数=0.0228U 阈值=0.1142U
[TRACKER] 03:52:48 持仓=1 盈利=0.0000U 亏损=-1.3440U 净浮盈=-1.3440U 手续费基数=0.0228U 阈值=0.1142U
[TRACKER] 03:52:54 持仓=1 盈利=0.0000U 亏损=-1.3370U 净浮盈=-1.3370U 手续费基数=0.0228U 阈值=0.1142U
[TRACKER] 本轮结束（将由 crontab 重新拉起）
[TRACKER] 启动，每 5 秒检查一次…
[TRACKER] 03:53:03 持仓=1 盈利=0.0000U 亏损=-1.3090U 净浮盈=-1.3090U 手续费基数=0.0228U 阈值=0.1142U
[TRACKER] 03:53:09 持仓=1 盈利=0.0000U 亏损=-1.3300U 净浮盈=-1.3300U 手续费基数=0.0228U 阈值=0.1142U
[TRACKER] 03:53:16 持仓=1 盈利=0.0000U 亏损=-1.3230U 净浮盈=-1.3230U 手续费基数=0.0228U 阈值=0.1142U
[TRACKER] 03:53:22 持仓=1 盈利=0.0000U 亏损=-1.2810U 净浮盈=-1.2810U 手续费基数=0.0228U 阈值=0.1142U
[TRACKER] 03:53:28 持仓=1 盈利=0.0000U 亏损=-1.2950U 净浮盈=-1.2950U 手续费基数=0.0228U 阈值=0.1142U
[TRACKER] 03:53:35 持仓=1 盈利=0.0000U 亏损=-1.2810U 净浮盈=-1.2810U 手续费基数=0.0228U 阈值=0.1142U
[TRACKER] 03:53:41 持仓=1 盈利=0.0000U 亏损=-1.3020U 净浮盈=-1.3020U 手续费基数=0.0228U 阈值=0.1142U
[TRACKER] 03:53:48 持仓=1 盈利=0.0000U 亏损=-1.1550U 净浮盈=-1.1550U 手续费基数=0.0228U 阈值=0.1142U
[TRACKER] 03:53:54 持仓=1 盈利=0.0000U 亏损=-1.1760U 净浮盈=-1.1760U 手续费基数=0.0228U 阈值=0.1142U
[TRACKER] 本轮结束（将由 crontab 重新拉起）
[TRACKER] 启动，每 5 秒检查一次…
[TRACKER] 03:54:03 持仓=1 盈利=0.0000U 亏损=-1.1690U 净浮盈=-1.1690U 手续费基数=0.0228U 阈值=0.1142U
[TRACKER] 03:54:10 持仓=1 盈利=0.0000U 亏损=-1.1830U 净浮盈=-1.1830U 手续费基数=0.0228U 阈值=0.1142U
[TRACKER] 03:54:16 持仓=1 盈利=0.0000U 亏损=-1.1830U 净浮盈=-1.1830U 手续费基数=0.0228U 阈值=0.1142U
[TRACKER] 03:54:23 持仓=1 盈利=0.0000U 亏损=-1.1760U 净浮盈=-1.1760U 手续费基数=0.0228U 阈值=0.1142U
[TRACKER] 03:54:29 持仓=1 盈利=0.0000U 亏损=-1.1760U 净浮盈=-1.1760U 手续费基数=0.0228U 阈值=0.1142U
[TRACKER] 03:54:36 持仓=1 盈利=0.0000U 亏损=-1.2460U 净浮盈=-1.2460U 手续费基数=0.0228U 阈值=0.1142U
[TRACKER] 03:54:42 持仓=1 盈利=0.0000U 亏损=-1.2180U 净浮盈=-1.2180U 手续费基数=0.0228U 阈值=0.1142U
[TRACKER] 03:54:49 持仓=1 盈利=0.0000U 亏损=-1.2810U 净浮盈=-1.2810U 手续费基数=0.0228U 阈值=0.1142U
[TRACKER] 03:54:55 持仓=1 盈利=0.0000U 亏损=-1.2740U 净浮盈=-1.2740U 手续费基数=0.0228U 阈值=0.1142U
[TRACKER] 本轮结束（将由 crontab 重新拉起）
[TRACKER] 启动，每 5 秒检查一次…
[TRACKER] 03:55:02 持仓=1 盈利=0.0000U 亏损=-1.2740U 净浮盈=-1.2740U 手续费基数=0.0228U 阈值=0.1142U
[TRACKER] 03:55:08 持仓=1 盈利=0.0000U 亏损=-1.2390U 净浮盈=-1.2390U 手续费基数=0.0228U 阈值=0.1142U
[TRACKER] 03:55:15 持仓=1 盈利=0.0000U 亏损=-1.2390U 净浮盈=-1.2390U 手续费基数=0.0228U 阈值=0.1142U
[TRACKER] 03:55:21 持仓=1 盈利=0.0000U 亏损=-1.2390U 净浮盈=-1.2390U 手续费基数=0.0228U 阈值=0.1142U
[TRACKER] 03:55:27 持仓=1 盈利=0.0000U 亏损=-1.2110U 净浮盈=-1.2110U 手续费基数=0.0228U 阈值=0.1142U
[TRACKER] 03:55:34 持仓=1 盈利=0.0000U 亏损=-1.1760U 净浮盈=-1.1760U 手续费基数=0.0228U 阈值=0.1142U
[TRACKER] 03:55:41 持仓=1 盈利=0.0000U 亏损=-1.1620U 净浮盈=-1.1620U 手续费基数=0.0228U 阈值=0.1142U
[TRACKER] 03:55:47 持仓=1 盈利=0.0000U 亏损=-1.1690U 净浮盈=-1.1690U 手续费基数=0.0228U 阈值=0.1142U
[TRACKER] 03:55:54 持仓=1 盈利=0.0000U 亏损=-1.1480U 净浮盈=-1.1480U 手续费基数=0.0228U 阈值=0.1142U
[TRACKER] 本轮结束（将由 crontab 重新拉起）
[TRACKER] 启动，每 5 秒检查一次…
[TRACKER] 03:56:03 持仓=1 盈利=0.0000U 亏损=-1.1130U 净浮盈=-1.1130U 手续费基数=0.0228U 阈值=0.1142U
[TRACKER] 03:56:10 持仓=1 盈利=0.0000U 亏损=-1.0500U 净浮盈=-1.0500U 手续费基数=0.0228U 阈值=0.1142U
[TRACKER] 03:56:16 持仓=1 盈利=0.0000U 亏损=-1.0710U 净浮盈=-1.0710U 手续费基数=0.0228U 阈值=0.1142U
[TRACKER] 03:56:22 持仓=1 盈利=0.0000U 亏损=-1.0570U 净浮盈=-1.0570U 手续费基数=0.0228U 阈值=0.1142U
[TRACKER] 03:56:28 持仓=1 盈利=0.0000U 亏损=-1.0780U 净浮盈=-1.0780U 手续费基数=0.0228U 阈值=0.1142U
[TRACKER] 03:56:35 持仓=1 盈利=0.0000U 亏损=-1.0780U 净浮盈=-1.0780U 手续费基数=0.0228U 阈值=0.1142U
[TRACKER] 03:56:41 持仓=1 盈利=0.0000U 亏损=-1.0710U 净浮盈=-1.0710U 手续费基数=0.0228U 阈值=0.1142U
[TRACKER] 03:56:48 持仓=1 盈利=0.0000U 亏损=-1.0430U 净浮盈=-1.0430U 手续费基数=0.0228U 阈值=0.1142U
[TRACKER] 03:56:54 持仓=1 盈利=0.0000U 亏损=-1.0780U 净浮盈=-1.0780U 手续费基数=0.0228U 阈值=0.1142U
[TRACKER] 本轮结束（将由 crontab 重新拉起）
[TRACKER] 启动，每 5 秒检查一次…
[TRACKER] 03:57:03 持仓=1 盈利=0.0000U 亏损=-1.0710U 净浮盈=-1.0710U 手续费基数=0.0228U 阈值=0.1142U
[TRACKER] 03:57:09 持仓=1 盈利=0.0000U 亏损=-0.9730U 净浮盈=-0.9730U 手续费基数=0.0228U 阈值=0.1142U
[TRACKER] 03:57:16 持仓=1 盈利=0.0000U 亏损=-1.0080U 净浮盈=-1.0080U 手续费基数=0.0228U 阈值=0.1142U
[TRACKER] 03:57:22 持仓=1 盈利=0.0000U 亏损=-1.0290U 净浮盈=-1.0290U 手续费基数=0.0228U 阈值=0.1142U
[TRACKER] 03:57:29 持仓=1 盈利=0.0000U 亏损=-1.0150U 净浮盈=-1.0150U 手续费基数=0.0228U 阈值=0.1142U
[TRACKER] 03:57:35 持仓=1 盈利=0.0000U 亏损=-1.0010U 净浮盈=-1.0010U 手续费基数=0.0228U 阈值=0.1142U
[TRACKER] 03:57:42 持仓=1 盈利=0.0000U 亏损=-1.0850U 净浮盈=-1.0850U 手续费基数=0.0228U 阈值=0.1142U
[TRACKER] 03:57:48 持仓=1 盈利=0.0000U 亏损=-1.1480U 净浮盈=-1.1480U 手续费基数=0.0228U 阈值=0.1142U
[TRACKER] 03:57:54 持仓=1 盈利=0.0000U 亏损=-1.1340U 净浮盈=-1.1340U 手续费基数=0.0228U 阈值=0.1142U
[TRACKER] 本轮结束（将由 crontab 重新拉起）
[TRACKER] 启动，每 5 秒检查一次…
[TRACKER] 03:58:01 持仓=1 盈利=0.0000U 亏损=-1.1690U 净浮盈=-1.1690U 手续费基数=0.0228U 阈值=0.1142U
[TRACKER] 03:58:08 持仓=1 盈利=0.0000U 亏损=-1.1690U 净浮盈=-1.1690U 手续费基数=0.0228U 阈值=0.1142U
[TRACKER] 03:58:14 持仓=1 盈利=0.0000U 亏损=-1.1410U 净浮盈=-1.1410U 手续费基数=0.0228U 阈值=0.1142U
[TRACKER] 03:58:21 持仓=1 盈利=0.0000U 亏损=-1.1900U 净浮盈=-1.1900U 手续费基数=0.0228U 阈值=0.1142U
[TRACKER] 03:58:27 持仓=1 盈利=0.0000U 亏损=-1.1550U 净浮盈=-1.1550U 手续费基数=0.0228U 阈值=0.1142U
[TRACKER] 03:58:33 持仓=1 盈利=0.0000U 亏损=-1.1200U 净浮盈=-1.1200U 手续费基数=0.0228U 阈值=0.1142U
[TRACKER] 03:58:40 持仓=1 盈利=0.0000U 亏损=-1.1200U 净浮盈=-1.1200U 手续费基数=0.0228U 阈值=0.1142U
[TRACKER] 03:58:46 持仓=1 盈利=0.0000U 亏损=-1.1270U 净浮盈=-1.1270U 手续费基数=0.0228U 阈值=0.1142U
[TRACKER] 03:58:53 持仓=1 盈利=0.0000U 亏损=-1.1620U 净浮盈=-1.1620U 手续费基数=0.0228U 阈值=0.1142U
[TRACKER] 本轮结束（将由 crontab 重新拉起）
[TRACKER] 启动，每 5 秒检查一次…
[TRACKER] 03:59:03 持仓=1 盈利=0.0000U 亏损=-1.1550U 净浮盈=-1.1550U 手续费基数=0.0228U 阈值=0.1142U
[TRACKER] 03:59:09 持仓=1 盈利=0.0000U 亏损=-1.2040U 净浮盈=-1.2040U 手续费基数=0.0228U 阈值=0.1142U
[TRACKER] 03:59:16 持仓=1 盈利=0.0000U 亏损=-1.1690U 净浮盈=-1.1690U 手续费基数=0.0228U 阈值=0.1142U
[TRACKER] 03:59:22 持仓=1 盈利=0.0000U 亏损=-1.1690U 净浮盈=-1.1690U 手续费基数=0.0228U 阈值=0.1142U
[TRACKER] 03:59:29 持仓=1 盈利=0.0000U 亏损=-1.1690U 净浮盈=-1.1690U 手续费基数=0.0228U 阈值=0.1142U
[TRACKER] 03:59:35 持仓=1 盈利=0.0000U 亏损=-1.1690U 净浮盈=-1.1690U 手续费基数=0.0228U 阈值=0.1142U
[TRACKER] 03:59:42 持仓=1 盈利=0.0000U 亏损=-1.1970U 净浮盈=-1.1970U 手续费基数=0.0228U 阈值=0.1142U
[TRACKER] 03:59:48 持仓=1 盈利=0.0000U 亏损=-1.1760U 净浮盈=-1.1760U 手续费基数=0.0228U 阈值=0.1142U
[TRACKER] 03:59:55 持仓=1 盈利=0.0000U 亏损=-1.1480U 净浮盈=-1.1480U 手续费基数=0.0228U 阈值=0.1142U
[TRACKER] 本轮结束（将由 crontab 重新拉起）
[TRACKER] 启动，每 5 秒检查一次…
[TRACKER] 04:00:02 持仓=1 盈利=0.0000U 亏损=-1.1130U 净浮盈=-1.1130U 手续费基数=0.0228U 阈值=0.1142U
[TRACKER] 04:00:08 持仓=3 盈利=0.0000U 亏损=-1.1454U 净浮盈=-1.1454U 手续费基数=0.0725U 阈值=0.3624U
[TRACKER] 04:00:14 持仓=3 盈利=0.0000U 亏损=-1.1066U 净浮盈=-1.1066U 手续费基数=0.0725U 阈值=0.3624U
[TRACKER] 04:00:20 持仓=3 盈利=0.0178U 亏损=-1.1133U 净浮盈=-1.0955U 手续费基数=0.0725U 阈值=0.3624U
[TRACKER] 04:00:27 持仓=3 盈利=0.0238U 亏损=-1.3112U 净浮盈=-1.2874U 手续费基数=0.0725U 阈值=0.3624U
[TRACKER] 04:00:33 持仓=3 盈利=0.0000U 亏损=-1.3885U 净浮盈=-1.3885U 手续费基数=0.0725U 阈值=0.3624U
[TRACKER] 04:00:39 持仓=3 盈利=0.0000U 亏损=-1.3445U 净浮盈=-1.3445U 手续费基数=0.0725U 阈值=0.3624U
[TRACKER] 04:00:46 持仓=3 盈利=0.0000U 亏损=-1.3034U 净浮盈=-1.3034U 手续费基数=0.0725U 阈值=0.3624U
[TRACKER] 04:00:52 持仓=3 盈利=0.0000U 亏损=-1.3316U 净浮盈=-1.3316U 手续费基数=0.0725U 阈值=0.3624U
[TRACKER] 本轮结束（将由 crontab 重新拉起）
[TRACKER] 启动，每 5 秒检查一次…
[TRACKER] 04:01:03 持仓=3 盈利=0.0000U 亏损=-1.3062U 净浮盈=-1.3062U 手续费基数=0.0725U 阈值=0.3624U
[TRACKER] 04:01:09 持仓=3 盈利=0.0000U 亏损=-1.3823U 净浮盈=-1.3823U 手续费基数=0.0725U 阈值=0.3624U
[TRACKER] 04:01:16 持仓=3 盈利=0.0000U 亏损=-1.4260U 净浮盈=-1.4260U 手续费基数=0.0725U 阈值=0.3624U
[TRACKER] 04:01:22 持仓=3 盈利=0.0000U 亏损=-1.3412U 净浮盈=-1.3412U 手续费基数=0.0725U 阈值=0.3624U
[TRACKER] 04:01:29 持仓=3 盈利=0.0000U 亏损=-1.3118U 净浮盈=-1.3118U 手续费基数=0.0725U 阈值=0.3624U
[TRACKER] 04:01:35 持仓=3 盈利=0.0000U 亏损=-1.2529U 净浮盈=-1.2529U 手续费基数=0.0725U 阈值=0.3624U
[TRACKER] 04:01:41 持仓=3 盈利=0.0000U 亏损=-1.3458U 净浮盈=-1.3458U 手续费基数=0.0725U 阈值=0.3624U
[TRACKER] 04:01:47 持仓=3 盈利=0.0000U 亏损=-1.2542U 净浮盈=-1.2542U 手续费基数=0.0725U 阈值=0.3624U
[TRACKER] 04:01:54 持仓=3 盈利=0.0000U 亏损=-1.3942U 净浮盈=-1.3942U 手续费基数=0.0725U 阈值=0.3624U
[TRACKER] 本轮结束（将由 crontab 重新拉起）
[TRACKER] 启动，每 5 秒检查一次…
[TRACKER] 04:02:03 持仓=3 盈利=0.0000U 亏损=-1.2904U 净浮盈=-1.2904U 手续费基数=0.0725U 阈值=0.3624U
[TRACKER] 04:02:09 持仓=3 盈利=0.0000U 亏损=-1.3739U 净浮盈=-1.3739U 手续费基数=0.0725U 阈值=0.3624U
[TRACKER] 04:02:16 持仓=3 盈利=0.0000U 亏损=-1.3866U 净浮盈=-1.3866U 手续费基数=0.0725U 阈值=0.3624U
[TRACKER] 04:02:22 持仓=3 盈利=0.0000U 亏损=-1.4225U 净浮盈=-1.4225U 手续费基数=0.0725U 阈值=0.3624U
[TRACKER] 04:02:29 持仓=3 盈利=0.0000U 亏损=-1.5003U 净浮盈=-1.5003U 手续费基数=0.0725U 阈值=0.3624U
[TRACKER] 04:02:35 持仓=3 盈利=0.0000U 亏损=-1.5313U 净浮盈=-1.5313U 手续费基数=0.0725U 阈值=0.3624U
[TRACKER] 04:02:41 持仓=3 盈利=0.0000U 亏损=-1.4754U 净浮盈=-1.4754U 手续费基数=0.0725U 阈值=0.3624U
[TRACKER] 04:02:48 持仓=3 盈利=0.0000U 亏损=-1.4284U 净浮盈=-1.4284U 手续费基数=0.0725U 阈值=0.3624U
[TRACKER] 04:02:54 持仓=3 盈利=0.0849U 亏损=-1.3951U 净浮盈=-1.3101U 手续费基数=0.0725U 阈值=0.3624U
[TRACKER] 本轮结束（将由 crontab 重新拉起）
[TRACKER] 启动，每 5 秒检查一次…
[TRACKER] 04:03:03 持仓=3 盈利=0.0708U 亏损=-1.6837U 净浮盈=-1.6129U 手续费基数=0.0725U 阈值=0.3624U
[TRACKER] 04:03:10 持仓=3 盈利=0.1416U 亏损=-1.6772U 净浮盈=-1.5356U 手续费基数=0.0725U 阈值=0.3624U
[TRACKER] 04:03:16 持仓=3 盈利=0.2548U 亏损=-1.7052U 净浮盈=-1.4503U 手续费基数=0.0725U 阈值=0.3624U
[TRACKER] 04:03:23 持仓=3 盈利=0.1557U 亏损=-1.7656U 净浮盈=-1.6099U 手续费基数=0.0725U 阈值=0.3624U
[TRACKER] 04:03:29 持仓=3 盈利=0.1132U 亏损=-1.8369U 净浮盈=-1.7236U 手续费基数=0.0725U 阈值=0.3624U
[TRACKER] 04:03:36 持仓=3 盈利=0.0708U 亏损=-1.7802U 净浮盈=-1.7094U 手续费基数=0.0725U 阈值=0.3624U
[TRACKER] 04:03:42 持仓=3 盈利=0.0425U 亏损=-1.8110U 净浮盈=-1.7685U 手续费基数=0.0725U 阈值=0.3624U
[TRACKER] 04:03:48 持仓=3 盈利=0.0142U 亏损=-1.7327U 净浮盈=-1.7186U 手续费基数=0.0725U 阈值=0.3624U
[TRACKER] 04:03:55 持仓=3 盈利=0.0000U 亏损=-1.7444U 净浮盈=-1.7444U 手续费基数=0.0725U 阈值=0.3624U
[TRACKER] 本轮结束（将由 crontab 重新拉起）
[TRACKER] 启动，每 5 秒检查一次…
[TRACKER] 04:04:02 持仓=3 盈利=0.0000U 亏损=-1.6265U 净浮盈=-1.6265U 手续费基数=0.0725U 阈值=0.3624U
[TRACKER] 04:04:08 持仓=3 盈利=0.0425U 亏损=-1.6307U 净浮盈=-1.5882U 手续费基数=0.0725U 阈值=0.3624U
[TRACKER] 04:04:14 持仓=3 盈利=0.0425U 亏损=-1.7113U 净浮盈=-1.6689U 手续费基数=0.0725U 阈值=0.3624U
[TRACKER] 04:04:21 持仓=3 盈利=0.1274U 亏损=-1.7368U 净浮盈=-1.6094U 手续费基数=0.0725U 阈值=0.3624U
[TRACKER] 04:04:27 持仓=3 盈利=0.1557U 亏损=-1.8339U 净浮盈=-1.6782U 手续费基数=0.0725U 阈值=0.3624U
[TRACKER] 04:04:33 持仓=3 盈利=0.1557U 亏损=-1.8356U 净浮盈=-1.6799U 手续费基数=0.0725U 阈值=0.3624U
[TRACKER] 04:04:40 持仓=3 盈利=0.1557U 亏损=-1.8621U 净浮盈=-1.7064U 手续费基数=0.0725U 阈值=0.3624U
[TRACKER] 04:04:46 持仓=3 盈利=0.2123U 亏损=-1.9289U 净浮盈=-1.7166U 手续费基数=0.0725U 阈值=0.3624U
[TRACKER] 04:04:52 持仓=3 盈利=0.2548U 亏损=-2.0195U 净浮盈=-1.7647U 手续费基数=0.0725U 阈值=0.3624U
[TRACKER] 本轮结束（将由 crontab 重新拉起）
[TRACKER] 启动，每 5 秒检查一次…
[TRACKER] 04:05:03 持仓=3 盈利=0.1982U 亏损=-1.8933U 净浮盈=-1.6951U 手续费基数=0.0725U 阈值=0.3624U
[TRACKER] 04:05:09 持仓=3 盈利=0.1557U 亏损=-1.9559U 净浮盈=-1.8001U 手续费基数=0.0725U 阈值=0.3624U
[TRACKER] 04:05:16 持仓=3 盈利=0.2548U 亏损=-2.0065U 净浮盈=-1.7517U 手续费基数=0.0725U 阈值=0.3624U
[TRACKER] 04:05:22 持仓=3 盈利=0.3681U 亏损=-1.9995U 净浮盈=-1.6315U 手续费基数=0.0725U 阈值=0.3624U
[TRACKER] 04:05:28 持仓=3 盈利=0.2973U 亏损=-2.1209U 净浮盈=-1.8236U 手续费基数=0.0725U 阈值=0.3624U
[TRACKER] 04:05:35 持仓=3 盈利=0.2831U 亏损=-2.1327U 净浮盈=-1.8496U 手续费基数=0.0725U 阈值=0.3624U
[TRACKER] 04:05:41 持仓=3 盈利=0.2973U 亏损=-2.2507U 净浮盈=-1.9534U 手续费基数=0.0725U 阈值=0.3624U
[TRACKER] 04:05:47 持仓=3 盈利=0.3539U 亏损=-2.2146U 净浮盈=-1.8607U 手续费基数=0.0725U 阈值=0.3624U
[TRACKER] 04:05:54 持仓=3 盈利=0.3256U 亏损=-2.1786U 净浮盈=-1.8530U 手续费基数=0.0725U 阈值=0.3624U
[TRACKER] 本轮结束（将由 crontab 重新拉起）
[TRACKER] 启动，每 5 秒检查一次…
[TRACKER] 04:06:03 持仓=3 盈利=0.3681U 亏损=-2.1355U 净浮盈=-1.7674U 手续费基数=0.0725U 阈值=0.3624U
[TRACKER] 04:06:09 持仓=3 盈利=0.3397U 亏损=-2.2778U 净浮盈=-1.9381U 手续费基数=0.0725U 阈值=0.3624U
[TRACKER] 04:06:15 持仓=3 盈利=0.3397U 亏损=-2.2799U 净浮盈=-1.9402U 手续费基数=0.0725U 阈值=0.3624U
[TRACKER] 04:06:22 持仓=3 盈利=0.2973U 亏损=-2.3510U 净浮盈=-2.0537U 手续费基数=0.0725U 阈值=0.3624U
[TRACKER] 04:06:28 持仓=3 盈利=0.2973U 亏损=-2.4490U 净浮盈=-2.1517U 手续费基数=0.0725U 阈值=0.3624U
[TRACKER] 04:06:35 持仓=3 盈利=0.3964U 亏损=-2.5470U 净浮盈=-2.1506U 手续费基数=0.0725U 阈值=0.3624U
[TRACKER] 04:06:41 持仓=3 盈利=0.4247U 亏损=-2.4929U 净浮盈=-2.0682U 手续费基数=0.0725U 阈值=0.3624U
[TRACKER] 04:06:48 持仓=3 盈利=0.4247U 亏损=-2.3620U 净浮盈=-1.9374U 手续费基数=0.0725U 阈值=0.3624U
[TRACKER] 04:06:54 持仓=3 盈利=0.4105U 亏损=-2.3911U 净浮盈=-1.9806U 手续费基数=0.0725U 阈值=0.3624U
[TRACKER] 本轮结束（将由 crontab 重新拉起）
[TRACKER] 启动，每 5 秒检查一次…
[TRACKER] 04:07:03 持仓=3 盈利=0.2690U 亏损=-2.2053U 净浮盈=-1.9363U 手续费基数=0.0725U 阈值=0.3624U
[TRACKER] 04:07:09 持仓=3 盈利=0.2548U 亏损=-2.1610U 净浮盈=-1.9062U 手续费基数=0.0725U 阈值=0.3624U
[TRACKER] 04:07:16 持仓=3 盈利=0.2123U 亏损=-2.1200U 净浮盈=-1.9077U 手续费基数=0.0725U 阈值=0.3624U
[TRACKER] 04:07:22 持仓=3 盈利=0.2407U 亏损=-2.1584U 净浮盈=-1.9178U 手续费基数=0.0725U 阈值=0.3624U
[TRACKER] 04:07:29 持仓=3 盈利=0.1274U 亏损=-2.2214U 净浮盈=-2.0940U 手续费基数=0.0725U 阈值=0.3624U
[TRACKER] 04:07:35 持仓=3 盈利=0.1274U 亏损=-2.0568U 净浮盈=-1.9294U 手续费基数=0.0725U 阈值=0.3624U
[TRACKER] 04:07:41 持仓=3 盈利=0.1416U 亏损=-2.0617U 净浮盈=-1.9202U 手续费基数=0.0725U 阈值=0.3624U
[TRACKER] 04:07:48 持仓=3 盈利=0.1416U 亏损=-2.0229U 净浮盈=-1.8813U 手续费基数=0.0725U 阈值=0.3624U
[TRACKER] 04:07:54 持仓=3 盈利=0.1274U 亏损=-2.0558U 净浮盈=-1.9284U 手续费基数=0.0725U 阈值=0.3624U
[TRACKER] 本轮结束（将由 crontab 重新拉起）
[TRACKER] 启动，每 5 秒检查一次…
[TRACKER] 04:08:03 持仓=3 盈利=0.1699U 亏损=-2.0008U 净浮盈=-1.8310U 手续费基数=0.0725U 阈值=0.3624U
[TRACKER] 04:08:10 持仓=3 盈利=0.1557U 亏损=-2.1604U 净浮盈=-2.0046U 手续费基数=0.0725U 阈值=0.3624U
[TRACKER] 04:08:16 持仓=3 盈利=0.1840U 亏损=-2.1474U 净浮盈=-1.9634U 手续费基数=0.0725U 阈值=0.3624U
[TRACKER] 04:08:23 持仓=3 盈利=0.1982U 亏损=-2.2295U 净浮盈=-2.0313U 手续费基数=0.0725U 阈值=0.3624U
[TRACKER] 04:08:29 持仓=3 盈利=0.2265U 亏损=-2.2155U 净浮盈=-1.9890U 手续费基数=0.0725U 阈值=0.3624U
[TRACKER] 04:08:36 持仓=3 盈利=0.2407U 亏损=-2.2645U 净浮盈=-2.0238U 手续费基数=0.0725U 阈值=0.3624U
[TRACKER] 04:08:42 持仓=3 盈利=0.2407U 亏损=-2.2505U 净浮盈=-2.0098U 手续费基数=0.0725U 阈值=0.3624U
[TRACKER] 04:08:49 持仓=3 盈利=0.2407U 亏损=-2.2785U 净浮盈=-2.0378U 手续费基数=0.0725U 阈值=0.3624U
[TRACKER] 04:08:55 持仓=3 盈利=0.2690U 亏损=-2.3135U 净浮盈=-2.0445U 手续费基数=0.0725U 阈值=0.3624U
[TRACKER] 本轮结束（将由 crontab 重新拉起）
[TRACKER] 启动，每 5 秒检查一次…
[TRACKER] 04:09:02 持仓=3 盈利=0.3114U 亏损=-2.2505U 净浮盈=-1.9390U 手续费基数=0.0725U 阈值=0.3624U
[TRACKER] 04:09:08 持仓=3 盈利=0.3964U 亏损=-2.1126U 净浮盈=-1.7162U 手续费基数=0.0725U 阈值=0.3624U
[TRACKER] 04:09:14 持仓=3 盈利=0.3256U 亏损=-2.1406U 净浮盈=-1.8150U 手续费基数=0.0725U 阈值=0.3624U
[TRACKER] 04:09:21 持仓=3 盈利=0.3822U 亏损=-2.0833U 净浮盈=-1.7011U 手续费基数=0.0725U 阈值=0.3624U
[TRACKER] 04:09:27 持仓=3 盈利=0.4388U 亏损=-2.1264U 净浮盈=-1.6876U 手续费基数=0.0725U 阈值=0.3624U
[TRACKER] 04:09:33 持仓=3 盈利=0.4105U 亏损=-2.0450U 净浮盈=-1.6344U 手续费基数=0.0725U 阈值=0.3624U
[TRACKER] 04:09:40 持仓=3 盈利=0.3681U 亏损=-2.0068U 净浮盈=-1.6387U 手续费基数=0.0725U 阈值=0.3624U
[TRACKER] 04:09:46 持仓=3 盈利=0.3681U 亏损=-2.0488U 净浮盈=-1.6807U 手续费基数=0.0725U 阈值=0.3624U
[TRACKER] 04:09:52 持仓=3 盈利=0.4388U 亏损=-2.0844U 净浮盈=-1.6456U 手续费基数=0.0725U 阈值=0.3624U
[TRACKER] 本轮结束（将由 crontab 重新拉起）
[TRACKER] 启动，每 5 秒检查一次…
[TRACKER] 04:10:03 持仓=3 盈利=0.3964U 亏损=-2.1183U 净浮盈=-1.7220U 手续费基数=0.0725U 阈值=0.3624U
[TRACKER] 04:10:10 持仓=3 盈利=0.3681U 亏损=-2.0537U 净浮盈=-1.6856U 手续费基数=0.0725U 阈值=0.3624U
[TRACKER] 04:10:16 持仓=3 盈利=0.3822U 亏损=-2.0068U 净浮盈=-1.6246U 手续费基数=0.0725U 阈值=0.3624U
[TRACKER] 04:10:23 持仓=3 盈利=0.3681U 亏损=-1.9648U 净浮盈=-1.5967U 手续费基数=0.0725U 阈值=0.3624U
[TRACKER] 04:10:29 持仓=3 盈利=0.3256U 亏损=-1.9578U 净浮盈=-1.6322U 手续费基数=0.0725U 阈值=0.3624U
[TRACKER] 04:10:35 持仓=3 盈利=0.3256U 亏损=-1.7970U 净浮盈=-1.4714U 手续费基数=0.0725U 阈值=0.3624U
[TRACKER] 04:10:42 持仓=3 盈利=0.3397U 亏损=-1.7690U 净浮盈=-1.4293U 手续费基数=0.0725U 阈值=0.3624U
[TRACKER] 04:10:48 持仓=3 盈利=0.3397U 亏损=-1.7820U 净浮盈=-1.4422U 手续费基数=0.0725U 阈值=0.3624U
[TRACKER] 04:10:54 持仓=3 盈利=0.2690U 亏损=-1.6806U 净浮盈=-1.4116U 手续费基数=0.0725U 阈值=0.3624U
[TRACKER] 本轮结束（将由 crontab 重新拉起）
[TRACKER] 启动，每 5 秒检查一次…
[TRACKER] 04:11:03 持仓=3 盈利=0.2831U 亏损=-1.6180U 净浮盈=-1.3349U 手续费基数=0.0725U 阈值=0.3624U
[TRACKER] 04:11:10 持仓=3 盈利=0.3397U 亏损=-1.6180U 净浮盈=-1.2783U 手续费基数=0.0725U 阈值=0.3624U
[TRACKER] 04:11:17 持仓=3 盈利=0.3397U 亏损=-1.5847U 净浮盈=-1.2450U 手续费基数=0.0725U 阈值=0.3624U
[TRACKER] 04:11:23 持仓=3 盈利=0.2831U 亏损=-1.5830U 净浮盈=-1.2999U 手续费基数=0.0725U 阈值=0.3624U
[TRACKER] 04:11:30 持仓=3 盈利=0.3114U 亏损=-1.5970U 净浮盈=-1.2856U 手续费基数=0.0725U 阈值=0.3624U
[TRACKER] 04:11:36 持仓=3 盈利=0.3539U 亏损=-1.6197U 净浮盈=-1.2658U 手续费基数=0.0725U 阈值=0.3624U
[TRACKER] 04:11:43 持仓=3 盈利=0.3114U 亏损=-1.6655U 净浮盈=-1.3541U 手续费基数=0.0725U 阈值=0.3624U
[TRACKER] 04:11:50 持仓=3 盈利=0.3256U 亏损=-1.6952U 净浮盈=-1.3696U 手续费基数=0.0725U 阈值=0.3624U
[TRACKER] 04:11:56 持仓=3 盈利=0.3256U 亏损=-1.6833U 净浮盈=-1.3577U 手续费基数=0.0725U 阈值=0.3624U
[TRACKER] 本轮结束（将由 crontab 重新拉起）
[TRACKER] 启动，每 5 秒检查一次…
[TRACKER] 04:12:03 持仓=3 盈利=0.3114U 亏损=-1.6532U 净浮盈=-1.3418U 手续费基数=0.0725U 阈值=0.3624U
[TRACKER] 04:12:10 持仓=3 盈利=0.2973U 亏损=-1.6553U 净浮盈=-1.3581U 手续费基数=0.0725U 阈值=0.3624U
[TRACKER] 04:12:16 持仓=3 盈利=0.2973U 亏损=-1.5713U 净浮盈=-1.2741U 手续费基数=0.0725U 阈值=0.3624U
[TRACKER] 04:12:23 持仓=3 盈利=0.3114U 亏损=-1.6905U 净浮盈=-1.3791U 手续费基数=0.0725U 阈值=0.3624U
[TRACKER] 04:12:29 持仓=3 盈利=0.2973U 亏损=-1.6818U 净浮盈=-1.3846U 手续费基数=0.0725U 阈值=0.3624U
[TRACKER] 04:12:35 持仓=3 盈利=0.3114U 亏损=-1.6322U 净浮盈=-1.3208U 手续费基数=0.0725U 阈值=0.3624U
[TRACKER] 04:12:42 持仓=3 盈利=0.3256U 亏损=-1.6413U 净浮盈=-1.3157U 手续费基数=0.0725U 阈值=0.3624U
[TRACKER] 04:12:48 持仓=3 盈利=0.3256U 亏损=-1.5836U 净浮盈=-1.2581U 手续费基数=0.0725U 阈值=0.3624U
[TRACKER] 04:12:54 持仓=3 盈利=0.3256U 亏损=-1.5610U 净浮盈=-1.2354U 手续费基数=0.0725U 阈值=0.3624U
[TRACKER] 本轮结束（将由 crontab 重新拉起）
[TRACKER] 启动，每 5 秒检查一次…
[TRACKER] 04:13:03 持仓=3 盈利=0.3114U 亏损=-1.5323U 净浮盈=-1.2209U 手续费基数=0.0725U 阈值=0.3624U
[TRACKER] 04:13:09 持仓=3 盈利=0.3397U 亏损=-1.5113U 净浮盈=-1.1716U 手续费基数=0.0725U 阈值=0.3624U
[TRACKER] 04:13:16 持仓=3 盈利=0.3397U 亏损=-1.5113U 净浮盈=-1.1716U 手续费基数=0.0725U 阈值=0.3624U
[TRACKER] 04:13:22 持仓=3 盈利=0.3397U 亏损=-1.5463U 净浮盈=-1.2066U 手续费基数=0.0725U 阈值=0.3624U
[TRACKER] 04:13:29 持仓=3 盈利=0.3539U 亏损=-1.5501U 净浮盈=-1.1962U 手续费基数=0.0725U 阈值=0.3624U
[TRACKER] 04:13:35 持仓=3 盈利=0.3114U 亏损=-1.5228U 净浮盈=-1.2113U 手续费基数=0.0725U 阈值=0.3624U
[TRACKER] 04:13:41 持仓=3 盈利=0.3256U 亏损=-1.5088U 净浮盈=-1.1832U 手续费基数=0.0725U 阈值=0.3624U
[TRACKER] 04:13:48 持仓=3 盈利=0.3114U 亏损=-1.5228U 净浮盈=-1.2113U 手续费基数=0.0725U 阈值=0.3624U
[TRACKER] 04:13:54 持仓=3 盈利=0.2265U 亏损=-1.5168U 净浮盈=-1.2903U 手续费基数=0.0725U 阈值=0.3624U
[TRACKER] 本轮结束（将由 crontab 重新拉起）
[TRACKER] 启动，每 5 秒检查一次…
[TRACKER] 04:14:03 持仓=3 盈利=0.2407U 亏损=-1.5794U 净浮盈=-1.3387U 手续费基数=0.0725U 阈值=0.3624U
[TRACKER] 04:14:10 持仓=3 盈利=0.2265U 亏损=-1.5444U 净浮盈=-1.3179U 手续费基数=0.0725U 阈值=0.3624U
[TRACKER] 04:14:16 持仓=3 盈利=0.2831U 亏损=-1.5234U 净浮盈=-1.2403U 手续费基数=0.0725U 阈值=0.3624U
[TRACKER] 04:14:23 持仓=3 盈利=0.3114U 亏损=-1.5412U 净浮盈=-1.2298U 手续费基数=0.0725U 阈值=0.3624U
[TRACKER] 04:14:29 持仓=3 盈利=0.3681U 亏损=-1.5601U 净浮盈=-1.1920U 手续费基数=0.0725U 阈值=0.3624U
[TRACKER] 04:14:36 持仓=3 盈利=0.4813U 亏损=-1.5821U 净浮盈=-1.1008U 手续费基数=0.0725U 阈值=0.3624U
[TRACKER] 04:14:42 持仓=3 盈利=0.4813U 亏损=-1.6193U 净浮盈=-1.1380U 手续费基数=0.0725U 阈值=0.3624U
[TRACKER] 04:14:49 持仓=3 盈利=0.5379U 亏损=-1.5713U 净浮盈=-1.0334U 手续费基数=0.0725U 阈值=0.3624U
[TRACKER] 04:14:56 持仓=3 盈利=0.4813U 亏损=-1.5573U 净浮盈=-1.0760U 手续费基数=0.0725U 阈值=0.3624U
[TRACKER] 本轮结束（将由 crontab 重新拉起）
[TRACKER] 启动，每 5 秒检查一次…
[TRACKER] 04:15:03 持仓=3 盈利=0.4813U 亏损=-1.6178U 净浮盈=-1.1365U 手续费基数=0.0725U 阈值=0.3624U
[TRACKER] 04:15:09 持仓=3 盈利=0.5096U 亏损=-1.6663U 净浮盈=-1.1567U 手续费基数=0.0725U 阈值=0.3624U
[TRACKER] 04:15:16 持仓=3 盈利=0.5238U 亏损=-1.7030U 净浮盈=-1.1793U 手续费基数=0.0725U 阈值=0.3624U
[TRACKER] 04:15:22 持仓=3 盈利=0.5096U 亏损=-1.8027U 净浮盈=-1.2931U 手续费基数=0.0725U 阈值=0.3624U
[TRACKER] 04:15:28 持仓=3 盈利=0.5096U 亏损=-1.7597U 净浮盈=-1.2500U 手续费基数=0.0725U 阈值=0.3624U
[TRACKER] 04:15:35 持仓=3 盈利=0.4955U 亏损=-1.7128U 净浮盈=-1.2173U 手续费基数=0.0725U 阈值=0.3624U
[TRACKER] 04:15:41 持仓=3 盈利=0.4813U 亏损=-1.6513U 净浮盈=-1.1700U 手续费基数=0.0725U 阈值=0.3624U
[TRACKER] 04:15:48 持仓=3 盈利=0.5096U 亏损=-1.5919U 净浮盈=-1.0823U 手续费基数=0.0725U 阈值=0.3624U
[TRACKER] 04:15:54 持仓=3 盈利=0.4671U 亏损=-1.4931U 净浮盈=-1.0259U 手续费基数=0.0725U 阈值=0.3624U
[TRACKER] 本轮结束（将由 crontab 重新拉起）
[TRACKER] 启动，每 5 秒检查一次…
[TRACKER] 04:16:03 持仓=3 盈利=0.4247U 亏损=-1.5291U 净浮盈=-1.1045U 手续费基数=0.0725U 阈值=0.3624U
[TRACKER] 04:16:09 持仓=3 盈利=0.4388U 亏损=-1.5022U 净浮盈=-1.0634U 手续费基数=0.0725U 阈值=0.3624U
[TRACKER] 04:16:15 持仓=3 盈利=0.4388U 亏损=-1.5151U 净浮盈=-1.0763U 手续费基数=0.0725U 阈值=0.3624U
[TRACKER] 04:16:22 持仓=3 盈利=0.4530U 亏损=-1.4882U 净浮盈=-1.0352U 手续费基数=0.0725U 阈值=0.3624U
[TRACKER] 04:16:28 持仓=3 盈利=0.4388U 亏损=-1.5022U 净浮盈=-1.0634U 手续费基数=0.0725U 阈值=0.3624U
[TRACKER] 04:16:34 持仓=3 盈利=0.4955U 亏损=-1.5221U 净浮盈=-1.0267U 手续费基数=0.0725U 阈值=0.3624U
[TRACKER] 04:16:41 持仓=3 盈利=0.5238U 亏损=-1.5298U 净浮盈=-1.0060U 手续费基数=0.0725U 阈值=0.3624U
[TRACKER] 04:16:48 持仓=3 盈利=0.5521U 亏损=-1.5529U 净浮盈=-1.0008U 手续费基数=0.0725U 阈值=0.3624U
[TRACKER] 04:16:54 持仓=3 盈利=0.5946U 亏损=-1.5270U 净浮盈=-0.9325U 手续费基数=0.0725U 阈值=0.3624U
[TRACKER] 本轮结束（将由 crontab 重新拉起）
[TRACKER] 启动，每 5 秒检查一次…
[TRACKER] 04:17:03 持仓=3 盈利=0.6087U 亏损=-1.5221U 净浮盈=-0.9134U 手续费基数=0.0725U 阈值=0.3624U
[TRACKER] 04:17:10 持仓=3 盈利=0.5804U 亏损=-1.5431U 净浮盈=-0.9627U 手续费基数=0.0725U 阈值=0.3624U
[TRACKER] 04:17:16 持仓=3 盈利=0.5662U 亏损=-1.5151U 净浮盈=-0.9489U 手续费基数=0.0725U 阈值=0.3624U
[TRACKER] 04:17:22 持仓=3 盈利=0.5804U 亏损=-1.5389U 净浮盈=-0.9585U 手续费基数=0.0725U 阈值=0.3624U
[TRACKER] 04:17:28 持仓=3 盈利=0.5804U 亏损=-1.6789U 净浮盈=-1.0985U 手续费基数=0.0725U 阈值=0.3624U
[TRACKER] 04:17:35 持仓=3 盈利=0.5521U 亏损=-1.6526U 净浮盈=-1.1005U 手续费基数=0.0725U 阈值=0.3624U
[TRACKER] 04:17:41 持仓=3 盈利=0.5379U 亏损=-1.6176U 净浮盈=-1.0797U 手续费基数=0.0725U 阈值=0.3624U
[TRACKER] 04:17:47 持仓=3 盈利=0.5521U 亏损=-1.6585U 净浮盈=-1.1064U 手续费基数=0.0725U 阈值=0.3624U
[TRACKER] 04:17:53 持仓=3 盈利=0.5804U 亏损=-1.6833U 净浮盈=-1.1029U 手续费基数=0.0725U 阈值=0.3624U
[TRACKER] 本轮结束（将由 crontab 重新拉起）
[TRACKER] 启动，每 5 秒检查一次…
[TRACKER] 04:18:03 持仓=3 盈利=0.5379U 亏损=-1.6494U 净浮盈=-1.1115U 手续费基数=0.0725U 阈值=0.3624U
[TRACKER] 04:18:10 持仓=3 盈利=0.4955U 亏损=-1.6354U 净浮盈=-1.1399U 手续费基数=0.0725U 阈值=0.3624U
[TRACKER] 04:18:16 持仓=3 盈利=0.5521U 亏损=-1.6354U 净浮盈=-1.0833U 手续费基数=0.0725U 阈值=0.3624U
[TRACKER] 04:18:22 持仓=3 盈利=0.4955U 亏损=-1.5949U 净浮盈=-1.0994U 手续费基数=0.0725U 阈值=0.3624U
[TRACKER] 04:18:29 持仓=3 盈利=0.4813U 亏损=-1.5086U 净浮盈=-1.0273U 手续费基数=0.0725U 阈值=0.3624U
[TRACKER] 04:18:35 持仓=3 盈利=0.4813U 亏损=-1.5835U 净浮盈=-1.1021U 手续费基数=0.0725U 阈值=0.3624U
[TRACKER] 04:18:41 持仓=3 盈利=0.4955U 亏损=-1.5569U 净浮盈=-1.0615U 手续费基数=0.0725U 阈值=0.3624U
[TRACKER] 04:18:47 持仓=3 盈利=0.5238U 亏损=-1.4713U 净浮盈=-0.9475U 手续费基数=0.0725U 阈值=0.3624U
[TRACKER] 04:18:54 持仓=3 盈利=0.5238U 亏损=-1.4821U 净浮盈=-0.9583U 手续费基数=0.0725U 阈值=0.3624U
[TRACKER] 本轮结束（将由 crontab 重新拉起）
[TRACKER] 启动，每 5 秒检查一次…
[TRACKER] 04:19:02 持仓=3 盈利=0.5662U 亏损=-1.4471U 净浮盈=-0.8808U 手续费基数=0.0725U 阈值=0.3624U
[TRACKER] 04:19:09 持仓=3 盈利=0.5804U 亏损=-1.5031U 净浮盈=-0.9227U 手续费基数=0.0725U 阈值=0.3624U
[TRACKER] 04:19:16 持仓=3 盈利=0.5662U 亏损=-1.4051U 净浮盈=-0.8388U 手续费基数=0.0725U 阈值=0.3624U
[TRACKER] 04:19:22 持仓=3 盈利=0.5946U 亏损=-1.3701U 净浮盈=-0.7755U 手续费基数=0.0725U 阈值=0.3624U
[TRACKER] 04:19:29 持仓=3 盈利=0.5946U 亏损=-1.3533U 净浮盈=-0.7588U 手续费基数=0.0725U 阈值=0.3624U
[TRACKER] 04:19:35 持仓=3 盈利=0.5946U 亏损=-1.3463U 净浮盈=-0.7518U 手续费基数=0.0725U 阈值=0.3624U
[TRACKER] 04:19:41 持仓=3 盈利=0.6229U 亏损=-1.3463U 净浮盈=-0.7235U 手续费基数=0.0725U 阈值=0.3624U
[TRACKER] 04:19:48 持仓=3 盈利=0.6512U 亏损=-1.3743U 净浮盈=-0.7231U 手续费基数=0.0725U 阈值=0.3624U
[TRACKER] 04:19:54 持仓=3 盈利=0.6512U 亏损=-1.3463U 净浮盈=-0.6951U 手续费基数=0.0725U 阈值=0.3624U
[TRACKER] 本轮结束（将由 crontab 重新拉起）
[TRACKER] 启动，每 5 秒检查一次…
[TRACKER] 04:20:04 持仓=3 盈利=0.6087U 亏损=-1.3389U 净浮盈=-0.7302U 手续费基数=0.0725U 阈值=0.3624U
[TRACKER] 04:20:10 持仓=3 盈利=0.6087U 亏损=-1.3077U 净浮盈=-0.6990U 手续费基数=0.0725U 阈值=0.3624U
[TRACKER] 04:20:17 持仓=3 盈利=0.6087U 亏损=-1.3077U 净浮盈=-0.6990U 手续费基数=0.0725U 阈值=0.3624U
[TRACKER] 04:20:23 持仓=3 盈利=0.6370U 亏损=-1.3427U 净浮盈=-0.7057U 手续费基数=0.0725U 阈值=0.3624U
[TRACKER] 04:20:30 持仓=3 盈利=0.6370U 亏损=-1.3211U 净浮盈=-0.6840U 手续费基数=0.0725U 阈值=0.3624U
[TRACKER] 04:20:36 持仓=3 盈利=0.6370U 亏损=-1.3221U 净浮盈=-0.6851U 手续费基数=0.0725U 阈值=0.3624U
[TRACKER] 04:20:42 持仓=3 盈利=0.6370U 亏损=-1.3253U 净浮盈=-0.6883U 手续费基数=0.0725U 阈值=0.3624U
[TRACKER] 04:20:49 持仓=3 盈利=0.6370U 亏损=-1.2649U 净浮盈=-0.6279U 手续费基数=0.0725U 阈值=0.3624U
[TRACKER] 04:20:55 持仓=3 盈利=0.6370U 亏损=-1.2908U 净浮盈=-0.6537U 手续费基数=0.0725U 阈值=0.3624U
[TRACKER] 本轮结束（将由 crontab 重新拉起）
[TRACKER] 启动，每 5 秒检查一次…
[TRACKER] 04:21:02 持仓=3 盈利=0.6644U 亏损=-1.2950U 净浮盈=-0.6306U 手续费基数=0.0725U 阈值=0.3624U
[TRACKER] 04:21:08 持仓=3 盈利=0.6927U 亏损=-1.3370U 净浮盈=-0.6443U 手续费基数=0.0725U 阈值=0.3624U
[TRACKER] 04:21:15 持仓=3 盈利=0.6512U 亏损=-1.3296U 净浮盈=-0.6784U 手续费基数=0.0725U 阈值=0.3624U
[TRACKER] 04:21:21 持仓=3 盈利=0.6512U 亏损=-1.3323U 净浮盈=-0.6811U 手续费基数=0.0725U 阈值=0.3624U
[TRACKER] 04:21:27 持仓=3 盈利=0.5804U 亏损=-1.3151U 净浮盈=-0.7347U 手续费基数=0.0725U 阈值=0.3624U
[TRACKER] 04:21:34 持仓=3 盈利=0.5804U 亏损=-1.3491U 净浮盈=-0.7687U 手续费基数=0.0725U 阈值=0.3624U
[TRACKER] 04:21:41 持仓=3 盈利=0.5096U 亏损=-1.4224U 净浮盈=-0.9128U 手续费基数=0.0725U 阈值=0.3624U
[TRACKER] 04:21:47 持仓=3 盈利=0.6087U 亏损=-1.3794U 净浮盈=-0.7707U 手续费基数=0.0725U 阈值=0.3624U
[TRACKER] 04:21:53 持仓=3 盈利=0.6087U 亏损=-1.3584U 净浮盈=-0.7497U 手续费基数=0.0725U 阈值=0.3624U
[TRACKER] 本轮结束（将由 crontab 重新拉起）
[TRACKER] 启动，每 5 秒检查一次…
[TRACKER] 04:22:03 持仓=3 盈利=0.6229U 亏损=-1.3514U 净浮盈=-0.7285U 手续费基数=0.0725U 阈值=0.3624U
[TRACKER] 04:22:10 持仓=3 盈利=0.6229U 亏损=-1.3304U 净浮盈=-0.7075U 手续费基数=0.0725U 阈值=0.3624U
[TRACKER] 04:22:16 持仓=3 盈利=0.6229U 亏损=-1.3094U 净浮盈=-0.6865U 手续费基数=0.0725U 阈值=0.3624U
[TRACKER] 04:22:23 持仓=3 盈利=0.5946U 亏损=-1.3094U 净浮盈=-0.7148U 手续费基数=0.0725U 阈值=0.3624U
[TRACKER] 04:22:29 持仓=3 盈利=0.5662U 亏损=-1.3094U 净浮盈=-0.7431U 手续费基数=0.0725U 阈值=0.3624U
[TRACKER] 04:22:36 持仓=3 盈利=0.5379U 亏损=-1.2954U 净浮盈=-0.7575U 手续费基数=0.0725U 阈值=0.3624U
[TRACKER] 04:22:42 持仓=3 盈利=0.5521U 亏损=-1.3584U 净浮盈=-0.8063U 手续费基数=0.0725U 阈值=0.3624U
[TRACKER] 04:22:49 持仓=3 盈利=0.5662U 亏损=-1.3584U 净浮盈=-0.7921U 手续费基数=0.0725U 阈值=0.3624U
[TRACKER] 04:22:55 持仓=3 盈利=0.5662U 亏损=-1.3514U 净浮盈=-0.7851U 手续费基数=0.0725U 阈值=0.3624U
[TRACKER] 本轮结束（将由 crontab 重新拉起）
[TRACKER] 启动，每 5 秒检查一次…
[TRACKER] 04:23:02 持仓=3 盈利=0.5521U 亏损=-1.3864U 净浮盈=-0.8343U 手续费基数=0.0725U 阈值=0.3624U
[TRACKER] 04:23:08 持仓=3 盈利=0.5379U 亏损=-1.3794U 净浮盈=-0.8415U 手续费基数=0.0725U 阈值=0.3624U
[TRACKER] 04:23:14 持仓=3 盈利=0.5379U 亏损=-1.3794U 净浮盈=-0.8415U 手续费基数=0.0725U 阈值=0.3624U
[TRACKER] 04:23:21 持仓=3 盈利=0.5521U 亏损=-1.4284U 净浮盈=-0.8763U 手续费基数=0.0725U 阈值=0.3624U
[TRACKER] 04:23:27 持仓=3 盈利=0.5521U 亏损=-1.4770U 净浮盈=-0.9249U 手续费基数=0.0725U 阈值=0.3624U
[TRACKER] 04:23:33 持仓=3 盈利=0.5379U 亏损=-1.5001U 净浮盈=-0.9622U 手续费基数=0.0725U 阈值=0.3624U
[TRACKER] 04:23:40 持仓=3 盈利=0.5379U 亏损=-1.5194U 净浮盈=-0.9815U 手续费基数=0.0725U 阈值=0.3624U
[TRACKER] 04:23:46 持仓=3 盈利=0.4813U 亏损=-1.5247U 净浮盈=-1.0434U 手续费基数=0.0725U 阈值=0.3624U
[TRACKER] 04:23:52 持仓=3 盈利=0.5379U 亏损=-1.5398U 净浮盈=-1.0018U 手续费基数=0.0725U 阈值=0.3624U
[TRACKER] 本轮结束（将由 crontab 重新拉起）
[TRACKER] 启动，每 5 秒检查一次…
[TRACKER] 04:24:03 持仓=3 盈利=0.5379U 亏损=-1.5608U 净浮盈=-1.0228U 手续费基数=0.0725U 阈值=0.3624U
[TRACKER] 04:24:09 持仓=3 盈利=0.5379U 亏损=-1.5468U 净浮盈=-1.0088U 手续费基数=0.0725U 阈值=0.3624U
[TRACKER] 04:24:16 持仓=3 盈利=0.5379U 亏损=-1.4838U 净浮盈=-0.9458U 手续费基数=0.0725U 阈值=0.3624U
[TRACKER] 04:24:22 持仓=3 盈利=0.5379U 亏损=-1.5037U 净浮盈=-0.9658U 手续费基数=0.0725U 阈值=0.3624U
[TRACKER] 04:24:29 持仓=3 盈利=0.5379U 亏损=-1.5236U 净浮盈=-0.9857U 手续费基数=0.0725U 阈值=0.3624U
[TRACKER] 04:24:35 持仓=3 盈利=0.5379U 亏损=-1.5306U 净浮盈=-0.9927U 手续费基数=0.0725U 阈值=0.3624U
[TRACKER] 04:24:41 持仓=3 盈利=0.5238U 亏损=-1.5656U 净浮盈=-1.0419U 手续费基数=0.0725U 阈值=0.3624U
[TRACKER] 04:24:48 持仓=3 盈利=0.5096U 亏损=-1.6006U 净浮盈=-1.0910U 手续费基数=0.0725U 阈值=0.3624U
[TRACKER] 04:24:55 持仓=3 盈利=0.4388U 亏损=-1.6303U 净浮盈=-1.1915U 手续费基数=0.0725U 阈值=0.3624U
[TRACKER] 本轮结束（将由 crontab 重新拉起）
[TRACKER] 启动，每 5 秒检查一次…
[TRACKER] 04:25:02 持仓=3 盈利=0.4671U 亏损=-1.6170U 净浮盈=-1.1498U 手续费基数=0.0725U 阈值=0.3624U
[TRACKER] 04:25:08 持仓=3 盈利=0.4813U 亏损=-1.5750U 净浮盈=-1.0937U 手续费基数=0.0725U 阈值=0.3624U
[TRACKER] 04:25:15 持仓=3 盈利=0.4671U 亏损=-1.5431U 净浮盈=-1.0760U 手续费基数=0.0725U 阈值=0.3624U
[TRACKER] 04:25:21 持仓=3 盈利=0.4813U 亏损=-1.5361U 净浮盈=-1.0548U 手续费基数=0.0725U 阈值=0.3624U
[TRACKER] 04:25:27 持仓=3 盈利=0.4955U 亏损=-1.5291U 净浮盈=-1.0337U 手续费基数=0.0725U 阈值=0.3624U
[TRACKER] 04:25:33 持仓=3 盈利=0.4955U 亏损=-1.5221U 净浮盈=-1.0267U 手续费基数=0.0725U 阈值=0.3624U
[TRACKER] 04:25:40 持仓=3 盈利=0.4955U 亏损=-1.5151U 净浮盈=-1.0197U 手续费基数=0.0725U 阈值=0.3624U
[TRACKER] 04:25:46 持仓=3 盈利=0.4671U 亏损=-1.5431U 净浮盈=-1.0760U 手续费基数=0.0725U 阈值=0.3624U
[TRACKER] 04:25:52 持仓=3 盈利=0.4105U 亏损=-1.5571U 净浮盈=-1.1466U 手续费基数=0.0725U 阈值=0.3624U
[TRACKER] 本轮结束（将由 crontab 重新拉起）
[TRACKER] 启动，每 5 秒检查一次…
[TRACKER] 04:26:03 持仓=3 盈利=0.3964U 亏损=-1.4941U 净浮盈=-1.0978U 手续费基数=0.0725U 阈值=0.3624U
[TRACKER] 04:26:09 持仓=3 盈利=0.3397U 亏损=-1.5232U 净浮盈=-1.1835U 手续费基数=0.0725U 阈值=0.3624U
[TRACKER] 04:26:16 持仓=3 盈利=0.3256U 亏损=-1.5372U 净浮盈=-1.2116U 手续费基数=0.0725U 阈值=0.3624U
[TRACKER] 04:26:22 持仓=3 盈利=0.3114U 亏损=-1.5323U 净浮盈=-1.2209U 手续费基数=0.0725U 阈值=0.3624U
[TRACKER] 04:26:28 持仓=3 盈利=0.2690U 亏损=-1.5463U 净浮盈=-1.2774U 手续费基数=0.0725U 阈值=0.3624U
[TRACKER] 04:26:35 持仓=3 盈利=0.2407U 亏损=-1.5943U 净浮盈=-1.3536U 手续费基数=0.0725U 阈值=0.3624U
[TRACKER] 04:26:41 持仓=3 盈利=0.2123U 亏损=-1.5803U 净浮盈=-1.3679U 手续费基数=0.0725U 阈值=0.3624U
[TRACKER] 04:26:47 持仓=3 盈利=0.3256U 亏损=-1.5862U 净浮盈=-1.2606U 手续费基数=0.0725U 阈值=0.3624U
[TRACKER] 04:26:54 持仓=3 盈利=0.3397U 亏损=-1.5862U 净浮盈=-1.2465U 手续费基数=0.0725U 阈值=0.3624U
[TRACKER] 本轮结束（将由 crontab 重新拉起）
[TRACKER] 启动，每 5 秒检查一次…
[TRACKER] 04:27:03 持仓=3 盈利=0.3539U 亏损=-1.5684U 净浮盈=-1.2145U 手续费基数=0.0725U 阈值=0.3624U
[TRACKER] 04:27:09 持仓=3 盈利=0.3539U 亏损=-1.4984U 净浮盈=-1.1445U 手续费基数=0.0725U 阈值=0.3624U
[TRACKER] 04:27:15 持仓=3 盈利=0.3681U 亏损=-1.5194U 净浮盈=-1.1513U 手续费基数=0.0725U 阈值=0.3624U
[TRACKER] 04:27:22 持仓=3 盈利=0.3822U 亏损=-1.4704U 净浮盈=-1.0882U 手续费基数=0.0725U 阈值=0.3624U
[TRACKER] 04:27:29 持仓=3 盈利=0.3822U 亏损=-1.4634U 净浮盈=-1.0812U 手续费基数=0.0725U 阈值=0.3624U
[TRACKER] 04:27:35 持仓=3 盈利=0.3964U 亏损=-1.4704U 净浮盈=-1.0740U 手续费基数=0.0725U 阈值=0.3624U
[TRACKER] 04:27:41 持仓=3 盈利=0.3964U 亏损=-1.4424U 净浮盈=-1.0460U 手续费基数=0.0725U 阈值=0.3624U
[TRACKER] 04:27:47 持仓=3 盈利=0.4105U 亏损=-1.4634U 净浮盈=-1.0529U 手续费基数=0.0725U 阈值=0.3624U
[TRACKER] 04:27:54 持仓=3 盈利=0.3964U 亏损=-1.4424U 净浮盈=-1.0460U 手续费基数=0.0725U 阈值=0.3624U
[TRACKER] 本轮结束（将由 crontab 重新拉起）
[TRACKER] 启动，每 5 秒检查一次…
[TRACKER] 04:28:03 持仓=3 盈利=0.3539U 亏损=-1.4068U 净浮盈=-1.0529U 手续费基数=0.0725U 阈值=0.3624U
[TRACKER] 04:28:09 持仓=3 盈利=0.3539U 亏损=-1.4127U 净浮盈=-1.0588U 手续费基数=0.0725U 阈值=0.3624U
[TRACKER] 04:28:15 持仓=3 盈利=0.3397U 亏损=-1.4127U 净浮盈=-1.0730U 手续费基数=0.0725U 阈值=0.3624U
[TRACKER] 04:28:22 持仓=3 盈利=0.3397U 亏损=-1.4746U 净浮盈=-1.1349U 手续费基数=0.0725U 阈值=0.3624U
[TRACKER] 04:28:28 持仓=3 盈利=0.3397U 亏损=-1.4925U 净浮盈=-1.1527U 手续费基数=0.0725U 阈值=0.3624U
[TRACKER] 04:28:35 持仓=3 盈利=0.3539U 亏损=-1.4903U 净浮盈=-1.1364U 手续费基数=0.0725U 阈值=0.3624U
[TRACKER] 04:28:41 持仓=3 盈利=0.3256U 亏损=-1.5183U 净浮盈=-1.1927U 手续费基数=0.0725U 阈值=0.3624U
[TRACKER] 04:28:47 持仓=3 盈利=0.3397U 亏损=-1.4963U 净浮盈=-1.1565U 手续费基数=0.0725U 阈值=0.3624U
[TRACKER] 04:28:54 持仓=3 盈利=0.3681U 亏损=-1.4763U 净浮盈=-1.1083U 手续费基数=0.0725U 阈值=0.3624U
[TRACKER] 本轮结束（将由 crontab 重新拉起）
[TRACKER] 启动，每 5 秒检查一次…
[TRACKER] 04:29:03 持仓=3 盈利=0.3681U 亏损=-1.4084U 净浮盈=-1.0404U 手续费基数=0.0725U 阈值=0.3624U
[TRACKER] 04:29:09 持仓=3 盈利=0.3539U 亏损=-1.4645U 净浮盈=-1.1105U 手续费基数=0.0725U 阈值=0.3624U
[TRACKER] 04:29:15 持仓=3 盈利=0.3681U 亏损=-1.4505U 净浮盈=-1.0824U 手续费基数=0.0725U 阈值=0.3624U
[TRACKER] 04:29:22 持仓=3 盈利=0.3681U 亏损=-1.5065U 净浮盈=-1.1384U 手续费基数=0.0725U 阈值=0.3624U
[TRACKER] 04:29:28 持仓=3 盈利=0.4105U 亏损=-1.5274U 净浮盈=-1.1169U 手续费基数=0.0725U 阈值=0.3624U
[TRACKER] 04:29:34 持仓=3 盈利=0.4247U 亏损=-1.5344U 净浮盈=-1.1098U 手续费基数=0.0725U 阈值=0.3624U
[TRACKER] 04:29:41 持仓=3 盈利=0.5379U 亏损=-1.5344U 净浮盈=-0.9965U 手续费基数=0.0725U 阈值=0.3624U
[TRACKER] 04:29:47 持仓=3 盈利=0.5521U 亏损=-1.5205U 净浮盈=-0.9684U 手续费基数=0.0725U 阈值=0.3624U
[TRACKER] 04:29:53 持仓=3 盈利=0.5096U 亏损=-1.4925U 净浮盈=-0.9828U 手续费基数=0.0725U 阈值=0.3624U
[TRACKER] 本轮结束（将由 crontab 重新拉起）
[TRACKER] 启动，每 5 秒检查一次…
[TRACKER] 04:30:02 持仓=3 盈利=0.4955U 亏损=-1.4320U 净浮盈=-0.9365U 手续费基数=0.0725U 阈值=0.3624U
[TRACKER] 04:30:09 持仓=3 盈利=0.4955U 亏损=-1.3760U 净浮盈=-0.8805U 手续费基数=0.0725U 阈值=0.3624U
[TRACKER] 04:30:15 持仓=3 盈利=0.4247U 亏损=-1.3760U 净浮盈=-0.9513U 手续费基数=0.0725U 阈值=0.3624U
[TRACKER] 04:30:21 持仓=3 盈利=0.4105U 亏损=-1.3399U 净浮盈=-0.9294U 手续费基数=0.0725U 阈值=0.3624U
[TRACKER] 04:30:28 持仓=3 盈利=0.4671U 亏损=-1.4089U 净浮盈=-0.9417U 手续费基数=0.0725U 阈值=0.3624U
[TRACKER] 04:30:34 持仓=3 盈利=0.4813U 亏损=-1.3949U 净浮盈=-0.9136U 手续费基数=0.0725U 阈值=0.3624U
[TRACKER] 04:30:40 持仓=3 盈利=0.4813U 亏损=-1.4466U 净浮盈=-0.9653U 手续费基数=0.0725U 阈值=0.3624U
[TRACKER] 04:30:47 持仓=3 盈利=0.3681U 亏损=-1.3906U 净浮盈=-1.0226U 手续费基数=0.0725U 阈值=0.3624U
[TRACKER] 04:30:53 持仓=3 盈利=0.3964U 亏损=-1.3804U 净浮盈=-0.9841U 手续费基数=0.0725U 阈值=0.3624U
[TRACKER] 本轮结束（将由 crontab 重新拉起）
[TRACKER] 启动，每 5 秒检查一次…
[TRACKER] 04:31:03 持仓=3 盈利=0.3964U 亏损=-1.3885U 净浮盈=-0.9921U 手续费基数=0.0725U 阈值=0.3624U
[TRACKER] 04:31:09 持仓=3 盈利=0.3964U 亏损=-1.3815U 净浮盈=-0.9851U 手续费基数=0.0725U 阈值=0.3624U
[TRACKER] 04:31:15 持仓=3 盈利=0.3964U 亏损=-1.3913U 净浮盈=-0.9949U 手续费基数=0.0725U 阈值=0.3624U
[TRACKER] 04:31:22 持仓=3 盈利=0.3964U 亏损=-1.3913U 净浮盈=-0.9949U 手续费基数=0.0725U 阈值=0.3624U
[TRACKER] 04:31:28 持仓=3 盈利=0.3964U 亏损=-1.3633U 净浮盈=-0.9669U 手续费基数=0.0725U 阈值=0.3624U
[TRACKER] 04:31:35 持仓=3 盈利=0.3964U 亏损=-1.2975U 净浮盈=-0.9011U 手续费基数=0.0725U 阈值=0.3624U
[TRACKER] 04:31:41 持仓=3 盈利=0.4671U 亏损=-1.2846U 净浮盈=-0.8174U 手续费基数=0.0725U 阈值=0.3624U
[TRACKER] 04:31:47 持仓=3 盈利=0.4671U 亏损=-1.2786U 净浮盈=-0.8115U 手续费基数=0.0725U 阈值=0.3624U
[TRACKER] 04:31:54 持仓=3 盈利=0.4530U 亏损=-1.2674U 净浮盈=-0.8144U 手续费基数=0.0725U 阈值=0.3624U
[TRACKER] 本轮结束（将由 crontab 重新拉起）
[TRACKER] 启动，每 5 秒检查一次…
[TRACKER] 04:32:03 持仓=3 盈利=0.4530U 亏损=-1.2006U 净浮盈=-0.7476U 手续费基数=0.0725U 阈值=0.3624U
[TRACKER] 04:32:10 持仓=3 盈利=0.4813U 亏损=-1.2006U 净浮盈=-0.7193U 手续费基数=0.0725U 阈值=0.3624U
[TRACKER] 04:32:16 持仓=3 盈利=0.4813U 亏损=-1.2356U 净浮盈=-0.7543U 手续费基数=0.0725U 阈值=0.3624U
[TRACKER] 04:32:23 持仓=3 盈利=0.4955U 亏损=-1.1936U 净浮盈=-0.6981U 手续费基数=0.0725U 阈值=0.3624U
[TRACKER] 04:32:30 持仓=3 盈利=0.5238U 亏损=-1.1936U 净浮盈=-0.6698U 手续费基数=0.0725U 阈值=0.3624U
[TRACKER] 04:32:36 持仓=3 盈利=0.5662U 亏损=-1.1586U 净浮盈=-0.5923U 手续费基数=0.0725U 阈值=0.3624U
[TRACKER] 04:32:42 持仓=3 盈利=0.5804U 亏损=-1.1138U 净浮盈=-0.5334U 手续费基数=0.0725U 阈值=0.3624U
[TRACKER] 04:32:49 持仓=3 盈利=0.5946U 亏损=-1.0438U 净浮盈=-0.4493U 手续费基数=0.0725U 阈值=0.3624U
[TRACKER] 04:32:55 持仓=3 盈利=0.5804U 亏损=-1.0858U 净浮盈=-0.5054U 手续费基数=0.0725U 阈值=0.3624U
[TRACKER] 本轮结束（将由 crontab 重新拉起）
[TRACKER] 启动，每 5 秒检查一次…
[TRACKER] 04:33:02 持仓=3 盈利=0.5238U 亏损=-1.1257U 净浮盈=-0.6019U 手续费基数=0.0725U 阈值=0.3624U
[TRACKER] 04:33:08 持仓=3 盈利=0.5238U 亏损=-1.1355U 净浮盈=-0.6117U 手续费基数=0.0725U 阈值=0.3624U
[TRACKER] 04:33:14 持仓=3 盈利=0.5804U 亏损=-1.1274U 净浮盈=-0.5470U 手续费基数=0.0725U 阈值=0.3624U
[TRACKER] 04:33:21 持仓=3 盈利=0.6512U 亏损=-1.2254U 净浮盈=-0.5742U 手续费基数=0.0725U 阈值=0.3624U
[TRACKER] 04:33:27 持仓=3 盈利=0.6087U 亏损=-1.1764U 净浮盈=-0.5677U 手续费基数=0.0725U 阈值=0.3624U
[TRACKER] 04:33:33 持仓=3 盈利=0.6512U 亏损=-1.1904U 净浮盈=-0.5392U 手续费基数=0.0725U 阈值=0.3624U
[TRACKER] 04:33:40 持仓=3 盈利=0.5946U 亏损=-1.1624U 净浮盈=-0.5678U 手续费基数=0.0725U 阈值=0.3624U
[TRACKER] 04:33:47 持仓=3 盈利=0.5662U 亏损=-1.1603U 净浮盈=-0.5940U 手续费基数=0.0725U 阈值=0.3624U
[TRACKER] 04:33:53 持仓=3 盈利=0.5946U 亏损=-1.1424U 净浮盈=-0.5479U 手续费基数=0.0725U 阈值=0.3624U
[TRACKER] 本轮结束（将由 crontab 重新拉起）
[TRACKER] 启动，每 5 秒检查一次…
[TRACKER] 04:34:03 持仓=3 盈利=0.5946U 亏损=-1.1898U 净浮盈=-0.5952U 手续费基数=0.0725U 阈值=0.3624U
[TRACKER] 04:34:09 持仓=3 盈利=0.5946U 亏损=-1.1408U 净浮盈=-0.5462U 手续费基数=0.0725U 阈值=0.3624U
[TRACKER] 04:34:16 持仓=3 盈利=0.5946U 亏损=-1.1499U 净浮盈=-0.5553U 手续费基数=0.0725U 阈值=0.3624U
[TRACKER] 04:34:22 持仓=3 盈利=0.5946U 亏损=-1.0949U 净浮盈=-0.5004U 手续费基数=0.0725U 阈值=0.3624U
[TRACKER] 04:34:29 持仓=3 盈利=0.5946U 亏损=-1.1229U 净浮盈=-0.5284U 手续费基数=0.0725U 阈值=0.3624U
[TRACKER] 04:34:35 持仓=3 盈利=0.5946U 亏损=-1.1299U 净浮盈=-0.5354U 手续费基数=0.0725U 阈值=0.3624U
[TRACKER] 04:34:41 持仓=3 盈利=0.6512U 亏损=-1.1579U 净浮盈=-0.5068U 手续费基数=0.0725U 阈值=0.3624U
[TRACKER] 04:34:48 持仓=3 盈利=0.6512U 亏损=-1.1579U 净浮盈=-0.5068U 手续费基数=0.0725U 阈值=0.3624U
[TRACKER] 04:34:54 持仓=3 盈利=0.6512U 亏损=-1.2139U 净浮盈=-0.5628U 手续费基数=0.0725U 阈值=0.3624U
[TRACKER] 本轮结束（将由 crontab 重新拉起）
[TRACKER] 启动，每 5 秒检查一次…
[TRACKER] 04:35:03 持仓=3 盈利=0.6229U 亏损=-1.2042U 净浮盈=-0.5813U 手续费基数=0.0725U 阈值=0.3624U
[TRACKER] 04:35:09 持仓=3 盈利=0.5804U 亏损=-1.1832U 净浮盈=-0.6028U 手续费基数=0.0725U 阈值=0.3624U
[TRACKER] 04:35:16 持仓=3 盈利=0.5946U 亏损=-1.1832U 净浮盈=-0.5886U 手续费基数=0.0725U 阈值=0.3624U
[TRACKER] 04:35:22 持仓=3 盈利=0.6512U 亏损=-1.2532U 净浮盈=-0.6020U 手续费基数=0.0725U 阈值=0.3624U
[TRACKER] 04:35:28 持仓=3 盈利=0.6795U 亏损=-1.2532U 净浮盈=-0.5737U 手续费基数=0.0725U 阈值=0.3624U
[TRACKER] 04:35:35 持仓=3 盈利=0.7078U 亏损=-1.3351U 净浮盈=-0.6273U 手续费基数=0.0725U 阈值=0.3624U
[TRACKER] 04:35:41 持仓=3 盈利=0.6936U 亏损=-1.3620U 净浮盈=-0.6684U 手续费基数=0.0725U 阈值=0.3624U
[TRACKER] 04:35:47 持仓=3 盈利=0.6229U 亏损=-1.3889U 净浮盈=-0.7661U 手续费基数=0.0725U 阈值=0.3624U
[TRACKER] 04:35:54 持仓=3 盈利=0.6087U 亏损=-1.3959U 净浮盈=-0.7872U 手续费基数=0.0725U 阈值=0.3624U
[TRACKER] 本轮结束（将由 crontab 重新拉起）
[TRACKER] 启动，每 5 秒检查一次…
[TRACKER] 04:36:03 持仓=3 盈利=0.6087U 亏损=-1.4778U 净浮盈=-0.8691U 手续费基数=0.0725U 阈值=0.3624U
[TRACKER] 04:36:09 持仓=3 盈利=0.5804U 亏损=-1.4838U 净浮盈=-0.9034U 手续费基数=0.0725U 阈值=0.3624U
[TRACKER] 04:36:15 持仓=3 盈利=0.5804U 亏损=-1.4978U 净浮盈=-0.9174U 手续费基数=0.0725U 阈值=0.3624U
[TRACKER] 04:36:22 持仓=3 盈利=0.5521U 亏损=-1.4908U 净浮盈=-0.9387U 手续费基数=0.0725U 阈值=0.3624U
[TRACKER] 04:36:28 持仓=3 盈利=0.5521U 亏损=-1.5118U 净浮盈=-0.9597U 手续费基数=0.0725U 阈值=0.3624U
[TRACKER] 04:36:34 持仓=3 盈利=0.5521U 亏损=-1.5398U 净浮盈=-0.9877U 手续费基数=0.0725U 阈值=0.3624U
[TRACKER] 04:36:40 持仓=3 盈利=0.5521U 亏损=-1.4908U 净浮盈=-0.9387U 手续费基数=0.0725U 阈值=0.3624U
[TRACKER] 04:36:47 持仓=3 盈利=0.5521U 亏损=-1.4708U 净浮盈=-0.9187U 手续费基数=0.0725U 阈值=0.3624U
[TRACKER] 04:36:53 持仓=3 盈利=0.5521U 亏损=-1.4848U 净浮盈=-0.9327U 手续费基数=0.0725U 阈值=0.3624U
[TRACKER] 本轮结束（将由 crontab 重新拉起）
[TRACKER] 启动，每 5 秒检查一次…
[TRACKER] 04:37:03 持仓=3 盈利=0.5521U 亏损=-1.5268U 净浮盈=-0.9747U 手续费基数=0.0725U 阈值=0.3624U
[TRACKER] 04:37:10 持仓=3 盈利=0.5521U 亏损=-1.5258U 净浮盈=-0.9737U 手续费基数=0.0725U 阈值=0.3624U
[TRACKER] 04:37:16 持仓=3 盈利=0.5521U 亏损=-1.5328U 净浮盈=-0.9807U 手续费基数=0.0725U 阈值=0.3624U
[TRACKER] 04:37:22 持仓=3 盈利=0.6512U 亏损=-1.5048U 净浮盈=-0.8536U 手续费基数=0.0725U 阈值=0.3624U
[TRACKER] 04:37:29 持仓=3 盈利=0.6512U 亏损=-1.4848U 净浮盈=-0.8336U 手续费基数=0.0725U 阈值=0.3624U
[TRACKER] 04:37:35 持仓=3 盈利=0.6512U 亏损=-1.5048U 净浮盈=-0.8536U 手续费基数=0.0725U 阈值=0.3624U
[TRACKER] 04:37:41 持仓=3 盈利=0.6512U 亏损=-1.5188U 净浮盈=-0.8676U 手续费基数=0.0725U 阈值=0.3624U
[TRACKER] 04:37:48 持仓=3 盈利=0.6512U 亏损=-1.5188U 净浮盈=-0.8676U 手续费基数=0.0725U 阈值=0.3624U
[TRACKER] 04:37:54 持仓=3 盈利=0.6936U 亏损=-1.5398U 净浮盈=-0.8461U 手续费基数=0.0725U 阈值=0.3624U
[TRACKER] 本轮结束（将由 crontab 重新拉起）
[TRACKER] 启动，每 5 秒检查一次…
[TRACKER] 04:38:04 持仓=3 盈利=0.6653U 亏损=-1.4659U 净浮盈=-0.8006U 手续费基数=0.0725U 阈值=0.3624U
[TRACKER] 04:38:10 持仓=3 盈利=0.6795U 亏损=-1.4180U 净浮盈=-0.7385U 手续费基数=0.0725U 阈值=0.3624U
[TRACKER] 04:38:17 持仓=3 盈利=0.6795U 亏损=-1.4568U 净浮盈=-0.7773U 手续费基数=0.0725U 阈值=0.3624U
[TRACKER] 04:38:23 持仓=3 盈利=0.6653U 亏损=-1.4708U 净浮盈=-0.8055U 手续费基数=0.0725U 阈值=0.3624U
[TRACKER] 04:38:30 持仓=3 盈利=0.6795U 亏损=-1.4708U 净浮盈=-0.7913U 手续费基数=0.0725U 阈值=0.3624U
[TRACKER] 04:38:36 持仓=3 盈利=0.7078U 亏损=-1.4778U 净浮盈=-0.7700U 手续费基数=0.0725U 阈值=0.3624U
[TRACKER] 04:38:42 持仓=3 盈利=0.6936U 亏损=-1.4778U 净浮盈=-0.7842U 手续费基数=0.0725U 阈值=0.3624U
[TRACKER] 04:38:49 持仓=3 盈利=0.6936U 亏损=-1.4698U 净浮盈=-0.7761U 手续费基数=0.0725U 阈值=0.3624U
[TRACKER] 04:38:55 持仓=3 盈利=0.6936U 亏损=-1.4638U 净浮盈=-0.7702U 手续费基数=0.0725U 阈值=0.3624U
[TRACKER] 本轮结束（将由 crontab 重新拉起）
[TRACKER] 启动，每 5 秒检查一次…
[TRACKER] 04:39:02 持仓=3 盈利=0.6795U 亏损=-1.4649U 净浮盈=-0.7854U 手续费基数=0.0725U 阈值=0.3624U
[TRACKER] 04:39:08 持仓=3 盈利=0.6936U 亏损=-1.5128U 净浮盈=-0.8192U 手续费基数=0.0725U 阈值=0.3624U
[TRACKER] 04:39:15 持仓=3 盈利=0.6795U 亏损=-1.5139U 净浮盈=-0.8344U 手续费基数=0.0725U 阈值=0.3624U
[TRACKER] 04:39:21 持仓=3 盈利=0.6653U 亏损=-1.5149U 净浮盈=-0.8496U 手续费基数=0.0725U 阈值=0.3624U
[TRACKER] 04:39:27 持仓=3 盈利=0.6653U 亏损=-1.4519U 净浮盈=-0.7866U 手续费基数=0.0725U 阈值=0.3624U
[TRACKER] 04:39:33 持仓=3 盈利=0.6512U 亏损=-1.4309U 净浮盈=-0.7798U 手续费基数=0.0725U 阈值=0.3624U
[TRACKER] 04:39:40 持仓=3 盈利=0.6512U 亏损=-1.4869U 净浮盈=-0.8358U 手续费基数=0.0725U 阈值=0.3624U
[TRACKER] 04:39:47 持仓=3 盈利=0.6370U 亏损=-1.5429U 净浮盈=-0.9059U 手续费基数=0.0725U 阈值=0.3624U
[TRACKER] 04:39:53 持仓=3 盈利=0.6370U 亏损=-1.5289U 净浮盈=-0.8919U 手续费基数=0.0725U 阈值=0.3624U
[TRACKER] 本轮结束（将由 crontab 重新拉起）
[TRACKER] 启动，每 5 秒检查一次…
[TRACKER] 04:40:04 持仓=3 盈利=0.6370U 亏损=-1.5149U 净浮盈=-0.8779U 手续费基数=0.0725U 阈值=0.3624U
[TRACKER] 04:40:10 持仓=3 盈利=0.6229U 亏损=-1.5219U 净浮盈=-0.8991U 手续费基数=0.0725U 阈值=0.3624U
[TRACKER] 04:40:16 持仓=3 盈利=0.6370U 亏损=-1.5209U 净浮盈=-0.8839U 手续费基数=0.0725U 阈值=0.3624U
[TRACKER] 04:40:22 持仓=3 盈利=0.6370U 亏损=-1.5209U 净浮盈=-0.8839U 手续费基数=0.0725U 阈值=0.3624U
[TRACKER] 04:40:29 持仓=3 盈利=0.6370U 亏损=-1.5209U 净浮盈=-0.8839U 手续费基数=0.0725U 阈值=0.3624U
[TRACKER] 04:40:35 持仓=3 盈利=0.6229U 亏损=-1.5317U 净浮盈=-0.9088U 手续费基数=0.0725U 阈值=0.3624U
[TRACKER] 04:40:41 持仓=3 盈利=0.6087U 亏损=-1.4908U 净浮盈=-0.8821U 手续费基数=0.0725U 阈值=0.3624U
[TRACKER] 04:40:48 持仓=3 盈利=0.6087U 亏损=-1.5188U 净浮盈=-0.9101U 手续费基数=0.0725U 阈值=0.3624U
[TRACKER] 04:40:54 持仓=3 盈利=0.5521U 亏损=-1.5349U 净浮盈=-0.9828U 手续费基数=0.0725U 阈值=0.3624U
[TRACKER] 本轮结束（将由 crontab 重新拉起）
[TRACKER] 启动，每 5 秒检查一次…
[TRACKER] 04:41:04 持仓=3 盈利=0.5804U 亏损=-1.5359U 净浮盈=-0.9556U 手续费基数=0.0725U 阈值=0.3624U
[TRACKER] 04:41:10 持仓=3 盈利=0.5804U 亏损=-1.5149U 净浮盈=-0.9345U 手续费基数=0.0725U 阈值=0.3624U
[TRACKER] 04:41:17 持仓=3 盈利=0.5662U 亏损=-1.5667U 净浮盈=-1.0005U 手续费基数=0.0725U 阈值=0.3624U
[TRACKER] 04:41:23 持仓=3 盈利=0.5662U 亏损=-1.5667U 净浮盈=-1.0005U 手续费基数=0.0725U 阈值=0.3624U
[TRACKER] 04:41:29 持仓=3 盈利=0.5804U 亏损=-1.5597U 净浮盈=-0.9793U 手续费基数=0.0725U 阈值=0.3624U
[TRACKER] 04:41:36 持仓=3 盈利=0.5804U 亏损=-1.5387U 净浮盈=-0.9583U 手续费基数=0.0725U 阈值=0.3624U
[TRACKER] 04:41:42 持仓=3 盈利=0.5946U 亏损=-1.5597U 净浮盈=-0.9651U 手续费基数=0.0725U 阈值=0.3624U
[TRACKER] 04:41:48 持仓=3 盈利=0.5946U 亏损=-1.5716U 净浮盈=-0.9770U 手续费基数=0.0725U 阈值=0.3624U
[TRACKER] 04:41:55 持仓=3 盈利=0.5946U 亏损=-1.5775U 净浮盈=-0.9830U 手续费基数=0.0725U 阈值=0.3624U
[TRACKER] 本轮结束（将由 crontab 重新拉起）
[TRACKER] 启动，每 5 秒检查一次…
[TRACKER] 04:42:02 持仓=3 盈利=0.5946U 亏损=-1.5586U 净浮盈=-0.9641U 手续费基数=0.0725U 阈值=0.3624U
[TRACKER] 04:42:08 持仓=3 盈利=0.6512U 亏损=-1.5991U 净浮盈=-0.9480U 手续费基数=0.0725U 阈值=0.3624U
[TRACKER] 04:42:15 持仓=3 盈利=0.6512U 亏损=-1.5792U 净浮盈=-0.9280U 手续费基数=0.0725U 阈值=0.3624U
[TRACKER] 04:42:21 持仓=3 盈利=0.6512U 亏损=-1.5781U 净浮盈=-0.9270U 手续费基数=0.0725U 阈值=0.3624U
[TRACKER] 04:42:28 持仓=3 盈利=0.6512U 亏损=-1.5771U 净浮盈=-0.9259U 手续费基数=0.0725U 阈值=0.3624U
[TRACKER] 04:42:34 持仓=3 盈利=0.6370U 亏损=-1.5862U 净浮盈=-0.9492U 手续费基数=0.0725U 阈值=0.3624U
[TRACKER] 04:42:41 持仓=3 盈利=0.6512U 亏损=-1.6100U 净浮盈=-0.9588U 手续费基数=0.0725U 阈值=0.3624U
[TRACKER] 04:42:47 持仓=3 盈利=0.6512U 亏损=-1.6201U 净浮盈=-0.9690U 手续费基数=0.0725U 阈值=0.3624U
[TRACKER] 04:42:54 持仓=3 盈利=0.6512U 亏损=-1.6153U 净浮盈=-0.9641U 手续费基数=0.0725U 阈值=0.3624U
[TRACKER] 本轮结束（将由 crontab 重新拉起）
[TRACKER] 启动，每 5 秒检查一次…
[TRACKER] 04:43:03 持仓=3 盈利=0.6512U 亏损=-1.5442U 净浮盈=-0.8930U 手续费基数=0.0725U 阈值=0.3624U
[TRACKER] 04:43:09 持仓=3 盈利=0.6512U 亏损=-1.5733U 净浮盈=-0.9221U 手续费基数=0.0725U 阈值=0.3624U
[TRACKER] 04:43:16 持仓=3 盈利=0.6512U 亏损=-1.5873U 净浮盈=-0.9361U 手续费基数=0.0725U 阈值=0.3624U
[TRACKER] 04:43:23 持仓=3 盈利=0.6512U 亏损=-1.5964U 净浮盈=-0.9452U 手续费基数=0.0725U 阈值=0.3624U
[TRACKER] 04:43:29 持仓=3 盈利=0.6653U 亏损=-1.6384U 净浮盈=-0.9731U 手续费基数=0.0725U 阈值=0.3624U
[TRACKER] 04:43:36 持仓=3 盈利=0.7361U 亏损=-1.6674U 净浮盈=-0.9313U 手续费基数=0.0725U 阈值=0.3624U
[TRACKER] 04:43:42 持仓=3 盈利=0.7361U 亏损=-1.7014U 净浮盈=-0.9653U 手续费基数=0.0725U 阈值=0.3624U
[TRACKER] 04:43:49 持仓=3 盈利=0.6795U 亏损=-1.7084U 净浮盈=-1.0289U 手续费基数=0.0725U 阈值=0.3624U
[TRACKER] 04:43:55 持仓=3 盈利=0.6795U 亏损=-1.6384U 净浮盈=-0.9589U 手续费基数=0.0725U 阈值=0.3624U
[TRACKER] 本轮结束（将由 crontab 重新拉起）
[TRACKER] 启动，每 5 秒检查一次…
[TRACKER] 04:44:02 持仓=3 盈利=0.6936U 亏损=-1.6174U 净浮盈=-0.9237U 手续费基数=0.0725U 阈值=0.3624U
[TRACKER] 04:44:09 持仓=3 盈利=0.6936U 亏损=-1.6244U 净浮盈=-0.9307U 手续费基数=0.0725U 阈值=0.3624U
[TRACKER] 04:44:15 持仓=3 盈利=0.6653U 亏损=-1.6174U 净浮盈=-0.9521U 手续费基数=0.0725U 阈值=0.3624U
[TRACKER] 04:44:22 持仓=3 盈利=0.6653U 亏损=-1.6174U 净浮盈=-0.9521U 手续费基数=0.0725U 阈值=0.3624U
[TRACKER] 04:44:28 持仓=3 盈利=0.6512U 亏损=-1.6034U 净浮盈=-0.9522U 手续费基数=0.0725U 阈值=0.3624U
[TRACKER] 04:44:34 持仓=3 盈利=0.6512U 亏损=-1.5964U 净浮盈=-0.9452U 手续费基数=0.0725U 阈值=0.3624U
[TRACKER] 04:44:41 持仓=3 盈利=0.6229U 亏损=-1.6023U 净浮盈=-0.9795U 手续费基数=0.0725U 阈值=0.3624U
[TRACKER] 04:44:48 持仓=3 盈利=0.6370U 亏损=-1.6163U 净浮盈=-0.9793U 手续费基数=0.0725U 阈值=0.3624U
[TRACKER] 04:44:54 持仓=3 盈利=0.6370U 亏损=-1.6352U 净浮盈=-0.9982U 手续费基数=0.0725U 阈值=0.3624U
[TRACKER] 本轮结束（将由 crontab 重新拉起）
[TRACKER] 启动，每 5 秒检查一次…
[TRACKER] 04:45:03 持仓=3 盈利=0.6512U 亏损=-1.6233U 净浮盈=-0.9722U 手续费基数=0.0725U 阈值=0.3624U
[TRACKER] 04:45:09 持仓=3 盈利=0.6512U 亏损=-1.5603U 净浮盈=-0.9091U 手续费基数=0.0725U 阈值=0.3624U
[TRACKER] 04:45:16 持仓=3 盈利=0.6087U 亏损=-1.5928U 净浮盈=-0.9841U 手续费基数=0.0725U 阈值=0.3624U
[TRACKER] 04:45:22 持仓=3 盈利=0.6087U 亏损=-1.6068U 净浮盈=-0.9981U 手续费基数=0.0725U 阈值=0.3624U
[TRACKER] 04:45:28 持仓=3 盈利=0.6087U 亏损=-1.5463U 净浮盈=-0.9376U 手续费基数=0.0725U 阈值=0.3624U
[TRACKER] 04:45:35 持仓=3 盈利=0.6087U 亏损=-1.4988U 净浮盈=-0.8901U 手续费基数=0.0725U 阈值=0.3624U
[TRACKER] 04:45:41 持仓=3 盈利=0.6229U 亏损=-1.5338U 净浮盈=-0.9110U 手续费基数=0.0725U 阈值=0.3624U
[TRACKER] 04:45:47 持仓=3 盈利=0.6370U 亏损=-1.5695U 净浮盈=-0.9324U 手续费基数=0.0725U 阈值=0.3624U
[TRACKER] 04:45:54 持仓=3 盈利=0.6370U 亏损=-1.5205U 净浮盈=-0.8834U 手续费基数=0.0725U 阈值=0.3624U
[TRACKER] 本轮结束（将由 crontab 重新拉起）
[TRACKER] 启动，每 5 秒检查一次…
[TRACKER] 04:46:03 持仓=3 盈利=0.6653U 亏损=-1.5739U 净浮盈=-0.9086U 手续费基数=0.0725U 阈值=0.3624U
[TRACKER] 04:46:09 持仓=3 盈利=0.6512U 亏损=-1.5841U 净浮盈=-0.9329U 手续费基数=0.0725U 阈值=0.3624U
[TRACKER] 04:46:16 持仓=3 盈利=0.6512U 亏损=-1.5900U 净浮盈=-0.9388U 手续费基数=0.0725U 阈值=0.3624U
[TRACKER] 04:46:22 持仓=3 盈利=0.6370U 亏损=-1.5603U 净浮盈=-0.9233U 手续费基数=0.0725U 阈值=0.3624U
[TRACKER] 04:46:28 持仓=3 盈利=0.6370U 亏损=-1.5705U 净浮盈=-0.9335U 手续费基数=0.0725U 阈值=0.3624U
[TRACKER] 04:46:35 持仓=3 盈利=0.6512U 亏损=-1.6766U 净浮盈=-1.0254U 手续费基数=0.0725U 阈值=0.3624U
[TRACKER] 04:46:41 持仓=3 盈利=0.6653U 亏损=-1.6825U 净浮盈=-1.0172U 手续费基数=0.0725U 阈值=0.3624U
[TRACKER] 04:46:48 持仓=3 盈利=0.6653U 亏损=-1.8982U 净浮盈=-1.2329U 手续费基数=0.0725U 阈值=0.3624U
[TRACKER] 04:46:55 持仓=3 盈利=0.6653U 亏损=-1.8863U 净浮盈=-1.2210U 手续费基数=0.0725U 阈值=0.3624U
[TRACKER] 本轮结束（将由 crontab 重新拉起）
[TRACKER] 启动，每 5 秒检查一次…
[TRACKER] 04:47:02 持仓=3 盈利=0.6370U 亏损=-1.8000U 净浮盈=-1.1630U 手续费基数=0.0725U 阈值=0.3624U
[TRACKER] 04:47:08 持仓=3 盈利=0.6370U 亏损=-1.7892U 净浮盈=-1.1522U 手续费基数=0.0725U 阈值=0.3624U
[TRACKER] 04:47:15 持仓=3 盈利=0.6370U 亏损=-1.8032U 净浮盈=-1.1662U 手续费基数=0.0725U 阈值=0.3624U
[TRACKER] 04:47:21 持仓=3 盈利=0.6370U 亏损=-1.8371U 净浮盈=-1.2001U 手续费基数=0.0725U 阈值=0.3624U
[TRACKER] 04:47:28 持仓=3 盈利=0.6936U 亏损=-1.8501U 净浮盈=-1.1564U 手续费基数=0.0725U 阈值=0.3624U
[TRACKER] 04:47:34 持仓=3 盈利=0.6936U 亏损=-1.8528U 净浮盈=-1.1592U 手续费基数=0.0725U 阈值=0.3624U
[TRACKER] 04:47:41 持仓=3 盈利=0.6936U 亏损=-1.9088U 净浮盈=-1.2152U 手续费基数=0.0725U 阈值=0.3624U
[TRACKER] 04:47:47 持仓=3 盈利=0.6936U 亏损=-1.9574U 净浮盈=-1.2638U 手续费基数=0.0725U 阈值=0.3624U
[TRACKER] 04:47:53 持仓=3 盈利=0.6936U 亏损=-1.9786U 净浮盈=-1.2849U 手续费基数=0.0725U 阈值=0.3624U
[TRACKER] 本轮结束（将由 crontab 重新拉起）
[TRACKER] 启动，每 5 秒检查一次…
[TRACKER] 04:48:03 持仓=3 盈利=0.7220U 亏损=-1.9262U 净浮盈=-1.2043U 手续费基数=0.0725U 阈值=0.3624U
[TRACKER] 04:48:10 持仓=3 盈利=0.7361U 亏损=-1.8554U 净浮盈=-1.1193U 手续费基数=0.0725U 阈值=0.3624U
[TRACKER] 04:48:16 持仓=3 盈利=0.7361U 亏损=-1.9001U 净浮盈=-1.1640U 手续费基数=0.0725U 阈值=0.3624U
[TRACKER] 04:48:22 持仓=3 盈利=0.7503U 亏损=-1.8721U 净浮盈=-1.1219U 手续费基数=0.0725U 阈值=0.3624U
[TRACKER] 04:48:29 持仓=3 盈利=0.7503U 亏损=-1.8096U 净浮盈=-1.0593U 手续费基数=0.0725U 阈值=0.3624U
[TRACKER] 04:48:35 持仓=3 盈利=0.7503U 亏损=-1.8015U 净浮盈=-1.0512U 手续费基数=0.0725U 阈值=0.3624U
[TRACKER] 04:48:41 持仓=3 盈利=0.7503U 亏损=-1.8704U 净浮盈=-1.1202U 手续费基数=0.0725U 阈值=0.3624U
[TRACKER] 04:48:47 持仓=3 盈利=0.8069U 亏损=-1.7981U 净浮盈=-0.9912U 手续费基数=0.0725U 阈值=0.3624U
[TRACKER] 04:48:54 持仓=3 盈利=0.7927U 亏损=-1.8246U 净浮盈=-1.0319U 手续费基数=0.0725U 阈值=0.3624U
[TRACKER] 本轮结束（将由 crontab 重新拉起）
[TRACKER] 启动，每 5 秒检查一次…
[TRACKER] 04:49:03 持仓=3 盈利=0.7644U 亏损=-1.7578U 净浮盈=-0.9934U 手续费基数=0.0725U 阈值=0.3624U
[TRACKER] 04:49:09 持仓=3 盈利=0.7644U 亏损=-1.6706U 净浮盈=-0.9062U 手续费基数=0.0725U 阈值=0.3624U
[TRACKER] 04:49:16 持仓=3 盈利=0.7644U 亏损=-1.7374U 净浮盈=-0.9730U 手续费基数=0.0725U 阈值=0.3624U
[TRACKER] 04:49:22 持仓=3 盈利=0.7644U 亏损=-1.6976U 净浮盈=-0.9331U 手续费基数=0.0725U 阈值=0.3624U
[TRACKER] 04:49:28 持仓=3 盈利=0.7927U 亏损=-1.7067U 净浮盈=-0.9140U 手续费基数=0.0725U 阈值=0.3624U
[TRACKER] 04:49:35 持仓=3 盈利=0.7927U 亏损=-1.7218U 净浮盈=-0.9290U 手续费基数=0.0725U 阈值=0.3624U
[TRACKER] 04:49:41 持仓=3 盈利=0.7644U 亏损=-1.6798U 净浮盈=-0.9153U 手续费基数=0.0725U 阈值=0.3624U
[TRACKER] 04:49:47 持仓=3 盈利=0.7644U 亏损=-1.7148U 净浮盈=-0.9503U 手续费基数=0.0725U 阈值=0.3624U
[TRACKER] 04:49:53 持仓=3 盈利=0.7927U 亏损=-1.6878U 净浮盈=-0.8951U 手续费基数=0.0725U 阈值=0.3624U
[TRACKER] 本轮结束（将由 crontab 重新拉起）
[TRACKER] 启动，每 5 秒检查一次…
[TRACKER] 04:50:02 持仓=3 盈利=0.8069U 亏损=-1.6868U 净浮盈=-0.8799U 手续费基数=0.0725U 阈值=0.3624U
[TRACKER] 04:50:09 持仓=3 盈利=0.7927U 亏损=-1.6210U 净浮盈=-0.8283U 手续费基数=0.0725U 阈值=0.3624U
[TRACKER] 04:50:15 持仓=3 盈利=0.7927U 亏损=-1.6140U 净浮盈=-0.8213U 手续费基数=0.0725U 阈值=0.3624U
[TRACKER] 04:50:21 持仓=3 盈利=0.7927U 亏损=-1.5580U 净浮盈=-0.7653U 手续费基数=0.0725U 阈值=0.3624U
[TRACKER] 04:50:28 持仓=3 盈利=0.7927U 亏损=-1.5440U 净浮盈=-0.7513U 手续费基数=0.0725U 阈值=0.3624U
[TRACKER] 04:50:34 持仓=3 盈利=0.7927U 亏损=-1.5181U 净浮盈=-0.7254U 手续费基数=0.0725U 阈值=0.3624U
[TRACKER] 04:50:40 持仓=3 盈利=0.8210U 亏损=-1.4691U 净浮盈=-0.6481U 手续费基数=0.0725U 阈值=0.3624U
[TRACKER] 04:50:47 持仓=3 盈利=0.8069U 亏损=-1.4191U 净浮盈=-0.6122U 手续费基数=0.0725U 阈值=0.3624U
[TRACKER] 04:50:53 持仓=3 盈利=0.8069U 亏损=-1.4121U 净浮盈=-0.6052U 手续费基数=0.0725U 阈值=0.3624U
[TRACKER] 本轮结束（将由 crontab 重新拉起）
[TRACKER] 启动，每 5 秒检查一次…
[TRACKER] 04:51:03 持仓=3 盈利=0.8210U 亏损=-1.4246U 净浮盈=-0.6035U 手续费基数=0.0725U 阈值=0.3624U
[TRACKER] 04:51:09 持仓=3 盈利=0.8352U 亏损=-1.4176U 净浮盈=-0.5824U 手续费基数=0.0725U 阈值=0.3624U
[TRACKER] 04:51:16 持仓=3 盈利=0.8352U 亏损=-1.4806U 净浮盈=-0.6454U 手续费基数=0.0725U 阈值=0.3624U
[TRACKER] 04:51:22 持仓=3 盈利=0.8635U 亏损=-1.4806U 净浮盈=-0.6171U 手续费基数=0.0725U 阈值=0.3624U
[TRACKER] 04:51:29 持仓=3 盈利=0.8494U 亏损=-1.4666U 净浮盈=-0.6172U 手续费基数=0.0725U 阈值=0.3624U
[TRACKER] 04:51:35 持仓=3 盈利=0.8635U 亏损=-1.4526U 净浮盈=-0.5891U 手续费基数=0.0725U 阈值=0.3624U
[TRACKER] 04:51:41 持仓=3 盈利=0.8352U 亏损=-1.4106U 净浮盈=-0.5754U 手续费基数=0.0725U 阈值=0.3624U
[TRACKER] 04:51:48 持仓=3 盈利=0.8352U 亏损=-1.4116U 净浮盈=-0.5764U 手续费基数=0.0725U 阈值=0.3624U
[TRACKER] 04:51:54 持仓=3 盈利=0.7786U 亏损=-1.4294U 净浮盈=-0.6509U 手续费基数=0.0725U 阈值=0.3624U
[TRACKER] 本轮结束（将由 crontab 重新拉起）
[TRACKER] 启动，每 5 秒检查一次…
[TRACKER] 04:52:03 持仓=3 盈利=0.7927U 亏损=-1.4683U 净浮盈=-0.6755U 手续费基数=0.0725U 阈值=0.3624U
[TRACKER] 04:52:09 持仓=3 盈利=0.7927U 亏损=-1.4693U 净浮盈=-0.6766U 手续费基数=0.0725U 阈值=0.3624U
[TRACKER] 04:52:16 持仓=3 盈利=0.8069U 亏损=-1.4424U 净浮盈=-0.6355U 手续费基数=0.0725U 阈值=0.3624U
[TRACKER] 04:52:22 持仓=3 盈利=0.8069U 亏损=-1.4812U 净浮盈=-0.6743U 手续费基数=0.0725U 阈值=0.3624U
[TRACKER] 04:52:28 持仓=3 盈利=0.8069U 亏损=-1.4252U 净浮盈=-0.6183U 手续费基数=0.0725U 阈值=0.3624U
[TRACKER] 04:52:35 持仓=3 盈利=0.8210U 亏损=-1.4742U 净浮盈=-0.6532U 手续费基数=0.0725U 阈值=0.3624U
[TRACKER] 04:52:41 持仓=3 盈利=0.7927U 亏损=-1.4812U 净浮盈=-0.6885U 手续费基数=0.0725U 阈值=0.3624U
[TRACKER] 04:52:47 持仓=3 盈利=0.8069U 亏损=-1.4532U 净浮盈=-0.6463U 手续费基数=0.0725U 阈值=0.3624U
[TRACKER] 04:52:54 持仓=3 盈利=0.7927U 亏损=-1.4591U 净浮盈=-0.6664U 手续费基数=0.0725U 阈值=0.3624U
[TRACKER] 本轮结束（将由 crontab 重新拉起）
[TRACKER] 启动，每 5 秒检查一次…
[TRACKER] 04:53:03 持仓=3 盈利=0.7644U 亏损=-1.4941U 净浮盈=-0.7297U 手续费基数=0.0725U 阈值=0.3624U
[TRACKER] 04:53:10 持仓=3 盈利=0.7644U 亏损=-1.5151U 净浮盈=-0.7507U 手续费基数=0.0725U 阈值=0.3624U
[TRACKER] 04:53:16 持仓=3 盈利=0.7503U 亏损=-1.5001U 净浮盈=-0.7498U 手续费基数=0.0725U 阈值=0.3624U
[TRACKER] 04:53:23 持仓=3 盈利=0.8210U 亏损=-1.5001U 净浮盈=-0.6790U 手续费基数=0.0725U 阈值=0.3624U
[TRACKER] 04:53:29 持仓=3 盈利=0.8210U 亏损=-1.4941U 净浮盈=-0.6731U 手续费基数=0.0725U 阈值=0.3624U
[TRACKER] 04:53:36 持仓=3 盈利=0.8210U 亏损=-1.4462U 净浮盈=-0.6252U 手续费基数=0.0725U 阈值=0.3624U
[TRACKER] 04:53:42 持仓=3 盈利=0.8210U 亏损=-1.4672U 净浮盈=-0.6462U 手续费基数=0.0725U 阈值=0.3624U
[TRACKER] 04:53:49 持仓=3 盈利=0.8210U 亏损=-1.4602U 净浮盈=-0.6392U 手续费基数=0.0725U 阈值=0.3624U
[TRACKER] 04:53:55 持仓=3 盈利=0.8352U 亏损=-1.4602U 净浮盈=-0.6250U 手续费基数=0.0725U 阈值=0.3624U
[TRACKER] 本轮结束（将由 crontab 重新拉起）
[TRACKER] 启动，每 5 秒检查一次…
[TRACKER] 04:54:02 持仓=3 盈利=0.8210U 亏损=-1.5022U 净浮盈=-0.6812U 手续费基数=0.0725U 阈值=0.3624U
[TRACKER] 04:54:08 持仓=3 盈利=0.8352U 亏损=-1.5162U 净浮盈=-0.6810U 手续费基数=0.0725U 阈值=0.3624U
[TRACKER] 04:54:15 持仓=3 盈利=0.8352U 亏损=-1.5092U 净浮盈=-0.6740U 手续费基数=0.0725U 阈值=0.3624U
[TRACKER] 04:54:21 持仓=3 盈利=0.8352U 亏损=-1.5932U 净浮盈=-0.7580U 手续费基数=0.0725U 阈值=0.3624U
[TRACKER] 04:54:28 持仓=3 盈利=0.8352U 亏损=-1.6422U 净浮盈=-0.8070U 手续费基数=0.0725U 阈值=0.3624U
[TRACKER] 04:54:34 持仓=3 盈利=0.8352U 亏损=-1.7052U 净浮盈=-0.8700U 手续费基数=0.0725U 阈值=0.3624U
[TRACKER] 04:54:41 持仓=3 盈利=0.8352U 亏损=-1.7580U 净浮盈=-0.9228U 手续费基数=0.0725U 阈值=0.3624U
[TRACKER] 04:54:47 持仓=3 盈利=0.8210U 亏损=-1.6772U 净浮盈=-0.8562U 手续费基数=0.0725U 阈值=0.3624U
[TRACKER] 04:54:53 持仓=3 盈利=0.7927U 亏损=-1.6912U 净浮盈=-0.8985U 手续费基数=0.0725U 阈值=0.3624U
[TRACKER] 本轮结束（将由 crontab 重新拉起）
[TRACKER] 启动，每 5 秒检查一次…
[TRACKER] 04:55:02 持仓=3 盈利=0.7644U 亏损=-1.7489U 净浮盈=-0.9845U 手续费基数=0.0725U 阈值=0.3624U
[TRACKER] 04:55:09 持仓=3 盈利=0.8069U 亏损=-1.7279U 净浮盈=-0.9210U 手续费基数=0.0725U 阈值=0.3624U
[TRACKER] 04:55:15 持仓=3 盈利=0.7927U 亏损=-1.7150U 净浮盈=-0.9222U 手续费基数=0.0725U 阈值=0.3624U
[TRACKER] 04:55:21 持仓=3 盈利=0.8210U 亏损=-1.7349U 净浮盈=-0.9138U 手续费基数=0.0725U 阈值=0.3624U
[TRACKER] 04:55:28 持仓=3 盈利=0.7927U 亏损=-1.6466U 净浮盈=-0.8539U 手续费基数=0.0725U 阈值=0.3624U
[TRACKER] 04:55:34 持仓=3 盈利=0.8069U 亏损=-1.5824U 净浮盈=-0.7755U 手续费基数=0.0725U 阈值=0.3624U
[TRACKER] 04:55:41 持仓=3 盈利=0.7786U 亏损=-1.5964U 净浮盈=-0.8178U 手续费基数=0.0725U 阈值=0.3624U
[TRACKER] 04:55:47 持仓=3 盈利=0.7786U 亏损=-1.6034U 净浮盈=-0.8248U 手续费基数=0.0725U 阈值=0.3624U
[TRACKER] 04:55:53 持仓=3 盈利=0.7927U 亏损=-1.5964U 净浮盈=-0.8037U 手续费基数=0.0725U 阈值=0.3624U
[TRACKER] 本轮结束（将由 crontab 重新拉起）
[TRACKER] 启动，每 5 秒检查一次…
[TRACKER] 04:56:04 持仓=3 盈利=0.7644U 亏损=-1.5894U 净浮盈=-0.8250U 手续费基数=0.0725U 阈值=0.3624U
[TRACKER] 04:56:10 持仓=3 盈利=0.7361U 亏损=-1.5964U 净浮盈=-0.8603U 手续费基数=0.0725U 阈值=0.3624U
[TRACKER] 04:56:17 持仓=3 盈利=0.7361U 亏损=-1.6034U 净浮盈=-0.8673U 手续费基数=0.0725U 阈值=0.3624U
[TRACKER] 04:56:23 持仓=3 盈利=0.6795U 亏损=-1.5824U 净浮盈=-0.9029U 手续费基数=0.0725U 阈值=0.3624U
[TRACKER] 04:56:30 持仓=3 盈利=0.6795U 亏损=-1.5684U 净浮盈=-0.8889U 手续费基数=0.0725U 阈值=0.3624U
[TRACKER] 04:56:36 持仓=3 盈利=0.6795U 亏损=-1.5754U 净浮盈=-0.8959U 手续费基数=0.0725U 阈值=0.3624U
[TRACKER] 04:56:43 持仓=3 盈利=0.6795U 亏损=-1.5991U 净浮盈=-0.9197U 手续费基数=0.0725U 阈值=0.3624U
[TRACKER] 04:56:49 持仓=3 盈利=0.6795U 亏损=-1.6240U 净浮盈=-0.9445U 手续费基数=0.0725U 阈值=0.3624U
[TRACKER] 04:56:55 持仓=3 盈利=0.6795U 亏损=-1.6590U 净浮盈=-0.9795U 手续费基数=0.0725U 阈值=0.3624U
[TRACKER] 本轮结束（将由 crontab 重新拉起）
[TRACKER] 启动，每 5 秒检查一次…
[TRACKER] 04:57:02 持仓=3 盈利=0.7361U 亏损=-1.7010U 净浮盈=-0.9648U 手续费基数=0.0725U 阈值=0.3624U
[TRACKER] 04:57:09 持仓=3 盈利=0.7361U 亏损=-1.6730U 净浮盈=-0.9368U 手续费基数=0.0725U 阈值=0.3624U
[TRACKER] 04:57:15 持仓=3 盈利=0.7503U 亏损=-1.6255U 净浮盈=-0.8752U 手续费基数=0.0725U 阈值=0.3624U
[TRACKER] 04:57:21 持仓=3 盈利=0.7503U 亏损=-1.6604U 净浮盈=-0.9102U 手续费基数=0.0725U 阈值=0.3624U
[TRACKER] 04:57:28 持仓=3 盈利=0.7361U 亏损=-1.6464U 净浮盈=-0.9103U 手续费基数=0.0725U 阈值=0.3624U
[TRACKER] 04:57:34 持仓=3 盈利=0.7361U 亏损=-1.6464U 净浮盈=-0.9103U 手续费基数=0.0725U 阈值=0.3624U
[TRACKER] 04:57:40 持仓=3 盈利=0.7361U 亏损=-1.6464U 净浮盈=-0.9103U 手续费基数=0.0725U 阈值=0.3624U
[TRACKER] 04:57:47 持仓=3 盈利=0.7361U 亏损=-1.5904U 净浮盈=-0.8543U 手续费基数=0.0725U 阈值=0.3624U
[TRACKER] 04:57:53 持仓=3 盈利=0.7361U 亏损=-1.6121U 净浮盈=-0.8760U 手续费基数=0.0725U 阈值=0.3624U
[TRACKER] 本轮结束（将由 crontab 重新拉起）
[TRACKER] 启动，每 5 秒检查一次…
[TRACKER] 04:58:03 持仓=3 盈利=0.7078U 亏损=-1.6121U 净浮盈=-0.9043U 手续费基数=0.0725U 阈值=0.3624U
[TRACKER] 04:58:10 持仓=3 盈利=0.6936U 亏损=-1.5771U 净浮盈=-0.8834U 手续费基数=0.0725U 阈值=0.3624U
[TRACKER] 04:58:16 持仓=3 盈利=0.6653U 亏损=-1.5841U 净浮盈=-0.9187U 手续费基数=0.0725U 阈值=0.3624U
[TRACKER] 04:58:22 持仓=3 盈利=0.6936U 亏损=-1.5001U 净浮盈=-0.8064U 手续费基数=0.0725U 阈值=0.3624U
[TRACKER] 04:58:29 持仓=3 盈利=0.6936U 亏损=-1.3917U 净浮盈=-0.6981U 手续费基数=0.0725U 阈值=0.3624U
[TRACKER] 04:58:35 持仓=3 盈利=0.7220U 亏损=-1.4413U 净浮盈=-0.7194U 手续费基数=0.0725U 阈值=0.3624U
[TRACKER] 04:58:42 持仓=3 盈利=0.7220U 亏损=-1.4413U 净浮盈=-0.7194U 手续费基数=0.0725U 阈值=0.3624U
[TRACKER] 04:58:48 持仓=3 盈利=0.7220U 亏损=-1.4553U 净浮盈=-0.7334U 手续费基数=0.0725U 阈值=0.3624U
[TRACKER] 04:58:54 持仓=3 盈利=0.7220U 亏损=-1.4833U 净浮盈=-0.7614U 手续费基数=0.0725U 阈值=0.3624U
[TRACKER] 本轮结束（将由 crontab 重新拉起）
[TRACKER] 启动，每 5 秒检查一次…
[TRACKER] 04:59:03 持仓=3 盈利=0.7078U 亏损=-1.4791U 净浮盈=-0.7713U 手续费基数=0.0725U 阈值=0.3624U
[TRACKER] 04:59:10 持仓=3 盈利=0.7078U 亏损=-1.5001U 净浮盈=-0.7923U 手续费基数=0.0725U 阈值=0.3624U
[TRACKER] 04:59:16 持仓=3 盈利=0.7078U 亏损=-1.4721U 净浮盈=-0.7643U 手续费基数=0.0725U 阈值=0.3624U
[TRACKER] 04:59:22 持仓=3 盈利=0.7078U 亏损=-1.4780U 净浮盈=-0.7702U 手续费基数=0.0725U 阈值=0.3624U
[TRACKER] 04:59:29 持仓=3 盈利=0.7078U 亏损=-1.4833U 净浮盈=-0.7755U 手续费基数=0.0725U 阈值=0.3624U
[TRACKER] 04:59:35 持仓=3 盈利=0.7078U 亏损=-1.5183U 净浮盈=-0.8105U 手续费基数=0.0725U 阈值=0.3624U
[TRACKER] 04:59:41 持仓=3 盈利=0.7361U 亏损=-1.5113U 净浮盈=-0.7752U 手续费基数=0.0725U 阈值=0.3624U
[TRACKER] 04:59:48 持仓=3 盈利=0.7361U 亏损=-1.5183U 净浮盈=-0.7822U 手续费基数=0.0725U 阈值=0.3624U
[TRACKER] 04:59:54 持仓=3 盈利=0.7361U 亏损=-1.5323U 净浮盈=-0.7962U 手续费基数=0.0725U 阈值=0.3624U
[TRACKER] 本轮结束（将由 crontab 重新拉起）
[TRACKER] 启动，每 5 秒检查一次…
[TRACKER] 05:00:03 持仓=3 盈利=0.7503U 亏损=-1.4973U 净浮盈=-0.7471U 手续费基数=0.0722U 阈值=0.3612U
[TRACKER] 05:00:10 持仓=3 盈利=0.7503U 亏损=-1.4623U 净浮盈=-0.7121U 手续费基数=0.0722U 阈值=0.3612U
[TRACKER] 05:00:16 持仓=3 盈利=0.7503U 亏损=-1.4623U 净浮盈=-0.7121U 手续费基数=0.0722U 阈值=0.3612U
[TRACKER] 05:00:22 持仓=3 盈利=0.7503U 亏损=-1.5953U 净浮盈=-0.8451U 手续费基数=0.0722U 阈值=0.3612U
[TRACKER] 05:00:29 持仓=3 盈利=0.7503U 亏损=-1.5953U 净浮盈=-0.8451U 手续费基数=0.0722U 阈值=0.3612U
[TRACKER] 05:00:36 持仓=3 盈利=0.7503U 亏损=-1.5743U 净浮盈=-0.8241U 手续费基数=0.0722U 阈值=0.3612U
[TRACKER] 05:00:42 持仓=3 盈利=0.7220U 亏损=-1.4314U 净浮盈=-0.7094U 手续费基数=0.0722U 阈值=0.3612U
[TRACKER] 05:00:48 持仓=3 盈利=0.7220U 亏损=-1.4174U 净浮盈=-0.6954U 手续费基数=0.0722U 阈值=0.3612U
[TRACKER] 05:00:55 持仓=3 盈利=0.6936U 亏损=-1.3877U 净浮盈=-0.6940U 手续费基数=0.0722U 阈值=0.3612U
[TRACKER] 本轮结束（将由 crontab 重新拉起）
[TRACKER] 启动，每 5 秒检查一次…
[TRACKER] 05:01:02 持仓=3 盈利=0.7078U 亏损=-1.3845U 净浮盈=-0.6767U 手续费基数=0.0722U 阈值=0.3612U
[TRACKER] 05:01:08 持仓=3 盈利=0.7078U 亏损=-1.3048U 净浮盈=-0.5970U 手续费基数=0.0722U 阈值=0.3612U
[TRACKER] 05:01:15 持仓=3 盈利=0.7361U 亏损=-1.3737U 净浮盈=-0.6376U 手续费基数=0.0722U 阈值=0.3612U
[TRACKER] 05:01:21 持仓=3 盈利=0.7361U 亏损=-1.3586U 净浮盈=-0.6225U 手续费基数=0.0722U 阈值=0.3612U
[TRACKER] 05:01:27 持仓=3 盈利=0.7220U 亏损=-1.3468U 净浮盈=-0.6248U 手续费基数=0.0722U 阈值=0.3612U
[TRACKER] 05:01:33 持仓=3 盈利=0.7361U 亏损=-1.4728U 净浮盈=-0.7366U 手续费基数=0.0722U 阈值=0.3612U
[TRACKER] 05:01:40 持仓=3 盈利=0.7361U 亏损=-1.4658U 净浮盈=-0.7296U 手续费基数=0.0722U 阈值=0.3612U
[TRACKER] 05:01:46 持仓=3 盈利=0.7361U 亏损=-1.4938U 净浮盈=-0.7576U 手续费基数=0.0722U 阈值=0.3612U
[TRACKER] 05:01:53 持仓=3 盈利=0.7361U 亏损=-1.5595U 净浮盈=-0.8234U 手续费基数=0.0722U 阈值=0.3612U
[TRACKER] 本轮结束（将由 crontab 重新拉起）
[TRACKER] 启动，每 5 秒检查一次…
[TRACKER] 05:02:03 持仓=3 盈利=0.7361U 亏损=-1.5794U 净浮盈=-0.8433U 手续费基数=0.0722U 阈值=0.3612U
[TRACKER] 05:02:09 持仓=3 盈利=0.7361U 亏损=-1.4884U 净浮盈=-0.7523U 手续费基数=0.0722U 阈值=0.3612U
[TRACKER] 05:02:16 持仓=3 盈利=0.7361U 亏损=-1.4604U 净浮盈=-0.7243U 手续费基数=0.0722U 阈值=0.3612U
[TRACKER] 05:02:23 持仓=3 盈利=0.7361U 亏损=-1.4744U 净浮盈=-0.7383U 手续费基数=0.0722U 阈值=0.3612U
[TRACKER] 05:02:29 持仓=3 盈利=0.7361U 亏损=-1.4744U 净浮盈=-0.7383U 手续费基数=0.0722U 阈值=0.3612U
[TRACKER] 05:02:36 持仓=3 盈利=0.7361U 亏损=-1.4598U 净浮盈=-0.7237U 手续费基数=0.0722U 阈值=0.3612U
[TRACKER] 05:02:42 持仓=3 盈利=0.7361U 亏损=-1.4668U 净浮盈=-0.7307U 手续费基数=0.0722U 阈值=0.3612U
[TRACKER] 05:02:48 持仓=3 盈利=0.7361U 亏损=-1.4938U 净浮盈=-0.7576U 手续费基数=0.0722U 阈值=0.3612U
[TRACKER] 05:02:55 持仓=3 盈利=0.7361U 亏损=-1.5536U 净浮盈=-0.8175U 手续费基数=0.0722U 阈值=0.3612U
[TRACKER] 本轮结束（将由 crontab 重新拉起）
[TRACKER] 启动，每 5 秒检查一次…
[TRACKER] 05:03:02 持仓=3 盈利=0.7503U 亏损=-1.5094U 净浮盈=-0.7592U 手续费基数=0.0722U 阈值=0.3612U
[TRACKER] 05:03:08 持仓=3 盈利=0.7503U 亏损=-1.5024U 净浮盈=-0.7522U 手续费基数=0.0722U 阈值=0.3612U
[TRACKER] 05:03:15 持仓=3 盈利=0.7503U 亏损=-1.5304U 净浮盈=-0.7802U 手续费基数=0.0722U 阈值=0.3612U
[TRACKER] 05:03:22 持仓=3 盈利=0.7503U 亏损=-1.5584U 净浮盈=-0.8082U 手续费基数=0.0722U 阈值=0.3612U
[TRACKER] 05:03:28 持仓=3 盈利=0.7503U 亏损=-1.5234U 净浮盈=-0.7732U 手续费基数=0.0722U 阈值=0.3612U
[TRACKER] 05:03:35 持仓=3 盈利=0.7503U 亏损=-1.5234U 净浮盈=-0.7732U 手续费基数=0.0722U 阈值=0.3612U
[TRACKER] 05:03:41 持仓=3 盈利=0.7503U 亏损=-1.5304U 净浮盈=-0.7802U 手续费基数=0.0722U 阈值=0.3612U
[TRACKER] 05:03:47 持仓=3 盈利=0.7503U 亏损=-1.5304U 净浮盈=-0.7802U 手续费基数=0.0722U 阈值=0.3612U
[TRACKER] 05:03:54 持仓=3 盈利=0.7503U 亏损=-1.5234U 净浮盈=-0.7732U 手续费基数=0.0722U 阈值=0.3612U
[TRACKER] 本轮结束（将由 crontab 重新拉起）
[TRACKER] 启动，每 5 秒检查一次…
[TRACKER] 05:04:03 持仓=3 盈利=0.7503U 亏损=-1.5584U 净浮盈=-0.8082U 手续费基数=0.0722U 阈值=0.3612U
[TRACKER] 05:04:09 持仓=3 盈利=0.7503U 亏损=-1.5794U 净浮盈=-0.8292U 手续费基数=0.0722U 阈值=0.3612U
[TRACKER] 05:04:16 持仓=3 盈利=0.7503U 亏损=-1.6214U 净浮盈=-0.8712U 手续费基数=0.0722U 阈值=0.3612U
[TRACKER] 05:04:22 持仓=3 盈利=0.7503U 亏损=-1.6144U 净浮盈=-0.8642U 手续费基数=0.0722U 阈值=0.3612U
[TRACKER] 05:04:28 持仓=3 盈利=0.7503U 亏损=-1.5525U 净浮盈=-0.8022U 手续费基数=0.0722U 阈值=0.3612U
[TRACKER] 05:04:35 持仓=3 盈利=0.7503U 亏损=-1.5805U 净浮盈=-0.8302U 手续费基数=0.0722U 阈值=0.3612U
[TRACKER] 05:04:41 持仓=3 盈利=0.7503U 亏损=-1.5665U 净浮盈=-0.8162U 手续费基数=0.0722U 阈值=0.3612U
[TRACKER] 05:04:48 持仓=3 盈利=0.7503U 亏损=-1.4615U 净浮盈=-0.7112U 手续费基数=0.0722U 阈值=0.3612U
[TRACKER] 05:04:54 持仓=3 盈利=0.7503U 亏损=-1.2585U 净浮盈=-0.5082U 手续费基数=0.0722U 阈值=0.3612U
[TRACKER] 本轮结束（将由 crontab 重新拉起）
[TRACKER] 启动，每 5 秒检查一次…
[TRACKER] 05:05:03 持仓=3 盈利=0.7503U 亏损=-1.2956U 净浮盈=-0.5454U 手续费基数=0.0722U 阈值=0.3612U
[TRACKER] 05:05:09 持仓=3 盈利=0.7220U 亏损=-1.2838U 净浮盈=-0.5618U 手续费基数=0.0722U 阈值=0.3612U
[TRACKER] 05:05:16 持仓=3 盈利=0.7078U 亏损=-1.2180U 净浮盈=-0.5102U 手续费基数=0.0722U 阈值=0.3612U
[TRACKER] 05:05:22 持仓=3 盈利=0.7220U 亏损=-1.1749U 净浮盈=-0.4530U 手续费基数=0.0722U 阈值=0.3612U
[TRACKER] 05:05:29 持仓=3 盈利=0.7635U 亏损=-1.1620U 净浮盈=-0.3985U 手续费基数=0.0722U 阈值=0.3612U
[TRACKER] 05:05:35 持仓=3 盈利=0.7635U 亏损=-1.1830U 净浮盈=-0.4195U 手续费基数=0.0722U 阈值=0.3612U
[TRACKER] 05:05:41 持仓=3 盈利=0.7635U 亏损=-1.1550U 净浮盈=-0.3915U 手续费基数=0.0722U 阈值=0.3612U
[TRACKER] 05:05:48 持仓=3 盈利=0.7576U 亏损=-1.1690U 净浮盈=-0.4114U 手续费基数=0.0722U 阈值=0.3612U
[TRACKER] 05:05:54 持仓=3 盈利=0.7576U 亏损=-1.1690U 净浮盈=-0.4114U 手续费基数=0.0722U 阈值=0.3612U
[TRACKER] 本轮结束（将由 crontab 重新拉起）
[TRACKER] 启动，每 5 秒检查一次…
[TRACKER] 05:06:03 持仓=3 盈利=0.7480U 亏损=-1.0920U 净浮盈=-0.3440U 手续费基数=0.0722U 阈值=0.3612U
[TRACKER] 05:06:10 持仓=3 盈利=0.7539U 亏损=-1.1550U 净浮盈=-0.4011U 手续费基数=0.0722U 阈值=0.3612U
[TRACKER] 05:06:16 持仓=3 盈利=0.7599U 亏损=-1.2180U 净浮盈=-0.4581U 手续费基数=0.0722U 阈值=0.3612U
[TRACKER] 05:06:22 持仓=3 盈利=0.7658U 亏损=-1.2040U 净浮盈=-0.4382U 手续费基数=0.0722U 阈值=0.3612U
[TRACKER] 05:06:29 持仓=3 盈利=0.7717U 亏损=-1.1760U 净浮盈=-0.4043U 手续费基数=0.0722U 阈值=0.3612U
[TRACKER] 05:06:35 持仓=3 盈利=0.7777U 亏损=-1.1760U 净浮盈=-0.3983U 手续费基数=0.0722U 阈值=0.3612U
[TRACKER] 05:06:41 持仓=3 盈利=0.7836U 亏损=-1.1760U 净浮盈=-0.3924U 手续费基数=0.0722U 阈值=0.3612U
[TRACKER] 05:06:48 持仓=3 盈利=0.7553U 亏损=-1.1760U 净浮盈=-0.4207U 手续费基数=0.0722U 阈值=0.3612U
[TRACKER] 05:06:54 持仓=3 盈利=0.7553U 亏损=-1.1620U 净浮盈=-0.4067U 手续费基数=0.0722U 阈值=0.3612U
[TRACKER] 本轮结束（将由 crontab 重新拉起）
[TRACKER] 启动，每 5 秒检查一次…
[TRACKER] 05:07:03 持仓=3 盈利=0.7434U 亏损=-1.1480U 净浮盈=-0.4046U 手续费基数=0.0722U 阈值=0.3612U
[TRACKER] 05:07:09 持仓=3 盈利=0.7434U 亏损=-1.1690U 净浮盈=-0.4256U 手续费基数=0.0722U 阈值=0.3612U
[TRACKER] 05:07:15 持仓=3 盈利=0.7553U 亏损=-1.1690U 净浮盈=-0.4137U 手续费基数=0.0722U 阈值=0.3612U
[TRACKER] 05:07:22 持仓=3 盈利=0.7553U 亏损=-1.1620U 净浮盈=-0.4067U 手续费基数=0.0722U 阈值=0.3612U
[TRACKER] 05:07:28 持仓=3 盈利=0.7553U 亏损=-1.1690U 净浮盈=-0.4137U 手续费基数=0.0722U 阈值=0.3612U
[TRACKER] 05:07:35 持仓=3 盈利=0.7553U 亏损=-1.1270U 净浮盈=-0.3717U 手续费基数=0.0722U 阈值=0.3612U
[TRACKER] 05:07:41 持仓=3 盈利=0.7553U 亏损=-1.1760U 净浮盈=-0.4207U 手续费基数=0.0722U 阈值=0.3612U
[TRACKER] 05:07:47 持仓=3 盈利=0.7553U 亏损=-1.1830U 净浮盈=-0.4277U 手续费基数=0.0722U 阈值=0.3612U
[TRACKER] 05:07:54 持仓=3 盈利=0.7553U 亏损=-1.1480U 净浮盈=-0.3927U 手续费基数=0.0722U 阈值=0.3612U
[TRACKER] 本轮结束（将由 crontab 重新拉起）
[TRACKER] 启动，每 5 秒检查一次…
[TRACKER] 05:08:03 持仓=3 盈利=0.7494U 亏损=-1.1410U 净浮盈=-0.3916U 手续费基数=0.0722U 阈值=0.3612U
[TRACKER] 05:08:09 持仓=3 盈利=0.7270U 亏损=-1.1340U 净浮盈=-0.4070U 手续费基数=0.0722U 阈值=0.3612U
[TRACKER] 05:08:15 持仓=3 盈利=0.7411U 亏损=-1.5750U 净浮盈=-0.8339U 手续费基数=0.0722U 阈值=0.3612U
[TRACKER] 05:08:22 持仓=3 盈利=0.7530U 亏损=-1.5190U 净浮盈=-0.7660U 手续费基数=0.0722U 阈值=0.3612U
[TRACKER] 05:08:28 持仓=3 盈利=0.7530U 亏损=-1.4910U 净浮盈=-0.7380U 手续费基数=0.0722U 阈值=0.3612U
[TRACKER] 05:08:35 持仓=3 盈利=0.7530U 亏损=-1.4420U 净浮盈=-0.6890U 手续费基数=0.0722U 阈值=0.3612U
[TRACKER] 05:08:41 持仓=3 盈利=0.7389U 亏损=-1.4560U 净浮盈=-0.7171U 手续费基数=0.0722U 阈值=0.3612U
[TRACKER] 05:08:48 持仓=3 盈利=0.7530U 亏损=-1.4420U 净浮盈=-0.6890U 手续费基数=0.0722U 阈值=0.3612U
[TRACKER] 05:08:54 持仓=3 盈利=0.7471U 亏损=-1.3790U 净浮盈=-0.6319U 手续费基数=0.0722U 阈值=0.3612U
[TRACKER] 本轮结束（将由 crontab 重新拉起）
[TRACKER] 启动，每 5 秒检查一次…
[TRACKER] 05:09:03 持仓=3 盈利=0.7530U 亏损=-1.5190U 净浮盈=-0.7660U 手续费基数=0.0722U 阈值=0.3612U
[TRACKER] 05:09:09 持仓=3 盈利=0.7530U 亏损=-1.5190U 净浮盈=-0.7660U 手续费基数=0.0722U 阈值=0.3612U
[TRACKER] 05:09:15 持仓=3 盈利=0.7530U 亏损=-1.4770U 净浮盈=-0.7240U 手续费基数=0.0722U 阈值=0.3612U
[TRACKER] 05:09:22 持仓=3 盈利=0.7530U 亏损=-1.3930U 净浮盈=-0.6400U 手续费基数=0.0722U 阈值=0.3612U
[TRACKER] 05:09:29 持仓=3 盈利=0.7471U 亏损=-1.3720U 净浮盈=-0.6249U 手续费基数=0.0722U 阈值=0.3612U
[TRACKER] 05:09:35 持仓=3 盈利=0.7896U 亏损=-1.3720U 净浮盈=-0.5824U 手续费基数=0.0722U 阈值=0.3612U
[TRACKER] 05:09:41 持仓=3 盈利=0.8037U 亏损=-1.3860U 净浮盈=-0.5823U 手续费基数=0.0722U 阈值=0.3612U
[TRACKER] 05:09:48 持仓=3 盈利=0.8037U 亏损=-1.3860U 净浮盈=-0.5823U 手续费基数=0.0722U 阈值=0.3612U
[TRACKER] 05:09:54 持仓=3 盈利=0.7978U 亏损=-1.3790U 净浮盈=-0.5812U 手续费基数=0.0722U 阈值=0.3612U
[TRACKER] 本轮结束（将由 crontab 重新拉起）
[TRACKER] 启动，每 5 秒检查一次…
[TRACKER] 05:10:03 持仓=3 盈利=0.7836U 亏损=-1.3580U 净浮盈=-0.5744U 手续费基数=0.0722U 阈值=0.3612U
[TRACKER] 05:10:10 持仓=3 盈利=0.7599U 亏损=-1.3650U 净浮盈=-0.6051U 手续费基数=0.0722U 阈值=0.3612U
[TRACKER] 05:10:16 持仓=3 盈利=0.7658U 亏损=-1.3720U 净浮盈=-0.6062U 手续费基数=0.0722U 阈值=0.3612U
[TRACKER] 05:10:23 持仓=3 盈利=0.7717U 亏损=-1.3860U 净浮盈=-0.6143U 手续费基数=0.0722U 阈值=0.3612U
[TRACKER] 05:10:29 持仓=3 盈利=0.7836U 亏损=-1.4420U 净浮盈=-0.6584U 手续费基数=0.0722U 阈值=0.3612U
[TRACKER] 05:10:36 持仓=3 盈利=0.7754U 亏损=-1.4420U 净浮盈=-0.6666U 手续费基数=0.0722U 阈值=0.3612U
[TRACKER] 05:10:42 持仓=3 盈利=0.7754U 亏损=-1.4350U 净浮盈=-0.6596U 手续费基数=0.0722U 阈值=0.3612U
[TRACKER] 05:10:48 持仓=3 盈利=0.7896U 亏损=-1.4140U 净浮盈=-0.6244U 手续费基数=0.0722U 阈值=0.3612U
[TRACKER] 05:10:55 持仓=3 盈利=0.7896U 亏损=-1.4070U 净浮盈=-0.6174U 手续费基数=0.0722U 阈值=0.3612U
[TRACKER] 本轮结束（将由 crontab 重新拉起）
[TRACKER] 启动，每 5 秒检查一次…
[TRACKER] 05:11:03 持仓=3 盈利=0.7658U 亏损=-1.3790U 净浮盈=-0.6132U 手续费基数=0.0722U 阈值=0.3612U
[TRACKER] 05:11:09 持仓=3 盈利=0.7658U 亏损=-1.3580U 净浮盈=-0.5922U 手续费基数=0.0722U 阈值=0.3612U
[TRACKER] 05:11:15 持仓=3 盈利=0.7658U 亏损=-1.3440U 净浮盈=-0.5782U 手续费基数=0.0722U 阈值=0.3612U
[TRACKER] 05:11:22 持仓=3 盈利=0.7658U 亏损=-1.3510U 净浮盈=-0.5852U 手续费基数=0.0722U 阈值=0.3612U
[TRACKER] 05:11:29 持仓=3 盈利=0.7717U 亏损=-1.3790U 净浮盈=-0.6073U 手续费基数=0.0722U 阈值=0.3612U
[TRACKER] 05:11:35 持仓=3 盈利=0.7740U 亏损=-1.4070U 净浮盈=-0.6330U 手续费基数=0.0722U 阈值=0.3612U
[TRACKER] 05:11:42 持仓=3 盈利=0.7978U 亏损=-1.4000U 净浮盈=-0.6022U 手续费基数=0.0722U 阈值=0.3612U
[TRACKER] 05:11:48 持仓=3 盈利=0.8037U 亏损=-1.4350U 净浮盈=-0.6313U 手续费基数=0.0722U 阈值=0.3612U
[TRACKER] 05:11:55 持仓=3 盈利=0.8037U 亏损=-1.4070U 净浮盈=-0.6033U 手续费基数=0.0722U 阈值=0.3612U
[TRACKER] 本轮结束（将由 crontab 重新拉起）
[TRACKER] 启动，每 5 秒检查一次…
[TRACKER] 05:12:02 持仓=3 盈利=0.7978U 亏损=-1.3790U 净浮盈=-0.5812U 手续费基数=0.0722U 阈值=0.3612U
[TRACKER] 05:12:09 持仓=3 盈利=0.8119U 亏损=-1.4000U 净浮盈=-0.5881U 手续费基数=0.0722U 阈值=0.3612U
[TRACKER] 05:12:15 持仓=3 盈利=0.8119U 亏损=-1.4560U 净浮盈=-0.6441U 手续费基数=0.0722U 阈值=0.3612U
[TRACKER] 05:12:21 持仓=3 盈利=0.8119U 亏损=-1.4420U 净浮盈=-0.6301U 手续费基数=0.0722U 阈值=0.3612U
[TRACKER] 05:12:28 持仓=3 盈利=0.8119U 亏损=-1.4420U 净浮盈=-0.6301U 手续费基数=0.0722U 阈值=0.3612U
[TRACKER] 05:12:35 持仓=3 盈利=0.8119U 亏损=-1.4420U 净浮盈=-0.6301U 手续费基数=0.0722U 阈值=0.3612U
[TRACKER] 05:12:41 持仓=3 盈利=0.8119U 亏损=-1.4560U 净浮盈=-0.6441U 手续费基数=0.0722U 阈值=0.3612U
[TRACKER] 05:12:47 持仓=3 盈利=0.8179U 亏损=-1.4560U 净浮盈=-0.6381U 手续费基数=0.0722U 阈值=0.3612U
[TRACKER] 05:12:54 持仓=3 盈利=0.8179U 亏损=-1.4350U 净浮盈=-0.6171U 手续费基数=0.0722U 阈值=0.3612U
[TRACKER] 本轮结束（将由 crontab 重新拉起）
[TRACKER] 启动，每 5 秒检查一次…
[TRACKER] 05:13:03 持仓=3 盈利=0.9087U 亏损=-1.4350U 净浮盈=-0.5263U 手续费基数=0.0722U 阈值=0.3612U
[TRACKER] 05:13:10 持仓=3 盈利=0.9087U 亏损=-1.4210U 净浮盈=-0.5123U 手续费基数=0.0722U 阈值=0.3612U
[TRACKER] 05:13:16 持仓=3 盈利=0.9087U 亏损=-1.4280U 净浮盈=-0.5193U 手续费基数=0.0722U 阈值=0.3612U
[TRACKER] 05:13:22 持仓=3 盈利=0.8663U 亏损=-1.4140U 净浮盈=-0.5477U 手续费基数=0.0722U 阈值=0.3612U
[TRACKER] 05:13:29 持仓=3 盈利=0.8841U 亏损=-1.4210U 净浮盈=-0.5369U 手续费基数=0.0722U 阈值=0.3612U
[TRACKER] 05:13:35 持仓=3 盈利=0.8841U 亏损=-1.3580U 净浮盈=-0.4739U 手续费基数=0.0722U 阈值=0.3612U
[TRACKER] 05:13:41 持仓=3 盈利=0.8425U 亏损=-1.3370U 净浮盈=-0.4945U 手续费基数=0.0722U 阈值=0.3612U
[TRACKER] 05:13:47 持仓=3 盈利=0.8567U 亏损=-1.2880U 净浮盈=-0.4313U 手续费基数=0.0722U 阈值=0.3612U
[TRACKER] 05:13:54 持仓=3 盈利=0.8567U 亏损=-1.2810U 净浮盈=-0.4243U 手续费基数=0.0722U 阈值=0.3612U
[TRACKER] 本轮结束（将由 crontab 重新拉起）
[TRACKER] 启动，每 5 秒检查一次…
[TRACKER] 05:14:03 持仓=3 盈利=0.8544U 亏损=-1.2460U 净浮盈=-0.3916U 手续费基数=0.0722U 阈值=0.3612U
[TRACKER] 05:14:09 持仓=3 盈利=0.8544U 亏损=-1.2670U 净浮盈=-0.4126U 手续费基数=0.0722U 阈值=0.3612U
[TRACKER] 05:14:16 持仓=3 盈利=0.8544U 亏损=-1.2320U 净浮盈=-0.3776U 手续费基数=0.0722U 阈值=0.3612U
[TRACKER] 05:14:22 持仓=3 盈利=0.8686U 亏损=-1.2740U 净浮盈=-0.4054U 手续费基数=0.0722U 阈值=0.3612U
[TRACKER] 05:14:28 持仓=3 盈利=0.8686U 亏损=-1.2670U 净浮盈=-0.3984U 手续费基数=0.0722U 阈值=0.3612U
[TRACKER] 05:14:35 持仓=3 盈利=0.8261U 亏损=-1.2810U 净浮盈=-0.4549U 手续费基数=0.0722U 阈值=0.3612U
[TRACKER] 05:14:41 持仓=3 盈利=0.8402U 亏损=-1.2810U 净浮盈=-0.4408U 手续费基数=0.0722U 阈值=0.3612U
[TRACKER] 05:14:47 持仓=3 盈利=0.8402U 亏损=-1.3090U 净浮盈=-0.4688U 手续费基数=0.0722U 阈值=0.3612U
[TRACKER] 05:14:54 持仓=3 盈利=0.8402U 亏损=-1.2880U 净浮盈=-0.4478U 手续费基数=0.0722U 阈值=0.3612U
[TRACKER] 本轮结束（将由 crontab 重新拉起）
[TRACKER] 启动，每 5 秒检查一次…
[TRACKER] 05:15:03 持仓=3 盈利=0.8521U 亏损=-1.3020U 净浮盈=-0.4499U 手续费基数=0.0722U 阈值=0.3612U
[TRACKER] 05:15:09 持仓=3 盈利=0.8119U 亏损=-1.2810U 净浮盈=-0.4691U 手续费基数=0.0722U 阈值=0.3612U
[TRACKER] 05:15:16 持仓=3 盈利=0.8261U 亏损=-1.2740U 净浮盈=-0.4479U 手续费基数=0.0722U 阈值=0.3612U
[TRACKER] 05:15:23 持仓=3 盈利=0.8201U 亏损=-1.2740U 净浮盈=-0.4539U 手续费基数=0.0722U 阈值=0.3612U
[TRACKER] 05:15:29 持仓=3 盈利=0.8649U 亏损=-1.2180U 净浮盈=-0.3531U 手续费基数=0.0722U 阈值=0.3612U
[TRACKER] 05:15:36 持仓=3 盈利=0.8790U 亏损=-1.2320U 净浮盈=-0.3529U 手续费基数=0.0722U 阈值=0.3612U
[TRACKER] 05:15:43 持仓=3 盈利=0.9147U 亏损=-1.2250U 净浮盈=-0.3103U 手续费基数=0.0722U 阈值=0.3612U
[TRACKER] 05:15:49 持仓=3 盈利=0.8909U 亏损=-1.2320U 净浮盈=-0.3411U 手续费基数=0.0722U 阈值=0.3612U
[TRACKER] 05:15:55 持仓=3 盈利=0.8448U 亏损=-1.2250U 净浮盈=-0.3802U 手续费基数=0.0722U 阈值=0.3612U
[TRACKER] 本轮结束（将由 crontab 重新拉起）
[TRACKER] 启动，每 5 秒检查一次…
[TRACKER] 05:16:02 持仓=3 盈利=0.8306U 亏损=-1.2530U 净浮盈=-0.4224U 手续费基数=0.0722U 阈值=0.3612U
[TRACKER] 05:16:09 持仓=3 盈利=0.8247U 亏损=-1.2810U 净浮盈=-0.4563U 手续费基数=0.0722U 阈值=0.3612U
[TRACKER] 05:16:15 持仓=3 盈利=0.8389U 亏损=-1.3370U 净浮盈=-0.4981U 手续费基数=0.0722U 阈值=0.3612U
[TRACKER] 05:16:22 持仓=3 盈利=0.8389U 亏损=-1.3580U 净浮盈=-0.5191U 手续费基数=0.0722U 阈值=0.3612U
[TRACKER] 05:16:28 持仓=3 盈利=0.8448U 亏损=-1.3930U 净浮盈=-0.5482U 手续费基数=0.0722U 阈值=0.3612U
[TRACKER] 05:16:35 持仓=3 盈利=0.8507U 亏损=-1.4560U 净浮盈=-0.6053U 手续费基数=0.0722U 阈值=0.3612U
[TRACKER] 05:16:41 持仓=3 盈利=0.8626U 亏损=-1.3510U 净浮盈=-0.4884U 手续费基数=0.0722U 阈值=0.3612U
[TRACKER] 05:16:48 持仓=3 盈利=0.8425U 亏损=-1.3370U 净浮盈=-0.4945U 手续费基数=0.0722U 阈值=0.3612U
[TRACKER] 05:16:54 持仓=3 盈利=0.8083U 亏损=-1.3650U 净浮盈=-0.5567U 手续费基数=0.0722U 阈值=0.3612U
[TRACKER] 本轮结束（将由 crontab 重新拉起）
[TRACKER] 启动，每 5 秒检查一次…
[TRACKER] 05:17:03 持仓=3 盈利=0.7681U 亏损=-1.3510U 净浮盈=-0.5829U 手续费基数=0.0722U 阈值=0.3612U
[TRACKER] 05:17:09 持仓=3 盈利=0.8023U 亏损=-1.4140U 净浮盈=-0.6117U 手续费基数=0.0722U 阈值=0.3612U
[TRACKER] 05:17:16 持仓=3 盈利=0.8023U 亏损=-1.4140U 净浮盈=-0.6117U 手续费基数=0.0722U 阈值=0.3612U
[TRACKER] 05:17:23 持仓=3 盈利=0.8023U 亏损=-1.4140U 净浮盈=-0.6117U 手续费基数=0.0722U 阈值=0.3612U
[TRACKER] 05:17:29 持仓=3 盈利=0.8023U 亏损=-1.4140U 净浮盈=-0.6117U 手续费基数=0.0722U 阈值=0.3612U
[TRACKER] 05:17:35 持仓=3 盈利=0.8023U 亏损=-1.3300U 净浮盈=-0.5277U 手续费基数=0.0722U 阈值=0.3612U
[TRACKER] 05:17:42 持仓=3 盈利=0.8023U 亏损=-1.3020U 净浮盈=-0.4997U 手续费基数=0.0722U 阈值=0.3612U
[TRACKER] 05:17:48 持仓=3 盈利=0.8023U 亏损=-1.2670U 净浮盈=-0.4647U 手续费基数=0.0722U 阈值=0.3612U
[TRACKER] 05:17:55 持仓=3 盈利=0.8023U 亏损=-1.2810U 净浮盈=-0.4787U 手续费基数=0.0722U 阈值=0.3612U
[TRACKER] 本轮结束（将由 crontab 重新拉起）
[TRACKER] 启动，每 5 秒检查一次…
[TRACKER] 05:18:01 持仓=3 盈利=0.8448U 亏损=-1.2670U 净浮盈=-0.4222U 手续费基数=0.0722U 阈值=0.3612U
[TRACKER] 05:18:08 持仓=3 盈利=0.8306U 亏损=-1.2600U 净浮盈=-0.4294U 手续费基数=0.0722U 阈值=0.3612U
[TRACKER] 05:18:14 持仓=3 盈利=0.8306U 亏损=-1.2670U 净浮盈=-0.4364U 手续费基数=0.0722U 阈值=0.3612U
[TRACKER] 05:18:20 持仓=3 盈利=0.8306U 亏损=-1.2320U 净浮盈=-0.4014U 手续费基数=0.0722U 阈值=0.3612U
[TRACKER] 05:18:27 持仓=3 盈利=0.8306U 亏损=-1.2320U 净浮盈=-0.4014U 手续费基数=0.0722U 阈值=0.3612U
[TRACKER] 05:18:33 持仓=3 盈利=0.8306U 亏损=-1.1620U 净浮盈=-0.3314U 手续费基数=0.0722U 阈值=0.3612U
[TRACKER] 05:18:40 持仓=3 盈利=0.8165U 亏损=-1.1760U 净浮盈=-0.3595U 手续费基数=0.0722U 阈值=0.3612U
[TRACKER] 05:18:46 持仓=3 盈利=0.8165U 亏损=-1.2250U 净浮盈=-0.4085U 手续费基数=0.0722U 阈值=0.3612U
[TRACKER] 05:18:52 持仓=3 盈利=0.8165U 亏损=-1.2250U 净浮盈=-0.4085U 手续费基数=0.0722U 阈值=0.3612U
[TRACKER] 本轮结束（将由 crontab 重新拉起）
[TRACKER] 启动，每 5 秒检查一次…
[TRACKER] 05:19:03 持仓=3 盈利=0.7882U 亏损=-1.2180U 净浮盈=-0.4298U 手续费基数=0.0722U 阈值=0.3612U
[TRACKER] 05:19:09 持仓=3 盈利=0.8165U 亏损=-1.2180U 净浮盈=-0.4015U 手续费基数=0.0722U 阈值=0.3612U
[TRACKER] 05:19:16 持仓=3 盈利=0.8165U 亏损=-1.1550U 净浮盈=-0.3385U 手续费基数=0.0722U 阈值=0.3612U
[TRACKER] 05:19:22 持仓=3 盈利=0.8165U 亏损=-1.1480U 净浮盈=-0.3315U 手续费基数=0.0722U 阈值=0.3612U
[TRACKER] 05:19:28 持仓=3 盈利=0.8165U 亏损=-1.2810U 净浮盈=-0.4645U 手续费基数=0.0722U 阈值=0.3612U
[TRACKER] 05:19:34 持仓=3 盈利=0.8284U 亏损=-1.2250U 净浮盈=-0.3966U 手续费基数=0.0722U 阈值=0.3612U
[TRACKER] 05:19:41 持仓=3 盈利=0.8284U 亏损=-1.1970U 净浮盈=-0.3686U 手续费基数=0.0722U 阈值=0.3612U
[TRACKER] 05:19:47 持仓=3 盈利=0.8284U 亏损=-1.1620U 净浮盈=-0.3336U 手续费基数=0.0722U 阈值=0.3612U
[TRACKER] 05:19:53 持仓=3 盈利=0.8060U 亏损=-1.1130U 净浮盈=-0.3070U 手续费基数=0.0722U 阈值=0.3612U
[TRACKER] 本轮结束（将由 crontab 重新拉起）
[TRACKER] 启动，每 5 秒检查一次…
[TRACKER] 05:20:03 持仓=3 盈利=0.8261U 亏损=-1.1410U 净浮盈=-0.3149U 手续费基数=0.0722U 阈值=0.3612U
[TRACKER] 05:20:10 持仓=3 盈利=0.8402U 亏损=-1.1760U 净浮盈=-0.3358U 手续费基数=0.0722U 阈值=0.3612U
[TRACKER] 05:20:16 持仓=3 盈利=0.8402U 亏损=-1.1970U 净浮盈=-0.3568U 手续费基数=0.0722U 阈值=0.3612U
[TRACKER] 05:20:23 持仓=3 盈利=0.8402U 亏损=-1.1760U 净浮盈=-0.3358U 手续费基数=0.0722U 阈值=0.3612U
[TRACKER] 05:20:30 持仓=3 盈利=0.8402U 亏损=-1.1760U 净浮盈=-0.3358U 手续费基数=0.0722U 阈值=0.3612U
[TRACKER] 05:20:36 持仓=3 盈利=0.8402U 亏损=-1.1620U 净浮盈=-0.3218U 手续费基数=0.0722U 阈值=0.3612U
[TRACKER] 05:20:42 持仓=3 盈利=0.8402U 亏损=-1.1620U 净浮盈=-0.3218U 手续费基数=0.0722U 阈值=0.3612U
[TRACKER] 05:20:49 持仓=3 盈利=0.8402U 亏损=-1.1760U 净浮盈=-0.3358U 手续费基数=0.0722U 阈值=0.3612U
[TRACKER] 05:20:56 持仓=3 盈利=0.8343U 亏损=-1.1760U 净浮盈=-0.3417U 手续费基数=0.0722U 阈值=0.3612U
[TRACKER] 本轮结束（将由 crontab 重新拉起）
[TRACKER] 启动，每 5 秒检查一次…
[TRACKER] 05:21:03 持仓=3 盈利=0.8425U 亏损=-1.1830U 净浮盈=-0.3405U 手续费基数=0.0722U 阈值=0.3612U
[TRACKER] 05:21:09 持仓=3 盈利=0.8485U 亏损=-1.1830U 净浮盈=-0.3345U 手续费基数=0.0722U 阈值=0.3612U
[TRACKER] 05:21:15 持仓=3 盈利=0.8544U 亏损=-1.1690U 净浮盈=-0.3146U 手续费基数=0.0722U 阈值=0.3612U
[TRACKER] 05:21:22 持仓=3 盈利=0.8544U 亏损=-1.1690U 净浮盈=-0.3146U 手续费基数=0.0722U 阈值=0.3612U
[TRACKER] 05:21:28 持仓=3 盈利=0.8306U 亏损=-1.1410U 净浮盈=-0.3104U 手续费基数=0.0722U 阈值=0.3612U
[TRACKER] 05:21:34 持仓=3 盈利=0.8306U 亏损=-1.1410U 净浮盈=-0.3104U 手续费基数=0.0722U 阈值=0.3612U
[TRACKER] 05:21:41 持仓=3 盈利=0.8306U 亏损=-1.1130U 净浮盈=-0.2824U 手续费基数=0.0722U 阈值=0.3612U
[TRACKER] 05:21:48 持仓=3 盈利=0.7941U 亏损=-1.1130U 净浮盈=-0.3189U 手续费基数=0.0722U 阈值=0.3612U
[TRACKER] 05:21:54 持仓=3 盈利=0.8142U 亏损=-1.1130U 净浮盈=-0.2988U 手续费基数=0.0722U 阈值=0.3612U
[TRACKER] 本轮结束（将由 crontab 重新拉起）
[TRACKER] 启动，每 5 秒检查一次…
[TRACKER] 05:22:03 持仓=3 盈利=0.8105U 亏损=-1.1060U 净浮盈=-0.2955U 手续费基数=0.0722U 阈值=0.3612U
[TRACKER] 05:22:09 持仓=3 盈利=0.8105U 亏损=-1.1060U 净浮盈=-0.2955U 手续费基数=0.0722U 阈值=0.3612U
[TRACKER] 05:22:16 持仓=3 盈利=0.8247U 亏损=-1.1060U 净浮盈=-0.2813U 手续费基数=0.0722U 阈值=0.3612U
[TRACKER] 05:22:22 持仓=3 盈利=0.8306U 亏损=-1.0920U 净浮盈=-0.2614U 手续费基数=0.0722U 阈值=0.3612U
[TRACKER] 05:22:28 持仓=3 盈利=0.8306U 亏损=-1.1130U 净浮盈=-0.2824U 手续费基数=0.0722U 阈值=0.3612U
[TRACKER] 05:22:34 持仓=3 盈利=0.8247U 亏损=-1.1130U 净浮盈=-0.2883U 手续费基数=0.0722U 阈值=0.3612U
[TRACKER] 05:22:41 持仓=3 盈利=0.8306U 亏损=-1.1060U 净浮盈=-0.2754U 手续费基数=0.0722U 阈值=0.3612U
[TRACKER] 05:22:47 持仓=3 盈利=0.8188U 亏损=-1.0780U 净浮盈=-0.2592U 手续费基数=0.0722U 阈值=0.3612U
[TRACKER] 05:22:54 持仓=3 盈利=0.8188U 亏损=-1.0710U 净浮盈=-0.2522U 手续费基数=0.0722U 阈值=0.3612U
[TRACKER] 本轮结束（将由 crontab 重新拉起）
[TRACKER] 启动，每 5 秒检查一次…
[TRACKER] 05:23:03 持仓=3 盈利=0.7927U 亏损=-1.0920U 净浮盈=-0.2993U 手续费基数=0.0722U 阈值=0.3612U
[TRACKER] 05:23:09 持仓=3 盈利=0.7927U 亏损=-1.0850U 净浮盈=-0.2923U 手续费基数=0.0722U 阈值=0.3612U
[TRACKER] 05:23:15 持仓=3 盈利=0.7927U 亏损=-1.1130U 净浮盈=-0.3203U 手续费基数=0.0722U 阈值=0.3612U
[TRACKER] 05:23:22 持仓=3 盈利=0.7927U 亏损=-1.0990U 净浮盈=-0.3063U 手续费基数=0.0722U 阈值=0.3612U
[TRACKER] 05:23:28 持仓=3 盈利=0.7927U 亏损=-1.1130U 净浮盈=-0.3203U 手续费基数=0.0722U 阈值=0.3612U
[TRACKER] 05:23:34 持仓=3 盈利=0.7927U 亏损=-1.1200U 净浮盈=-0.3273U 手续费基数=0.0722U 阈值=0.3612U
[TRACKER] 05:23:41 持仓=3 盈利=0.8165U 亏损=-1.0990U 净浮盈=-0.2825U 手续费基数=0.0722U 阈值=0.3612U
[TRACKER] 05:23:47 持仓=3 盈利=0.8165U 亏损=-1.1060U 净浮盈=-0.2895U 手续费基数=0.0722U 阈值=0.3612U
[TRACKER] 05:23:53 持仓=3 盈利=0.8165U 亏损=-1.0990U 净浮盈=-0.2825U 手续费基数=0.0722U 阈值=0.3612U
[TRACKER] 本轮结束（将由 crontab 重新拉起）
[TRACKER] 启动，每 5 秒检查一次…
[TRACKER] 05:24:03 持仓=3 盈利=0.7704U 亏损=-1.1060U 净浮盈=-0.3356U 手续费基数=0.0722U 阈值=0.3612U
[TRACKER] 05:24:09 持仓=3 盈利=0.7704U 亏损=-1.0990U 净浮盈=-0.3286U 手续费基数=0.0722U 阈值=0.3612U
[TRACKER] 05:24:15 持仓=3 盈利=0.7704U 亏损=-1.1270U 净浮盈=-0.3566U 手续费基数=0.0722U 阈值=0.3612U
[TRACKER] 05:24:22 持仓=3 盈利=0.7882U 亏损=-1.1270U 净浮盈=-0.3388U 手续费基数=0.0722U 阈值=0.3612U
[TRACKER] 05:24:29 持仓=3 盈利=0.7882U 亏损=-1.1480U 净浮盈=-0.3598U 手续费基数=0.0722U 阈值=0.3612U
[TRACKER] 05:24:35 持仓=3 盈利=0.7882U 亏损=-1.0920U 净浮盈=-0.3038U 手续费基数=0.0722U 阈值=0.3612U
[TRACKER] 05:24:42 持仓=3 盈利=0.7882U 亏损=-1.0920U 净浮盈=-0.3038U 手续费基数=0.0722U 阈值=0.3612U
[TRACKER] 05:24:48 持仓=3 盈利=0.7882U 亏损=-1.1270U 净浮盈=-0.3388U 手续费基数=0.0722U 阈值=0.3612U
[TRACKER] 05:24:55 持仓=3 盈利=0.7882U 亏损=-1.1270U 净浮盈=-0.3388U 手续费基数=0.0722U 阈值=0.3612U
[TRACKER] 本轮结束（将由 crontab 重新拉起）
[TRACKER] 启动，每 5 秒检查一次…
[TRACKER] 05:25:02 持仓=3 盈利=0.8023U 亏损=-1.1130U 净浮盈=-0.3107U 手续费基数=0.0722U 阈值=0.3612U
[TRACKER] 05:25:08 持仓=3 盈利=0.8023U 亏损=-1.1060U 净浮盈=-0.3037U 手续费基数=0.0722U 阈值=0.3612U
[TRACKER] 05:25:14 持仓=3 盈利=0.8023U 亏损=-1.0920U 净浮盈=-0.2897U 手续费基数=0.0722U 阈值=0.3612U
[TRACKER] 05:25:20 持仓=3 盈利=0.7740U 亏损=-1.0920U 净浮盈=-0.3180U 手续费基数=0.0722U 阈值=0.3612U
[TRACKER] 05:25:27 持仓=3 盈利=0.7740U 亏损=-1.0780U 净浮盈=-0.3040U 手续费基数=0.0722U 阈值=0.3612U
[TRACKER] 05:25:33 持仓=3 盈利=0.7599U 亏损=-1.0570U 净浮盈=-0.2971U 手续费基数=0.0722U 阈值=0.3612U
[TRACKER] 05:25:40 持仓=3 盈利=0.7599U 亏损=-1.0570U 净浮盈=-0.2971U 手续费基数=0.0722U 阈值=0.3612U
[TRACKER] 05:25:47 持仓=3 盈利=0.7480U 亏损=-1.0500U 净浮盈=-0.3020U 手续费基数=0.0722U 阈值=0.3612U
[TRACKER] 05:25:53 持仓=3 盈利=0.7420U 亏损=-1.0850U 净浮盈=-0.3429U 手续费基数=0.0722U 阈值=0.3612U
[TRACKER] 本轮结束（将由 crontab 重新拉起）
[TRACKER] 启动，每 5 秒检查一次…
[TRACKER] 05:26:03 持仓=3 盈利=0.7220U 亏损=-1.0899U 净浮盈=-0.3679U 手续费基数=0.0722U 阈值=0.3612U
[TRACKER] 05:26:10 持仓=3 盈利=0.7220U 亏损=-1.0899U 净浮盈=-0.3679U 手续费基数=0.0722U 阈值=0.3612U
[TRACKER] 05:26:16 持仓=3 盈利=0.7220U 亏损=-1.0629U 净浮盈=-0.3410U 手续费基数=0.0722U 阈值=0.3612U
[TRACKER] 05:26:23 持仓=3 盈利=0.7220U 亏损=-1.0349U 净浮盈=-0.3130U 手续费基数=0.0722U 阈值=0.3612U
[TRACKER] 05:26:30 持仓=3 盈利=0.7220U 亏损=-1.0629U 净浮盈=-0.3410U 手续费基数=0.0722U 阈值=0.3612U
[TRACKER] 05:26:36 持仓=3 盈利=0.7361U 亏损=-1.0629U 净浮盈=-0.3268U 手续费基数=0.0722U 阈值=0.3612U
[TRACKER] 05:26:43 持仓=3 盈利=0.7361U 亏损=-1.0538U 净浮盈=-0.3177U 手续费基数=0.0722U 阈值=0.3612U
[TRACKER] 05:26:49 持仓=3 盈利=0.7361U 亏损=-1.0598U 净浮盈=-0.3236U 手续费基数=0.0722U 阈值=0.3612U
[TRACKER] 05:26:56 持仓=3 盈利=0.7361U 亏损=-1.0598U 净浮盈=-0.3236U 手续费基数=0.0722U 阈值=0.3612U
[TRACKER] 本轮结束（将由 crontab 重新拉起）
[TRACKER] 启动，每 5 秒检查一次…
[TRACKER] 05:27:03 持仓=3 盈利=0.7220U 亏损=-1.0894U 净浮盈=-0.3675U 手续费基数=0.0722U 阈值=0.3612U
[TRACKER] 05:27:10 持仓=3 盈利=0.7220U 亏损=-1.0625U 净浮盈=-0.3405U 手续费基数=0.0722U 阈值=0.3612U
[TRACKER] 05:27:16 持仓=3 盈利=0.7220U 亏损=-1.1136U 净浮盈=-0.3917U 手续费基数=0.0722U 阈值=0.3612U
[TRACKER] 05:27:22 持仓=3 盈利=0.7220U 亏损=-1.1066U 净浮盈=-0.3847U 手续费基数=0.0722U 阈值=0.3612U
[TRACKER] 05:27:29 持仓=3 盈利=0.7220U 亏损=-1.1416U 净浮盈=-0.4197U 手续费基数=0.0722U 阈值=0.3612U
[TRACKER] 05:27:35 持仓=3 盈利=0.7220U 亏损=-1.1626U 净浮盈=-0.4407U 手续费基数=0.0722U 阈值=0.3612U
[TRACKER] 05:27:42 持仓=3 盈利=0.7220U 亏损=-1.1626U 净浮盈=-0.4407U 手续费基数=0.0722U 阈值=0.3612U
[TRACKER] 05:27:48 持仓=3 盈利=0.7220U 亏损=-1.1626U 净浮盈=-0.4407U 手续费基数=0.0722U 阈值=0.3612U
[TRACKER] 05:27:55 持仓=3 盈利=0.7220U 亏损=-1.1766U 净浮盈=-0.4547U 手续费基数=0.0722U 阈值=0.3612U
[TRACKER] 本轮结束（将由 crontab 重新拉起）
[TRACKER] 启动，每 5 秒检查一次…
[TRACKER] 05:28:02 持仓=3 盈利=0.7220U 亏损=-1.1556U 净浮盈=-0.4337U 手续费基数=0.0722U 阈值=0.3612U
[TRACKER] 05:28:08 持仓=3 盈利=0.7220U 亏损=-1.1696U 净浮盈=-0.4477U 手续费基数=0.0722U 阈值=0.3612U
[TRACKER] 05:28:15 持仓=3 盈利=0.7220U 亏损=-1.1416U 净浮盈=-0.4197U 手续费基数=0.0722U 阈值=0.3612U
[TRACKER] 05:28:21 持仓=3 盈利=0.7220U 亏损=-1.1136U 净浮盈=-0.3917U 手续费基数=0.0722U 阈值=0.3612U
[TRACKER] 05:28:28 持仓=3 盈利=0.7220U 亏损=-1.1276U 净浮盈=-0.4057U 手续费基数=0.0722U 阈值=0.3612U
[TRACKER] 05:28:34 持仓=3 盈利=0.7220U 亏损=-1.1346U 净浮盈=-0.4127U 手续费基数=0.0722U 阈值=0.3612U
[TRACKER] 05:28:40 持仓=3 盈利=0.7220U 亏损=-1.0926U 净浮盈=-0.3707U 手续费基数=0.0722U 阈值=0.3612U
[TRACKER] 05:28:47 持仓=3 盈利=0.7220U 亏损=-1.0975U 净浮盈=-0.3755U 手续费基数=0.0722U 阈值=0.3612U
[TRACKER] 05:28:53 持仓=3 盈利=0.7220U 亏损=-1.0856U 净浮盈=-0.3637U 手续费基数=0.0722U 阈值=0.3612U
[TRACKER] 本轮结束（将由 crontab 重新拉起）
[TRACKER] 启动，每 5 秒检查一次…
[TRACKER] 05:29:02 持仓=3 盈利=0.7220U 亏损=-1.0797U 净浮盈=-0.3577U 手续费基数=0.0722U 阈值=0.3612U
[TRACKER] 05:29:08 持仓=3 盈利=0.7220U 亏损=-0.8977U 净浮盈=-0.1757U 手续费基数=0.0722U 阈值=0.3612U
[TRACKER] 05:29:15 持仓=3 盈利=0.7220U 亏损=-0.9327U 净浮盈=-0.2107U 手续费基数=0.0722U 阈值=0.3612U
[TRACKER] 05:29:21 持仓=3 盈利=0.7220U 亏损=-0.9327U 净浮盈=-0.2107U 手续费基数=0.0722U 阈值=0.3612U
[TRACKER] 05:29:28 持仓=3 盈利=0.7220U 亏损=-0.9817U 净浮盈=-0.2597U 手续费基数=0.0722U 阈值=0.3612U
[TRACKER] 05:29:35 持仓=3 盈利=0.7220U 亏损=-0.9747U 净浮盈=-0.2527U 手续费基数=0.0722U 阈值=0.3612U
[TRACKER] 05:29:41 持仓=3 盈利=0.7220U 亏损=-0.9327U 净浮盈=-0.2107U 手续费基数=0.0722U 阈值=0.3612U
[TRACKER] 05:29:48 持仓=3 盈利=0.7220U 亏损=-0.9467U 净浮盈=-0.2247U 手续费基数=0.0722U 阈值=0.3612U
[TRACKER] 05:29:54 持仓=3 盈利=0.7220U 亏损=-0.9257U 净浮盈=-0.2037U 手续费基数=0.0722U 阈值=0.3612U
[TRACKER] 本轮结束（将由 crontab 重新拉起）
[TRACKER] 启动，每 5 秒检查一次…
[TRACKER] 05:30:03 持仓=3 盈利=0.7220U 亏损=-0.8767U 净浮盈=-0.1547U 手续费基数=0.0722U 阈值=0.3612U
[TRACKER] 05:30:09 持仓=3 盈利=0.7220U 亏损=-0.8417U 净浮盈=-0.1197U 手续费基数=0.0722U 阈值=0.3612U
[TRACKER] 05:30:16 持仓=3 盈利=0.7220U 亏损=-0.8697U 净浮盈=-0.1477U 手续费基数=0.0722U 阈值=0.3612U
[TRACKER] 05:30:23 持仓=3 盈利=0.7220U 亏损=-0.9397U 净浮盈=-0.2177U 手续费基数=0.0722U 阈值=0.3612U
[TRACKER] 05:30:29 持仓=3 盈利=0.7220U 亏损=-0.8918U 净浮盈=-0.1698U 手续费基数=0.0722U 阈值=0.3612U
[TRACKER] 05:30:35 持仓=3 盈利=0.7220U 亏损=-0.9548U 净浮盈=-0.2328U 手续费基数=0.0722U 阈值=0.3612U
[TRACKER] 05:30:41 持仓=3 盈利=0.7220U 亏损=-0.9828U 净浮盈=-0.2608U 手续费基数=0.0722U 阈值=0.3612U
[TRACKER] 05:30:48 持仓=3 盈利=0.7220U 亏损=-1.0248U 净浮盈=-0.3028U 手续费基数=0.0722U 阈值=0.3612U
[TRACKER] 05:30:54 持仓=3 盈利=0.6795U 亏损=-1.0937U 净浮盈=-0.4142U 手续费基数=0.0722U 阈值=0.3612U
[TRACKER] 本轮结束（将由 crontab 重新拉起）
[TRACKER] 启动，每 5 秒检查一次…
[TRACKER] 05:31:01 持仓=3 盈利=0.6512U 亏损=-1.0888U 净浮盈=-0.4376U 手续费基数=0.0722U 阈值=0.3612U
[TRACKER] 05:31:08 持仓=3 盈利=0.6512U 亏损=-1.0748U 净浮盈=-0.4236U 手续费基数=0.0722U 阈值=0.3612U
[TRACKER] 05:31:14 持仓=3 盈利=0.6512U 亏损=-1.1168U 净浮盈=-0.4656U 手续费基数=0.0722U 阈值=0.3612U
[TRACKER] 05:31:21 持仓=3 盈利=0.6512U 亏损=-1.1098U 净浮盈=-0.4586U 手续费基数=0.0722U 阈值=0.3612U
[TRACKER] 05:31:27 持仓=3 盈利=0.6653U 亏损=-1.1238U 净浮盈=-0.4585U 手续费基数=0.0722U 阈值=0.3612U
[TRACKER] 05:31:33 持仓=3 盈利=0.6653U 亏损=-1.1728U 净浮盈=-0.5075U 手续费基数=0.0722U 阈值=0.3612U
[TRACKER] 05:31:40 持仓=3 盈利=0.6653U 亏损=-1.2288U 净浮盈=-0.5635U 手续费基数=0.0722U 阈值=0.3612U
[TRACKER] 05:31:46 持仓=3 盈利=0.6653U 亏损=-1.2078U 净浮盈=-0.5425U 手续费基数=0.0722U 阈值=0.3612U
[TRACKER] 05:31:52 持仓=3 盈利=0.6653U 亏损=-1.2358U 净浮盈=-0.5705U 手续费基数=0.0722U 阈值=0.3612U
[TRACKER] 本轮结束（将由 crontab 重新拉起）
[TRACKER] 启动，每 5 秒检查一次…
[TRACKER] 05:32:03 持仓=3 盈利=0.6772U 亏损=-1.1690U 净浮盈=-0.4918U 手续费基数=0.0722U 阈值=0.3612U
[TRACKER] 05:32:09 持仓=3 盈利=0.6831U 亏损=-1.1760U 净浮盈=-0.4929U 手续费基数=0.0722U 阈值=0.3612U
[TRACKER] 05:32:16 持仓=3 盈利=0.6831U 亏损=-1.1620U 净浮盈=-0.4789U 手续费基数=0.0722U 阈值=0.3612U
[TRACKER] 05:32:22 持仓=3 盈利=0.6831U 亏损=-1.1760U 净浮盈=-0.4929U 手续费基数=0.0722U 阈值=0.3612U
[TRACKER] 05:32:29 持仓=3 盈利=0.6831U 亏损=-1.1760U 净浮盈=-0.4929U 手续费基数=0.0722U 阈值=0.3612U
[TRACKER] 05:32:35 持仓=3 盈利=0.6772U 亏损=-1.1760U 净浮盈=-0.4988U 手续费基数=0.0722U 阈值=0.3612U
[TRACKER] 05:32:42 持仓=3 盈利=0.6713U 亏损=-1.1620U 净浮盈=-0.4907U 手续费基数=0.0722U 阈值=0.3612U
[TRACKER] 05:32:48 持仓=3 盈利=0.6831U 亏损=-1.1690U 净浮盈=-0.4859U 手续费基数=0.0722U 阈值=0.3612U
[TRACKER] 05:32:55 持仓=3 盈利=0.6772U 亏损=-1.1830U 净浮盈=-0.5058U 手续费基数=0.0722U 阈值=0.3612U
[TRACKER] 本轮结束（将由 crontab 重新拉起）
[TRACKER] 启动，每 5 秒检查一次…
[TRACKER] 05:33:02 持仓=3 盈利=0.6772U 亏损=-1.2600U 净浮盈=-0.5828U 手续费基数=0.0722U 阈值=0.3612U
[TRACKER] 05:33:09 持仓=3 盈利=0.6772U 亏损=-1.3300U 净浮盈=-0.6528U 手续费基数=0.0722U 阈值=0.3612U
[TRACKER] 05:33:15 持仓=3 盈利=0.6713U 亏损=-1.3090U 净浮盈=-0.6377U 手续费基数=0.0722U 阈值=0.3612U
[TRACKER] 05:33:21 持仓=3 盈利=0.6653U 亏损=-1.3510U 净浮盈=-0.6857U 手续费基数=0.0722U 阈值=0.3612U
[TRACKER] 05:33:27 持仓=3 盈利=0.6653U 亏损=-1.3219U 净浮盈=-0.6566U 手续费基数=0.0722U 阈值=0.3612U
[TRACKER] 05:33:34 持仓=3 盈利=0.6653U 亏损=-1.3737U 净浮盈=-0.7084U 手续费基数=0.0722U 阈值=0.3612U
[TRACKER] 05:33:40 持仓=3 盈利=0.6653U 亏损=-1.3796U 净浮盈=-0.7143U 手续费基数=0.0722U 阈值=0.3612U
[TRACKER] 05:33:47 持仓=3 盈利=0.6653U 亏损=-1.3845U 净浮盈=-0.7192U 手续费基数=0.0722U 阈值=0.3612U
[TRACKER] 05:33:53 持仓=3 盈利=0.6653U 亏损=-1.3845U 净浮盈=-0.7192U 手续费基数=0.0722U 阈值=0.3612U
[TRACKER] 本轮结束（将由 crontab 重新拉起）
[TRACKER] 启动，每 5 秒检查一次…
[TRACKER] 05:34:03 持仓=3 盈利=0.6653U 亏损=-1.3215U 净浮盈=-0.6562U 手续费基数=0.0722U 阈值=0.3612U
[TRACKER] 05:34:10 持仓=3 盈利=0.6653U 亏损=-1.2806U 净浮盈=-0.6152U 手续费基数=0.0722U 阈值=0.3612U
[TRACKER] 05:34:16 持仓=3 盈利=0.6653U 亏损=-1.2956U 净浮盈=-0.6303U 手续费基数=0.0722U 阈值=0.3612U
[TRACKER] 05:34:22 持仓=3 盈利=0.6653U 亏损=-1.3226U 净浮盈=-0.6572U 手续费基数=0.0722U 阈值=0.3612U
[TRACKER] 05:34:29 持仓=3 盈利=0.6795U 亏损=-1.3086U 净浮盈=-0.6291U 手续费基数=0.0722U 阈值=0.3612U
[TRACKER] 05:34:35 持仓=3 盈利=0.6795U 亏损=-1.3086U 净浮盈=-0.6291U 手续费基数=0.0722U 阈值=0.3612U
[TRACKER] 05:34:41 持仓=3 盈利=0.6795U 亏损=-1.3716U 净浮盈=-0.6921U 手续费基数=0.0722U 阈值=0.3612U
[TRACKER] 05:34:48 持仓=3 盈利=0.6795U 亏损=-1.3996U 净浮盈=-0.7201U 手续费基数=0.0722U 阈值=0.3612U
[TRACKER] 05:34:54 持仓=3 盈利=0.6795U 亏损=-1.3996U 净浮盈=-0.7201U 手续费基数=0.0722U 阈值=0.3612U
[TRACKER] 本轮结束（将由 crontab 重新拉起）
[TRACKER] 启动，每 5 秒检查一次…
[TRACKER] 05:35:04 持仓=3 盈利=0.6795U 亏损=-1.4076U 净浮盈=-0.7281U 手续费基数=0.0722U 阈值=0.3612U
[TRACKER] 05:35:10 持仓=3 盈利=0.6795U 亏损=-1.3996U 净浮盈=-0.7201U 手续费基数=0.0722U 阈值=0.3612U
[TRACKER] 05:35:17 持仓=3 盈利=0.6653U 亏损=-1.3996U 净浮盈=-0.7342U 手续费基数=0.0722U 阈值=0.3612U
[TRACKER] 05:35:23 持仓=3 盈利=0.6653U 亏损=-1.3177U 净浮盈=-0.6524U 手续费基数=0.0722U 阈值=0.3612U
[TRACKER] 05:35:29 持仓=3 盈利=0.6690U 亏损=-1.3090U 净浮盈=-0.6400U 手续费基数=0.0722U 阈值=0.3612U
[TRACKER] 05:35:36 持仓=3 盈利=0.6407U 亏损=-1.3230U 净浮盈=-0.6823U 手续费基数=0.0722U 阈值=0.3612U
[TRACKER] 05:35:42 持仓=3 盈利=0.6407U 亏损=-1.3440U 净浮盈=-0.7033U 手续费基数=0.0722U 阈值=0.3612U
[TRACKER] 05:35:49 持仓=3 盈利=0.6407U 亏损=-1.3440U 净浮盈=-0.7033U 手续费基数=0.0722U 阈值=0.3612U
[TRACKER] 05:35:55 持仓=3 盈利=0.6407U 亏损=-1.3300U 净浮盈=-0.6893U 手续费基数=0.0722U 阈值=0.3612U
[TRACKER] 本轮结束（将由 crontab 重新拉起）
[TRACKER] 启动，每 5 秒检查一次…
[TRACKER] 05:36:02 持仓=3 盈利=0.6443U 亏损=-1.3300U 净浮盈=-0.6857U 手续费基数=0.0722U 阈值=0.3612U
[TRACKER] 05:36:08 持仓=3 盈利=0.6726U 亏损=-1.3300U 净浮盈=-0.6574U 手续费基数=0.0722U 阈值=0.3612U
[TRACKER] 05:36:15 持仓=3 盈利=0.6302U 亏损=-1.3230U 净浮盈=-0.6928U 手续费基数=0.0722U 阈值=0.3612U
[TRACKER] 05:36:21 持仓=3 盈利=0.5982U 亏损=-1.3510U 净浮盈=-0.7528U 手续费基数=0.0722U 阈值=0.3612U
[TRACKER] 05:36:28 持仓=3 盈利=0.6160U 亏损=-1.4070U 净浮盈=-0.7910U 手续费基数=0.0722U 阈值=0.3612U
[TRACKER] 05:36:34 持仓=3 盈利=0.6302U 亏损=-1.4070U 净浮盈=-0.7768U 手续费基数=0.0722U 阈值=0.3612U
[TRACKER] 05:36:40 持仓=3 盈利=0.6443U 亏损=-1.4140U 净浮盈=-0.7697U 手续费基数=0.0722U 阈值=0.3612U
[TRACKER] 05:36:47 持仓=3 盈利=0.6443U 亏损=-1.4210U 净浮盈=-0.7767U 手续费基数=0.0722U 阈值=0.3612U
[TRACKER] 05:36:53 持仓=3 盈利=0.6302U 亏损=-1.4210U 净浮盈=-0.7908U 手续费基数=0.0722U 阈值=0.3612U
[TRACKER] 本轮结束（将由 crontab 重新拉起）
[TRACKER] 启动，每 5 秒检查一次…
[TRACKER] 05:37:03 持仓=3 盈利=0.6160U 亏损=-1.3580U 净浮盈=-0.7420U 手续费基数=0.0722U 阈值=0.3612U
[TRACKER] 05:37:09 持仓=3 盈利=0.5923U 亏损=-1.3720U 净浮盈=-0.7797U 手续费基数=0.0722U 阈值=0.3612U
[TRACKER] 05:37:15 持仓=3 盈利=0.6101U 亏损=-1.3160U 净浮盈=-0.7059U 手续费基数=0.0722U 阈值=0.3612U
[TRACKER] 05:37:22 持仓=3 盈利=0.6041U 亏损=-1.3020U 净浮盈=-0.6979U 手续费基数=0.0722U 阈值=0.3612U
[TRACKER] 05:37:28 持仓=3 盈利=0.6041U 亏损=-1.2740U 净浮盈=-0.6699U 手续费基数=0.0722U 阈值=0.3612U
[TRACKER] 05:37:35 持仓=3 盈利=0.5900U 亏损=-1.3230U 净浮盈=-0.7330U 手续费基数=0.0722U 阈值=0.3612U
[TRACKER] 05:37:41 持仓=3 盈利=0.5959U 亏损=-1.3230U 净浮盈=-0.7271U 手续费基数=0.0722U 阈值=0.3612U
[TRACKER] 05:37:47 持仓=3 盈利=0.6005U 亏损=-1.3300U 净浮盈=-0.7295U 手续费基数=0.0722U 阈值=0.3612U
[TRACKER] 05:37:54 持仓=3 盈利=0.5946U 亏损=-1.3300U 净浮盈=-0.7354U 手续费基数=0.0722U 阈值=0.3612U
[TRACKER] 本轮结束（将由 crontab 重新拉起）
[TRACKER] 启动，每 5 秒检查一次…
[TRACKER] 05:38:03 持仓=3 盈利=0.6087U 亏损=-1.3510U 净浮盈=-0.7423U 手续费基数=0.0722U 阈值=0.3612U
[TRACKER] 05:38:09 持仓=3 盈利=0.6229U 亏损=-1.3300U 净浮盈=-0.7071U 手续费基数=0.0722U 阈值=0.3612U
[TRACKER] 05:38:15 持仓=3 盈利=0.6430U 亏损=-1.3300U 净浮盈=-0.6870U 手续费基数=0.0722U 阈值=0.3612U
[TRACKER] 05:38:22 持仓=3 盈利=0.6489U 亏损=-1.3300U 净浮盈=-0.6811U 手续费基数=0.0722U 阈值=0.3612U
[TRACKER] 05:38:28 持仓=3 盈利=0.6489U 亏损=-1.3300U 净浮盈=-0.6811U 手续费基数=0.0722U 阈值=0.3612U
[TRACKER] 05:38:35 持仓=3 盈利=0.6489U 亏损=-1.3160U 净浮盈=-0.6671U 手续费基数=0.0722U 阈值=0.3612U
[TRACKER] 05:38:41 持仓=3 盈利=0.6950U 亏损=-1.3090U 净浮盈=-0.6140U 手续费基数=0.0722U 阈值=0.3612U
[TRACKER] 05:38:48 持仓=3 盈利=0.7174U 亏损=-1.3090U 净浮盈=-0.5916U 手续费基数=0.0722U 阈值=0.3612U
[TRACKER] 05:38:54 持仓=3 盈利=0.7174U 亏损=-1.3090U 净浮盈=-0.5916U 手续费基数=0.0722U 阈值=0.3612U
[TRACKER] 本轮结束（将由 crontab 重新拉起）
[TRACKER] 启动，每 5 秒检查一次…
[TRACKER] 05:39:03 持仓=3 盈利=0.7115U 亏损=-1.3160U 净浮盈=-0.6045U 手续费基数=0.0722U 阈值=0.3612U
[TRACKER] 05:39:09 持仓=3 盈利=0.7115U 亏损=-1.3020U 净浮盈=-0.5905U 手续费基数=0.0722U 阈值=0.3612U
[TRACKER] 05:39:16 持仓=3 盈利=0.7115U 亏损=-1.3020U 净浮盈=-0.5905U 手续费基数=0.0722U 阈值=0.3612U
[TRACKER] 05:39:22 持仓=3 盈利=0.7174U 亏损=-1.2530U 净浮盈=-0.5356U 手续费基数=0.0722U 阈值=0.3612U
[TRACKER] 05:39:28 持仓=3 盈利=0.7115U 亏损=-1.2740U 净浮盈=-0.5625U 手续费基数=0.0722U 阈值=0.3612U
[TRACKER] 05:39:35 持仓=3 盈利=0.7115U 亏损=-1.2600U 净浮盈=-0.5485U 手续费基数=0.0722U 阈值=0.3612U
[TRACKER] 05:39:41 持仓=3 盈利=0.7115U 亏损=-1.2320U 净浮盈=-0.5205U 手续费基数=0.0722U 阈值=0.3612U
[TRACKER] 05:39:48 持仓=3 盈利=0.7055U 亏损=-1.2250U 净浮盈=-0.5195U 手续费基数=0.0722U 阈值=0.3612U
[TRACKER] 05:39:54 持仓=3 盈利=0.6936U 亏损=-1.2600U 净浮盈=-0.5664U 手续费基数=0.0722U 阈值=0.3612U
[TRACKER] 本轮结束（将由 crontab 重新拉起）
[TRACKER] 启动，每 5 秒检查一次…
[TRACKER] 05:40:03 持仓=3 盈利=0.6936U 亏损=-1.2309U 净浮盈=-0.5373U 手续费基数=0.0722U 阈值=0.3612U
[TRACKER] 05:40:10 持仓=3 盈利=0.7174U 亏损=-1.2250U 净浮盈=-0.5076U 手续费基数=0.0722U 阈值=0.3612U
[TRACKER] 05:40:16 持仓=3 盈利=0.6936U 亏损=-1.2299U 净浮盈=-0.5362U 手续费基数=0.0722U 阈值=0.3612U
[TRACKER] 05:40:23 持仓=3 盈利=0.6936U 亏损=-1.2218U 净浮盈=-0.5282U 手续费基数=0.0722U 阈值=0.3612U
[TRACKER] 05:40:29 持仓=3 盈利=0.6936U 亏损=-1.2078U 净浮盈=-0.5142U 手续费基数=0.0722U 阈值=0.3612U
[TRACKER] 05:40:36 持仓=3 盈利=0.6936U 亏损=-1.1798U 净浮盈=-0.4862U 手续费基数=0.0722U 阈值=0.3612U
[TRACKER] 05:40:42 持仓=3 盈利=0.6936U 亏损=-1.2078U 净浮盈=-0.5142U 手续费基数=0.0722U 阈值=0.3612U
[TRACKER] 05:40:49 持仓=3 盈利=0.6936U 亏损=-1.2078U 净浮盈=-0.5142U 手续费基数=0.0722U 阈值=0.3612U
[TRACKER] 05:40:55 持仓=3 盈利=0.6936U 亏损=-1.1448U 净浮盈=-0.4512U 手续费基数=0.0722U 阈值=0.3612U
[TRACKER] 本轮结束（将由 crontab 重新拉起）
[TRACKER] 启动，每 5 秒检查一次…
[TRACKER] 05:41:02 持仓=3 盈利=0.6936U 亏损=-1.1798U 净浮盈=-0.4862U 手续费基数=0.0722U 阈值=0.3612U
[TRACKER] 05:41:08 持仓=3 盈利=0.6936U 亏损=-1.2148U 净浮盈=-0.5212U 手续费基数=0.0722U 阈值=0.3612U
[TRACKER] 05:41:14 持仓=3 盈利=0.6936U 亏损=-1.2218U 净浮盈=-0.5282U 手续费基数=0.0722U 阈值=0.3612U
[TRACKER] 05:41:21 持仓=3 盈利=0.6936U 亏损=-1.2638U 净浮盈=-0.5702U 手续费基数=0.0722U 阈值=0.3612U
[TRACKER] 05:41:28 持仓=3 盈利=0.6936U 亏损=-1.2956U 净浮盈=-0.6020U 手续费基数=0.0722U 阈值=0.3612U
[TRACKER] 05:41:34 持仓=3 盈利=0.6936U 亏损=-1.2768U 净浮盈=-0.5831U 手续费基数=0.0722U 阈值=0.3612U
[TRACKER] 05:41:40 持仓=3 盈利=0.6936U 亏损=-1.1868U 净浮盈=-0.4932U 手续费基数=0.0722U 阈值=0.3612U
[TRACKER] 05:41:47 持仓=3 盈利=0.6936U 亏损=-1.1798U 净浮盈=-0.4862U 手续费基数=0.0722U 阈值=0.3612U
[TRACKER] 05:41:53 持仓=3 盈利=0.7078U 亏损=-1.1588U 净浮盈=-0.4510U 手续费基数=0.0722U 阈值=0.3612U
[TRACKER] 本轮结束（将由 crontab 重新拉起）
[TRACKER] 启动，每 5 秒检查一次…
[TRACKER] 05:42:03 持仓=3 盈利=0.7078U 亏损=-1.1620U 净浮盈=-0.4542U 手续费基数=0.0722U 阈值=0.3612U
[TRACKER] 05:42:10 持仓=3 盈利=0.7137U 亏损=-1.1620U 净浮盈=-0.4483U 手续费基数=0.0722U 阈值=0.3612U
[TRACKER] 05:42:16 持仓=3 盈利=0.7078U 亏损=-1.1609U 净浮盈=-0.4531U 手续费基数=0.0722U 阈值=0.3612U
[TRACKER] 05:42:23 持仓=3 盈利=0.7137U 亏损=-1.1690U 净浮盈=-0.4553U 手续费基数=0.0722U 阈值=0.3612U
[TRACKER] 05:42:29 持仓=3 盈利=0.7137U 亏损=-1.2110U 净浮盈=-0.4973U 手续费基数=0.0722U 阈值=0.3612U
[TRACKER] 05:42:36 持仓=3 盈利=0.7078U 亏损=-1.1690U 净浮盈=-0.4612U 手续费基数=0.0722U 阈值=0.3612U
[TRACKER] 05:42:42 持仓=3 盈利=0.7137U 亏损=-1.1620U 净浮盈=-0.4483U 手续费基数=0.0722U 阈值=0.3612U
[TRACKER] 05:42:48 持仓=3 盈利=0.7137U 亏损=-1.1690U 净浮盈=-0.4553U 手续费基数=0.0722U 阈值=0.3612U
[TRACKER] 05:42:54 持仓=3 盈利=0.7279U 亏损=-1.1690U 净浮盈=-0.4411U 手续费基数=0.0722U 阈值=0.3612U
[TRACKER] 本轮结束（将由 crontab 重新拉起）
[TRACKER] 启动，每 5 秒检查一次…
[TRACKER] 05:43:03 持仓=3 盈利=0.7137U 亏损=-1.2670U 净浮盈=-0.5533U 手续费基数=0.0722U 阈值=0.3612U
[TRACKER] 05:43:10 持仓=3 盈利=0.7137U 亏损=-1.3020U 净浮盈=-0.5883U 手续费基数=0.0722U 阈值=0.3612U
[TRACKER] 05:43:16 持仓=3 盈利=0.7220U 亏损=-1.3020U 净浮盈=-0.5800U 手续费基数=0.0722U 阈值=0.3612U
[TRACKER] 05:43:23 持仓=3 盈利=0.7220U 亏损=-1.2729U 净浮盈=-0.5510U 手续费基数=0.0722U 阈值=0.3612U
[TRACKER] 05:43:29 持仓=3 盈利=0.7220U 亏损=-1.2659U 净浮盈=-0.5440U 手续费基数=0.0722U 阈值=0.3612U
[TRACKER] 05:43:36 持仓=3 盈利=0.7220U 亏损=-1.2659U 净浮盈=-0.5440U 手续费基数=0.0722U 阈值=0.3612U
[TRACKER] 05:43:42 持仓=3 盈利=0.7220U 亏损=-1.2309U 净浮盈=-0.5090U 手续费基数=0.0722U 阈值=0.3612U
[TRACKER] 05:43:48 持仓=3 盈利=0.7220U 亏损=-1.1819U 净浮盈=-0.4600U 手续费基数=0.0722U 阈值=0.3612U
[TRACKER] 05:43:55 持仓=3 盈利=0.7220U 亏损=-1.1809U 净浮盈=-0.4589U 手续费基数=0.0722U 阈值=0.3612U
[TRACKER] 本轮结束（将由 crontab 重新拉起）
[TRACKER] 启动，每 5 秒检查一次…
[TRACKER] 05:44:02 持仓=3 盈利=0.7361U 亏损=-1.1809U 净浮盈=-0.4448U 手续费基数=0.0722U 阈值=0.3612U
[TRACKER] 05:44:08 持仓=3 盈利=0.7361U 亏损=-1.2089U 净浮盈=-0.4728U 手续费基数=0.0722U 阈值=0.3612U
[TRACKER] 05:44:14 持仓=3 盈利=0.7503U 亏损=-1.1469U 净浮盈=-0.3967U 手续费基数=0.0722U 阈值=0.3612U
[TRACKER] 05:44:21 持仓=3 盈利=0.7562U 亏损=-1.1480U 净浮盈=-0.3918U 手续费基数=0.0722U 阈值=0.3612U
[TRACKER] 05:44:27 持仓=3 盈利=0.7621U 亏损=-1.1410U 净浮盈=-0.3789U 手续费基数=0.0722U 阈值=0.3612U
[TRACKER] 05:44:34 持仓=3 盈利=0.7681U 亏损=-1.0990U 净浮盈=-0.3309U 手续费基数=0.0722U 阈值=0.3612U
[TRACKER] 05:44:41 持仓=3 盈利=0.7681U 亏损=-1.0920U 净浮盈=-0.3239U 手续费基数=0.0722U 阈值=0.3612U
[TRACKER] 05:44:47 持仓=3 盈利=0.7681U 亏损=-1.0920U 净浮盈=-0.3239U 手续费基数=0.0722U 阈值=0.3612U
[TRACKER] 05:44:54 持仓=3 盈利=0.7681U 亏损=-1.0920U 净浮盈=-0.3239U 手续费基数=0.0722U 阈值=0.3612U
[TRACKER] 本轮结束（将由 crontab 重新拉起）
[TRACKER] 启动，每 5 秒检查一次…
[TRACKER] 05:45:03 持仓=3 盈利=0.7740U 亏损=-1.0850U 净浮盈=-0.3110U 手续费基数=0.0722U 阈值=0.3612U
[TRACKER] 05:45:09 持仓=3 盈利=0.7740U 亏损=-1.0640U 净浮盈=-0.2900U 手续费基数=0.0722U 阈值=0.3612U
[TRACKER] 05:45:16 持仓=3 盈利=0.7882U 亏损=-1.0640U 净浮盈=-0.2758U 手续费基数=0.0722U 阈值=0.3612U
[TRACKER] 05:45:22 持仓=3 盈利=0.7740U 亏损=-1.0850U 净浮盈=-0.3110U 手续费基数=0.0722U 阈值=0.3612U
[TRACKER] 05:45:29 持仓=3 盈利=0.7740U 亏损=-1.0850U 净浮盈=-0.3110U 手续费基数=0.0722U 阈值=0.3612U
[TRACKER] 05:45:35 持仓=3 盈利=0.7882U 亏损=-1.1480U 净浮盈=-0.3598U 手续费基数=0.0722U 阈值=0.3612U
[TRACKER] 05:45:42 持仓=3 盈利=0.7882U 亏损=-1.1550U 净浮盈=-0.3668U 手续费基数=0.0722U 阈值=0.3612U
[TRACKER] 05:45:48 持仓=3 盈利=0.7882U 亏损=-1.1690U 净浮盈=-0.3808U 手续费基数=0.0722U 阈值=0.3612U
[TRACKER] 05:45:54 持仓=3 盈利=0.7658U 亏损=-1.2040U 净浮盈=-0.4382U 手续费基数=0.0722U 阈值=0.3612U
[TRACKER] 本轮结束（将由 crontab 重新拉起）
[TRACKER] 启动，每 5 秒检查一次…
[TRACKER] 05:46:03 持仓=3 盈利=0.7740U 亏损=-1.1760U 净浮盈=-0.4020U 手续费基数=0.0722U 阈值=0.3612U
[TRACKER] 05:46:09 持仓=3 盈利=0.7740U 亏损=-1.2040U 净浮盈=-0.4300U 手续费基数=0.0722U 阈值=0.3612U
[TRACKER] 05:46:16 持仓=3 盈利=0.7941U 亏损=-1.2040U 净浮盈=-0.4099U 手续费基数=0.0722U 阈值=0.3612U
[TRACKER] 05:46:22 持仓=3 盈利=0.7882U 亏损=-1.2040U 净浮盈=-0.4158U 手续费基数=0.0722U 阈值=0.3612U
[TRACKER] 05:46:28 持仓=3 盈利=0.7822U 亏损=-1.2040U 净浮盈=-0.4218U 手续费基数=0.0722U 阈值=0.3612U
[TRACKER] 05:46:35 持仓=3 盈利=0.7763U 亏损=-1.2040U 净浮盈=-0.4277U 手续费基数=0.0722U 阈值=0.3612U
[TRACKER] 05:46:41 持仓=3 盈利=0.7763U 亏损=-1.1900U 净浮盈=-0.4137U 手续费基数=0.0722U 阈值=0.3612U
[TRACKER] 05:46:48 持仓=3 盈利=0.7704U 亏损=-1.1900U 净浮盈=-0.4196U 手续费基数=0.0722U 阈值=0.3612U
[TRACKER] 05:46:55 持仓=3 盈利=0.7644U 亏损=-1.2250U 净浮盈=-0.4606U 手续费基数=0.0722U 阈值=0.3612U
[TRACKER] 本轮结束（将由 crontab 重新拉起）
[TRACKER] 启动，每 5 秒检查一次…
[TRACKER] 05:47:02 持仓=3 盈利=0.7644U 亏损=-1.2670U 净浮盈=-0.5026U 手续费基数=0.0722U 阈值=0.3612U
[TRACKER] 05:47:08 持仓=3 盈利=0.7644U 亏损=-1.2180U 净浮盈=-0.4536U 手续费基数=0.0722U 阈值=0.3612U
[TRACKER] 05:47:14 持仓=3 盈利=0.7644U 亏损=-1.2180U 净浮盈=-0.4536U 手续费基数=0.0722U 阈值=0.3612U
[TRACKER] 05:47:21 持仓=3 盈利=0.7503U 亏损=-1.2250U 净浮盈=-0.4747U 手续费基数=0.0722U 阈值=0.3612U
[TRACKER] 05:47:27 持仓=3 盈利=0.7503U 亏损=-1.2369U 净浮盈=-0.4866U 手续费基数=0.0722U 阈值=0.3612U
[TRACKER] 05:47:33 持仓=3 盈利=0.7503U 亏损=-1.2229U 净浮盈=-0.4726U 手续费基数=0.0722U 阈值=0.3612U
[TRACKER] 05:47:40 持仓=3 盈利=0.7503U 亏损=-1.2169U 净浮盈=-0.4667U 手续费基数=0.0722U 阈值=0.3612U
[TRACKER] 05:47:46 持仓=3 盈利=0.7503U 亏损=-1.1539U 净浮盈=-0.4037U 手续费基数=0.0722U 阈值=0.3612U
[TRACKER] 05:47:53 持仓=3 盈利=0.7704U 亏损=-1.1480U 净浮盈=-0.3776U 手续费基数=0.0722U 阈值=0.3612U
[TRACKER] 本轮结束（将由 crontab 重新拉起）
[TRACKER] 启动，每 5 秒检查一次…
[TRACKER] 05:48:03 持仓=3 盈利=0.7704U 亏损=-1.1550U 净浮盈=-0.3846U 手续费基数=0.0722U 阈值=0.3612U
[TRACKER] 05:48:09 持仓=3 盈利=0.7704U 亏损=-1.1550U 净浮盈=-0.3846U 手续费基数=0.0722U 阈值=0.3612U
[TRACKER] 05:48:16 持仓=3 盈利=0.7704U 亏损=-1.1550U 净浮盈=-0.3846U 手续费基数=0.0722U 阈值=0.3612U
[TRACKER] 05:48:22 持仓=3 盈利=0.7704U 亏损=-1.1130U 净浮盈=-0.3426U 手续费基数=0.0722U 阈值=0.3612U
[TRACKER] 05:48:28 持仓=3 盈利=0.7845U 亏损=-1.1200U 净浮盈=-0.3355U 手续费基数=0.0722U 阈值=0.3612U
[TRACKER] 05:48:35 持仓=3 盈利=0.7763U 亏损=-1.0920U 净浮盈=-0.3157U 手续费基数=0.0722U 阈值=0.3612U
[TRACKER] 05:48:41 持仓=3 盈利=0.7905U 亏损=-1.0990U 净浮盈=-0.3085U 手续费基数=0.0722U 阈值=0.3612U
[TRACKER] 05:48:47 持仓=3 盈利=0.7845U 亏损=-1.0920U 净浮盈=-0.3075U 手续费基数=0.0722U 阈值=0.3612U
[TRACKER] 05:48:54 持仓=3 盈利=0.7845U 亏损=-1.0710U 净浮盈=-0.2865U 手续费基数=0.0722U 阈值=0.3612U
[TRACKER] 本轮结束（将由 crontab 重新拉起）
[TRACKER] 启动，每 5 秒检查一次…
[TRACKER] 05:49:03 持仓=3 盈利=0.7786U 亏损=-1.0839U 净浮盈=-0.3054U 手续费基数=0.0722U 阈值=0.3612U
[TRACKER] 05:49:09 持仓=3 盈利=0.7786U 亏损=-1.0769U 净浮盈=-0.2984U 手续费基数=0.0722U 阈值=0.3612U
[TRACKER] 05:49:16 持仓=3 盈利=0.7786U 亏损=-0.9509U 净浮盈=-0.1724U 手续费基数=0.0722U 阈值=0.3612U
[TRACKER] 05:49:22 持仓=3 盈利=0.7786U 亏损=-0.9649U 净浮盈=-0.1864U 手续费基数=0.0722U 阈值=0.3612U
[TRACKER] 05:49:28 持仓=3 盈利=0.7786U 亏损=-0.9929U 净浮盈=-0.2144U 手续费基数=0.0722U 阈值=0.3612U
[TRACKER] 05:49:34 持仓=3 盈利=0.7786U 亏损=-1.0209U 净浮盈=-0.2424U 手续费基数=0.0722U 阈值=0.3612U
[TRACKER] 05:49:41 持仓=3 盈利=0.7927U 亏损=-0.9929U 净浮盈=-0.2002U 手续费基数=0.0722U 阈值=0.3612U
[TRACKER] 05:49:47 持仓=3 盈利=0.7927U 亏损=-0.9719U 净浮盈=-0.1792U 手续费基数=0.0722U 阈值=0.3612U
[TRACKER] 05:49:54 持仓=3 盈利=0.7927U 亏损=-0.9789U 净浮盈=-0.1862U 手续费基数=0.0722U 阈值=0.3612U
[TRACKER] 本轮结束（将由 crontab 重新拉起）
[TRACKER] 启动，每 5 秒检查一次…
[TRACKER] 05:50:03 持仓=3 盈利=0.7927U 亏损=-0.8949U 净浮盈=-0.1022U 手续费基数=0.0722U 阈值=0.3612U
[TRACKER] 05:50:09 持仓=3 盈利=0.7927U 亏损=-0.9019U 净浮盈=-0.1092U 手续费基数=0.0722U 阈值=0.3612U
[TRACKER] 05:50:16 持仓=3 盈利=0.7927U 亏损=-0.8879U 净浮盈=-0.0952U 手续费基数=0.0722U 阈值=0.3612U
[TRACKER] 05:50:23 持仓=3 盈利=0.7927U 亏损=-0.9019U 净浮盈=-0.1092U 手续费基数=0.0722U 阈值=0.3612U
[TRACKER] 05:50:29 持仓=3 盈利=0.7927U 亏损=-0.9509U 净浮盈=-0.1582U 手续费基数=0.0722U 阈值=0.3612U
[TRACKER] 05:50:36 持仓=3 盈利=0.7927U 亏损=-0.9999U 净浮盈=-0.2072U 手续费基数=0.0722U 阈值=0.3612U
[TRACKER] 05:50:42 持仓=3 盈利=0.7927U 亏损=-1.0349U 净浮盈=-0.2422U 手续费基数=0.0722U 阈值=0.3612U
[TRACKER] 05:50:48 持仓=3 盈利=0.8343U 亏损=-1.0220U 净浮盈=-0.1877U 手续费基数=0.0722U 阈值=0.3612U
[TRACKER] 05:50:55 持仓=3 盈利=0.8343U 亏损=-0.9940U 净浮盈=-0.1597U 手续费基数=0.0722U 阈值=0.3612U
[TRACKER] 本轮结束（将由 crontab 重新拉起）
[TRACKER] 启动，每 5 秒检查一次…
[TRACKER] 05:51:02 持仓=3 盈利=0.8128U 亏损=-1.0010U 净浮盈=-0.1882U 手续费基数=0.0722U 阈值=0.3612U
[TRACKER] 05:51:08 持仓=3 盈利=0.8247U 亏损=-0.9870U 净浮盈=-0.1623U 手续费基数=0.0722U 阈值=0.3612U
[TRACKER] 05:51:14 持仓=3 盈利=0.8247U 亏损=-0.9730U 净浮盈=-0.1483U 手续费基数=0.0722U 阈值=0.3612U
[TRACKER] 05:51:21 持仓=3 盈利=0.8306U 亏损=-1.0010U 净浮盈=-0.1704U 手续费基数=0.0722U 阈值=0.3612U
[TRACKER] 05:51:27 持仓=3 盈利=0.8366U 亏损=-0.9590U 净浮盈=-0.1224U 手续费基数=0.0722U 阈值=0.3612U
[TRACKER] 05:51:33 持仓=3 盈利=0.8366U 亏损=-0.9170U 净浮盈=-0.0804U 手续费基数=0.0722U 阈值=0.3612U
[TRACKER] 05:51:40 持仓=3 盈利=0.8366U 亏损=-0.9240U 净浮盈=-0.0874U 手续费基数=0.0722U 阈值=0.3612U
[TRACKER] 05:51:46 持仓=3 盈利=0.8366U 亏损=-0.9170U 净浮盈=-0.0804U 手续费基数=0.0722U 阈值=0.3612U
[TRACKER] 05:51:52 持仓=3 盈利=0.8366U 亏损=-0.8960U 净浮盈=-0.0594U 手续费基数=0.0722U 阈值=0.3612U
[TRACKER] 本轮结束（将由 crontab 重新拉起）
[TRACKER] 启动，每 5 秒检查一次…
[TRACKER] 05:52:03 持仓=3 盈利=0.8485U 亏损=-0.9380U 净浮盈=-0.0895U 手续费基数=0.0722U 阈值=0.3612U
[TRACKER] 05:52:10 持仓=3 盈利=0.8343U 亏损=-0.9170U 净浮盈=-0.0827U 手续费基数=0.0722U 阈值=0.3612U
[TRACKER] 05:52:16 持仓=3 盈利=0.7918U 亏损=-0.9310U 净浮盈=-0.1392U 手续费基数=0.0722U 阈值=0.3612U
[TRACKER] 05:52:22 持仓=3 盈利=0.8060U 亏损=-0.9450U 净浮盈=-0.1390U 手续费基数=0.0722U 阈值=0.3612U
[TRACKER] 05:52:29 持仓=3 盈利=0.8201U 亏损=-0.9310U 净浮盈=-0.1109U 手续费基数=0.0722U 阈值=0.3612U
[TRACKER] 05:52:35 持仓=3 盈利=0.8201U 亏损=-0.9170U 净浮盈=-0.0969U 手续费基数=0.0722U 阈值=0.3612U
[TRACKER] 05:52:41 持仓=3 盈利=0.8201U 亏损=-0.9100U 净浮盈=-0.0899U 手续费基数=0.0722U 阈值=0.3612U
[TRACKER] 05:52:47 持仓=3 盈利=0.8201U 亏损=-0.9380U 净浮盈=-0.1179U 手续费基数=0.0722U 阈值=0.3612U
[TRACKER] 05:52:54 持仓=3 盈利=0.7777U 亏损=-0.9450U 净浮盈=-0.1673U 手续费基数=0.0722U 阈值=0.3612U
[TRACKER] 本轮结束（将由 crontab 重新拉起）
[TRACKER] 启动，每 5 秒检查一次…
[TRACKER] 05:53:03 持仓=3 盈利=0.8096U 亏损=-0.9940U 净浮盈=-0.1844U 手续费基数=0.0722U 阈值=0.3612U
[TRACKER] 05:53:09 持仓=3 盈利=0.8380U 亏损=-1.0290U 净浮盈=-0.1910U 手续费基数=0.0722U 阈值=0.3612U
[TRACKER] 05:53:15 持仓=3 盈利=0.8521U 亏损=-1.0920U 净浮盈=-0.2399U 手续费基数=0.0722U 阈值=0.3612U
[TRACKER] 05:53:22 持仓=3 盈利=0.8581U 亏损=-1.0570U 净浮盈=-0.1989U 手续费基数=0.0722U 阈值=0.3612U
[TRACKER] 05:53:28 持仓=3 盈利=0.8699U 亏损=-1.0640U 净浮盈=-0.1941U 手续费基数=0.0722U 阈值=0.3612U
[TRACKER] 05:53:35 持仓=3 盈利=0.8699U 亏损=-1.0430U 净浮盈=-0.1731U 手续费基数=0.0722U 阈值=0.3612U
[TRACKER] 05:53:41 持仓=3 盈利=0.8558U 亏损=-1.0430U 净浮盈=-0.1872U 手续费基数=0.0722U 阈值=0.3612U
[TRACKER] 05:53:48 持仓=3 盈利=0.8699U 亏损=-1.0360U 净浮盈=-0.1661U 手续费基数=0.0722U 阈值=0.3612U
[TRACKER] 05:53:54 持仓=3 盈利=0.8699U 亏损=-1.0710U 净浮盈=-0.2011U 手续费基数=0.0722U 阈值=0.3612U
[TRACKER] 本轮结束（将由 crontab 重新拉起）
[TRACKER] 启动，每 5 秒检查一次…
[TRACKER] 05:54:04 持仓=3 盈利=0.8699U 亏损=-1.1480U 净浮盈=-0.2781U 手续费基数=0.0722U 阈值=0.3612U
[TRACKER] 05:54:10 持仓=3 盈利=0.8699U 亏损=-1.1970U 净浮盈=-0.3271U 手续费基数=0.0722U 阈值=0.3612U
[TRACKER] 05:54:17 持仓=3 盈利=0.8699U 亏损=-1.1970U 净浮盈=-0.3271U 手续费基数=0.0722U 阈值=0.3612U
[TRACKER] 05:54:24 持仓=3 盈利=0.8699U 亏损=-1.1690U 净浮盈=-0.2991U 手续费基数=0.0722U 阈值=0.3612U
[TRACKER] 05:54:30 持仓=3 盈利=0.8699U 亏损=-1.1620U 净浮盈=-0.2921U 手续费基数=0.0722U 阈值=0.3612U
[TRACKER] 05:54:37 持仓=3 盈利=0.8699U 亏损=-1.2110U 净浮盈=-0.3411U 手续费基数=0.0722U 阈值=0.3612U
[TRACKER] 05:54:43 持仓=3 盈利=0.9056U 亏损=-1.2040U 净浮盈=-0.2984U 手续费基数=0.0722U 阈值=0.3612U
[TRACKER] 05:54:49 持仓=3 盈利=0.9115U 亏损=-1.1900U 净浮盈=-0.2785U 手续费基数=0.0722U 阈值=0.3612U
[TRACKER] 05:54:56 持仓=3 盈利=0.9115U 亏损=-1.2180U 净浮盈=-0.3065U 手续费基数=0.0722U 阈值=0.3612U
[TRACKER] 本轮结束（将由 crontab 重新拉起）
[TRACKER] 启动，每 5 秒检查一次…
[TRACKER] 05:55:03 持仓=3 盈利=0.9092U 亏损=-1.1970U 净浮盈=-0.2878U 手续费基数=0.0722U 阈值=0.3612U
[TRACKER] 05:55:09 持仓=3 盈利=0.9033U 亏损=-1.1830U 净浮盈=-0.2797U 手续费基数=0.0722U 阈值=0.3612U
[TRACKER] 05:55:16 持仓=3 盈利=0.8818U 亏损=-1.1830U 净浮盈=-0.3012U 手续费基数=0.0722U 阈值=0.3612U
[TRACKER] 05:55:22 持仓=3 盈利=0.8818U 亏损=-1.1620U 净浮盈=-0.2802U 手续费基数=0.0722U 阈值=0.3612U
[TRACKER] 05:55:29 持仓=3 盈利=0.8818U 亏损=-1.1340U 净浮盈=-0.2522U 手续费基数=0.0722U 阈值=0.3612U
[TRACKER] 05:55:35 持仓=3 盈利=0.8640U 亏损=-1.1130U 净浮盈=-0.2490U 手续费基数=0.0722U 阈值=0.3612U
[TRACKER] 05:55:42 持仓=3 盈利=0.8357U 亏损=-1.1270U 净浮盈=-0.2913U 手续费基数=0.0722U 阈值=0.3612U
[TRACKER] 05:55:48 持仓=3 盈利=0.8179U 亏损=-1.1130U 净浮盈=-0.2951U 手续费基数=0.0722U 阈值=0.3612U
[TRACKER] 05:55:54 持仓=3 盈利=0.8119U 亏损=-1.0640U 净浮盈=-0.2521U 手续费基数=0.0722U 阈值=0.3612U
[TRACKER] 本轮结束（将由 crontab 重新拉起）
[TRACKER] 启动，每 5 秒检查一次…
[TRACKER] 05:56:01 持仓=3 盈利=0.8119U 亏损=-1.0430U 净浮盈=-0.2311U 手续费基数=0.0722U 阈值=0.3612U
[TRACKER] 05:56:08 持仓=3 盈利=0.8402U 亏损=-1.0360U 净浮盈=-0.1958U 手续费基数=0.0722U 阈值=0.3612U
[TRACKER] 05:56:14 持仓=3 盈利=0.8261U 亏损=-1.0430U 净浮盈=-0.2169U 手续费基数=0.0722U 阈值=0.3612U
[TRACKER] 05:56:20 持仓=3 盈利=0.8261U 亏损=-1.0640U 净浮盈=-0.2379U 手续费基数=0.0722U 阈值=0.3612U
[TRACKER] 05:56:27 持仓=3 盈利=0.7822U 亏损=-1.0640U 净浮盈=-0.2818U 手续费基数=0.0722U 阈值=0.3612U
[TRACKER] 05:56:33 持仓=3 盈利=0.7740U 亏损=-1.0640U 净浮盈=-0.2900U 手续费基数=0.0722U 阈值=0.3612U
[TRACKER] 05:56:40 持仓=3 盈利=0.7800U 亏损=-1.0640U 净浮盈=-0.2840U 手续费基数=0.0722U 阈值=0.3612U
[TRACKER] 05:56:46 持仓=3 盈利=0.7859U 亏损=-1.0710U 净浮盈=-0.2851U 手续费基数=0.0722U 阈值=0.3612U
[TRACKER] 05:56:52 持仓=3 盈利=0.7918U 亏损=-1.0780U 净浮盈=-0.2862U 手续费基数=0.0722U 阈值=0.3612U
[TRACKER] 本轮结束（将由 crontab 重新拉起）
[TRACKER] 启动，每 5 秒检查一次…
[TRACKER] 05:57:03 持仓=3 盈利=0.7978U 亏损=-1.0710U 净浮盈=-0.2732U 手续费基数=0.0722U 阈值=0.3612U
[TRACKER] 05:57:10 持仓=3 盈利=0.7978U 亏损=-1.0570U 净浮盈=-0.2592U 手续费基数=0.0722U 阈值=0.3612U
[TRACKER] 05:57:16 持仓=3 盈利=0.7978U 亏损=-1.0290U 净浮盈=-0.2312U 手续费基数=0.0722U 阈值=0.3612U
[TRACKER] 05:57:23 持仓=3 盈利=0.7859U 亏损=-1.0360U 净浮盈=-0.2501U 手续费基数=0.0722U 阈值=0.3612U
[TRACKER] 05:57:29 持仓=3 盈利=0.7918U 亏损=-1.0290U 净浮盈=-0.2372U 手续费基数=0.0722U 阈值=0.3612U
[TRACKER] 05:57:36 持仓=3 盈利=0.7740U 亏损=-1.0360U 净浮盈=-0.2620U 手续费基数=0.0722U 阈值=0.3612U
[TRACKER] 05:57:43 持仓=3 盈利=0.7503U 亏损=-0.9730U 净浮盈=-0.2227U 手续费基数=0.0722U 阈值=0.3612U
[TRACKER] 05:57:50 持仓=3 盈利=0.7503U 亏损=-1.0150U 净浮盈=-0.2647U 手续费基数=0.0722U 阈值=0.3612U
[TRACKER] 05:57:56 持仓=3 盈利=0.7621U 亏损=-1.0150U 净浮盈=-0.2529U 手续费基数=0.0722U 阈值=0.3612U
[TRACKER] 本轮结束（将由 crontab 重新拉起）
[TRACKER] 启动，每 5 秒检查一次…
[TRACKER] 05:58:03 持仓=3 盈利=0.7480U 亏损=-1.0290U 净浮盈=-0.2810U 手续费基数=0.0722U 阈值=0.3612U
[TRACKER] 05:58:09 持仓=3 盈利=0.7480U 亏损=-1.0080U 净浮盈=-0.2600U 手续费基数=0.0722U 阈值=0.3612U
[TRACKER] 05:58:16 持仓=3 盈利=0.7480U 亏损=-1.0360U 净浮盈=-0.2880U 手续费基数=0.0722U 阈值=0.3612U
[TRACKER] 05:58:22 持仓=3 盈利=0.7480U 亏损=-1.0570U 净浮盈=-0.3090U 手续费基数=0.0722U 阈值=0.3612U
[TRACKER] 05:58:28 持仓=3 盈利=0.7480U 亏损=-1.0500U 净浮盈=-0.3020U 手续费基数=0.0722U 阈值=0.3612U
[TRACKER] 05:58:35 持仓=3 盈利=0.7480U 亏损=-1.0570U 净浮盈=-0.3090U 手续费基数=0.0722U 阈值=0.3612U
[TRACKER] 05:58:41 持仓=3 盈利=0.7338U 亏损=-1.0780U 净浮盈=-0.3442U 手续费基数=0.0722U 阈值=0.3612U
[TRACKER] 05:58:48 持仓=3 盈利=0.7338U 亏损=-1.0920U 净浮盈=-0.3582U 手续费基数=0.0722U 阈值=0.3612U
[TRACKER] 05:58:54 持仓=3 盈利=0.7338U 亏损=-1.0780U 净浮盈=-0.3442U 手续费基数=0.0722U 阈值=0.3612U
[TRACKER] 本轮结束（将由 crontab 重新拉起）
[TRACKER] 启动，每 5 秒检查一次…
[TRACKER] 05:59:03 持仓=3 盈利=0.7480U 亏损=-1.0570U 净浮盈=-0.3090U 手续费基数=0.0722U 阈值=0.3612U
[TRACKER] 05:59:09 持仓=3 盈利=0.7480U 亏损=-1.0640U 净浮盈=-0.3160U 手续费基数=0.0722U 阈值=0.3612U
[TRACKER] 05:59:16 持仓=3 盈利=0.7480U 亏损=-1.0850U 净浮盈=-0.3370U 手续费基数=0.0722U 阈值=0.3612U
[TRACKER] 05:59:22 持仓=3 盈利=0.7480U 亏损=-1.0920U 净浮盈=-0.3440U 手续费基数=0.0722U 阈值=0.3612U
[TRACKER] 05:59:28 持仓=3 盈利=0.7480U 亏损=-1.0710U 净浮盈=-0.3230U 手续费基数=0.0722U 阈值=0.3612U
[TRACKER] 05:59:35 持仓=3 盈利=0.7480U 亏损=-1.1060U 净浮盈=-0.3580U 手续费基数=0.0722U 阈值=0.3612U
[TRACKER] 05:59:41 持仓=3 盈利=0.7480U 亏损=-1.0710U 净浮盈=-0.3230U 手续费基数=0.0722U 阈值=0.3612U
[TRACKER] 05:59:47 持仓=3 盈利=0.7480U 亏损=-1.0570U 净浮盈=-0.3090U 手续费基数=0.0722U 阈值=0.3612U
[TRACKER] 05:59:54 持仓=3 盈利=0.7480U 亏损=-1.0570U 净浮盈=-0.3090U 手续费基数=0.0722U 阈值=0.3612U
[TRACKER] 本轮结束（将由 crontab 重新拉起）
[TRACKER] 启动，每 5 秒检查一次…
[TRACKER] 06:00:03 持仓=3 盈利=0.7361U 亏损=-1.2375U 净浮盈=-0.5014U 手续费基数=0.0721U 阈值=0.3603U
[TRACKER] 06:00:10 持仓=3 盈利=0.7361U 亏损=-1.2241U 净浮盈=-0.4880U 手续费基数=0.0721U 阈值=0.3603U
[TRACKER] 06:00:17 持仓=3 盈利=0.7361U 亏损=-1.1961U 净浮盈=-0.4600U 手续费基数=0.0721U 阈值=0.3603U
[TRACKER] 06:00:23 持仓=3 盈利=0.7361U 亏损=-1.3512U 净浮盈=-0.6151U 手续费基数=0.0721U 阈值=0.3603U
[TRACKER] 06:00:30 持仓=3 盈利=0.7361U 亏损=-1.3103U 净浮盈=-0.5741U 手续费基数=0.0721U 阈值=0.3603U
[TRACKER] 06:00:36 持仓=3 盈利=0.7220U 亏损=-1.2801U 净浮盈=-0.5582U 手续费基数=0.0721U 阈值=0.3603U
[TRACKER] 06:00:42 持仓=3 盈利=0.7220U 亏损=-1.1541U 净浮盈=-0.4322U 手续费基数=0.0721U 阈值=0.3603U
[TRACKER] 06:00:49 持仓=3 盈利=0.7220U 亏损=-1.2171U 净浮盈=-0.4952U 手续费基数=0.0721U 阈值=0.3603U
[TRACKER] 06:00:55 持仓=3 盈利=0.7220U 亏损=-1.2801U 净浮盈=-0.5582U 手续费基数=0.0721U 阈值=0.3603U
[TRACKER] 本轮结束（将由 crontab 重新拉起）
[TRACKER] 启动，每 5 秒检查一次…
[TRACKER] 06:01:02 持仓=3 盈利=0.7220U 亏损=-1.3883U 净浮盈=-0.6664U 手续费基数=0.0721U 阈值=0.3603U
[TRACKER] 06:01:09 持仓=3 盈利=0.7220U 亏损=-1.4023U 净浮盈=-0.6804U 手续费基数=0.0721U 阈值=0.3603U
[TRACKER] 06:01:15 持仓=3 盈利=0.7220U 亏损=-1.4443U 净浮盈=-0.7224U 手续费基数=0.0721U 阈值=0.3603U
[TRACKER] 06:01:21 持仓=3 盈利=0.7220U 亏损=-1.5143U 净浮盈=-0.7924U 手续费基数=0.0721U 阈值=0.3603U
[TRACKER] 06:01:28 持仓=3 盈利=0.7220U 亏损=-1.5773U 净浮盈=-0.8554U 手续费基数=0.0721U 阈值=0.3603U
[TRACKER] 06:01:34 持仓=3 盈利=0.7220U 亏损=-1.5563U 净浮盈=-0.8344U 手续费基数=0.0721U 阈值=0.3603U
[TRACKER] 06:01:41 持仓=3 盈利=0.7338U 亏损=-1.4980U 净浮盈=-0.7642U 手续费基数=0.0721U 阈值=0.3603U
[TRACKER] 06:01:47 持仓=3 盈利=0.7457U 亏损=-1.5120U 净浮盈=-0.7663U 手续费基数=0.0721U 阈值=0.3603U
[TRACKER] 06:01:54 持仓=3 盈利=0.7836U 亏损=-1.3440U 净浮盈=-0.5604U 手续费基数=0.0721U 阈值=0.3603U
[TRACKER] 本轮结束（将由 crontab 重新拉起）
[TRACKER] 启动，每 5 秒检查一次…
[TRACKER] 06:02:03 持仓=3 盈利=0.7539U 亏损=-1.5120U 净浮盈=-0.7581U 手续费基数=0.0721U 阈值=0.3603U
[TRACKER] 06:02:09 持仓=3 盈利=0.7681U 亏损=-1.6240U 净浮盈=-0.8559U 手续费基数=0.0721U 阈值=0.3603U
[TRACKER] 06:02:16 持仓=3 盈利=0.6973U 亏损=-1.5750U 净浮盈=-0.8777U 手续费基数=0.0721U 阈值=0.3603U
[TRACKER] 06:02:22 持仓=3 盈利=0.6973U 亏损=-1.5540U 净浮盈=-0.8567U 手续费基数=0.0721U 阈值=0.3603U
[TRACKER] 06:02:28 持仓=3 盈利=0.6936U 亏损=-1.5820U 净浮盈=-0.8884U 手续费基数=0.0721U 阈值=0.3603U
[TRACKER] 06:02:35 持仓=3 盈利=0.7115U 亏损=-1.6100U 净浮盈=-0.8985U 手续费基数=0.0721U 阈值=0.3603U
[TRACKER] 06:02:42 持仓=3 盈利=0.6996U 亏损=-1.6590U 净浮盈=-0.9594U 手续费基数=0.0721U 阈值=0.3603U
[TRACKER] 06:02:48 持仓=3 盈利=0.7078U 亏损=-1.6467U 净浮盈=-0.9389U 手续费基数=0.0721U 阈值=0.3603U
[TRACKER] 06:02:55 持仓=3 盈利=0.7078U 亏损=-1.5977U 净浮盈=-0.8899U 手续费基数=0.0721U 阈值=0.3603U
[TRACKER] 本轮结束（将由 crontab 重新拉起）
[TRACKER] 启动，每 5 秒检查一次…
[TRACKER] 06:03:01 持仓=3 盈利=0.6936U 亏损=-1.6117U 净浮盈=-0.9180U 手续费基数=0.0721U 阈值=0.3603U
[TRACKER] 06:03:08 持仓=3 盈利=0.6936U 亏损=-1.5616U 净浮盈=-0.8680U 手续费基数=0.0721U 阈值=0.3603U
[TRACKER] 06:03:15 持仓=3 盈利=0.6936U 亏损=-1.4846U 净浮盈=-0.7910U 手续费基数=0.0721U 阈值=0.3603U
[TRACKER] 06:03:21 持仓=3 盈利=0.6936U 亏损=-1.4426U 净浮盈=-0.7490U 手续费基数=0.0721U 阈值=0.3603U
[TRACKER] 06:03:27 持仓=3 盈利=0.6936U 亏损=-1.4416U 净浮盈=-0.7479U 手续费基数=0.0721U 阈值=0.3603U
[TRACKER] 06:03:34 持仓=3 盈利=0.6653U 亏损=-1.4276U 净浮盈=-0.7622U 手续费基数=0.0721U 阈值=0.3603U
[TRACKER] 06:03:40 持仓=3 盈利=0.6653U 亏损=-1.4195U 净浮盈=-0.7542U 手续费基数=0.0721U 阈值=0.3603U
[TRACKER] 06:03:46 持仓=3 盈利=0.6795U 亏损=-1.4163U 净浮盈=-0.7368U 手续费基数=0.0721U 阈值=0.3603U
[TRACKER] 06:03:53 持仓=3 盈利=0.6795U 亏损=-1.4513U 净浮盈=-0.7718U 手续费基数=0.0721U 阈值=0.3603U
[TRACKER] 本轮结束（将由 crontab 重新拉起）
[TRACKER] 启动，每 5 秒检查一次…
[TRACKER] 06:04:03 持仓=3 盈利=0.6795U 亏损=-1.4713U 净浮盈=-0.7918U 手续费基数=0.0721U 阈值=0.3603U
[TRACKER] 06:04:09 持仓=3 盈利=0.7078U 亏损=-1.4783U 净浮盈=-0.7705U 手续费基数=0.0721U 阈值=0.3603U
[TRACKER] 06:04:15 持仓=3 盈利=0.7078U 亏损=-1.4713U 净浮盈=-0.7635U 手续费基数=0.0721U 阈值=0.3603U
[TRACKER] 06:04:22 持仓=3 盈利=0.7078U 亏损=-1.4659U 净浮盈=-0.7581U 手续费基数=0.0721U 阈值=0.3603U
[TRACKER] 06:04:28 持仓=3 盈利=0.7078U 亏损=-1.4099U 净浮盈=-0.7021U 手续费基数=0.0721U 阈值=0.3603U
[TRACKER] 06:04:35 持仓=3 盈利=0.7078U 亏损=-1.4169U 净浮盈=-0.7091U 手续费基数=0.0721U 阈值=0.3603U
[TRACKER] 06:04:41 持仓=3 盈利=0.7078U 亏损=-1.4574U 净浮盈=-0.7496U 手续费基数=0.0721U 阈值=0.3603U
[TRACKER] 06:04:47 持仓=3 盈利=0.7220U 亏损=-1.4914U 净浮盈=-0.7694U 手续费基数=0.0721U 阈值=0.3603U
[TRACKER] 06:04:54 持仓=3 盈利=0.7220U 亏损=-1.4742U 净浮盈=-0.7522U 手续费基数=0.0721U 阈值=0.3603U
[TRACKER] 本轮结束（将由 crontab 重新拉起）
[TRACKER] 启动，每 5 秒检查一次…
[TRACKER] 06:05:02 持仓=3 盈利=0.7220U 亏损=-1.4844U 净浮盈=-0.7624U 手续费基数=0.0721U 阈值=0.3603U
[TRACKER] 06:05:09 持仓=3 盈利=0.7220U 亏损=-1.5096U 净浮盈=-0.7877U 手续费基数=0.0721U 阈值=0.3603U
[TRACKER] 06:05:16 持仓=3 盈利=0.7220U 亏损=-1.5139U 净浮盈=-0.7919U 手续费基数=0.0721U 阈值=0.3603U
[TRACKER] 06:05:22 持仓=3 盈利=0.7220U 亏损=-1.4999U 净浮盈=-0.7779U 手续费基数=0.0721U 阈值=0.3603U
[TRACKER] 06:05:29 持仓=3 盈利=0.7220U 亏损=-1.4929U 净浮盈=-0.7709U 手续费基数=0.0721U 阈值=0.3603U
[TRACKER] 06:05:35 持仓=3 盈利=0.7220U 亏损=-1.4999U 净浮盈=-0.7779U 手续费基数=0.0721U 阈值=0.3603U
[TRACKER] 06:05:41 持仓=3 盈利=0.7220U 亏损=-1.5069U 净浮盈=-0.7849U 手续费基数=0.0721U 阈值=0.3603U
[TRACKER] 06:05:48 持仓=3 盈利=0.7220U 亏损=-1.5629U 净浮盈=-0.8409U 手续费基数=0.0721U 阈值=0.3603U
[TRACKER] 06:05:55 持仓=3 盈利=0.7220U 亏损=-1.5699U 净浮盈=-0.8479U 手续费基数=0.0721U 阈值=0.3603U
[TRACKER] 本轮结束（将由 crontab 重新拉起）
[TRACKER] 启动，每 5 秒检查一次…
[TRACKER] 06:06:02 持仓=3 盈利=0.6936U 亏损=-1.5349U 净浮盈=-0.8412U 手续费基数=0.0721U 阈值=0.3603U
[TRACKER] 06:06:08 持仓=3 盈利=0.7078U 亏损=-1.5629U 净浮盈=-0.8551U 手续费基数=0.0721U 阈值=0.3603U
[TRACKER] 06:06:15 持仓=3 盈利=0.7078U 亏损=-1.5279U 净浮盈=-0.8201U 手续费基数=0.0721U 阈值=0.3603U
[TRACKER] 06:06:21 持仓=3 盈利=0.7220U 亏损=-1.5279U 净浮盈=-0.8059U 手续费基数=0.0721U 阈值=0.3603U
[TRACKER] 06:06:28 持仓=3 盈利=0.7220U 亏损=-1.5419U 净浮盈=-0.8199U 手续费基数=0.0721U 阈值=0.3603U
[TRACKER] 06:06:34 持仓=3 盈利=0.7220U 亏损=-1.5279U 净浮盈=-0.8059U 手续费基数=0.0721U 阈值=0.3603U
[TRACKER] 06:06:41 持仓=3 盈利=0.7220U 亏损=-1.5349U 净浮盈=-0.8129U 手续费基数=0.0721U 阈值=0.3603U
[TRACKER] 06:06:47 持仓=3 盈利=0.7220U 亏损=-1.5069U 净浮盈=-0.7849U 手续费基数=0.0721U 阈值=0.3603U
[TRACKER] 06:06:53 持仓=3 盈利=0.7220U 亏损=-1.4789U 净浮盈=-0.7569U 手续费基数=0.0721U 阈值=0.3603U
[TRACKER] 本轮结束（将由 crontab 重新拉起）
[TRACKER] 启动，每 5 秒检查一次…
[TRACKER] 06:07:03 持仓=3 盈利=0.7078U 亏损=-1.4789U 净浮盈=-0.7711U 手续费基数=0.0721U 阈值=0.3603U
[TRACKER] 06:07:10 持仓=3 盈利=0.7078U 亏损=-1.4719U 净浮盈=-0.7641U 手续费基数=0.0721U 阈值=0.3603U
[TRACKER] 06:07:16 持仓=3 盈利=0.7078U 亏损=-1.4929U 净浮盈=-0.7851U 手续费基数=0.0721U 阈值=0.3603U
[TRACKER] 06:07:23 持仓=3 盈利=0.7078U 亏损=-1.4789U 净浮盈=-0.7711U 手续费基数=0.0721U 阈值=0.3603U
[TRACKER] 06:07:30 持仓=3 盈利=0.7078U 亏损=-1.4859U 净浮盈=-0.7781U 手续费基数=0.0721U 阈值=0.3603U
[TRACKER] 06:07:36 持仓=3 盈利=0.7078U 亏损=-1.4719U 净浮盈=-0.7641U 手续费基数=0.0721U 阈值=0.3603U
[TRACKER] 06:07:42 持仓=3 盈利=0.7078U 亏损=-1.4254U 净浮盈=-0.7176U 手续费基数=0.0721U 阈值=0.3603U
[TRACKER] 06:07:49 持仓=3 盈利=0.7078U 亏损=-1.4454U 净浮盈=-0.7376U 手续费基数=0.0721U 阈值=0.3603U
[TRACKER] 06:07:55 持仓=3 盈利=0.7078U 亏损=-1.4524U 净浮盈=-0.7446U 手续费基数=0.0721U 阈值=0.3603U
[TRACKER] 本轮结束（将由 crontab 重新拉起）
[TRACKER] 启动，每 5 秒检查一次…
[TRACKER] 06:08:02 持仓=3 盈利=0.7220U 亏损=-1.4717U 净浮盈=-0.7497U 手续费基数=0.0721U 阈值=0.3603U
[TRACKER] 06:08:09 持仓=3 盈利=0.7361U 亏损=-1.4997U 净浮盈=-0.7636U 手续费基数=0.0721U 阈值=0.3603U
[TRACKER] 06:08:15 持仓=3 盈利=0.7361U 亏损=-1.4927U 净浮盈=-0.7566U 手续费基数=0.0721U 阈值=0.3603U
[TRACKER] 06:08:22 持仓=3 盈利=0.7361U 亏损=-1.4927U 净浮盈=-0.7566U 手续费基数=0.0721U 阈值=0.3603U
[TRACKER] 06:08:28 持仓=3 盈利=0.7361U 亏损=-1.4857U 净浮盈=-0.7496U 手续费基数=0.0721U 阈值=0.3603U
[TRACKER] 06:08:34 持仓=3 盈利=0.7361U 亏损=-1.4857U 净浮盈=-0.7496U 手续费基数=0.0721U 阈值=0.3603U
[TRACKER] 06:08:41 持仓=3 盈利=0.7361U 亏损=-1.4577U 净浮盈=-0.7216U 手续费基数=0.0721U 阈值=0.3603U
[TRACKER] 06:08:48 持仓=3 盈利=0.7361U 亏损=-1.4717U 净浮盈=-0.7356U 手续费基数=0.0721U 阈值=0.3603U
[TRACKER] 06:08:54 持仓=3 盈利=0.7361U 亏损=-1.4717U 净浮盈=-0.7356U 手续费基数=0.0721U 阈值=0.3603U
[TRACKER] 本轮结束（将由 crontab 重新拉起）
[TRACKER] 启动，每 5 秒检查一次…
[TRACKER] 06:09:04 持仓=3 盈利=0.7078U 亏损=-1.4857U 净浮盈=-0.7779U 手续费基数=0.0721U 阈值=0.3603U
[TRACKER] 06:09:11 持仓=3 盈利=0.7220U 亏损=-1.4857U 净浮盈=-0.7637U 手续费基数=0.0721U 阈值=0.3603U
[TRACKER] 06:09:17 持仓=3 盈利=0.7361U 亏损=-1.5122U 净浮盈=-0.7761U 手续费基数=0.0721U 阈值=0.3603U
[TRACKER] 06:09:23 持仓=3 盈利=0.7361U 亏损=-1.5311U 净浮盈=-0.7950U 手续费基数=0.0721U 阈值=0.3603U
[TRACKER] 06:09:30 持仓=3 盈利=0.7361U 亏损=-1.5289U 净浮盈=-0.7928U 手续费基数=0.0721U 阈值=0.3603U
[TRACKER] 06:09:36 持仓=3 盈利=0.7361U 亏损=-1.4869U 净浮盈=-0.7508U 手续费基数=0.0721U 阈值=0.3603U
[TRACKER] 06:09:42 持仓=3 盈利=0.7361U 亏损=-1.4659U 净浮盈=-0.7298U 手续费基数=0.0721U 阈值=0.3603U
[TRACKER] 06:09:49 持仓=3 盈利=0.7361U 亏损=-1.4519U 净浮盈=-0.7158U 手续费基数=0.0721U 阈值=0.3603U
[TRACKER] 06:09:55 持仓=3 盈利=0.7361U 亏损=-1.4799U 净浮盈=-0.7438U 手续费基数=0.0721U 阈值=0.3603U
[TRACKER] 本轮结束（将由 crontab 重新拉起）
[TRACKER] 启动，每 5 秒检查一次…
[TRACKER] 06:10:02 持仓=3 盈利=0.7361U 亏损=-1.4869U 净浮盈=-0.7508U 手续费基数=0.0721U 阈值=0.3603U
[TRACKER] 06:10:08 持仓=3 盈利=0.7361U 亏损=-1.4729U 净浮盈=-0.7368U 手续费基数=0.0721U 阈值=0.3603U
[TRACKER] 06:10:15 持仓=3 盈利=0.7420U 亏损=-1.4000U 净浮盈=-0.6579U 手续费基数=0.0721U 阈值=0.3603U
[TRACKER] 06:10:21 持仓=3 盈利=0.7420U 亏损=-1.4070U 净浮盈=-0.6650U 手续费基数=0.0721U 阈值=0.3603U
[TRACKER] 06:10:28 持仓=3 盈利=0.7420U 亏损=-1.4210U 净浮盈=-0.6790U 手续费基数=0.0721U 阈值=0.3603U
[TRACKER] 06:10:34 持仓=3 盈利=0.7420U 亏损=-1.4280U 净浮盈=-0.6859U 手续费基数=0.0721U 阈值=0.3603U
[TRACKER] 06:10:41 持仓=3 盈利=0.7420U 亏损=-1.4070U 净浮盈=-0.6650U 手续费基数=0.0721U 阈值=0.3603U
[TRACKER] 06:10:47 持仓=3 盈利=0.7361U 亏损=-1.4000U 净浮盈=-0.6639U 手续费基数=0.0721U 阈值=0.3603U
[TRACKER] 06:10:53 持仓=3 盈利=0.7361U 亏损=-1.3860U 净浮盈=-0.6499U 手续费基数=0.0721U 阈值=0.3603U
[TRACKER] 本轮结束（将由 crontab 重新拉起）
[TRACKER] 启动，每 5 秒检查一次…
[TRACKER] 06:11:03 持仓=3 盈利=0.7503U 亏损=-1.4454U 净浮盈=-0.6951U 手续费基数=0.0721U 阈值=0.3603U
[TRACKER] 06:11:10 持仓=3 盈利=0.7503U 亏损=-1.4464U 净浮盈=-0.6962U 手续费基数=0.0721U 阈值=0.3603U
[TRACKER] 06:11:16 持仓=3 盈利=0.7644U 亏损=-1.4324U 净浮盈=-0.6680U 手续费基数=0.0721U 阈值=0.3603U
[TRACKER] 06:11:23 持仓=3 盈利=0.7644U 亏损=-1.4335U 净浮盈=-0.6691U 手续费基数=0.0721U 阈值=0.3603U
[TRACKER] 06:11:29 持仓=3 盈利=0.7361U 亏损=-1.4055U 净浮盈=-0.6694U 手续费基数=0.0721U 阈值=0.3603U
[TRACKER] 06:11:35 持仓=3 盈利=0.7361U 亏损=-1.3856U 净浮盈=-0.6495U 手续费基数=0.0721U 阈值=0.3603U
[TRACKER] 06:11:42 持仓=3 盈利=0.7503U 亏损=-1.3516U 净浮盈=-0.6014U 手续费基数=0.0721U 阈值=0.3603U
[TRACKER] 06:11:48 持仓=3 盈利=0.7503U 亏损=-1.3048U 净浮盈=-0.5545U 手续费基数=0.0721U 阈值=0.3603U
[TRACKER] 06:11:55 持仓=3 盈利=0.7503U 亏损=-1.2978U 净浮盈=-0.5475U 手续费基数=0.0721U 阈值=0.3603U
[TRACKER] 本轮结束（将由 crontab 重新拉起）
[TRACKER] 启动，每 5 秒检查一次…
[TRACKER] 06:12:02 持仓=3 盈利=0.7644U 亏损=-1.2719U 净浮盈=-0.5075U 手续费基数=0.0721U 阈值=0.3603U
[TRACKER] 06:12:09 持仓=3 盈利=0.7644U 亏损=-1.2649U 净浮盈=-0.5005U 手续费基数=0.0721U 阈值=0.3603U
[TRACKER] 06:12:15 持仓=3 盈利=0.7503U 亏损=-1.2638U 净浮盈=-0.5135U 手续费基数=0.0721U 阈值=0.3603U
[TRACKER] 06:12:22 持仓=3 盈利=0.7503U 亏损=-1.3268U 净浮盈=-0.5765U 手续费基数=0.0721U 阈值=0.3603U
[TRACKER] 06:12:28 持仓=3 盈利=0.7503U 亏损=-1.3069U 净浮盈=-0.5566U 手续费基数=0.0721U 阈值=0.3603U
[TRACKER] 06:12:35 持仓=3 盈利=0.7503U 亏损=-1.3289U 净浮盈=-0.5787U 手续费基数=0.0721U 阈值=0.3603U
[TRACKER] 06:12:41 持仓=3 盈利=0.7562U 亏损=-1.3160U 净浮盈=-0.5598U 手续费基数=0.0721U 阈值=0.3603U
[TRACKER] 06:12:47 持仓=3 盈利=0.7279U 亏损=-1.3580U 净浮盈=-0.6301U 手续费基数=0.0721U 阈值=0.3603U
[TRACKER] 06:12:54 持仓=3 盈利=0.7279U 亏损=-1.4000U 净浮盈=-0.6721U 手续费基数=0.0721U 阈值=0.3603U
[TRACKER] 本轮结束（将由 crontab 重新拉起）
[TRACKER] 启动，每 5 秒检查一次…
[TRACKER] 06:13:03 持仓=3 盈利=0.7256U 亏损=-1.4350U 净浮盈=-0.7094U 手续费基数=0.0721U 阈值=0.3603U
[TRACKER] 06:13:09 持仓=3 盈利=0.7256U 亏损=-1.3720U 净浮盈=-0.6464U 手续费基数=0.0721U 阈值=0.3603U
[TRACKER] 06:13:15 持仓=3 盈利=0.7398U 亏损=-1.3650U 净浮盈=-0.6252U 手续费基数=0.0721U 阈值=0.3603U
[TRACKER] 06:13:22 持仓=3 盈利=0.7398U 亏损=-1.3580U 净浮盈=-0.6182U 手续费基数=0.0721U 阈值=0.3603U
[TRACKER] 06:13:28 持仓=3 盈利=0.7398U 亏损=-1.3160U 净浮盈=-0.5762U 手续费基数=0.0721U 阈值=0.3603U
[TRACKER] 06:13:34 持仓=3 盈利=0.7398U 亏损=-1.2950U 净浮盈=-0.5552U 手续费基数=0.0721U 阈值=0.3603U
[TRACKER] 06:13:41 持仓=3 盈利=0.7338U 亏损=-1.3300U 净浮盈=-0.5962U 手续费基数=0.0721U 阈值=0.3603U
[TRACKER] 06:13:47 持仓=3 盈利=0.7338U 亏损=-1.3230U 净浮盈=-0.5892U 手续费基数=0.0721U 阈值=0.3603U
[TRACKER] 06:13:53 持仓=3 盈利=0.7800U 亏损=-1.3230U 净浮盈=-0.5430U 手续费基数=0.0721U 阈值=0.3603U
[TRACKER] 本轮结束（将由 crontab 重新拉起）
[TRACKER] 启动，每 5 秒检查一次…
[TRACKER] 06:14:03 持仓=3 盈利=0.7562U 亏损=-1.3230U 净浮盈=-0.5668U 手续费基数=0.0721U 阈值=0.3603U
[TRACKER] 06:14:10 持仓=3 盈利=0.7361U 亏损=-1.3149U 净浮盈=-0.5788U 手续费基数=0.0721U 阈值=0.3603U
[TRACKER] 06:14:16 持仓=3 盈利=0.7220U 亏损=-1.3667U 净浮盈=-0.6447U 手续费基数=0.0721U 阈值=0.3603U
[TRACKER] 06:14:22 持仓=3 盈利=0.7220U 亏损=-1.3786U 净浮盈=-0.6566U 手续费基数=0.0721U 阈值=0.3603U
[TRACKER] 06:14:29 持仓=3 盈利=0.7220U 亏损=-1.3576U 净浮盈=-0.6356U 手续费基数=0.0721U 阈值=0.3603U
[TRACKER] 06:14:35 持仓=3 盈利=0.7220U 亏损=-1.4006U 净浮盈=-0.6787U 手续费基数=0.0721U 阈值=0.3603U
[TRACKER] 06:14:41 持仓=3 盈利=0.7220U 亏损=-1.3856U 净浮盈=-0.6636U 手续费基数=0.0721U 阈值=0.3603U
[TRACKER] 06:14:48 持仓=3 盈利=0.7220U 亏损=-1.3996U 净浮盈=-0.6776U 手续费基数=0.0721U 阈值=0.3603U
[TRACKER] 06:14:55 持仓=3 盈利=0.7220U 亏损=-1.3996U 净浮盈=-0.6776U 手续费基数=0.0721U 阈值=0.3603U
[TRACKER] 本轮结束（将由 crontab 重新拉起）
[TRACKER] 启动，每 5 秒检查一次…
[TRACKER] 06:15:02 持仓=3 盈利=0.7220U 亏损=-1.3694U 净浮盈=-0.6475U 手续费基数=0.0721U 阈值=0.3603U
[TRACKER] 06:15:08 持仓=3 盈利=0.7220U 亏损=-1.3544U 净浮盈=-0.6324U 手续费基数=0.0721U 阈值=0.3603U
[TRACKER] 06:15:14 持仓=3 盈利=0.7220U 亏损=-1.3344U 净浮盈=-0.6125U 手续费基数=0.0721U 阈值=0.3603U
[TRACKER] 06:15:21 持仓=3 盈利=0.7220U 亏损=-1.3754U 净浮盈=-0.6534U 手续费基数=0.0721U 阈值=0.3603U
[TRACKER] 06:15:27 持仓=3 盈利=0.7220U 亏损=-1.3813U 净浮盈=-0.6594U 手续费基数=0.0721U 阈值=0.3603U
[TRACKER] 06:15:34 持仓=3 盈利=0.7220U 亏损=-1.4303U 净浮盈=-0.7084U 手续费基数=0.0721U 阈值=0.3603U
[TRACKER] 06:15:41 持仓=3 盈利=0.7220U 亏损=-1.4583U 净浮盈=-0.7364U 手续费基数=0.0721U 阈值=0.3603U
[TRACKER] 06:15:47 持仓=3 盈利=0.7220U 亏损=-1.4443U 净浮盈=-0.7224U 手续费基数=0.0721U 阈值=0.3603U
[TRACKER] 06:15:53 持仓=3 盈利=0.7220U 亏损=-1.4373U 净浮盈=-0.7154U 手续费基数=0.0721U 阈值=0.3603U
[TRACKER] 本轮结束（将由 crontab 重新拉起）
[TRACKER] 启动，每 5 秒检查一次…
[TRACKER] 06:16:03 持仓=3 盈利=0.7220U 亏损=-1.3964U 净浮盈=-0.6744U 手续费基数=0.0721U 阈值=0.3603U
[TRACKER] 06:16:10 持仓=3 盈利=0.7220U 亏损=-1.4044U 净浮盈=-0.6825U 手续费基数=0.0721U 阈值=0.3603U
[TRACKER] 06:16:16 持仓=3 盈利=0.7361U 亏损=-1.4093U 净浮盈=-0.6732U 手续费基数=0.0721U 阈值=0.3603U
[TRACKER] 06:16:23 持仓=3 盈利=0.7361U 亏损=-1.3764U 净浮盈=-0.6403U 手续费基数=0.0721U 阈值=0.3603U
[TRACKER] 06:16:29 持仓=3 盈利=0.7361U 亏损=-1.3834U 净浮盈=-0.6473U 手续费基数=0.0721U 阈值=0.3603U
[TRACKER] 06:16:36 持仓=3 盈利=0.7361U 亏损=-1.4044U 净浮盈=-0.6683U 手续费基数=0.0721U 阈值=0.3603U
[TRACKER] 06:16:42 持仓=3 盈利=0.7361U 亏损=-1.3985U 净浮盈=-0.6624U 手续费基数=0.0721U 阈值=0.3603U
[TRACKER] 06:16:49 持仓=3 盈利=0.7361U 亏损=-1.3985U 净浮盈=-0.6624U 手续费基数=0.0721U 阈值=0.3603U
[TRACKER] 06:16:55 持仓=3 盈利=0.7786U 亏损=-1.3635U 净浮盈=-0.5849U 手续费基数=0.0721U 阈值=0.3603U
[TRACKER] 本轮结束（将由 crontab 重新拉起）
[TRACKER] 启动，每 5 秒检查一次…
[TRACKER] 06:17:02 持仓=3 盈利=0.7786U 亏损=-1.3107U 净浮盈=-0.5321U 手续费基数=0.0721U 阈值=0.3603U
[TRACKER] 06:17:09 持仓=3 盈利=0.7786U 亏损=-1.3166U 净浮盈=-0.5380U 手续费基数=0.0721U 阈值=0.3603U
[TRACKER] 06:17:15 持仓=3 盈利=0.7786U 亏损=-1.3538U 净浮盈=-0.5752U 手续费基数=0.0721U 阈值=0.3603U
[TRACKER] 06:17:22 持仓=3 盈利=0.7786U 亏损=-1.3818U 净浮盈=-0.6032U 手续费基数=0.0721U 阈值=0.3603U
[TRACKER] 06:17:28 持仓=3 盈利=0.7786U 亏损=-1.3958U 净浮盈=-0.6172U 手续费基数=0.0721U 阈值=0.3603U
[TRACKER] 06:17:35 持仓=3 盈利=0.7786U 亏损=-1.3958U 净浮盈=-0.6172U 手续费基数=0.0721U 阈值=0.3603U
[TRACKER] 06:17:41 持仓=3 盈利=0.7786U 亏损=-1.4868U 净浮盈=-0.7082U 手续费基数=0.0721U 阈值=0.3603U
[TRACKER] 06:17:48 持仓=3 盈利=0.7786U 亏损=-1.4588U 净浮盈=-0.6802U 手续费基数=0.0721U 阈值=0.3603U
[TRACKER] 06:17:54 持仓=3 盈利=0.7786U 亏损=-1.4658U 净浮盈=-0.6872U 手续费基数=0.0721U 阈值=0.3603U
[TRACKER] 本轮结束（将由 crontab 重新拉起）
[TRACKER] 启动，每 5 秒检查一次…
[TRACKER] 06:18:03 持仓=3 盈利=0.7786U 亏损=-1.4954U 净浮盈=-0.7169U 手续费基数=0.0721U 阈值=0.3603U
[TRACKER] 06:18:09 持仓=3 盈利=0.7786U 亏损=-1.5854U 净浮盈=-0.8068U 手续费基数=0.0721U 阈值=0.3603U
[TRACKER] 06:18:16 持仓=3 盈利=0.7786U 亏损=-1.5014U 净浮盈=-0.7228U 手续费基数=0.0721U 阈值=0.3603U
[TRACKER] 06:18:23 持仓=3 盈利=0.7786U 亏损=-1.5094U 净浮盈=-0.7309U 手续费基数=0.0721U 阈值=0.3603U
[TRACKER] 06:18:29 持仓=3 盈利=0.7786U 亏损=-1.5105U 净浮盈=-0.7319U 手续费基数=0.0721U 阈值=0.3603U
[TRACKER] 06:18:36 持仓=3 盈利=0.7786U 亏损=-1.5175U 净浮盈=-0.7389U 手续费基数=0.0721U 阈值=0.3603U
[TRACKER] 06:18:42 持仓=3 盈利=0.7786U 亏损=-1.5186U 净浮盈=-0.7400U 手续费基数=0.0721U 阈值=0.3603U
[TRACKER] 06:18:49 持仓=3 盈利=0.7786U 亏损=-1.5035U 净浮盈=-0.7249U 手续费基数=0.0721U 阈值=0.3603U
[TRACKER] 06:18:55 持仓=3 盈利=0.7644U 亏损=-1.5094U 净浮盈=-0.7450U 手续费基数=0.0721U 阈值=0.3603U
[TRACKER] 本轮结束（将由 crontab 重新拉起）
[TRACKER] 启动，每 5 秒检查一次…
[TRACKER] 06:19:02 持仓=3 盈利=0.7786U 亏损=-1.4814U 净浮盈=-0.7029U 手续费基数=0.0721U 阈值=0.3603U
[TRACKER] 06:19:08 持仓=3 盈利=0.7786U 亏损=-1.4814U 净浮盈=-0.7029U 手续费基数=0.0721U 阈值=0.3603U
[TRACKER] 06:19:15 持仓=3 盈利=0.7927U 亏损=-1.4534U 净浮盈=-0.6607U 手续费基数=0.0721U 阈值=0.3603U
[TRACKER] 06:19:22 持仓=3 盈利=0.7927U 亏损=-1.4713U 净浮盈=-0.6785U 手续费基数=0.0721U 阈值=0.3603U
[TRACKER] 06:19:28 持仓=3 盈利=0.7927U 亏损=-1.4783U 净浮盈=-0.6855U 手续费基数=0.0721U 阈值=0.3603U
[TRACKER] 06:19:35 持仓=3 盈利=0.7927U 亏损=-1.4503U 净浮盈=-0.6575U 手续费基数=0.0721U 阈值=0.3603U
[TRACKER] 06:19:41 持仓=3 盈利=0.7927U 亏损=-1.4853U 净浮盈=-0.6925U 手续费基数=0.0721U 阈值=0.3603U
[TRACKER] 06:19:48 持仓=3 盈利=0.7927U 亏损=-1.4923U 净浮盈=-0.6995U 手续费基数=0.0721U 阈值=0.3603U
[TRACKER] 06:19:54 持仓=3 盈利=0.7927U 亏损=-1.5063U 净浮盈=-0.7135U 手续费基数=0.0721U 阈值=0.3603U
[TRACKER] 本轮结束（将由 crontab 重新拉起）
[TRACKER] 启动，每 5 秒检查一次…
[TRACKER] 06:20:03 持仓=3 盈利=0.7927U 亏损=-1.5833U 净浮盈=-0.7905U 手续费基数=0.0721U 阈值=0.3603U
[TRACKER] 06:20:09 持仓=3 盈利=0.7927U 亏损=-1.5833U 净浮盈=-0.7905U 手续费基数=0.0721U 阈值=0.3603U
[TRACKER] 06:20:16 持仓=3 盈利=0.7927U 亏损=-1.5763U 净浮盈=-0.7835U 手续费基数=0.0721U 阈值=0.3603U
[TRACKER] 06:20:23 持仓=3 盈利=0.8069U 亏损=-1.5973U 净浮盈=-0.7904U 手续费基数=0.0721U 阈值=0.3603U
[TRACKER] 06:20:29 持仓=3 盈利=0.8069U 亏损=-1.5413U 净浮盈=-0.7344U 手续费基数=0.0721U 阈值=0.3603U
[TRACKER] 06:20:35 持仓=3 盈利=0.8069U 亏损=-1.5483U 净浮盈=-0.7414U 手续费基数=0.0721U 阈值=0.3603U
[TRACKER] 06:20:42 持仓=3 盈利=0.8069U 亏损=-1.5553U 净浮盈=-0.7484U 手续费基数=0.0721U 阈值=0.3603U
[TRACKER] 06:20:49 持仓=3 盈利=0.8069U 亏损=-1.5822U 净浮盈=-0.7753U 手续费基数=0.0721U 阈值=0.3603U
[TRACKER] 06:20:55 持仓=3 盈利=0.8494U 亏损=-1.5881U 净浮盈=-0.7388U 手续费基数=0.0721U 阈值=0.3603U
[TRACKER] 本轮结束（将由 crontab 重新拉起）
[TRACKER] 启动，每 5 秒检查一次…
[TRACKER] 06:21:02 持仓=3 盈利=0.8494U 亏损=-1.5843U 净浮盈=-0.7350U 手续费基数=0.0721U 阈值=0.3603U
[TRACKER] 06:21:08 持仓=3 盈利=0.8494U 亏损=-1.5913U 净浮盈=-0.7420U 手续费基数=0.0721U 阈值=0.3603U
[TRACKER] 06:21:15 持仓=3 盈利=0.8494U 亏损=-1.6053U 净浮盈=-0.7560U 手续费基数=0.0721U 阈值=0.3603U
[TRACKER] 06:21:21 持仓=3 盈利=0.8494U 亏损=-1.6064U 净浮盈=-0.7570U 手续费基数=0.0721U 阈值=0.3603U
[TRACKER] 06:21:28 持仓=3 盈利=0.8494U 亏损=-1.6183U 净浮盈=-0.7689U 手续费基数=0.0721U 阈值=0.3603U
[TRACKER] 06:21:34 持仓=3 盈利=0.8494U 亏损=-1.6183U 净浮盈=-0.7689U 手续费基数=0.0721U 阈值=0.3603U
[TRACKER] 06:21:41 持仓=3 盈利=0.8494U 亏损=-1.5983U 净浮盈=-0.7490U 手续费基数=0.0721U 阈值=0.3603U
[TRACKER] 06:21:47 持仓=3 盈利=0.8494U 亏损=-1.6344U 净浮盈=-0.7850U 手续费基数=0.0721U 阈值=0.3603U
[TRACKER] 06:21:54 持仓=3 盈利=0.8494U 亏损=-1.7566U 净浮盈=-0.9072U 手续费基数=0.0721U 阈值=0.3603U
[TRACKER] 本轮结束（将由 crontab 重新拉起）
[TRACKER] 启动，每 5 秒检查一次…
[TRACKER] 06:22:03 持仓=3 盈利=0.8918U 亏损=-1.7436U 净浮盈=-0.8518U 手续费基数=0.0721U 阈值=0.3603U
[TRACKER] 06:22:09 持仓=3 盈利=0.8918U 亏损=-1.7706U 净浮盈=-0.8787U 手续费基数=0.0721U 阈值=0.3603U
[TRACKER] 06:22:15 持仓=3 盈利=0.8918U 亏损=-1.7566U 净浮盈=-0.8647U 手续费基数=0.0721U 阈值=0.3603U
[TRACKER] 06:22:22 持仓=3 盈利=0.8777U 亏损=-1.7706U 净浮盈=-0.8929U 手续费基数=0.0721U 阈值=0.3603U
[TRACKER] 06:22:28 持仓=3 盈利=0.8777U 亏损=-1.7496U 净浮盈=-0.8719U 手续费基数=0.0721U 阈值=0.3603U
[TRACKER] 06:22:34 持仓=3 盈利=0.8777U 亏损=-1.7636U 净浮盈=-0.8859U 手续费基数=0.0721U 阈值=0.3603U
[TRACKER] 06:22:41 持仓=3 盈利=0.8777U 亏损=-1.6866U 净浮盈=-0.8089U 手续费基数=0.0721U 阈值=0.3603U
[TRACKER] 06:22:47 持仓=3 盈利=0.8635U 亏损=-1.7006U 净浮盈=-0.8371U 手续费基数=0.0721U 阈值=0.3603U
[TRACKER] 06:22:54 持仓=3 盈利=0.8494U 亏损=-1.6796U 净浮盈=-0.8302U 手续费基数=0.0721U 阈值=0.3603U
[TRACKER] 本轮结束（将由 crontab 重新拉起）
[TRACKER] 启动，每 5 秒检查一次…
[TRACKER] 06:23:03 持仓=3 盈利=0.8352U 亏损=-1.6726U 净浮盈=-0.8374U 手续费基数=0.0721U 阈值=0.3603U
[TRACKER] 06:23:09 持仓=3 盈利=0.8352U 亏损=-1.7356U 净浮盈=-0.9004U 手续费基数=0.0721U 阈值=0.3603U
[TRACKER] 06:23:16 持仓=3 盈利=0.7927U 亏损=-1.7006U 净浮盈=-0.9078U 手续费基数=0.0721U 阈值=0.3603U
[TRACKER] 06:23:22 持仓=3 盈利=0.8069U 亏损=-1.7076U 净浮盈=-0.9007U 手续费基数=0.0721U 阈值=0.3603U
[TRACKER] 06:23:28 持仓=3 盈利=0.8210U 亏损=-1.7076U 净浮盈=-0.8865U 手续费基数=0.0721U 阈值=0.3603U
[TRACKER] 06:23:35 持仓=3 盈利=0.8352U 亏损=-1.7636U 净浮盈=-0.9284U 手续费基数=0.0721U 阈值=0.3603U
[TRACKER] 06:23:41 持仓=3 盈利=0.8069U 亏损=-1.7426U 净浮盈=-0.9357U 手续费基数=0.0721U 阈值=0.3603U
[TRACKER] 06:23:48 持仓=3 盈利=0.8069U 亏损=-1.8406U 净浮盈=-1.0337U 手续费基数=0.0721U 阈值=0.3603U
[TRACKER] 06:23:54 持仓=3 盈利=0.8069U 亏损=-1.9456U 净浮盈=-1.1387U 手续费基数=0.0721U 阈值=0.3603U
[TRACKER] 本轮结束（将由 crontab 重新拉起）
[TRACKER] 启动，每 5 秒检查一次…
[TRACKER] 06:24:03 持仓=3 盈利=0.7927U 亏损=-1.9176U 净浮盈=-1.1248U 手续费基数=0.0721U 阈值=0.3603U
[TRACKER] 06:24:10 持仓=3 盈利=0.7927U 亏损=-1.9036U 净浮盈=-1.1108U 手续费基数=0.0721U 阈值=0.3603U
[TRACKER] 06:24:16 持仓=3 盈利=0.8069U 亏损=-1.9176U 净浮盈=-1.1107U 手续费基数=0.0721U 阈值=0.3603U
[TRACKER] 06:24:23 持仓=3 盈利=0.8069U 亏损=-1.9596U 净浮盈=-1.1527U 手续费基数=0.0721U 阈值=0.3603U
[TRACKER] 06:24:29 持仓=3 盈利=0.8210U 亏损=-2.0296U 净浮盈=-1.2085U 手续费基数=0.0721U 阈值=0.3603U
[TRACKER] 06:24:36 持仓=3 盈利=0.7644U 亏损=-1.9806U 净浮盈=-1.2161U 手续费基数=0.0721U 阈值=0.3603U
[TRACKER] 06:24:42 持仓=3 盈利=0.7644U 亏损=-1.9106U 净浮盈=-1.1461U 手续费基数=0.0721U 阈值=0.3603U
[TRACKER] 06:24:48 持仓=3 盈利=0.7503U 亏损=-1.8826U 净浮盈=-1.1323U 手续费基数=0.0721U 阈值=0.3603U
[TRACKER] 06:24:54 持仓=3 盈利=0.7644U 亏损=-1.8826U 净浮盈=-1.1181U 手续费基数=0.0721U 阈值=0.3603U
[TRACKER] 本轮结束（将由 crontab 重新拉起）
[TRACKER] 启动，每 5 秒检查一次…
[TRACKER] 06:25:03 持仓=3 盈利=0.7644U 亏损=-1.9316U 净浮盈=-1.1671U 手续费基数=0.0721U 阈值=0.3603U
[TRACKER] 06:25:10 持仓=3 盈利=0.7644U 亏损=-1.8826U 净浮盈=-1.1181U 手续费基数=0.0721U 阈值=0.3603U
[TRACKER] 06:25:16 持仓=3 盈利=0.7644U 亏损=-1.9736U 净浮盈=-1.2091U 手续费基数=0.0721U 阈值=0.3603U
[TRACKER] 06:25:22 持仓=3 盈利=0.7644U 亏损=-1.9876U 净浮盈=-1.2231U 手续费基数=0.0721U 阈值=0.3603U
[TRACKER] 06:25:29 持仓=3 盈利=0.7644U 亏损=-2.0296U 净浮盈=-1.2651U 手续费基数=0.0721U 阈值=0.3603U
[TRACKER] 06:25:35 持仓=3 盈利=0.7786U 亏损=-2.2116U 净浮盈=-1.4330U 手续费基数=0.0721U 阈值=0.3603U
[TRACKER] 06:25:41 持仓=3 盈利=0.7786U 亏损=-2.1206U 净浮盈=-1.3420U 手续费基数=0.0721U 阈值=0.3603U
[TRACKER] 06:25:48 持仓=3 盈利=0.7927U 亏损=-2.1486U 净浮盈=-1.3558U 手续费基数=0.0721U 阈值=0.3603U
[TRACKER] 06:25:54 持仓=3 盈利=0.7927U 亏损=-2.1696U 净浮盈=-1.3768U 手续费基数=0.0721U 阈值=0.3603U
[TRACKER] 本轮结束（将由 crontab 重新拉起）
[TRACKER] 启动，每 5 秒检查一次…
[TRACKER] 06:26:03 持仓=3 盈利=0.7927U 亏损=-2.1766U 净浮盈=-1.3838U 手续费基数=0.0721U 阈值=0.3603U
[TRACKER] 06:26:10 持仓=3 盈利=0.7927U 亏损=-2.1486U 净浮盈=-1.3558U 手续费基数=0.0721U 阈值=0.3603U
[TRACKER] 06:26:16 持仓=3 盈利=0.8210U 亏损=-2.1286U 净浮盈=-1.3076U 手续费基数=0.0721U 阈值=0.3603U
[TRACKER] 06:26:22 持仓=3 盈利=0.8210U 亏损=-2.1636U 净浮盈=-1.3426U 手续费基数=0.0721U 阈值=0.3603U
[TRACKER] 06:26:29 持仓=3 盈利=0.8210U 亏损=-2.1636U 净浮盈=-1.3426U 手续费基数=0.0721U 阈值=0.3603U
[TRACKER] 06:26:35 持仓=3 盈利=0.8210U 亏损=-2.1426U 净浮盈=-1.3216U 手续费基数=0.0721U 阈值=0.3603U
[TRACKER] 06:26:42 持仓=3 盈利=0.8210U 亏损=-2.1496U 净浮盈=-1.3286U 手续费基数=0.0721U 阈值=0.3603U
[TRACKER] 06:26:49 持仓=3 盈利=0.8210U 亏损=-2.1006U 净浮盈=-1.2796U 手续费基数=0.0721U 阈值=0.3603U
[TRACKER] 06:26:55 持仓=3 盈利=0.8210U 亏损=-2.0936U 净浮盈=-1.2726U 手续费基数=0.0721U 阈值=0.3603U
[TRACKER] 本轮结束（将由 crontab 重新拉起）
[TRACKER] 启动，每 5 秒检查一次…
[TRACKER] 06:27:03 持仓=3 盈利=0.8210U 亏损=-2.0656U 净浮盈=-1.2446U 手续费基数=0.0721U 阈值=0.3603U
[TRACKER] 06:27:09 持仓=3 盈利=0.8210U 亏损=-2.1426U 净浮盈=-1.3216U 手续费基数=0.0721U 阈值=0.3603U
[TRACKER] 06:27:15 持仓=3 盈利=0.8210U 亏损=-2.1426U 净浮盈=-1.3216U 手续费基数=0.0721U 阈值=0.3603U
[TRACKER] 06:27:22 持仓=3 盈利=0.8210U 亏损=-2.1787U 净浮盈=-1.3576U 手续费基数=0.0721U 阈值=0.3603U
[TRACKER] 06:27:29 持仓=3 盈利=0.8210U 亏损=-2.1658U 净浮盈=-1.3447U 手续费基数=0.0721U 阈值=0.3603U
[TRACKER] 06:27:36 持仓=3 盈利=0.8210U 亏损=-2.1458U 净浮盈=-1.3248U 手续费基数=0.0721U 阈值=0.3603U
[TRACKER] 06:27:42 持仓=3 盈利=0.8210U 亏损=-2.1248U 净浮盈=-1.3038U 手续费基数=0.0721U 阈值=0.3603U
[TRACKER] 06:27:49 持仓=3 盈利=0.8210U 亏损=-2.1178U 净浮盈=-1.2968U 手续费基数=0.0721U 阈值=0.3603U
[TRACKER] 06:27:55 持仓=3 盈利=0.8210U 亏损=-2.1038U 净浮盈=-1.2828U 手续费基数=0.0721U 阈值=0.3603U
[TRACKER] 本轮结束（将由 crontab 重新拉起）
[TRACKER] 启动，每 5 秒检查一次…
[TRACKER] 06:28:02 持仓=3 盈利=0.9060U 亏损=-2.0618U 净浮盈=-1.1558U 手续费基数=0.0721U 阈值=0.3603U
[TRACKER] 06:28:09 持仓=3 盈利=0.9060U 亏损=-2.0548U 净浮盈=-1.1488U 手续费基数=0.0721U 阈值=0.3603U
[TRACKER] 06:28:15 持仓=3 盈利=0.8918U 亏损=-2.0408U 净浮盈=-1.1490U 手续费基数=0.0721U 阈值=0.3603U
[TRACKER] 06:28:22 持仓=3 盈利=0.8918U 亏损=-2.0618U 净浮盈=-1.1700U 手续费基数=0.0721U 阈值=0.3603U
[TRACKER] 06:28:28 持仓=3 盈利=0.9060U 亏损=-2.0538U 净浮盈=-1.1478U 手续费基数=0.0721U 阈值=0.3603U
[TRACKER] 06:28:35 持仓=3 盈利=0.9060U 亏损=-2.1028U 净浮盈=-1.1968U 手续费基数=0.0721U 阈值=0.3603U
[TRACKER] 06:28:41 持仓=3 盈利=0.8777U 亏损=-2.0936U 净浮盈=-1.2160U 手续费基数=0.0721U 阈值=0.3603U
[TRACKER] 06:28:47 持仓=3 盈利=0.9201U 亏损=-2.0866U 净浮盈=-1.1665U 手续费基数=0.0721U 阈值=0.3603U
[TRACKER] 06:28:54 持仓=3 盈利=0.9201U 亏损=-2.0947U 净浮盈=-1.1745U 手续费基数=0.0721U 阈值=0.3603U
[TRACKER] 本轮结束（将由 crontab 重新拉起）
[TRACKER] 启动，每 5 秒检查一次…
[TRACKER] 06:29:03 持仓=3 盈利=0.8918U 亏损=-2.0538U 净浮盈=-1.1619U 手续费基数=0.0721U 阈值=0.3603U
[TRACKER] 06:29:09 持仓=3 盈利=0.8918U 亏损=-2.0408U 净浮盈=-1.1490U 手续费基数=0.0721U 阈值=0.3603U
[TRACKER] 06:29:16 持仓=3 盈利=0.9201U 亏损=-2.1248U 净浮盈=-1.2047U 手续费基数=0.0721U 阈值=0.3603U
[TRACKER] 06:29:22 持仓=3 盈利=0.9060U 亏损=-2.1738U 净浮盈=-1.2678U 手续费基数=0.0721U 阈值=0.3603U
[TRACKER] 06:29:29 持仓=3 盈利=0.9060U 亏损=-2.1318U 净浮盈=-1.2258U 手续费基数=0.0721U 阈值=0.3603U
[TRACKER] 06:29:35 持仓=3 盈利=0.9060U 亏损=-2.1458U 净浮盈=-1.2398U 手续费基数=0.0721U 阈值=0.3603U
[TRACKER] 06:29:41 持仓=3 盈利=0.9060U 亏损=-2.1318U 净浮盈=-1.2258U 手续费基数=0.0721U 阈值=0.3603U
[TRACKER] 06:29:48 持仓=3 盈利=0.9060U 亏损=-2.1178U 净浮盈=-1.2118U 手续费基数=0.0721U 阈值=0.3603U
[TRACKER] 06:29:54 持仓=3 盈利=0.9201U 亏损=-2.1199U 净浮盈=-1.1998U 手续费基数=0.0721U 阈值=0.3603U
[TRACKER] 本轮结束（将由 crontab 重新拉起）
[TRACKER] 启动，每 5 秒检查一次…
[TRACKER] 06:30:03 持仓=3 盈利=0.9060U 亏损=-2.1140U 净浮盈=-1.2080U 手续费基数=0.0721U 阈值=0.3603U
[TRACKER] 06:30:09 持仓=3 盈利=0.9060U 亏损=-2.1210U 净浮盈=-1.2150U 手续费基数=0.0721U 阈值=0.3603U
[TRACKER] 06:30:15 持仓=3 盈利=0.9060U 亏损=-2.0930U 净浮盈=-1.1870U 手续费基数=0.0721U 阈值=0.3603U
[TRACKER] 06:30:22 持仓=3 盈利=0.9060U 亏损=-2.0860U 净浮盈=-1.1800U 手续费基数=0.0721U 阈值=0.3603U
[TRACKER] 06:30:29 持仓=3 盈利=0.9201U 亏损=-2.0930U 净浮盈=-1.1729U 手续费基数=0.0721U 阈值=0.3603U
[TRACKER] 06:30:35 持仓=3 盈利=0.9201U 亏损=-2.0860U 净浮盈=-1.1659U 手续费基数=0.0721U 阈值=0.3603U
[TRACKER] 06:30:42 持仓=3 盈利=0.9201U 亏损=-2.0790U 净浮盈=-1.1589U 手续费基数=0.0721U 阈值=0.3603U
[TRACKER] 06:30:48 持仓=3 盈利=0.9060U 亏损=-1.9600U 净浮盈=-1.0540U 手续费基数=0.0721U 阈值=0.3603U
[TRACKER] 06:30:54 持仓=3 盈利=0.9060U 亏损=-1.9600U 净浮盈=-1.0540U 手续费基数=0.0721U 阈值=0.3603U
[TRACKER] 本轮结束（将由 crontab 重新拉起）
[TRACKER] 启动，每 5 秒检查一次…
[TRACKER] 06:31:03 持仓=3 盈利=0.9060U 亏损=-1.9740U 净浮盈=-1.0680U 手续费基数=0.0721U 阈值=0.3603U
[TRACKER] 06:31:10 持仓=3 盈利=0.9060U 亏损=-1.9670U 净浮盈=-1.0610U 手续费基数=0.0721U 阈值=0.3603U
[TRACKER] 06:31:16 持仓=3 盈利=0.8777U 亏损=-2.0370U 净浮盈=-1.1593U 手续费基数=0.0721U 阈值=0.3603U
[TRACKER] 06:31:23 持仓=3 盈利=0.8918U 亏损=-2.0370U 净浮盈=-1.1452U 手续费基数=0.0721U 阈值=0.3603U
[TRACKER] 06:31:30 持仓=3 盈利=0.8918U 亏损=-2.0440U 净浮盈=-1.1522U 手续费基数=0.0721U 阈值=0.3603U
[TRACKER] 06:31:36 持仓=3 盈利=0.8918U 亏损=-2.0020U 净浮盈=-1.1102U 手续费基数=0.0721U 阈值=0.3603U
[TRACKER] 06:31:43 持仓=3 盈利=0.9060U 亏损=-1.9880U 净浮盈=-1.0820U 手续费基数=0.0721U 阈值=0.3603U
[TRACKER] 06:31:49 持仓=3 盈利=0.8918U 亏损=-2.0020U 净浮盈=-1.1102U 手续费基数=0.0721U 阈值=0.3603U
[TRACKER] 06:31:55 持仓=3 盈利=0.8918U 亏损=-1.9670U 净浮盈=-1.0752U 手续费基数=0.0721U 阈值=0.3603U
[TRACKER] 本轮结束（将由 crontab 重新拉起）
[TRACKER] 启动，每 5 秒检查一次…
[TRACKER] 06:32:02 持仓=3 盈利=0.9060U 亏损=-1.9250U 净浮盈=-1.0190U 手续费基数=0.0721U 阈值=0.3603U
[TRACKER] 06:32:09 持仓=3 盈利=0.8777U 亏损=-1.9180U 净浮盈=-1.0403U 手续费基数=0.0721U 阈值=0.3603U
[TRACKER] 06:32:15 持仓=3 盈利=0.9060U 亏损=-1.8760U 净浮盈=-0.9700U 手续费基数=0.0721U 阈值=0.3603U
[TRACKER] 06:32:21 持仓=3 盈利=0.9060U 亏损=-1.9810U 净浮盈=-1.0750U 手续费基数=0.0721U 阈值=0.3603U
[TRACKER] 06:32:28 持仓=3 盈利=0.9060U 亏损=-1.9390U 净浮盈=-1.0330U 手续费基数=0.0721U 阈值=0.3603U
[TRACKER] 06:32:34 持仓=3 盈利=0.8494U 亏损=-2.0090U 净浮盈=-1.1596U 手续费基数=0.0721U 阈值=0.3603U
[TRACKER] 06:32:41 持仓=3 盈利=0.8352U 亏损=-2.0527U 净浮盈=-1.2175U 手续费基数=0.0721U 阈值=0.3603U
[TRACKER] 06:32:47 持仓=3 盈利=0.8494U 亏损=-2.0436U 净浮盈=-1.1942U 手续费基数=0.0721U 阈值=0.3603U
[TRACKER] 06:32:54 持仓=3 盈利=0.8210U 亏损=-2.0436U 净浮盈=-1.2225U 手续费基数=0.0721U 阈值=0.3603U
[TRACKER] 本轮结束（将由 crontab 重新拉起）
[TRACKER] 启动，每 5 秒检查一次…
[TRACKER] 06:33:03 持仓=3 盈利=0.8352U 亏损=-2.0366U 净浮盈=-1.2014U 手续费基数=0.0721U 阈值=0.3603U
[TRACKER] 06:33:09 持仓=3 盈利=0.8352U 亏损=-2.0096U 净浮盈=-1.1744U 手续费基数=0.0721U 阈值=0.3603U
[TRACKER] 06:33:16 持仓=3 盈利=0.8352U 亏损=-1.9886U 净浮盈=-1.1534U 手续费基数=0.0721U 阈值=0.3603U
[TRACKER] 06:33:22 持仓=3 盈利=0.8530U 亏损=-1.9110U 净浮盈=-1.0580U 手续费基数=0.0721U 阈值=0.3603U
[TRACKER] 06:33:28 持仓=3 盈利=0.8352U 亏损=-1.8879U 净浮盈=-1.0527U 手续费基数=0.0721U 阈值=0.3603U
[TRACKER] 06:33:35 持仓=3 盈利=0.8352U 亏损=-1.9250U 净浮盈=-1.0898U 手续费基数=0.0721U 阈值=0.3603U
[TRACKER] 06:33:41 持仓=3 盈利=0.8352U 亏损=-1.9250U 净浮盈=-1.0898U 手续费基数=0.0721U 阈值=0.3603U
[TRACKER] 06:33:47 持仓=3 盈利=0.8471U 亏损=-1.9530U 净浮盈=-1.1059U 手续费基数=0.0721U 阈值=0.3603U
[TRACKER] 06:33:54 持仓=3 盈利=0.8329U 亏损=-1.9390U 净浮盈=-1.1061U 手续费基数=0.0721U 阈值=0.3603U
[TRACKER] 本轮结束（将由 crontab 重新拉起）
[TRACKER] 启动，每 5 秒检查一次…
[TRACKER] 06:34:02 持仓=3 盈利=0.8329U 亏损=-1.9390U 净浮盈=-1.1061U 手续费基数=0.0721U 阈值=0.3603U
[TRACKER] 06:34:09 持仓=3 盈利=0.8329U 亏损=-1.9390U 净浮盈=-1.1061U 手续费基数=0.0721U 阈值=0.3603U
[TRACKER] 06:34:15 持仓=3 盈利=0.8329U 亏损=-1.8830U 净浮盈=-1.0501U 手续费基数=0.0721U 阈值=0.3603U
[TRACKER] 06:34:22 持仓=3 盈利=0.8471U 亏损=-1.8760U 净浮盈=-1.0289U 手续费基数=0.0721U 阈值=0.3603U
[TRACKER] 06:34:28 持仓=3 盈利=0.8590U 亏损=-1.8410U 净浮盈=-0.9820U 手续费基数=0.0721U 阈值=0.3603U
[TRACKER] 06:34:35 持仓=3 盈利=0.8165U 亏损=-1.8480U 净浮盈=-1.0315U 手续费基数=0.0721U 阈值=0.3603U
[TRACKER] 06:34:41 持仓=3 盈利=0.8165U 亏损=-1.8690U 净浮盈=-1.0525U 手续费基数=0.0721U 阈值=0.3603U
[TRACKER] 06:34:47 持仓=3 盈利=0.8165U 亏损=-1.7850U 净浮盈=-0.9685U 手续费基数=0.0721U 阈值=0.3603U
[TRACKER] 06:34:54 持仓=3 盈利=0.8165U 亏损=-1.8550U 净浮盈=-1.0385U 手续费基数=0.0721U 阈值=0.3603U
[TRACKER] 本轮结束（将由 crontab 重新拉起）
[TRACKER] 启动，每 5 秒检查一次…
[TRACKER] 06:35:02 持仓=3 盈利=0.8165U 亏损=-1.8480U 净浮盈=-1.0315U 手续费基数=0.0721U 阈值=0.3603U
[TRACKER] 06:35:09 持仓=3 盈利=0.7927U 亏损=-1.8949U 净浮盈=-1.1021U 手续费基数=0.0721U 阈值=0.3603U
[TRACKER] 06:35:15 持仓=3 盈利=0.7927U 亏损=-1.8949U 净浮盈=-1.1021U 手续费基数=0.0721U 阈值=0.3603U
[TRACKER] 06:35:22 持仓=3 盈利=0.7927U 亏损=-1.9460U 净浮盈=-1.1533U 手续费基数=0.0721U 阈值=0.3603U
[TRACKER] 06:35:28 持仓=3 盈利=0.8128U 亏损=-1.9320U 净浮盈=-1.1192U 手续费基数=0.0721U 阈值=0.3603U
[TRACKER] 06:35:34 持仓=3 盈利=0.7905U 亏损=-1.9320U 净浮盈=-1.1415U 手续费基数=0.0721U 阈值=0.3603U
[TRACKER] 06:35:41 持仓=3 盈利=0.7905U 亏损=-1.9390U 净浮盈=-1.1485U 手续费基数=0.0721U 阈值=0.3603U
[TRACKER] 06:35:47 持仓=3 盈利=0.7905U 亏损=-1.9180U 净浮盈=-1.1275U 手续费基数=0.0721U 阈值=0.3603U
[TRACKER] 06:35:53 持仓=3 盈利=0.8105U 亏损=-1.9040U 净浮盈=-1.0934U 手续费基数=0.0721U 阈值=0.3603U
[TRACKER] 本轮结束（将由 crontab 重新拉起）
[TRACKER] 启动，每 5 秒检查一次…
[TRACKER] 06:36:02 持仓=3 盈利=0.8352U 亏损=-1.9019U 净浮盈=-1.0667U 手续费基数=0.0721U 阈值=0.3603U
[TRACKER] 06:36:09 持仓=3 盈利=0.8352U 亏损=-2.1059U 净浮盈=-1.2707U 手续费基数=0.0721U 阈值=0.3603U
[TRACKER] 06:36:15 持仓=3 盈利=0.8411U 亏损=-2.1420U 净浮盈=-1.3009U 手续费基数=0.0721U 阈值=0.3603U
[TRACKER] 06:36:22 持仓=3 盈利=0.8411U 亏损=-2.1000U 净浮盈=-1.2589U 手续费基数=0.0721U 阈值=0.3603U
[TRACKER] 06:36:28 持仓=3 盈利=0.8352U 亏损=-2.1129U 净浮盈=-1.2777U 手续费基数=0.0721U 阈值=0.3603U
[TRACKER] 06:36:34 持仓=3 盈利=0.8352U 亏损=-2.1199U 净浮盈=-1.2847U 手续费基数=0.0721U 阈值=0.3603U
[TRACKER] 06:36:41 持仓=3 盈利=0.8352U 亏损=-2.0919U 净浮盈=-1.2567U 手续费基数=0.0721U 阈值=0.3603U
[TRACKER] 06:36:47 持仓=3 盈利=0.8635U 亏损=-2.0779U 净浮盈=-1.2144U 手续费基数=0.0721U 阈值=0.3603U
[TRACKER] 06:36:54 持仓=3 盈利=0.8635U 亏损=-2.0779U 净浮盈=-1.2144U 手续费基数=0.0721U 阈值=0.3603U
[TRACKER] 本轮结束（将由 crontab 重新拉起）
[TRACKER] 启动，每 5 秒检查一次…
[TRACKER] 06:37:03 持仓=3 盈利=0.8494U 亏损=-2.0349U 净浮盈=-1.1855U 手续费基数=0.0721U 阈值=0.3603U
[TRACKER] 06:37:09 持仓=3 盈利=0.8635U 亏损=-1.9799U 净浮盈=-1.1164U 手续费基数=0.0721U 阈值=0.3603U
[TRACKER] 06:37:16 持仓=3 盈利=0.8754U 亏损=-1.9600U 净浮盈=-1.0846U 手续费基数=0.0721U 阈值=0.3603U
[TRACKER] 06:37:22 持仓=3 盈利=0.8411U 亏损=-1.9670U 净浮盈=-1.1259U 手续费基数=0.0721U 阈值=0.3603U
[TRACKER] 06:37:29 持仓=3 盈利=0.8471U 亏损=-1.9530U 净浮盈=-1.1059U 手续费基数=0.0721U 阈值=0.3603U
[TRACKER] 06:37:35 持仓=3 盈利=0.8389U 亏损=-2.0580U 净浮盈=-1.2191U 手续费基数=0.0721U 阈值=0.3603U
[TRACKER] 06:37:42 持仓=3 盈利=0.8389U 亏损=-2.0860U 净浮盈=-1.2471U 手续费基数=0.0721U 阈值=0.3603U
[TRACKER] 06:37:48 持仓=3 盈利=0.8507U 亏损=-2.0720U 净浮盈=-1.2213U 手续费基数=0.0721U 阈值=0.3603U
[TRACKER] 06:37:55 持仓=3 盈利=0.8507U 亏损=-2.0790U 净浮盈=-1.2283U 手续费基数=0.0721U 阈值=0.3603U
[TRACKER] 本轮结束（将由 crontab 重新拉起）
[TRACKER] 启动，每 5 秒检查一次…
[TRACKER] 06:38:02 持仓=3 盈利=0.8507U 亏损=-2.0020U 净浮盈=-1.1513U 手续费基数=0.0721U 阈值=0.3603U
[TRACKER] 06:38:08 持仓=3 盈利=0.8448U 亏损=-2.0020U 净浮盈=-1.1572U 手续费基数=0.0721U 阈值=0.3603U
[TRACKER] 06:38:15 持仓=3 盈利=0.8247U 亏损=-1.9880U 净浮盈=-1.1633U 手续费基数=0.0721U 阈值=0.3603U
[TRACKER] 06:38:21 持仓=3 盈利=0.8128U 亏损=-1.9320U 净浮盈=-1.1192U 手续费基数=0.0721U 阈值=0.3603U
[TRACKER] 06:38:27 持仓=3 盈利=0.8069U 亏损=-1.9789U 净浮盈=-1.1720U 手续费基数=0.0721U 阈值=0.3603U
[TRACKER] 06:38:34 持仓=3 盈利=0.8210U 亏损=-1.9659U 净浮盈=-1.1449U 手续费基数=0.0721U 阈值=0.3603U
[TRACKER] 06:38:40 持仓=3 盈利=0.8210U 亏损=-1.9460U 净浮盈=-1.1250U 手续费基数=0.0721U 阈值=0.3603U
[TRACKER] 06:38:46 持仓=3 盈利=0.8210U 亏损=-1.9530U 净浮盈=-1.1320U 手续费基数=0.0721U 阈值=0.3603U
[TRACKER] 06:38:53 持仓=3 盈利=0.8270U 亏损=-1.9530U 净浮盈=-1.1260U 手续费基数=0.0721U 阈值=0.3603U
[TRACKER] 本轮结束（将由 crontab 重新拉起）
[TRACKER] 启动，每 5 秒检查一次…
[TRACKER] 06:39:03 持仓=3 盈利=0.8270U 亏损=-1.9600U 净浮盈=-1.1330U 手续费基数=0.0721U 阈值=0.3603U
[TRACKER] 06:39:10 持仓=3 盈利=0.8210U 亏损=-1.9509U 净浮盈=-1.1298U 手续费基数=0.0721U 阈值=0.3603U
[TRACKER] 06:39:16 持仓=3 盈利=0.8210U 亏损=-1.8949U 净浮盈=-1.0738U 手续费基数=0.0721U 阈值=0.3603U
[TRACKER] 06:39:23 持仓=3 盈利=0.8210U 亏损=-1.9369U 净浮盈=-1.1158U 手续费基数=0.0721U 阈值=0.3603U
[TRACKER] 06:39:29 持仓=3 盈利=0.8210U 亏损=-1.9509U 净浮盈=-1.1298U 手续费基数=0.0721U 阈值=0.3603U
[TRACKER] 06:39:35 持仓=3 盈利=0.8210U 亏损=-1.9369U 净浮盈=-1.1158U 手续费基数=0.0721U 阈值=0.3603U
[TRACKER] 06:39:42 持仓=3 盈利=0.8210U 亏损=-1.8949U 净浮盈=-1.0738U 手续费基数=0.0721U 阈值=0.3603U
[TRACKER] 06:39:48 持仓=3 盈利=0.8210U 亏损=-1.6639U 净浮盈=-0.8428U 手续费基数=0.0721U 阈值=0.3603U
[TRACKER] 06:39:54 持仓=3 盈利=0.8210U 亏损=-1.7129U 净浮盈=-0.8918U 手续费基数=0.0721U 阈值=0.3603U
[TRACKER] 本轮结束（将由 crontab 重新拉起）
[TRACKER] 启动，每 5 秒检查一次…
[TRACKER] 06:40:03 持仓=3 盈利=0.8210U 亏损=-1.6989U 净浮盈=-0.8778U 手续费基数=0.0721U 阈值=0.3603U
[TRACKER] 06:40:09 持仓=3 盈利=0.8210U 亏损=-1.7339U 净浮盈=-0.9128U 手续费基数=0.0721U 阈值=0.3603U
[TRACKER] 06:40:16 持仓=3 盈利=0.8210U 亏损=-1.7199U 净浮盈=-0.8988U 手续费基数=0.0721U 阈值=0.3603U
[TRACKER] 06:40:23 持仓=3 盈利=0.8777U 亏损=-1.7608U 净浮盈=-0.8831U 手续费基数=0.0721U 阈值=0.3603U
[TRACKER] 06:40:29 持仓=3 盈利=0.8918U 亏损=-1.7748U 净浮盈=-0.8830U 手续费基数=0.0721U 阈值=0.3603U
[TRACKER] 06:40:36 持仓=3 盈利=0.8918U 亏损=-1.7608U 净浮盈=-0.8690U 手续费基数=0.0721U 阈值=0.3603U
[TRACKER] 06:40:42 持仓=3 盈利=0.8918U 亏损=-1.7409U 净浮盈=-0.8490U 手续费基数=0.0721U 阈值=0.3603U
[TRACKER] 06:40:49 持仓=3 盈利=0.9261U 亏损=-1.7920U 净浮盈=-0.8659U 手续费基数=0.0721U 阈值=0.3603U
[TRACKER] 06:40:55 持仓=3 盈利=0.9320U 亏损=-1.7850U 净浮盈=-0.8530U 手续费基数=0.0721U 阈值=0.3603U
[TRACKER] 本轮结束（将由 crontab 重新拉起）
[TRACKER] 启动，每 5 秒检查一次…
[TRACKER] 06:41:02 持仓=3 盈利=0.9261U 亏损=-1.7780U 净浮盈=-0.8519U 手续费基数=0.0721U 阈值=0.3603U
[TRACKER] 06:41:08 持仓=3 盈利=0.9119U 亏损=-1.8270U 净浮盈=-0.9151U 手续费基数=0.0721U 阈值=0.3603U
[TRACKER] 06:41:15 持仓=3 盈利=0.8918U 亏损=-1.8550U 净浮盈=-0.9632U 手续费基数=0.0721U 阈值=0.3603U
[TRACKER] 06:41:21 持仓=3 盈利=0.9060U 亏损=-1.8410U 净浮盈=-0.9350U 手续费基数=0.0721U 阈值=0.3603U
[TRACKER] 06:41:28 持仓=3 盈利=0.9119U 亏损=-1.8480U 净浮盈=-0.9361U 手续费基数=0.0721U 阈值=0.3603U
[TRACKER] 06:41:34 持仓=3 盈利=0.9119U 亏损=-1.8480U 净浮盈=-0.9361U 手续费基数=0.0721U 阈值=0.3603U
[TRACKER] 06:41:40 持仓=3 盈利=0.9060U 亏损=-1.8599U 净浮盈=-0.9539U 手续费基数=0.0721U 阈值=0.3603U
[TRACKER] 06:41:47 持仓=3 盈利=0.8918U 亏损=-1.8658U 净浮盈=-0.9740U 手续费基数=0.0721U 阈值=0.3603U
[TRACKER] 06:41:53 持仓=3 盈利=0.8918U 亏损=-1.8928U 净浮盈=-1.0009U 手续费基数=0.0721U 阈值=0.3603U
[TRACKER] 本轮结束（将由 crontab 重新拉起）
[TRACKER] 启动，每 5 秒检查一次…
[TRACKER] 06:42:03 持仓=3 盈利=0.9060U 亏损=-1.8696U 净浮盈=-0.9636U 手续费基数=0.0721U 阈值=0.3603U
[TRACKER] 06:42:10 持仓=3 盈利=0.9060U 亏损=-1.8616U 净浮盈=-0.9556U 手续费基数=0.0721U 阈值=0.3603U
[TRACKER] 06:42:16 持仓=3 盈利=0.9060U 亏损=-1.8686U 净浮盈=-0.9626U 手续费基数=0.0721U 阈值=0.3603U
[TRACKER] 06:42:22 持仓=3 盈利=0.8918U 亏损=-1.8168U 净浮盈=-0.9250U 手续费基数=0.0721U 阈值=0.3603U
[TRACKER] 06:42:29 持仓=3 盈利=0.8777U 亏损=-1.8039U 净浮盈=-0.9262U 手续费基数=0.0721U 阈值=0.3603U
[TRACKER] 06:42:35 持仓=3 盈利=0.9060U 亏损=-1.8189U 净浮盈=-0.9130U 手续费基数=0.0721U 阈值=0.3603U
[TRACKER] 06:42:41 持仓=3 盈利=0.9060U 亏损=-1.8399U 净浮盈=-0.9340U 手续费基数=0.0721U 阈值=0.3603U
[TRACKER] 06:42:48 持仓=3 盈利=0.9060U 亏损=-1.8830U 净浮盈=-0.9770U 手续费基数=0.0721U 阈值=0.3603U
[TRACKER] 06:42:54 持仓=3 盈利=0.9060U 亏损=-1.9379U 净浮盈=-1.0320U 手续费基数=0.0721U 阈值=0.3603U
[TRACKER] 本轮结束（将由 crontab 重新拉起）
[TRACKER] 启动，每 5 秒检查一次…
[TRACKER] 06:43:03 持仓=3 盈利=0.8918U 亏损=-1.8679U 净浮盈=-0.9761U 手续费基数=0.0721U 阈值=0.3603U
[TRACKER] 06:43:10 持仓=3 盈利=0.8210U 亏损=-1.8378U 净浮盈=-1.0168U 手续费基数=0.0721U 阈值=0.3603U
[TRACKER] 06:43:16 持仓=3 盈利=0.8352U 亏损=-1.8308U 净浮盈=-0.9956U 手续费基数=0.0721U 阈值=0.3603U
[TRACKER] 06:43:23 持仓=3 盈利=0.8352U 亏损=-1.8588U 净浮盈=-1.0236U 手续费基数=0.0721U 阈值=0.3603U
[TRACKER] 06:43:30 持仓=3 盈利=0.8352U 亏损=-1.8658U 净浮盈=-1.0306U 手续费基数=0.0721U 阈值=0.3603U
[TRACKER] 06:43:36 持仓=3 盈利=0.8210U 亏损=-1.8238U 净浮盈=-1.0028U 手续费基数=0.0721U 阈值=0.3603U
[TRACKER] 06:43:42 持仓=3 盈利=0.8352U 亏损=-1.8308U 净浮盈=-0.9956U 手续费基数=0.0721U 阈值=0.3603U
[TRACKER] 06:43:49 持仓=3 盈利=0.8352U 亏损=-1.8486U 净浮盈=-1.0134U 手续费基数=0.0721U 阈值=0.3603U
[TRACKER] 06:43:55 持仓=3 盈利=0.8352U 亏损=-1.8427U 净浮盈=-1.0075U 手续费基数=0.0721U 阈值=0.3603U
[TRACKER] 本轮结束（将由 crontab 重新拉起）
[TRACKER] 启动，每 5 秒检查一次…
[TRACKER] 06:44:02 持仓=3 盈利=0.8352U 亏损=-1.8168U 净浮盈=-0.9816U 手续费基数=0.0721U 阈值=0.3603U
[TRACKER] 06:44:09 持仓=3 盈利=0.8352U 亏损=-1.8529U 净浮盈=-1.0177U 手续费基数=0.0721U 阈值=0.3603U
[TRACKER] 06:44:16 持仓=3 盈利=0.8352U 亏损=-1.8340U 净浮盈=-0.9988U 手续费基数=0.0721U 阈值=0.3603U
[TRACKER] 06:44:23 持仓=3 盈利=0.8352U 亏损=-1.8340U 净浮盈=-0.9988U 手续费基数=0.0721U 阈值=0.3603U
[TRACKER] 06:44:29 持仓=3 盈利=0.8352U 亏损=-1.7920U 净浮盈=-0.9568U 手续费基数=0.0721U 阈值=0.3603U
[TRACKER] 06:44:36 持仓=3 盈利=0.8352U 亏损=-1.8060U 净浮盈=-0.9708U 手续费基数=0.0721U 阈值=0.3603U
[TRACKER] 06:44:42 持仓=3 盈利=0.8352U 亏损=-1.7850U 净浮盈=-0.9498U 手续费基数=0.0721U 阈值=0.3603U
[TRACKER] 06:44:48 持仓=3 盈利=0.8352U 亏损=-1.7990U 净浮盈=-0.9638U 手续费基数=0.0721U 阈值=0.3603U
[TRACKER] 06:44:55 持仓=3 盈利=0.8352U 亏损=-1.7710U 净浮盈=-0.9358U 手续费基数=0.0721U 阈值=0.3603U
[TRACKER] 本轮结束（将由 crontab 重新拉起）
[TRACKER] 启动，每 5 秒检查一次…
[TRACKER] 06:45:02 持仓=3 盈利=0.8352U 亏损=-1.8018U 净浮盈=-0.9665U 手续费基数=0.0721U 阈值=0.3603U
[TRACKER] 06:45:09 持仓=3 盈利=0.8352U 亏损=-1.8158U 净浮盈=-0.9805U 手续费基数=0.0721U 阈值=0.3603U
[TRACKER] 06:45:15 持仓=3 盈利=0.8494U 亏损=-1.8438U 净浮盈=-0.9944U 手续费基数=0.0721U 阈值=0.3603U
[TRACKER] 06:45:21 持仓=3 盈利=0.8494U 亏损=-1.8438U 净浮盈=-0.9944U 手续费基数=0.0721U 阈值=0.3603U
[TRACKER] 06:45:28 持仓=3 盈利=0.8494U 亏损=-1.8508U 净浮盈=-1.0014U 手续费基数=0.0721U 阈值=0.3603U
[TRACKER] 06:45:34 持仓=3 盈利=0.8494U 亏损=-1.8998U 净浮盈=-1.0504U 手续费基数=0.0721U 阈值=0.3603U
[TRACKER] 06:45:41 持仓=3 盈利=0.8494U 亏损=-1.9068U 净浮盈=-1.0574U 手续费基数=0.0721U 阈值=0.3603U
[TRACKER] 06:45:47 持仓=3 盈利=0.8494U 亏损=-1.9208U 净浮盈=-1.0714U 手续费基数=0.0721U 阈值=0.3603U
[TRACKER] 06:45:53 持仓=3 盈利=0.8494U 亏损=-1.9208U 净浮盈=-1.0714U 手续费基数=0.0721U 阈值=0.3603U
[TRACKER] 本轮结束（将由 crontab 重新拉起）
[TRACKER] 启动，每 5 秒检查一次…
[TRACKER] 06:46:04 持仓=3 盈利=0.8352U 亏损=-1.9488U 净浮盈=-1.1135U 手续费基数=0.0721U 阈值=0.3603U
[TRACKER] 06:46:10 持仓=3 盈利=0.8352U 亏损=-1.9348U 净浮盈=-1.0995U 手续费基数=0.0721U 阈值=0.3603U
[TRACKER] 06:46:16 持仓=3 盈利=0.8494U 亏损=-2.0608U 净浮盈=-1.2114U 手续费基数=0.0721U 阈值=0.3603U
[TRACKER] 06:46:23 持仓=3 盈利=0.8494U 亏损=-2.0608U 净浮盈=-1.2114U 手续费基数=0.0721U 阈值=0.3603U
[TRACKER] 06:46:29 持仓=3 盈利=0.8494U 亏损=-2.0538U 净浮盈=-1.2044U 手续费基数=0.0721U 阈值=0.3603U
[TRACKER] 06:46:35 持仓=3 盈利=0.8494U 亏损=-2.0888U 净浮盈=-1.2394U 手续费基数=0.0721U 阈值=0.3603U
[TRACKER] 06:46:42 持仓=3 盈利=0.8494U 亏损=-2.0818U 净浮盈=-1.2324U 手续费基数=0.0721U 阈值=0.3603U
[TRACKER] 06:46:48 持仓=3 盈利=0.8494U 亏损=-2.1028U 净浮盈=-1.2534U 手续费基数=0.0721U 阈值=0.3603U
[TRACKER] 06:46:54 持仓=3 盈利=0.8494U 亏损=-2.0398U 净浮盈=-1.1904U 手续费基数=0.0721U 阈值=0.3603U
[TRACKER] 本轮结束（将由 crontab 重新拉起）
[TRACKER] 启动，每 5 秒检查一次…
[TRACKER] 06:47:01 持仓=3 盈利=0.8494U 亏损=-1.9628U 净浮盈=-1.1134U 手续费基数=0.0721U 阈值=0.3603U
[TRACKER] 06:47:08 持仓=3 盈利=0.8494U 亏损=-1.9628U 净浮盈=-1.1134U 手续费基数=0.0721U 阈值=0.3603U
[TRACKER] 06:47:14 持仓=3 盈利=0.8494U 亏损=-1.9768U 净浮盈=-1.1274U 手续费基数=0.0721U 阈值=0.3603U
[TRACKER] 06:47:21 持仓=3 盈利=0.8494U 亏损=-1.9848U 净浮盈=-1.1355U 手续费基数=0.0721U 阈值=0.3603U
[TRACKER] 06:47:27 持仓=3 盈利=0.8494U 亏损=-1.9778U 净浮盈=-1.1285U 手续费基数=0.0721U 阈值=0.3603U
[TRACKER] 06:47:33 持仓=3 盈利=0.8494U 亏损=-1.9848U 净浮盈=-1.1355U 手续费基数=0.0721U 阈值=0.3603U
[TRACKER] 06:47:40 持仓=3 盈利=0.8635U 亏损=-2.0408U 净浮盈=-1.1773U 手续费基数=0.0721U 阈值=0.3603U
[TRACKER] 06:47:46 持仓=3 盈利=0.8635U 亏损=-2.0268U 净浮盈=-1.1633U 手续费基数=0.0721U 阈值=0.3603U
[TRACKER] 06:47:52 持仓=3 盈利=0.8635U 亏损=-1.9778U 净浮盈=-1.1143U 手续费基数=0.0721U 阈值=0.3603U
[TRACKER] 本轮结束（将由 crontab 重新拉起）
[TRACKER] 启动，每 5 秒检查一次…
[TRACKER] 06:48:03 持仓=3 盈利=0.8695U 亏损=-1.9320U 净浮盈=-1.0625U 手续费基数=0.0721U 阈值=0.3603U
[TRACKER] 06:48:10 持仓=3 盈利=0.8695U 亏损=-1.9180U 净浮盈=-1.0485U 手续费基数=0.0721U 阈值=0.3603U
[TRACKER] 06:48:16 持仓=3 盈利=0.8635U 亏损=-1.9239U 净浮盈=-1.0604U 手续费基数=0.0721U 阈值=0.3603U
[TRACKER] 06:48:23 持仓=3 盈利=0.8695U 亏损=-1.9180U 净浮盈=-1.0485U 手续费基数=0.0721U 阈值=0.3603U
[TRACKER] 06:48:29 持仓=3 盈利=0.8635U 亏损=-1.9348U 净浮盈=-1.0712U 手续费基数=0.0721U 阈值=0.3603U
[TRACKER] 06:48:35 持仓=3 盈利=0.8777U 亏损=-1.9757U 净浮盈=-1.0980U 手续费基数=0.0721U 阈值=0.3603U
[TRACKER] 06:48:42 持仓=3 盈利=0.8777U 亏损=-1.9806U 净浮盈=-1.1029U 手续费基数=0.0721U 阈值=0.3603U
[TRACKER] 06:48:48 持仓=3 盈利=0.8777U 亏损=-1.9806U 净浮盈=-1.1029U 手续费基数=0.0721U 阈值=0.3603U
[TRACKER] 06:48:55 持仓=3 盈利=0.8777U 亏损=-1.9806U 净浮盈=-1.1029U 手续费基数=0.0721U 阈值=0.3603U
[TRACKER] 本轮结束（将由 crontab 重新拉起）
[TRACKER] 启动，每 5 秒检查一次…
[TRACKER] 06:49:02 持仓=3 盈利=0.8494U 亏损=-1.9935U 净浮盈=-1.1441U 手续费基数=0.0721U 阈值=0.3603U
[TRACKER] 06:49:08 持仓=3 盈利=0.8494U 亏损=-1.9634U 净浮盈=-1.1140U 手续费基数=0.0721U 阈值=0.3603U
[TRACKER] 06:49:15 持仓=3 盈利=0.8635U 亏损=-2.0113U 净浮盈=-1.1478U 手续费基数=0.0721U 阈值=0.3603U
[TRACKER] 06:49:21 持仓=3 盈利=0.8635U 亏损=-1.9757U 净浮盈=-1.1122U 手续费基数=0.0721U 阈值=0.3603U
[TRACKER] 06:49:27 持仓=3 盈利=0.8635U 亏损=-1.9649U 净浮盈=-1.1014U 手续费基数=0.0721U 阈值=0.3603U
[TRACKER] 06:49:34 持仓=3 盈利=0.8991U 亏损=-1.9530U 净浮盈=-1.0539U 手续费基数=0.0721U 阈值=0.3603U
[TRACKER] 06:49:40 持仓=3 盈利=0.9051U 亏损=-1.9180U 净浮盈=-1.0129U 手续费基数=0.0721U 阈值=0.3603U
[TRACKER] 06:49:46 持仓=3 盈利=0.9110U 亏损=-1.9250U 净浮盈=-1.0140U 手续费基数=0.0721U 阈值=0.3603U
[TRACKER] 06:49:53 持仓=3 盈利=0.9631U 亏损=-1.9460U 净浮盈=-0.9829U 手续费基数=0.0721U 阈值=0.3603U
[TRACKER] 本轮结束（将由 crontab 重新拉起）
[TRACKER] 启动，每 5 秒检查一次…
[TRACKER] 06:50:03 持仓=3 盈利=0.9275U 亏损=-1.9110U 净浮盈=-0.9835U 手续费基数=0.0721U 阈值=0.3603U
[TRACKER] 06:50:10 持仓=3 盈利=0.9215U 亏损=-1.9040U 净浮盈=-0.9825U 手续费基数=0.0721U 阈值=0.3603U
[TRACKER] 06:50:16 持仓=3 盈利=0.9096U 亏损=-1.8550U 净浮盈=-0.9454U 手续费基数=0.0721U 阈值=0.3603U
[TRACKER] 06:50:22 持仓=3 盈利=0.9037U 亏损=-1.9110U 净浮盈=-1.0073U 手续费基数=0.0721U 阈值=0.3603U
[TRACKER] 06:50:29 持仓=3 盈利=0.9037U 亏损=-1.9040U 净浮盈=-1.0003U 手续费基数=0.0721U 阈值=0.3603U
[TRACKER] 06:50:35 持仓=3 盈利=0.9096U 亏损=-1.9180U 净浮盈=-1.0084U 手续费基数=0.0721U 阈值=0.3603U
[TRACKER] 06:50:41 持仓=3 盈利=0.8813U 亏损=-1.9110U 净浮盈=-1.0297U 手续费基数=0.0721U 阈值=0.3603U
[TRACKER] 06:50:48 持仓=3 盈利=0.9110U 亏损=-1.8900U 净浮盈=-0.9790U 手续费基数=0.0721U 阈值=0.3603U
[TRACKER] 06:50:54 持仓=3 盈利=0.9393U 亏损=-1.8900U 净浮盈=-0.9507U 手续费基数=0.0721U 阈值=0.3603U
[TRACKER] 本轮结束（将由 crontab 重新拉起）
[TRACKER] 启动，每 5 秒检查一次…
[TRACKER] 06:51:03 持仓=3 盈利=0.9096U 亏损=-1.8970U 净浮盈=-0.9874U 手续费基数=0.0721U 阈值=0.3603U
[TRACKER] 06:51:10 持仓=3 盈利=0.9156U 亏损=-1.8970U 净浮盈=-0.9814U 手续费基数=0.0721U 阈值=0.3603U
[TRACKER] 06:51:16 持仓=3 盈利=0.9453U 亏损=-1.8900U 净浮盈=-0.9447U 手续费基数=0.0721U 阈值=0.3603U
[TRACKER] 06:51:23 持仓=3 盈利=0.9453U 亏损=-1.8900U 净浮盈=-0.9447U 手续费基数=0.0721U 阈值=0.3603U
[TRACKER] 06:51:30 持仓=3 盈利=0.9453U 亏损=-1.9110U 净浮盈=-0.9657U 手续费基数=0.0721U 阈值=0.3603U
[TRACKER] 06:51:36 持仓=3 盈利=0.9453U 亏损=-1.9250U 净浮盈=-0.9797U 手续费基数=0.0721U 阈值=0.3603U
[TRACKER] 06:51:42 持仓=3 盈利=0.9275U 亏损=-1.9180U 净浮盈=-0.9905U 手续费基数=0.0721U 阈值=0.3603U
[TRACKER] 06:51:49 持仓=3 盈利=0.9156U 亏损=-1.9180U 净浮盈=-1.0024U 手续费基数=0.0721U 阈值=0.3603U
[TRACKER] 06:51:55 持仓=3 盈利=0.9096U 亏损=-1.9110U 净浮盈=-1.0014U 手续费基数=0.0721U 阈值=0.3603U
[TRACKER] 本轮结束（将由 crontab 重新拉起）
[TRACKER] 启动，每 5 秒检查一次…
[TRACKER] 06:52:02 持仓=3 盈利=0.9334U 亏损=-1.9110U 净浮盈=-0.9776U 手续费基数=0.0721U 阈值=0.3603U
[TRACKER] 06:52:08 持仓=3 盈利=0.9608U 亏损=-1.8480U 净浮盈=-0.8872U 手续费基数=0.0721U 阈值=0.3603U
[TRACKER] 06:52:15 持仓=3 盈利=1.0106U 亏损=-1.8480U 净浮盈=-0.8374U 手续费基数=0.0721U 阈值=0.3603U
[TRACKER] 06:52:21 持仓=3 盈利=1.0403U 亏损=-1.8340U 净浮盈=-0.7937U 手续费基数=0.0721U 阈值=0.3603U
[TRACKER] 06:52:28 持仓=3 盈利=1.0522U 亏损=-1.7570U 净浮盈=-0.7048U 手续费基数=0.0721U 阈值=0.3603U
[TRACKER] 06:52:34 持仓=3 盈利=1.0522U 亏损=-1.7360U 净浮盈=-0.6838U 手续费基数=0.0721U 阈值=0.3603U
[TRACKER] 06:52:40 持仓=3 盈利=1.0759U 亏损=-1.7430U 净浮盈=-0.6671U 手续费基数=0.0721U 阈值=0.3603U
[TRACKER] 06:52:47 持仓=3 盈利=1.0581U 亏损=-1.7290U 净浮盈=-0.6709U 手续费基数=0.0721U 阈值=0.3603U
[TRACKER] 06:52:54 持仓=3 盈利=1.0640U 亏损=-1.7430U 净浮盈=-0.6790U 手续费基数=0.0721U 阈值=0.3603U
[TRACKER] 本轮结束（将由 crontab 重新拉起）
[TRACKER] 启动，每 5 秒检查一次…
[TRACKER] 06:53:02 持仓=3 盈利=1.0225U 亏损=-1.7150U 净浮盈=-0.6925U 手续费基数=0.0721U 阈值=0.3603U
[TRACKER] 06:53:09 持仓=3 盈利=1.0225U 亏损=-1.6380U 净浮盈=-0.6155U 手续费基数=0.0721U 阈值=0.3603U
[TRACKER] 06:53:15 持仓=3 盈利=1.0225U 亏损=-1.5540U 净浮盈=-0.5315U 手续费基数=0.0721U 阈值=0.3603U
[TRACKER] 06:53:21 持仓=3 盈利=1.0106U 亏损=-1.6240U 净浮盈=-0.6134U 手续费基数=0.0721U 阈值=0.3603U
[TRACKER] 06:53:28 持仓=3 盈利=1.0106U 亏损=-1.6380U 净浮盈=-0.6274U 手续费基数=0.0721U 阈值=0.3603U
[TRACKER] 06:53:34 持仓=3 盈利=1.0106U 亏损=-1.6450U 净浮盈=-0.6344U 手续费基数=0.0721U 阈值=0.3603U
[TRACKER] 06:53:40 持仓=3 盈利=1.0047U 亏损=-1.6520U 净浮盈=-0.6473U 手续费基数=0.0721U 阈值=0.3603U
[TRACKER] 06:53:47 持仓=3 盈利=1.0165U 亏损=-1.6100U 净浮盈=-0.5935U 手续费基数=0.0721U 阈值=0.3603U
[TRACKER] 06:53:53 持仓=3 盈利=1.0106U 亏损=-1.6030U 净浮盈=-0.5924U 手续费基数=0.0721U 阈值=0.3603U
[TRACKER] 本轮结束（将由 crontab 重新拉起）
[TRACKER] 启动，每 5 秒检查一次…
[TRACKER] 06:54:03 持仓=3 盈利=1.0106U 亏损=-1.6240U 净浮盈=-0.6134U 手续费基数=0.0721U 阈值=0.3603U
[TRACKER] 06:54:10 持仓=3 盈利=1.0343U 亏损=-1.6240U 净浮盈=-0.5897U 手续费基数=0.0721U 阈值=0.3603U
[TRACKER] 06:54:16 持仓=3 盈利=1.0343U 亏损=-1.5750U 净浮盈=-0.5407U 手续费基数=0.0721U 阈值=0.3603U
[TRACKER] 06:54:23 持仓=3 盈利=1.0343U 亏损=-1.5330U 净浮盈=-0.4987U 手续费基数=0.0721U 阈值=0.3603U
[TRACKER] 06:54:29 持仓=3 盈利=1.0343U 亏损=-1.5540U 净浮盈=-0.5197U 手续费基数=0.0721U 阈值=0.3603U
[TRACKER] 06:54:35 持仓=3 盈利=1.0343U 亏损=-1.5820U 净浮盈=-0.5477U 手续费基数=0.0721U 阈值=0.3603U
[TRACKER] 06:54:42 持仓=3 盈利=1.0343U 亏损=-1.5750U 净浮盈=-0.5407U 手续费基数=0.0721U 阈值=0.3603U
[TRACKER] 06:54:48 持仓=3 盈利=1.0462U 亏损=-1.5330U 净浮盈=-0.4868U 手续费基数=0.0721U 阈值=0.3603U
[TRACKER] 06:54:55 持仓=3 盈利=1.0403U 亏损=-1.5330U 净浮盈=-0.4927U 手续费基数=0.0721U 阈值=0.3603U
[TRACKER] 本轮结束（将由 crontab 重新拉起）
[TRACKER] 启动，每 5 秒检查一次…
[TRACKER] 06:55:02 持仓=3 盈利=1.0403U 亏损=-1.5050U 净浮盈=-0.4647U 手续费基数=0.0721U 阈值=0.3603U
[TRACKER] 06:55:09 持仓=3 盈利=1.0522U 亏损=-1.5120U 净浮盈=-0.4598U 手续费基数=0.0721U 阈值=0.3603U
[TRACKER] 06:55:15 持仓=3 盈利=1.0522U 亏损=-1.4770U 净浮盈=-0.4248U 手续费基数=0.0721U 阈值=0.3603U
[TRACKER] 06:55:22 持仓=3 盈利=1.0522U 亏损=-1.5400U 净浮盈=-0.4878U 手续费基数=0.0721U 阈值=0.3603U
[TRACKER] 06:55:28 持仓=3 盈利=1.0522U 亏损=-1.5820U 净浮盈=-0.5298U 手续费基数=0.0721U 阈值=0.3603U
[TRACKER] 06:55:35 持仓=3 盈利=1.0403U 亏损=-1.6660U 净浮盈=-0.6257U 手续费基数=0.0721U 阈值=0.3603U
[TRACKER] 06:55:42 持仓=3 盈利=1.0522U 亏损=-1.6660U 净浮盈=-0.6138U 手续费基数=0.0721U 阈值=0.3603U
[TRACKER] 06:55:48 持仓=3 盈利=0.9096U 亏损=-1.7010U 净浮盈=-0.7914U 手续费基数=0.0721U 阈值=0.3603U
[TRACKER] 06:55:55 持仓=3 盈利=0.9096U 亏损=-1.7080U 净浮盈=-0.7984U 手续费基数=0.0721U 阈值=0.3603U
[TRACKER] 本轮结束（将由 crontab 重新拉起）
[TRACKER] 启动，每 5 秒检查一次…
[TRACKER] 06:56:02 持仓=3 盈利=0.9987U 亏损=-1.6730U 净浮盈=-0.6743U 手续费基数=0.0721U 阈值=0.3603U
[TRACKER] 06:56:08 持仓=3 盈利=0.9928U 亏损=-1.6520U 净浮盈=-0.6592U 手续费基数=0.0721U 阈值=0.3603U
[TRACKER] 06:56:15 持仓=3 盈利=1.0225U 亏损=-1.6940U 净浮盈=-0.6715U 手续费基数=0.0721U 阈值=0.3603U
[TRACKER] 06:56:21 持仓=3 盈利=1.0225U 亏损=-1.6870U 净浮盈=-0.6645U 手续费基数=0.0721U 阈值=0.3603U
[TRACKER] 06:56:27 持仓=3 盈利=1.0165U 亏损=-1.7290U 净浮盈=-0.7125U 手续费基数=0.0721U 阈值=0.3603U
[TRACKER] 06:56:34 持仓=3 盈利=1.0225U 亏损=-1.7220U 净浮盈=-0.6995U 手续费基数=0.0721U 阈值=0.3603U
[TRACKER] 06:56:40 持仓=3 盈利=1.0225U 亏损=-1.7080U 净浮盈=-0.6855U 手续费基数=0.0721U 阈值=0.3603U
[TRACKER] 06:56:47 持仓=3 盈利=1.0284U 亏损=-1.6870U 净浮盈=-0.6586U 手续费基数=0.0721U 阈值=0.3603U
[TRACKER] 06:56:53 持仓=3 盈利=1.0343U 亏损=-1.6660U 净浮盈=-0.6317U 手续费基数=0.0721U 阈值=0.3603U
[TRACKER] 本轮结束（将由 crontab 重新拉起）
[TRACKER] 启动，每 5 秒检查一次…
[TRACKER] 06:57:03 持仓=3 盈利=1.0284U 亏损=-1.6660U 净浮盈=-0.6376U 手续费基数=0.0721U 阈值=0.3603U
[TRACKER] 06:57:09 持仓=3 盈利=1.0343U 亏损=-1.6800U 净浮盈=-0.6457U 手续费基数=0.0721U 阈值=0.3603U
[TRACKER] 06:57:16 持仓=3 盈利=1.0343U 亏损=-1.6730U 净浮盈=-0.6387U 手续费基数=0.0721U 阈值=0.3603U
[TRACKER] 06:57:22 持仓=3 盈利=1.0343U 亏损=-1.6730U 净浮盈=-0.6387U 手续费基数=0.0721U 阈值=0.3603U
[TRACKER] 06:57:28 持仓=3 盈利=1.0343U 亏损=-1.6520U 净浮盈=-0.6177U 手续费基数=0.0721U 阈值=0.3603U
[TRACKER] 06:57:35 持仓=3 盈利=1.0343U 亏损=-1.6450U 净浮盈=-0.6107U 手续费基数=0.0721U 阈值=0.3603U
[TRACKER] 06:57:41 持仓=3 盈利=1.0627U 亏损=-1.6520U 净浮盈=-0.5893U 手续费基数=0.0721U 阈值=0.3603U
[TRACKER] 06:57:47 持仓=3 盈利=1.0627U 亏损=-1.7080U 净浮盈=-0.6453U 手续费基数=0.0721U 阈值=0.3603U
[TRACKER] 06:57:54 持仓=3 盈利=1.0627U 亏损=-1.7010U 净浮盈=-0.6383U 手续费基数=0.0721U 阈值=0.3603U
[TRACKER] 本轮结束（将由 crontab 重新拉起）
[TRACKER] 启动，每 5 秒检查一次…
[TRACKER] 06:58:03 持仓=3 盈利=1.0567U 亏损=-1.7430U 净浮盈=-0.6863U 手续费基数=0.0721U 阈值=0.3603U
[TRACKER] 06:58:09 持仓=3 盈利=1.0426U 亏损=-1.7290U 净浮盈=-0.6864U 手续费基数=0.0721U 阈值=0.3603U
[TRACKER] 06:58:16 持仓=3 盈利=1.0129U 亏损=-1.7290U 净浮盈=-0.7161U 手续费基数=0.0721U 阈值=0.3603U
[TRACKER] 06:58:22 持仓=3 盈利=1.0047U 亏损=-1.6030U 净浮盈=-0.5983U 手续费基数=0.0721U 阈值=0.3603U
[TRACKER] 06:58:29 持仓=3 盈利=1.0106U 亏损=-1.6030U 净浮盈=-0.5924U 手续费基数=0.0721U 阈值=0.3603U
[TRACKER] 06:58:35 持仓=3 盈利=1.0284U 亏损=-1.6030U 净浮盈=-0.5746U 手续费基数=0.0721U 阈值=0.3603U
[TRACKER] 06:58:42 持仓=3 盈利=1.0343U 亏损=-1.4980U 净浮盈=-0.4637U 手续费基数=0.0721U 阈值=0.3603U
[TRACKER] 06:58:48 持仓=3 盈利=1.0343U 亏损=-1.4910U 净浮盈=-0.4567U 手续费基数=0.0721U 阈值=0.3603U
[TRACKER] 06:58:55 持仓=3 盈利=1.0426U 亏损=-1.5330U 净浮盈=-0.4904U 手续费基数=0.0721U 阈值=0.3603U
[TRACKER] 本轮结束（将由 crontab 重新拉起）
[TRACKER] 启动，每 5 秒检查一次…
[TRACKER] 06:59:02 持仓=3 盈利=1.0343U 亏损=-1.4910U 净浮盈=-0.4567U 手续费基数=0.0721U 阈值=0.3603U
[TRACKER] 06:59:08 持仓=3 盈利=1.0485U 亏损=-1.5190U 净浮盈=-0.4705U 手续费基数=0.0721U 阈值=0.3603U
[TRACKER] 06:59:15 持仓=3 盈利=1.0485U 亏损=-1.5190U 净浮盈=-0.4705U 手续费基数=0.0721U 阈值=0.3603U
[TRACKER] 06:59:21 持仓=3 盈利=1.0627U 亏损=-1.5330U 净浮盈=-0.4703U 手续费基数=0.0721U 阈值=0.3603U
[TRACKER] 06:59:27 持仓=3 盈利=1.0627U 亏损=-1.5330U 净浮盈=-0.4703U 手续费基数=0.0721U 阈值=0.3603U
[TRACKER] 06:59:34 持仓=3 盈利=1.0508U 亏损=-1.5330U 净浮盈=-0.4822U 手续费基数=0.0721U 阈值=0.3603U
[TRACKER] 06:59:40 持仓=3 盈利=1.0508U 亏损=-1.5260U 净浮盈=-0.4752U 手续费基数=0.0721U 阈值=0.3603U
[TRACKER] 06:59:46 持仓=3 盈利=1.1015U 亏损=-1.5260U 净浮盈=-0.4245U 手续费基数=0.0721U 阈值=0.3603U
[TRACKER] 06:59:53 持仓=3 盈利=1.1074U 亏损=-1.5190U 净浮盈=-0.4116U 手续费基数=0.0721U 阈值=0.3603U
[TRACKER] 本轮结束（将由 crontab 重新拉起）
[TRACKER] 启动，每 5 秒检查一次…
[TRACKER] 07:00:03 持仓=3 盈利=1.1133U 亏损=-1.4840U 净浮盈=-0.3707U 手续费基数=0.0718U 阈值=0.3592U
[TRACKER] 07:00:10 持仓=3 盈利=1.0270U 亏损=-1.3720U 净浮盈=-0.3450U 手续费基数=0.0718U 阈值=0.3592U
[TRACKER] 07:00:16 持仓=3 盈利=1.0270U 亏损=-1.4070U 净浮盈=-0.3800U 手续费基数=0.0718U 阈值=0.3592U
[TRACKER] 07:00:23 持仓=3 盈利=0.9973U 亏损=-1.4070U 净浮盈=-0.4097U 手续费基数=0.0718U 阈值=0.3592U
[TRACKER] 07:00:29 持仓=3 盈利=0.9914U 亏损=-1.4140U 净浮盈=-0.4226U 手续费基数=0.0718U 阈值=0.3592U
[TRACKER] 07:00:36 持仓=3 盈利=0.9914U 亏损=-1.3650U 净浮盈=-0.3736U 手续费基数=0.0718U 阈值=0.3592U
[TRACKER] 07:00:42 持仓=3 盈利=0.9759U 亏损=-1.3860U 净浮盈=-0.4101U 手续费基数=0.0718U 阈值=0.3592U
[TRACKER] 07:00:49 持仓=3 盈利=0.9617U 亏损=-1.4770U 净浮盈=-0.5153U 手续费基数=0.0718U 阈值=0.3592U
[TRACKER] 07:00:55 持仓=3 盈利=0.9937U 亏损=-1.4280U 净浮盈=-0.4343U 手续费基数=0.0718U 阈值=0.3592U
[TRACKER] 本轮结束（将由 crontab 重新拉起）
[TRACKER] 启动，每 5 秒检查一次…
[TRACKER] 07:01:02 持仓=3 盈利=1.0375U 亏损=-1.4630U 净浮盈=-0.4255U 手续费基数=0.0718U 阈值=0.3592U
[TRACKER] 07:01:08 持仓=3 盈利=1.0553U 亏损=-1.4910U 净浮盈=-0.4357U 手续费基数=0.0718U 阈值=0.3592U
[TRACKER] 07:01:15 持仓=3 盈利=1.0613U 亏损=-1.4630U 净浮盈=-0.4017U 手续费基数=0.0718U 阈值=0.3592U
[TRACKER] 07:01:21 持仓=3 盈利=1.0672U 亏损=-1.4700U 净浮盈=-0.4028U 手续费基数=0.0718U 阈值=0.3592U
[TRACKER] 07:01:28 持仓=3 盈利=1.0672U 亏损=-1.4420U 净浮盈=-0.3748U 手续费基数=0.0718U 阈值=0.3592U
[TRACKER] 07:01:34 持仓=3 盈利=1.0613U 亏损=-1.4420U 净浮盈=-0.3807U 手续费基数=0.0718U 阈值=0.3592U
[TRACKER] 07:01:41 持仓=3 盈利=1.0850U 亏损=-1.4420U 净浮盈=-0.3570U 手续费基数=0.0718U 阈值=0.3592U
[TRACKER] 07:01:48 持仓=3 盈利=1.0174U 亏损=-1.3860U 净浮盈=-0.3686U 手续费基数=0.0718U 阈值=0.3592U
[TRACKER] 07:01:54 持仓=3 盈利=1.0316U 亏损=-1.3650U 净浮盈=-0.3334U 手续费基数=0.0718U 阈值=0.3592U
[TRACKER] 本轮结束（将由 crontab 重新拉起）
[TRACKER] 启动，每 5 秒检查一次…
[TRACKER] 07:02:03 持仓=3 盈利=1.0174U 亏损=-1.3930U 净浮盈=-0.3756U 手续费基数=0.0718U 阈值=0.3592U
[TRACKER] 07:02:09 持仓=3 盈利=1.0293U 亏损=-1.3930U 净浮盈=-0.3637U 手续费基数=0.0718U 阈值=0.3592U
[TRACKER] 07:02:16 持仓=3 盈利=1.0553U 亏损=-1.4210U 净浮盈=-0.3657U 手续费基数=0.0718U 阈值=0.3592U
[TRACKER] 07:02:22 持仓=3 盈利=1.0978U 亏损=-1.5050U 净浮盈=-0.4072U 手续费基数=0.0718U 阈值=0.3592U
[TRACKER] 07:02:29 持仓=3 盈利=1.0978U 亏损=-1.4770U 净浮盈=-0.3792U 手续费基数=0.0718U 阈值=0.3592U
[TRACKER] 07:02:35 持仓=3 盈利=1.1120U 亏损=-1.4280U 净浮盈=-0.3160U 手续费基数=0.0718U 阈值=0.3592U
[TRACKER] 07:02:42 持仓=3 盈利=1.1120U 亏损=-1.3860U 净浮盈=-0.2740U 手续费基数=0.0718U 阈值=0.3592U
[TRACKER] 07:02:48 持仓=3 盈利=1.1120U 亏损=-1.4350U 净浮盈=-0.3230U 手续费基数=0.0718U 阈值=0.3592U
[TRACKER] 07:02:54 持仓=3 盈利=1.1120U 亏损=-1.4140U 净浮盈=-0.3020U 手续费基数=0.0718U 阈值=0.3592U
[TRACKER] 本轮结束（将由 crontab 重新拉起）
[TRACKER] 启动，每 5 秒检查一次…
[TRACKER] 07:03:03 持仓=3 盈利=1.0955U 亏损=-1.4070U 净浮盈=-0.3115U 手续费基数=0.0718U 阈值=0.3592U
[TRACKER] 07:03:10 持仓=3 盈利=1.0814U 亏损=-1.4280U 净浮盈=-0.3466U 手续费基数=0.0718U 阈值=0.3592U
[TRACKER] 07:03:16 持仓=3 盈利=1.0814U 亏损=-1.4000U 净浮盈=-0.3186U 手续费基数=0.0718U 阈值=0.3592U
[TRACKER] 07:03:23 持仓=3 盈利=1.0814U 亏损=-1.4000U 净浮盈=-0.3186U 手续费基数=0.0718U 阈值=0.3592U
[TRACKER] 07:03:29 持仓=3 盈利=1.0955U 亏损=-1.4000U 净浮盈=-0.3045U 手续费基数=0.0718U 阈值=0.3592U
[TRACKER] 07:03:36 持仓=3 盈利=1.0955U 亏损=-1.4140U 净浮盈=-0.3185U 手续费基数=0.0718U 阈值=0.3592U
[TRACKER] 07:03:42 持仓=3 盈利=1.0955U 亏损=-1.3860U 净浮盈=-0.2905U 手续费基数=0.0718U 阈值=0.3592U
[TRACKER] 07:03:48 持仓=3 盈利=1.0955U 亏损=-1.4210U 净浮盈=-0.3255U 手续费基数=0.0718U 阈值=0.3592U
[TRACKER] 07:03:55 持仓=3 盈利=1.0814U 亏损=-1.4280U 净浮盈=-0.3466U 手续费基数=0.0718U 阈值=0.3592U
[TRACKER] 本轮结束（将由 crontab 重新拉起）
[TRACKER] 启动，每 5 秒检查一次…
[TRACKER] 07:04:02 持仓=3 盈利=1.0814U 亏损=-1.4210U 净浮盈=-0.3396U 手续费基数=0.0718U 阈值=0.3592U
[TRACKER] 07:04:08 持仓=3 盈利=1.0814U 亏损=-1.4280U 净浮盈=-0.3466U 手续费基数=0.0718U 阈值=0.3592U
[TRACKER] 07:04:15 持仓=3 盈利=1.0672U 亏损=-1.4280U 净浮盈=-0.3608U 手续费基数=0.0718U 阈值=0.3592U
[TRACKER] 07:04:21 持仓=3 盈利=1.0672U 亏损=-1.4210U 净浮盈=-0.3538U 手续费基数=0.0718U 阈值=0.3592U
[TRACKER] 07:04:27 持仓=3 盈利=1.0672U 亏损=-1.4140U 净浮盈=-0.3468U 手续费基数=0.0718U 阈值=0.3592U
[TRACKER] 07:04:34 持仓=3 盈利=1.0672U 亏损=-1.4140U 净浮盈=-0.3468U 手续费基数=0.0718U 阈值=0.3592U
[TRACKER] 07:04:40 持仓=3 盈利=1.0672U 亏损=-1.4420U 净浮盈=-0.3748U 手续费基数=0.0718U 阈值=0.3592U
[TRACKER] 07:04:47 持仓=3 盈利=1.0389U 亏损=-1.4280U 净浮盈=-0.3891U 手续费基数=0.0718U 阈值=0.3592U
[TRACKER] 07:04:53 持仓=3 盈利=1.0389U 亏损=-1.4140U 净浮盈=-0.3751U 手续费基数=0.0718U 阈值=0.3592U
[TRACKER] 本轮结束（将由 crontab 重新拉起）
[TRACKER] 启动，每 5 秒检查一次…
[TRACKER] 07:05:03 持仓=3 盈利=1.0343U 亏损=-1.4210U 净浮盈=-0.3867U 手续费基数=0.0718U 阈值=0.3592U
[TRACKER] 07:05:10 持仓=3 盈利=1.0485U 亏损=-1.4140U 净浮盈=-0.3655U 手续费基数=0.0718U 阈值=0.3592U
[TRACKER] 07:05:16 持仓=3 盈利=1.0627U 亏损=-1.4280U 净浮盈=-0.3653U 手续费基数=0.0718U 阈值=0.3592U
[TRACKER] 07:05:22 持仓=3 盈利=1.0627U 亏损=-1.4280U 净浮盈=-0.3653U 手续费基数=0.0718U 阈值=0.3592U
[TRACKER] 07:05:29 持仓=3 盈利=1.0686U 亏损=-1.4000U 净浮盈=-0.3314U 手续费基数=0.0718U 阈值=0.3592U
[TRACKER] 07:05:35 持仓=3 盈利=1.0827U 亏损=-1.3930U 净浮盈=-0.3103U 手续费基数=0.0718U 阈值=0.3592U
[TRACKER] 07:05:41 持仓=3 盈利=1.0827U 亏损=-1.4280U 净浮盈=-0.3453U 手续费基数=0.0718U 阈值=0.3592U
[TRACKER] 07:05:48 持仓=3 盈利=1.0686U 亏损=-1.5120U 净浮盈=-0.4434U 手续费基数=0.0718U 阈值=0.3592U
[TRACKER] 07:05:54 持仓=3 盈利=1.0686U 亏损=-1.4980U 净浮盈=-0.4294U 手续费基数=0.0718U 阈值=0.3592U
[TRACKER] 本轮结束（将由 crontab 重新拉起）
[TRACKER] 启动，每 5 秒检查一次…
[TRACKER] 07:06:03 持仓=3 盈利=1.0686U 亏损=-1.4910U 净浮盈=-0.4224U 手续费基数=0.0718U 阈值=0.3592U
[TRACKER] 07:06:09 持仓=3 盈利=1.1503U 亏损=-1.4980U 净浮盈=-0.3477U 手续费基数=0.0718U 阈值=0.3592U
[TRACKER] 07:06:16 持仓=3 盈利=1.1965U 亏损=-1.4980U 净浮盈=-0.3015U 手续费基数=0.0718U 阈值=0.3592U
[TRACKER] 07:06:22 持仓=3 盈利=1.1540U 亏损=-1.4420U 净浮盈=-0.2880U 手续费基数=0.0718U 阈值=0.3592U
[TRACKER] 07:06:28 持仓=3 盈利=1.1398U 亏损=-1.4280U 净浮盈=-0.2882U 手续费基数=0.0718U 阈值=0.3592U
[TRACKER] 07:06:35 持仓=3 盈利=1.1280U 亏损=-1.4210U 净浮盈=-0.2930U 手续费基数=0.0718U 阈值=0.3592U
[TRACKER] 07:06:41 持仓=3 盈利=1.1280U 亏损=-1.3930U 净浮盈=-0.2650U 手续费基数=0.0718U 阈值=0.3592U
[TRACKER] 07:06:47 持仓=3 盈利=1.1316U 亏损=-1.3860U 净浮盈=-0.2544U 手续费基数=0.0718U 阈值=0.3592U
[TRACKER] 07:06:54 持仓=3 盈利=1.1398U 亏损=-1.3790U 净浮盈=-0.2392U 手续费基数=0.0718U 阈值=0.3592U
[TRACKER] 本轮结束（将由 crontab 重新拉起）
[TRACKER] 启动，每 5 秒检查一次…
[TRACKER] 07:07:03 持仓=3 盈利=1.1398U 亏损=-1.4280U 净浮盈=-0.2882U 手续费基数=0.0718U 阈值=0.3592U
[TRACKER] 07:07:09 持仓=3 盈利=1.1280U 亏损=-1.4560U 净浮盈=-0.3280U 手续费基数=0.0718U 阈值=0.3592U
[TRACKER] 07:07:16 持仓=3 盈利=1.1339U 亏损=-1.5680U 净浮盈=-0.4341U 手续费基数=0.0718U 阈值=0.3592U
[TRACKER] 07:07:22 持仓=3 盈利=1.1339U 亏损=-1.5610U 净浮盈=-0.4271U 手续费基数=0.0718U 阈值=0.3592U
[TRACKER] 07:07:29 持仓=3 盈利=1.1682U 亏损=-1.6100U 净浮盈=-0.4418U 手续费基数=0.0718U 阈值=0.3592U
[TRACKER] 07:07:36 持仓=3 盈利=1.1682U 亏损=-1.6310U 净浮盈=-0.4628U 手续费基数=0.0718U 阈值=0.3592U
[TRACKER] 07:07:42 持仓=3 盈利=1.1540U 亏损=-1.6100U 净浮盈=-0.4560U 手续费基数=0.0718U 阈值=0.3592U
[TRACKER] 07:07:48 持仓=3 盈利=1.1540U 亏损=-1.5820U 净浮盈=-0.4280U 手续费基数=0.0718U 阈值=0.3592U
[TRACKER] 07:07:55 持仓=3 盈利=1.1398U 亏损=-1.5610U 净浮盈=-0.4212U 手续费基数=0.0718U 阈值=0.3592U
[TRACKER] 本轮结束（将由 crontab 重新拉起）
[TRACKER] 启动，每 5 秒检查一次…
[TRACKER] 07:08:02 持仓=3 盈利=1.1220U 亏损=-1.5260U 净浮盈=-0.4040U 手续费基数=0.0718U 阈值=0.3592U
[TRACKER] 07:08:09 持仓=3 盈利=1.1220U 亏损=-1.5750U 净浮盈=-0.4530U 手续费基数=0.0718U 阈值=0.3592U
[TRACKER] 07:08:15 持仓=3 盈利=1.1280U 亏损=-1.5960U 净浮盈=-0.4680U 手续费基数=0.0718U 阈值=0.3592U
[TRACKER] 07:08:22 持仓=3 盈利=1.1339U 亏损=-1.5750U 净浮盈=-0.4411U 手续费基数=0.0718U 阈值=0.3592U
[TRACKER] 07:08:28 持仓=3 盈利=1.1398U 亏损=-1.5680U 净浮盈=-0.4282U 手续费基数=0.0718U 阈值=0.3592U
[TRACKER] 07:08:35 持仓=3 盈利=1.1398U 亏损=-1.5750U 净浮盈=-0.4352U 手续费基数=0.0718U 阈值=0.3592U
[TRACKER] 07:08:41 持仓=3 盈利=1.1622U 亏损=-1.5750U 净浮盈=-0.4128U 手续费基数=0.0718U 阈值=0.3592U
[TRACKER] 07:08:48 持仓=3 盈利=1.1764U 亏损=-1.5750U 净浮盈=-0.3986U 手续费基数=0.0718U 阈值=0.3592U
[TRACKER] 07:08:54 持仓=3 盈利=1.1764U 亏损=-1.6310U 净浮盈=-0.4546U 手续费基数=0.0718U 阈值=0.3592U
[TRACKER] 本轮结束（将由 crontab 重新拉起）
[TRACKER] 启动，每 5 秒检查一次…
[TRACKER] 07:09:03 持仓=3 盈利=1.1526U 亏损=-1.6450U 净浮盈=-0.4924U 手续费基数=0.0718U 阈值=0.3592U
[TRACKER] 07:09:09 持仓=3 盈利=1.0932U 亏损=-1.6310U 净浮盈=-0.5378U 手续费基数=0.0718U 阈值=0.3592U
[TRACKER] 07:09:16 持仓=3 盈利=1.0992U 亏损=-1.6100U 净浮盈=-0.5108U 手续费基数=0.0718U 阈值=0.3592U
[TRACKER] 07:09:22 持仓=3 盈利=1.0910U 亏损=-1.6170U 净浮盈=-0.5260U 手续费基数=0.0718U 阈值=0.3592U
[TRACKER] 07:09:28 持仓=3 盈利=1.0672U 亏损=-1.5680U 净浮盈=-0.5008U 手续费基数=0.0718U 阈值=0.3592U
[TRACKER] 07:09:35 持仓=3 盈利=1.0791U 亏损=-1.5680U 净浮盈=-0.4889U 手续费基数=0.0718U 阈值=0.3592U
[TRACKER] 07:09:41 持仓=3 盈利=1.1111U 亏损=-1.5680U 净浮盈=-0.4569U 手续费基数=0.0718U 阈值=0.3592U
[TRACKER] 07:09:48 持仓=3 盈利=1.1229U 亏损=-1.5540U 净浮盈=-0.4311U 手续费基数=0.0718U 阈值=0.3592U
[TRACKER] 07:09:54 持仓=3 盈利=1.1348U 亏损=-1.5540U 净浮盈=-0.4192U 手续费基数=0.0718U 阈值=0.3592U
[TRACKER] 本轮结束（将由 crontab 重新拉起）
[TRACKER] 启动，每 5 秒检查一次…
[TRACKER] 07:10:03 持仓=3 盈利=1.1348U 亏损=-1.5540U 净浮盈=-0.4192U 手续费基数=0.0718U 阈值=0.3592U
[TRACKER] 07:10:10 持仓=3 盈利=1.1348U 亏损=-1.5680U 净浮盈=-0.4332U 手续费基数=0.0718U 阈值=0.3592U
[TRACKER] 07:10:16 持仓=3 盈利=1.1348U 亏损=-1.5680U 净浮盈=-0.4332U 手续费基数=0.0718U 阈值=0.3592U
[TRACKER] 07:10:22 持仓=3 盈利=1.1348U 亏损=-1.5680U 净浮盈=-0.4332U 手续费基数=0.0718U 阈值=0.3592U
[TRACKER] 07:10:29 持仓=3 盈利=1.1348U 亏损=-1.5470U 净浮盈=-0.4122U 手续费基数=0.0718U 阈值=0.3592U
[TRACKER] 07:10:35 持仓=3 盈利=1.1348U 亏损=-1.5960U 净浮盈=-0.4612U 手续费基数=0.0718U 阈值=0.3592U
[TRACKER] 07:10:41 持仓=3 盈利=1.1631U 亏损=-1.5610U 净浮盈=-0.3979U 手续费基数=0.0718U 阈值=0.3592U
[TRACKER] 07:10:48 持仓=3 盈利=1.1631U 亏损=-1.5890U 净浮盈=-0.4259U 手续费基数=0.0718U 阈值=0.3592U
[TRACKER] 07:10:54 持仓=3 盈利=1.1631U 亏损=-1.5610U 净浮盈=-0.3979U 手续费基数=0.0718U 阈值=0.3592U
[TRACKER] 本轮结束（将由 crontab 重新拉起）
[TRACKER] 启动，每 5 秒检查一次…
[TRACKER] 07:11:03 持仓=3 盈利=1.1490U 亏损=-1.5610U 净浮盈=-0.4120U 手续费基数=0.0718U 阈值=0.3592U
[TRACKER] 07:11:10 持仓=3 盈利=1.1668U 亏损=-1.5610U 净浮盈=-0.3942U 手续费基数=0.0718U 阈值=0.3592U
[TRACKER] 07:11:16 持仓=3 盈利=1.1549U 亏损=-1.5190U 净浮盈=-0.3641U 手续费基数=0.0718U 阈值=0.3592U
[TRACKER] 07:11:23 持仓=3 盈利=1.1549U 亏损=-1.5190U 净浮盈=-0.3641U 手续费基数=0.0718U 阈值=0.3592U
[TRACKER] 07:11:29 持仓=3 盈利=1.1549U 亏损=-1.5050U 净浮盈=-0.3501U 手续费基数=0.0718U 阈值=0.3592U
[TRACKER] 07:11:36 持仓=3 盈利=1.1549U 亏损=-1.5050U 净浮盈=-0.3501U 手续费基数=0.0718U 阈值=0.3592U
[TRACKER] 07:11:42 持仓=3 盈利=1.1549U 亏损=-1.5050U 净浮盈=-0.3501U 手续费基数=0.0718U 阈值=0.3592U
[TRACKER] 07:11:49 持仓=3 盈利=1.1549U 亏损=-1.5050U 净浮盈=-0.3501U 手续费基数=0.0718U 阈值=0.3592U
[TRACKER] 07:11:55 持仓=3 盈利=1.1965U 亏损=-1.4630U 净浮盈=-0.2665U 手续费基数=0.0718U 阈值=0.3592U
[TRACKER] 本轮结束（将由 crontab 重新拉起）
[TRACKER] 启动，每 5 秒检查一次…
[TRACKER] 07:12:02 持仓=3 盈利=1.2106U 亏损=-1.4490U 净浮盈=-0.2384U 手续费基数=0.0718U 阈值=0.3592U
[TRACKER] 07:12:09 持仓=3 盈利=1.1965U 亏损=-1.4630U 净浮盈=-0.2665U 手续费基数=0.0718U 阈值=0.3592U
[TRACKER] 07:12:15 持仓=3 盈利=1.1965U 亏损=-1.4560U 净浮盈=-0.2595U 手续费基数=0.0718U 阈值=0.3592U
[TRACKER] 07:12:22 持仓=3 盈利=1.1965U 亏损=-1.4630U 净浮盈=-0.2665U 手续费基数=0.0718U 阈值=0.3592U
[TRACKER] 07:12:28 持仓=3 盈利=1.2262U 亏损=-1.4560U 净浮盈=-0.2298U 手续费基数=0.0718U 阈值=0.3592U
[TRACKER] 07:12:35 持仓=3 盈利=1.2380U 亏损=-1.4770U 净浮盈=-0.2390U 手续费基数=0.0718U 阈值=0.3592U
[TRACKER] 07:12:41 持仓=3 盈利=1.2262U 亏损=-1.4700U 净浮盈=-0.2438U 手续费基数=0.0718U 阈值=0.3592U
[TRACKER] 07:12:48 持仓=3 盈利=1.2440U 亏损=-1.5470U 净浮盈=-0.3030U 手续费基数=0.0718U 阈值=0.3592U
[TRACKER] 07:12:55 持仓=3 盈利=1.2321U 亏损=-1.5820U 净浮盈=-0.3499U 手续费基数=0.0718U 阈值=0.3592U
[TRACKER] 本轮结束（将由 crontab 重新拉起）
[TRACKER] 启动，每 5 秒检查一次…
[TRACKER] 07:13:02 持仓=3 盈利=1.2440U 亏损=-1.6730U 净浮盈=-0.4290U 手续费基数=0.0718U 阈值=0.3592U
[TRACKER] 07:13:08 持仓=3 盈利=1.2558U 亏损=-1.7220U 净浮盈=-0.4662U 手续费基数=0.0718U 阈值=0.3592U
[TRACKER] 07:13:15 持仓=3 盈利=1.2700U 亏损=-1.6660U 净浮盈=-0.3960U 手续费基数=0.0718U 阈值=0.3592U
[TRACKER] 07:13:21 持仓=3 盈利=1.2700U 亏损=-1.6520U 净浮盈=-0.3820U 手续费基数=0.0718U 阈值=0.3592U
[TRACKER] 07:13:28 持仓=3 盈利=1.2641U 亏损=-1.6380U 净浮盈=-0.3739U 手续费基数=0.0718U 阈值=0.3592U
[TRACKER] 07:13:34 持仓=3 盈利=1.2641U 亏损=-1.6590U 净浮盈=-0.3949U 手续费基数=0.0718U 阈值=0.3592U
[TRACKER] 07:13:40 持仓=3 盈利=1.2641U 亏损=-1.6520U 净浮盈=-0.3879U 手续费基数=0.0718U 阈值=0.3592U
[TRACKER] 07:13:47 持仓=3 盈利=1.2782U 亏损=-1.6520U 净浮盈=-0.3738U 手续费基数=0.0718U 阈值=0.3592U
[TRACKER] 07:13:53 持仓=3 盈利=1.2782U 亏损=-1.6380U 净浮盈=-0.3598U 手续费基数=0.0718U 阈值=0.3592U
[TRACKER] 本轮结束（将由 crontab 重新拉起）
[TRACKER] 启动，每 5 秒检查一次…
[TRACKER] 07:14:02 持仓=3 盈利=1.2782U 亏损=-1.6450U 净浮盈=-0.3668U 手续费基数=0.0718U 阈值=0.3592U
[TRACKER] 07:14:09 持仓=3 盈利=1.2782U 亏损=-1.6590U 净浮盈=-0.3808U 手续费基数=0.0718U 阈值=0.3592U
[TRACKER] 07:14:15 持仓=3 盈利=1.2782U 亏损=-1.6520U 净浮盈=-0.3738U 手续费基数=0.0718U 阈值=0.3592U
[TRACKER] 07:14:22 持仓=3 盈利=1.2782U 亏损=-1.6450U 净浮盈=-0.3668U 手续费基数=0.0718U 阈值=0.3592U
[TRACKER] 07:14:28 持仓=3 盈利=1.2782U 亏损=-1.6450U 净浮盈=-0.3668U 手续费基数=0.0718U 阈值=0.3592U
[TRACKER] 07:14:35 持仓=3 盈利=1.2782U 亏损=-1.6450U 净浮盈=-0.3668U 手续费基数=0.0718U 阈值=0.3592U
[TRACKER] 07:14:41 持仓=3 盈利=1.2782U 亏损=-1.6450U 净浮盈=-0.3668U 手续费基数=0.0718U 阈值=0.3592U
[TRACKER] 07:14:47 持仓=3 盈利=1.2782U 亏损=-1.6590U 净浮盈=-0.3808U 手续费基数=0.0718U 阈值=0.3592U
[TRACKER] 07:14:54 持仓=3 盈利=1.2782U 亏损=-1.6590U 净浮盈=-0.3808U 手续费基数=0.0718U 阈值=0.3592U
[TRACKER] 本轮结束（将由 crontab 重新拉起）
[TRACKER] 启动，每 5 秒检查一次…
[TRACKER] 07:15:03 持仓=3 盈利=1.2924U 亏损=-1.6590U 净浮盈=-0.3666U 手续费基数=0.0718U 阈值=0.3592U
[TRACKER] 07:15:09 持仓=3 盈利=1.3065U 亏损=-1.6590U 净浮盈=-0.3525U 手续费基数=0.0718U 阈值=0.3592U
[TRACKER] 07:15:16 持仓=3 盈利=1.3065U 亏损=-1.6590U 净浮盈=-0.3525U 手续费基数=0.0718U 阈值=0.3592U
[TRACKER] 07:15:22 持仓=3 盈利=1.3243U 亏损=-1.6730U 净浮盈=-0.3487U 手续费基数=0.0718U 阈值=0.3592U
[TRACKER] 07:15:29 持仓=3 盈利=1.3243U 亏损=-1.7150U 净浮盈=-0.3907U 手续费基数=0.0718U 阈值=0.3592U
[TRACKER] 07:15:35 持仓=3 盈利=1.3385U 亏损=-1.5750U 净浮盈=-0.2365U 手续费基数=0.0718U 阈值=0.3592U
[TRACKER] 07:15:42 持仓=3 盈利=1.3385U 亏损=-1.5680U 净浮盈=-0.2295U 手续费基数=0.0718U 阈值=0.3592U
[TRACKER] 07:15:48 持仓=3 盈利=1.3385U 亏损=-1.6310U 净浮盈=-0.2925U 手续费基数=0.0718U 阈值=0.3592U
[TRACKER] 07:15:55 持仓=3 盈利=1.3385U 亏损=-1.5960U 净浮盈=-0.2575U 手续费基数=0.0718U 阈值=0.3592U
[TRACKER] 本轮结束（将由 crontab 重新拉起）
[TRACKER] 启动，每 5 秒检查一次…
[TRACKER] 07:16:02 持仓=3 盈利=1.3243U 亏损=-1.6030U 净浮盈=-0.2787U 手续费基数=0.0718U 阈值=0.3592U
[TRACKER] 07:16:08 持仓=3 盈利=1.3243U 亏损=-1.5750U 净浮盈=-0.2507U 手续费基数=0.0718U 阈值=0.3592U
[TRACKER] 07:16:14 持仓=3 盈利=1.3243U 亏损=-1.5750U 净浮盈=-0.2507U 手续费基数=0.0718U 阈值=0.3592U
[TRACKER] 07:16:21 持仓=3 盈利=1.3385U 亏损=-1.5400U 净浮盈=-0.2015U 手续费基数=0.0718U 阈值=0.3592U
[TRACKER] 07:16:27 持仓=3 盈利=1.3504U 亏损=-1.5610U 净浮盈=-0.2106U 手续费基数=0.0718U 阈值=0.3592U
[TRACKER] 07:16:34 持仓=3 盈利=1.3504U 亏损=-1.5820U 净浮盈=-0.2316U 手续费基数=0.0718U 阈值=0.3592U
[TRACKER] 07:16:40 持仓=3 盈利=1.3504U 亏损=-1.5190U 净浮盈=-0.1686U 手续费基数=0.0718U 阈值=0.3592U
[TRACKER] 07:16:46 持仓=3 盈利=1.3148U 亏损=-1.5750U 净浮盈=-0.2602U 手续费基数=0.0718U 阈值=0.3592U
[TRACKER] 07:16:53 持仓=3 盈利=1.3148U 亏损=-1.5820U 净浮盈=-0.2672U 手续费基数=0.0718U 阈值=0.3592U
[TRACKER] 本轮结束（将由 crontab 重新拉起）
[TRACKER] 启动，每 5 秒检查一次…
[TRACKER] 07:17:03 持仓=3 盈利=1.3006U 亏损=-1.5820U 净浮盈=-0.2814U 手续费基数=0.0718U 阈值=0.3592U
[TRACKER] 07:17:09 持仓=3 盈利=1.3682U 亏损=-1.6170U 净浮盈=-0.2488U 手续费基数=0.0718U 阈值=0.3592U
[TRACKER] 07:17:15 持仓=3 盈利=1.3682U 亏损=-1.6030U 净浮盈=-0.2348U 手续费基数=0.0718U 阈值=0.3592U
[TRACKER] 07:17:22 持仓=3 盈利=1.3399U 亏损=-1.5890U 净浮盈=-0.2491U 手续费基数=0.0718U 阈值=0.3592U
[TRACKER] 07:17:28 持仓=3 盈利=1.3696U 亏损=-1.5890U 净浮盈=-0.2194U 手续费基数=0.0718U 阈值=0.3592U
[TRACKER] 07:17:35 持仓=3 盈利=1.3636U 亏损=-1.5890U 净浮盈=-0.2254U 手续费基数=0.0718U 阈值=0.3592U
[TRACKER] 07:17:41 持仓=3 盈利=1.3317U 亏损=-1.5890U 净浮盈=-0.2573U 手续费基数=0.0718U 阈值=0.3592U
[TRACKER] 07:17:47 持仓=3 盈利=1.3020U 亏损=-1.5750U 净浮盈=-0.2730U 手续费基数=0.0718U 阈值=0.3592U
[TRACKER] 07:17:54 持仓=3 盈利=1.3043U 亏损=-1.5540U 净浮盈=-0.2497U 手续费基数=0.0718U 阈值=0.3592U
[TRACKER] 本轮结束（将由 crontab 重新拉起）
[TRACKER] 启动，每 5 秒检查一次…
[TRACKER] 07:18:03 持仓=3 盈利=1.3043U 亏损=-1.6100U 净浮盈=-0.3057U 手续费基数=0.0718U 阈值=0.3592U
[TRACKER] 07:18:09 持仓=3 盈利=1.3043U 亏损=-1.6310U 净浮盈=-0.3267U 手续费基数=0.0718U 阈值=0.3592U
[TRACKER] 07:18:16 持仓=3 盈利=1.2033U 亏损=-1.6380U 净浮盈=-0.4347U 手续费基数=0.0718U 阈值=0.3592U
[TRACKER] 07:18:22 持仓=3 盈利=1.2211U 亏损=-1.6380U 净浮盈=-0.4169U 手续费基数=0.0718U 阈值=0.3592U
[TRACKER] 07:18:29 持仓=3 盈利=1.2330U 亏损=-1.6310U 净浮盈=-0.3980U 手续费基数=0.0718U 阈值=0.3592U
[TRACKER] 07:18:35 持仓=3 盈利=1.2508U 亏损=-1.6100U 净浮盈=-0.3592U 手续费基数=0.0718U 阈值=0.3592U
[TRACKER] 07:18:41 持仓=3 盈利=1.2686U 亏损=-1.6100U 净浮盈=-0.3414U 手续费基数=0.0718U 阈值=0.3592U
[TRACKER] 07:18:48 持仓=3 盈利=1.2746U 亏损=-1.6100U 净浮盈=-0.3354U 手续费基数=0.0718U 阈值=0.3592U
[TRACKER] 07:18:54 持仓=3 盈利=1.3043U 亏损=-1.6100U 净浮盈=-0.3057U 手续费基数=0.0718U 阈值=0.3592U
[TRACKER] 本轮结束（将由 crontab 重新拉起）
[TRACKER] 启动，每 5 秒检查一次…
[TRACKER] 07:19:03 持仓=3 盈利=1.3043U 亏损=-1.6100U 净浮盈=-0.3057U 手续费基数=0.0718U 阈值=0.3592U
[TRACKER] 07:19:10 持仓=3 盈利=1.3043U 亏损=-1.6030U 净浮盈=-0.2987U 手续费基数=0.0718U 阈值=0.3592U
[TRACKER] 07:19:17 持仓=3 盈利=1.3399U 亏损=-1.6100U 净浮盈=-0.2701U 手续费基数=0.0718U 阈值=0.3592U
[TRACKER] 07:19:23 持仓=3 盈利=1.3399U 亏损=-1.6240U 净浮盈=-0.2841U 手续费基数=0.0718U 阈值=0.3592U
[TRACKER] 07:19:30 持仓=3 盈利=1.3399U 亏损=-1.6240U 净浮盈=-0.2841U 手续费基数=0.0718U 阈值=0.3592U
[TRACKER] 07:19:37 持仓=3 盈利=1.3399U 亏损=-1.6030U 净浮盈=-0.2631U 手续费基数=0.0718U 阈值=0.3592U
[TRACKER] 07:19:43 持仓=3 盈利=1.3399U 亏损=-1.5960U 净浮盈=-0.2561U 手续费基数=0.0718U 阈值=0.3592U
[TRACKER] 07:19:50 持仓=3 盈利=1.3399U 亏损=-1.5610U 净浮盈=-0.2211U 手续费基数=0.0718U 阈值=0.3592U
[TRACKER] 07:19:56 持仓=3 盈利=1.3399U 亏损=-1.5610U 净浮盈=-0.2211U 手续费基数=0.0718U 阈值=0.3592U
[TRACKER] 本轮结束（将由 crontab 重新拉起）
[TRACKER] 启动，每 5 秒检查一次…
[TRACKER] 07:20:03 持仓=3 盈利=1.3399U 亏损=-1.5610U 净浮盈=-0.2211U 手续费基数=0.0718U 阈值=0.3592U
[TRACKER] 07:20:09 持仓=3 盈利=1.3764U 亏损=-1.5680U 净浮盈=-0.1916U 手续费基数=0.0718U 阈值=0.3592U
[TRACKER] 07:20:16 持仓=3 盈利=1.3764U 亏损=-1.5750U 净浮盈=-0.1986U 手续费基数=0.0718U 阈值=0.3592U
[TRACKER] 07:20:22 持仓=3 盈利=1.3764U 亏损=-1.5610U 净浮盈=-0.1846U 手续费基数=0.0718U 阈值=0.3592U
[TRACKER] 07:20:28 持仓=3 盈利=1.3586U 亏损=-1.5610U 净浮盈=-0.2024U 手续费基数=0.0718U 阈值=0.3592U
[TRACKER] 07:20:35 持仓=3 盈利=1.3586U 亏损=-1.5680U 净浮盈=-0.2094U 手续费基数=0.0718U 阈值=0.3592U
[TRACKER] 07:20:41 持仓=3 盈利=1.3527U 亏损=-1.5470U 净浮盈=-0.1943U 手续费基数=0.0718U 阈值=0.3592U
[TRACKER] 07:20:48 持仓=3 盈利=1.3527U 亏损=-1.5610U 净浮盈=-0.2083U 手续费基数=0.0718U 阈值=0.3592U
[TRACKER] 07:20:54 持仓=3 盈利=1.3586U 亏损=-1.5610U 净浮盈=-0.2024U 手续费基数=0.0718U 阈值=0.3592U
[TRACKER] 本轮结束（将由 crontab 重新拉起）
[TRACKER] 启动，每 5 秒检查一次…
[TRACKER] 07:21:03 持仓=3 盈利=1.3764U 亏损=-1.5400U 净浮盈=-0.1636U 手续费基数=0.0718U 阈值=0.3592U
[TRACKER] 07:21:10 持仓=3 盈利=1.3824U 亏损=-1.7290U 净浮盈=-0.3466U 手续费基数=0.0718U 阈值=0.3592U
[TRACKER] 07:21:16 持仓=3 盈利=1.3824U 亏损=-1.7220U 净浮盈=-0.3396U 手续费基数=0.0718U 阈值=0.3592U
[TRACKER] 07:21:22 持仓=3 盈利=1.3586U 亏损=-1.7220U 净浮盈=-0.3634U 手续费基数=0.0718U 阈值=0.3592U
[TRACKER] 07:21:29 持仓=3 盈利=1.3586U 亏损=-1.7010U 净浮盈=-0.3424U 手续费基数=0.0718U 阈值=0.3592U
[TRACKER] 07:21:35 持仓=3 盈利=1.3586U 亏损=-1.6660U 净浮盈=-0.3074U 手续费基数=0.0718U 阈值=0.3592U
[TRACKER] 07:21:41 持仓=3 盈利=1.3586U 亏损=-1.6450U 净浮盈=-0.2864U 手续费基数=0.0718U 阈值=0.3592U
[TRACKER] 07:21:48 持仓=3 盈利=1.3586U 亏损=-1.6310U 净浮盈=-0.2724U 手续费基数=0.0718U 阈值=0.3592U
[TRACKER] 07:21:54 持仓=3 盈利=1.3586U 亏损=-1.6450U 净浮盈=-0.2864U 手续费基数=0.0718U 阈值=0.3592U
[TRACKER] 本轮结束（将由 crontab 重新拉起）
[TRACKER] 启动，每 5 秒检查一次…
[TRACKER] 07:22:03 持仓=3 盈利=1.3586U 亏损=-1.5540U 净浮盈=-0.1954U 手续费基数=0.0718U 阈值=0.3592U
[TRACKER] 07:22:10 持仓=3 盈利=1.3586U 亏损=-1.5120U 净浮盈=-0.1534U 手续费基数=0.0718U 阈值=0.3592U
[TRACKER] 07:22:16 持仓=3 盈利=1.3586U 亏损=-1.4560U 净浮盈=-0.0974U 手续费基数=0.0718U 阈值=0.3592U
[TRACKER] 07:22:22 持仓=3 盈利=1.3586U 亏损=-1.4630U 净浮盈=-0.1044U 手续费基数=0.0718U 阈值=0.3592U
[TRACKER] 07:22:28 持仓=3 盈利=1.3586U 亏损=-1.4840U 净浮盈=-0.1254U 手续费基数=0.0718U 阈值=0.3592U
[TRACKER] 07:22:35 持仓=3 盈利=1.3586U 亏损=-1.4840U 净浮盈=-0.1254U 手续费基数=0.0718U 阈值=0.3592U
[TRACKER] 07:22:42 持仓=3 盈利=1.3586U 亏损=-1.4700U 净浮盈=-0.1114U 手续费基数=0.0718U 阈值=0.3592U
[TRACKER] 07:22:48 持仓=3 盈利=1.3869U 亏损=-1.4840U 净浮盈=-0.0971U 手续费基数=0.0718U 阈值=0.3592U
[TRACKER] 07:22:55 持仓=3 盈利=1.4011U 亏损=-1.4980U 净浮盈=-0.0969U 手续费基数=0.0718U 阈值=0.3592U
[TRACKER] 本轮结束（将由 crontab 重新拉起）
[TRACKER] 启动，每 5 秒检查一次…
[TRACKER] 07:23:02 持仓=3 盈利=1.3869U 亏损=-1.5050U 净浮盈=-0.1181U 手续费基数=0.0718U 阈值=0.3592U
[TRACKER] 07:23:08 持仓=3 盈利=1.3869U 亏损=-1.5050U 净浮盈=-0.1181U 手续费基数=0.0718U 阈值=0.3592U
[TRACKER] 07:23:15 持仓=3 盈利=1.3728U 亏损=-1.5120U 净浮盈=-0.1392U 手续费基数=0.0718U 阈值=0.3592U
[TRACKER] 07:23:21 持仓=3 盈利=1.3728U 亏损=-1.5260U 净浮盈=-0.1532U 手续费基数=0.0718U 阈值=0.3592U
[TRACKER] 07:23:28 持仓=3 盈利=1.3869U 亏损=-1.5610U 净浮盈=-0.1741U 手续费基数=0.0718U 阈值=0.3592U
[TRACKER] 07:23:34 持仓=3 盈利=1.3869U 亏损=-1.5610U 净浮盈=-0.1741U 手续费基数=0.0718U 阈值=0.3592U
[TRACKER] 07:23:40 持仓=3 盈利=1.4011U 亏损=-1.5820U 净浮盈=-0.1809U 手续费基数=0.0718U 阈值=0.3592U
[TRACKER] 07:23:47 持仓=3 盈利=1.3951U 亏损=-1.6170U 净浮盈=-0.2219U 手续费基数=0.0718U 阈值=0.3592U
[TRACKER] 07:23:53 持仓=3 盈利=1.4011U 亏损=-1.6170U 净浮盈=-0.2159U 手续费基数=0.0718U 阈值=0.3592U
[TRACKER] 本轮结束（将由 crontab 重新拉起）
[TRACKER] 启动，每 5 秒检查一次…
[TRACKER] 07:24:03 持仓=3 盈利=1.3869U 亏损=-1.6170U 净浮盈=-0.2301U 手续费基数=0.0718U 阈值=0.3592U
[TRACKER] 07:24:10 持仓=3 盈利=1.3869U 亏损=-1.6100U 净浮盈=-0.2231U 手续费基数=0.0718U 阈值=0.3592U
[TRACKER] 07:24:16 持仓=3 盈利=1.3869U 亏损=-1.6240U 净浮盈=-0.2371U 手续费基数=0.0718U 阈值=0.3592U
[TRACKER] 07:24:23 持仓=3 盈利=1.4011U 亏损=-1.6100U 净浮盈=-0.2089U 手续费基数=0.0718U 阈值=0.3592U
[TRACKER] 07:24:29 持仓=3 盈利=1.3869U 亏损=-1.6450U 净浮盈=-0.2581U 手续费基数=0.0718U 阈值=0.3592U
[TRACKER] 07:24:36 持仓=3 盈利=1.3869U 亏损=-1.6450U 净浮盈=-0.2581U 手续费基数=0.0718U 阈值=0.3592U
[TRACKER] 07:24:42 持仓=3 盈利=1.3869U 亏损=-1.5960U 净浮盈=-0.2091U 手续费基数=0.0718U 阈值=0.3592U
[TRACKER] 07:24:49 持仓=3 盈利=1.3869U 亏损=-1.6520U 净浮盈=-0.2651U 手续费基数=0.0718U 阈值=0.3592U
[TRACKER] 07:24:55 持仓=3 盈利=1.3869U 亏损=-1.6730U 净浮盈=-0.2861U 手续费基数=0.0718U 阈值=0.3592U
[TRACKER] 本轮结束（将由 crontab 重新拉起）
[TRACKER] 启动，每 5 秒检查一次…
[TRACKER] 07:25:02 持仓=3 盈利=1.3965U 亏损=-1.7500U 净浮盈=-0.3535U 手续费基数=0.0718U 阈值=0.3592U
[TRACKER] 07:25:09 持仓=3 盈利=1.3965U 亏损=-1.7500U 净浮盈=-0.3535U 手续费基数=0.0718U 阈值=0.3592U
[TRACKER] 07:25:15 持仓=3 盈利=1.4426U 亏损=-1.8410U 净浮盈=-0.3984U 手续费基数=0.0718U 阈值=0.3592U
[TRACKER] 07:25:21 持仓=3 盈利=1.4426U 亏损=-1.7990U 净浮盈=-0.3564U 手续费基数=0.0718U 阈值=0.3592U
[TRACKER] 07:25:27 持仓=3 盈利=1.4426U 亏损=-1.8130U 净浮盈=-0.3704U 手续费基数=0.0718U 阈值=0.3592U
[TRACKER] 07:25:34 持仓=3 盈利=1.4426U 亏损=-1.8900U 净浮盈=-0.4474U 手续费基数=0.0718U 阈值=0.3592U
[TRACKER] 07:25:41 持仓=3 盈利=1.4367U 亏损=-1.8830U 净浮盈=-0.4463U 手续费基数=0.0718U 阈值=0.3592U
[TRACKER] 07:25:47 持仓=3 盈利=1.4367U 亏损=-1.8900U 净浮盈=-0.4533U 手续费基数=0.0718U 阈值=0.3592U
[TRACKER] 07:25:54 持仓=3 盈利=1.4367U 亏损=-1.8550U 净浮盈=-0.4183U 手续费基数=0.0718U 阈值=0.3592U
[TRACKER] 本轮结束（将由 crontab 重新拉起）
[TRACKER] 启动，每 5 秒检查一次…
[TRACKER] 07:26:02 持仓=3 盈利=1.4070U 亏损=-1.8760U 净浮盈=-0.4690U 手续费基数=0.0718U 阈值=0.3592U
[TRACKER] 07:26:09 持仓=3 盈利=1.4011U 亏损=-1.8200U 净浮盈=-0.4189U 手续费基数=0.0718U 阈值=0.3592U
[TRACKER] 07:26:16 持仓=3 盈利=1.3951U 亏损=-1.8200U 净浮盈=-0.4249U 手续费基数=0.0718U 阈值=0.3592U
[TRACKER] 07:26:22 持仓=3 盈利=1.3892U 亏损=-1.8620U 净浮盈=-0.4728U 手续费基数=0.0718U 阈值=0.3592U
[TRACKER] 07:26:29 持仓=3 盈利=1.3595U 亏损=-1.8690U 净浮盈=-0.5095U 手续费基数=0.0718U 阈值=0.3592U
[TRACKER] 07:26:35 持仓=3 盈利=1.3595U 亏损=-1.8480U 净浮盈=-0.4885U 手续费基数=0.0718U 阈值=0.3592U
[TRACKER] 07:26:42 持仓=3 盈利=1.3654U 亏损=-1.8340U 净浮盈=-0.4686U 手续费基数=0.0718U 阈值=0.3592U
[TRACKER] 07:26:48 持仓=3 盈利=1.3714U 亏损=-1.8620U 净浮盈=-0.4906U 手续费基数=0.0718U 阈值=0.3592U
[TRACKER] 07:26:55 持仓=3 盈利=1.3061U 亏损=-1.8340U 净浮盈=-0.5279U 手续费基数=0.0718U 阈值=0.3592U
[TRACKER] 本轮结束（将由 crontab 重新拉起）
[TRACKER] 启动，每 5 秒检查一次…
[TRACKER] 07:27:01 持仓=3 盈利=1.3536U 亏损=-1.8410U 净浮盈=-0.4874U 手续费基数=0.0718U 阈值=0.3592U
[TRACKER] 07:27:08 持仓=3 盈利=1.3595U 亏损=-1.8270U 净浮盈=-0.4675U 手续费基数=0.0718U 阈值=0.3592U
[TRACKER] 07:27:14 持仓=3 盈利=1.3796U 亏损=-1.8270U 净浮盈=-0.4474U 手续费基数=0.0718U 阈值=0.3592U
[TRACKER] 07:27:21 持仓=3 盈利=1.3796U 亏损=-1.8270U 净浮盈=-0.4474U 手续费基数=0.0718U 阈值=0.3592U
[TRACKER] 07:27:27 持仓=3 盈利=1.3737U 亏损=-1.7990U 净浮盈=-0.4253U 手续费基数=0.0718U 阈值=0.3592U
[TRACKER] 07:27:33 持仓=3 盈利=1.3796U 亏损=-1.8060U 净浮盈=-0.4264U 手续费基数=0.0718U 阈值=0.3592U
[TRACKER] 07:27:40 持仓=3 盈利=1.3796U 亏损=-1.7990U 净浮盈=-0.4194U 手续费基数=0.0718U 阈值=0.3592U
[TRACKER] 07:27:46 持仓=3 盈利=1.3796U 亏损=-1.8060U 净浮盈=-0.4264U 手续费基数=0.0718U 阈值=0.3592U
[TRACKER] 07:27:53 持仓=3 盈利=1.3796U 亏损=-1.7710U 净浮盈=-0.3914U 手续费基数=0.0718U 阈值=0.3592U
[TRACKER] 本轮结束（将由 crontab 重新拉起）
[TRACKER] 启动，每 5 秒检查一次…
[TRACKER] 07:28:03 持仓=3 盈利=1.3796U 亏损=-1.7360U 净浮盈=-0.3564U 手续费基数=0.0718U 阈值=0.3592U
[TRACKER] 07:28:09 持仓=3 盈利=1.3796U 亏损=-1.7360U 净浮盈=-0.3564U 手续费基数=0.0718U 阈值=0.3592U
[TRACKER] 07:28:15 持仓=3 盈利=1.3974U 亏损=-1.7640U 净浮盈=-0.3666U 手续费基数=0.0718U 阈值=0.3592U
[TRACKER] 07:28:22 持仓=3 盈利=1.4033U 亏损=-1.7290U 净浮盈=-0.3257U 手续费基数=0.0718U 阈值=0.3592U
[TRACKER] 07:28:28 持仓=3 盈利=1.3855U 亏损=-1.7360U 净浮盈=-0.3505U 手续费基数=0.0718U 阈值=0.3592U
[TRACKER] 07:28:35 持仓=3 盈利=1.3915U 亏损=-1.7290U 净浮盈=-0.3375U 手续费基数=0.0718U 阈值=0.3592U
[TRACKER] 07:28:41 持仓=3 盈利=1.3915U 亏损=-1.7080U 净浮盈=-0.3165U 手续费基数=0.0718U 阈值=0.3592U
[TRACKER] 07:28:47 持仓=3 盈利=1.4056U 亏损=-1.7150U 净浮盈=-0.3094U 手续费基数=0.0718U 阈值=0.3592U
[TRACKER] 07:28:54 持仓=3 盈利=1.4056U 亏损=-1.7080U 净浮盈=-0.3024U 手续费基数=0.0718U 阈值=0.3592U
[TRACKER] 本轮结束（将由 crontab 重新拉起）
[TRACKER] 启动，每 5 秒检查一次…
[TRACKER] 07:29:03 持仓=3 盈利=1.3855U 亏损=-1.6940U 净浮盈=-0.3085U 手续费基数=0.0718U 阈值=0.3592U
[TRACKER] 07:29:09 持仓=3 盈利=1.3796U 亏损=-1.6870U 净浮盈=-0.3074U 手续费基数=0.0718U 阈值=0.3592U
[TRACKER] 07:29:15 持仓=3 盈利=1.3796U 亏损=-1.7780U 净浮盈=-0.3984U 手续费基数=0.0718U 阈值=0.3592U
[TRACKER] 07:29:22 持仓=3 盈利=1.3938U 亏损=-1.7710U 净浮盈=-0.3772U 手续费基数=0.0718U 阈值=0.3592U
[TRACKER] 07:29:28 持仓=3 盈利=1.3938U 亏损=-1.7990U 净浮盈=-0.4052U 手续费基数=0.0718U 阈值=0.3592U
[TRACKER] 07:29:35 持仓=3 盈利=1.3938U 亏损=-1.7990U 净浮盈=-0.4052U 手续费基数=0.0718U 阈值=0.3592U
[TRACKER] 07:29:41 持仓=3 盈利=1.3819U 亏损=-1.7570U 净浮盈=-0.3751U 手续费基数=0.0718U 阈值=0.3592U
[TRACKER] 07:29:48 持仓=3 盈利=1.3878U 亏损=-1.7080U 净浮盈=-0.3202U 手续费基数=0.0718U 阈值=0.3592U
[TRACKER] 07:29:54 持仓=3 盈利=1.3938U 亏损=-1.6940U 净浮盈=-0.3002U 手续费基数=0.0718U 阈值=0.3592U
[TRACKER] 本轮结束（将由 crontab 重新拉起）
[TRACKER] 启动，每 5 秒检查一次…
[TRACKER] 07:30:02 持仓=3 盈利=1.3855U 亏损=-1.6660U 净浮盈=-0.2805U 手续费基数=0.0718U 阈值=0.3592U
[TRACKER] 07:30:08 持仓=3 盈利=1.3499U 亏损=-1.6450U 净浮盈=-0.2951U 手续费基数=0.0718U 阈值=0.3592U
[TRACKER] 07:30:15 持仓=3 盈利=1.3499U 亏损=-1.6450U 净浮盈=-0.2951U 手续费基数=0.0718U 阈值=0.3592U
[TRACKER] 07:30:21 持仓=3 盈利=1.3499U 亏损=-1.6520U 净浮盈=-0.3021U 手续费基数=0.0718U 阈值=0.3592U
[TRACKER] 07:30:28 持仓=3 盈利=1.3499U 亏损=-1.6310U 净浮盈=-0.2811U 手续费基数=0.0718U 阈值=0.3592U
[TRACKER] 07:30:34 持仓=3 盈利=1.3499U 亏损=-1.6660U 净浮盈=-0.3161U 手续费基数=0.0718U 阈值=0.3592U
[TRACKER] 07:30:41 持仓=3 盈利=1.3499U 亏损=-1.6730U 净浮盈=-0.3231U 手续费基数=0.0718U 阈值=0.3592U
[TRACKER] 07:30:47 持仓=3 盈利=1.3499U 亏损=-1.6590U 净浮盈=-0.3091U 手续费基数=0.0718U 阈值=0.3592U
[TRACKER] 07:30:54 持仓=3 盈利=1.3499U 亏损=-1.6520U 净浮盈=-0.3021U 手续费基数=0.0718U 阈值=0.3592U
[TRACKER] 本轮结束（将由 crontab 重新拉起）
[TRACKER] 启动，每 5 秒检查一次…
[TRACKER] 07:31:03 持仓=3 盈利=1.3499U 亏损=-1.6380U 净浮盈=-0.2881U 手续费基数=0.0718U 阈值=0.3592U
[TRACKER] 07:31:09 持仓=3 盈利=1.3499U 亏损=-1.6660U 净浮盈=-0.3161U 手续费基数=0.0718U 阈值=0.3592U
[TRACKER] 07:31:16 持仓=3 盈利=1.3499U 亏损=-1.6660U 净浮盈=-0.3161U 手续费基数=0.0718U 阈值=0.3592U
[TRACKER] 07:31:23 持仓=3 盈利=1.4509U 亏损=-1.7080U 净浮盈=-0.2571U 手续费基数=0.0718U 阈值=0.3592U
[TRACKER] 07:31:29 持仓=3 盈利=1.4792U 亏损=-1.7500U 净浮盈=-0.2708U 手续费基数=0.0718U 阈值=0.3592U
[TRACKER] 07:31:35 持仓=3 盈利=1.4792U 亏损=-1.7850U 净浮盈=-0.3058U 手续费基数=0.0718U 阈值=0.3592U
[TRACKER] 07:31:41 持仓=3 盈利=1.4792U 亏损=-1.8270U 净浮盈=-0.3478U 手续费基数=0.0718U 阈值=0.3592U
[TRACKER] 07:31:48 持仓=3 盈利=1.4732U 亏损=-1.8200U 净浮盈=-0.3468U 手续费基数=0.0718U 阈值=0.3592U
[TRACKER] 07:31:54 持仓=3 盈利=1.4732U 亏损=-1.8270U 净浮盈=-0.3538U 手续费基数=0.0718U 阈值=0.3592U
[TRACKER] 本轮结束（将由 crontab 重新拉起）
[TRACKER] 启动，每 5 秒检查一次…
[TRACKER] 07:32:03 持仓=3 盈利=1.4317U 亏损=-1.8060U 净浮盈=-0.3743U 手续费基数=0.0718U 阈值=0.3592U
[TRACKER] 07:32:10 持仓=3 盈利=1.4317U 亏损=-1.8270U 净浮盈=-0.3953U 手续费基数=0.0718U 阈值=0.3592U
[TRACKER] 07:32:16 持仓=3 盈利=1.4495U 亏损=-1.7990U 净浮盈=-0.3495U 手续费基数=0.0718U 阈值=0.3592U
[TRACKER] 07:32:23 持仓=3 盈利=1.4435U 亏损=-1.7850U 净浮盈=-0.3415U 手续费基数=0.0718U 阈值=0.3592U
[TRACKER] 07:32:30 持仓=3 盈利=1.4435U 亏损=-1.8060U 净浮盈=-0.3625U 手续费基数=0.0718U 阈值=0.3592U
[TRACKER] 07:32:36 持仓=3 盈利=1.4294U 亏损=-1.7780U 净浮盈=-0.3486U 手续费基数=0.0718U 阈值=0.3592U
[TRACKER] 07:32:43 持仓=3 盈利=1.4294U 亏损=-1.7570U 净浮盈=-0.3276U 手续费基数=0.0718U 阈值=0.3592U
[TRACKER] 07:32:49 持仓=3 盈利=1.4294U 亏损=-1.7010U 净浮盈=-0.2716U 手续费基数=0.0718U 阈值=0.3592U
[TRACKER] 07:32:56 持仓=3 盈利=1.4294U 亏损=-1.7080U 净浮盈=-0.2786U 手续费基数=0.0718U 阈值=0.3592U
[TRACKER] 本轮结束（将由 crontab 重新拉起）
[TRACKER] 启动，每 5 秒检查一次…
[TRACKER] 07:33:03 持仓=3 盈利=1.4093U 亏损=-1.7220U 净浮盈=-0.3127U 手续费基数=0.0718U 阈值=0.3592U
[TRACKER] 07:33:09 持仓=3 盈利=1.4033U 亏损=-1.7360U 净浮盈=-0.3327U 手续费基数=0.0718U 阈值=0.3592U
[TRACKER] 07:33:16 持仓=3 盈利=1.4033U 亏损=-1.7850U 净浮盈=-0.3817U 手续费基数=0.0718U 阈值=0.3592U
[TRACKER] 07:33:22 持仓=3 盈利=1.4033U 亏损=-1.7640U 净浮盈=-0.3607U 手续费基数=0.0718U 阈值=0.3592U
[TRACKER] 07:33:29 持仓=3 盈利=1.4033U 亏损=-1.7570U 净浮盈=-0.3537U 手续费基数=0.0718U 阈值=0.3592U
[TRACKER] 07:33:36 持仓=3 盈利=1.3974U 亏损=-1.7850U 净浮盈=-0.3876U 手续费基数=0.0718U 阈值=0.3592U
[TRACKER] 07:33:42 持仓=3 盈利=1.3974U 亏损=-1.7780U 净浮盈=-0.3806U 手续费基数=0.0718U 阈值=0.3592U
[TRACKER] 07:33:49 持仓=3 盈利=1.3915U 亏损=-1.7780U 净浮盈=-0.3865U 手续费基数=0.0718U 阈值=0.3592U
[TRACKER] 07:33:55 持仓=3 盈利=1.3915U 亏损=-1.7290U 净浮盈=-0.3375U 手续费基数=0.0718U 阈值=0.3592U
[TRACKER] 本轮结束（将由 crontab 重新拉起）
[TRACKER] 启动，每 5 秒检查一次…
[TRACKER] 07:34:02 持仓=3 盈利=1.3855U 亏损=-1.7080U 净浮盈=-0.3225U 手续费基数=0.0718U 阈值=0.3592U
[TRACKER] 07:34:08 持仓=3 盈利=1.3855U 亏损=-1.7150U 净浮盈=-0.3295U 手续费基数=0.0718U 阈值=0.3592U
[TRACKER] 07:34:15 持仓=3 盈利=1.3796U 亏损=-1.6940U 净浮盈=-0.3144U 手续费基数=0.0718U 阈值=0.3592U
[TRACKER] 07:34:21 持仓=3 盈利=1.3796U 亏损=-1.6730U 净浮盈=-0.2934U 手续费基数=0.0718U 阈值=0.3592U
[TRACKER] 07:34:27 持仓=3 盈利=1.3796U 亏损=-1.6520U 净浮盈=-0.2724U 手续费基数=0.0718U 阈值=0.3592U
[TRACKER] 07:34:34 持仓=3 盈利=1.3737U 亏损=-1.6310U 净浮盈=-0.2573U 手续费基数=0.0718U 阈值=0.3592U
[TRACKER] 07:34:40 持仓=3 盈利=1.3878U 亏损=-1.6660U 净浮盈=-0.2782U 手续费基数=0.0718U 阈值=0.3592U
[TRACKER] 07:34:47 持仓=3 盈利=1.3938U 亏损=-1.6520U 净浮盈=-0.2582U 手续费基数=0.0718U 阈值=0.3592U
[TRACKER] 07:34:53 持仓=3 盈利=1.3938U 亏损=-1.6100U 净浮盈=-0.2162U 手续费基数=0.0718U 阈值=0.3592U
[TRACKER] 本轮结束（将由 crontab 重新拉起）
[TRACKER] 启动，每 5 秒检查一次…
[TRACKER] 07:35:02 持仓=3 盈利=1.3700U 亏损=-1.6100U 净浮盈=-0.2400U 手续费基数=0.0718U 阈值=0.3592U
[TRACKER] 07:35:09 持仓=3 盈利=1.4184U 亏损=-1.6100U 净浮盈=-0.1916U 手续费基数=0.0718U 阈值=0.3592U
[TRACKER] 07:35:15 持仓=3 盈利=1.4385U 亏损=-1.6170U 净浮盈=-0.1785U 手续费基数=0.0718U 阈值=0.3592U
[TRACKER] 07:35:22 持仓=3 盈利=1.4444U 亏损=-1.5890U 净浮盈=-0.1446U 手续费基数=0.0718U 阈值=0.3592U
[TRACKER] 07:35:28 持仓=3 盈利=1.4444U 亏损=-1.6030U 净浮盈=-0.1586U 手续费基数=0.0718U 阈值=0.3592U
[TRACKER] 07:35:34 持仓=3 盈利=1.4444U 亏损=-1.5960U 净浮盈=-0.1516U 手续费基数=0.0718U 阈值=0.3592U
[TRACKER] 07:35:41 持仓=3 盈利=1.4444U 亏损=-1.5890U 净浮盈=-0.1446U 手续费基数=0.0718U 阈值=0.3592U
[TRACKER] 07:35:47 持仓=3 盈利=1.4444U 亏损=-1.5890U 净浮盈=-0.1446U 手续费基数=0.0718U 阈值=0.3592U
[TRACKER] 07:35:53 持仓=3 盈利=1.4444U 亏损=-1.5540U 净浮盈=-0.1096U 手续费基数=0.0718U 阈值=0.3592U
[TRACKER] 本轮结束（将由 crontab 重新拉起）
[TRACKER] 启动，每 5 秒检查一次…
[TRACKER] 07:36:03 持仓=3 盈利=1.4444U 亏损=-1.5610U 净浮盈=-0.1166U 手续费基数=0.0718U 阈值=0.3592U
[TRACKER] 07:36:10 持仓=3 盈利=1.4444U 亏损=-1.5540U 净浮盈=-0.1096U 手续费基数=0.0718U 阈值=0.3592U
[TRACKER] 07:36:16 持仓=3 盈利=1.4161U 亏损=-1.5330U 净浮盈=-0.1169U 手续费基数=0.0718U 阈值=0.3592U
[TRACKER] 07:36:23 持仓=3 盈利=1.4161U 亏损=-1.5190U 净浮盈=-0.1029U 手续费基数=0.0718U 阈值=0.3592U
[TRACKER] 07:36:29 持仓=3 盈利=1.4303U 亏损=-1.4910U 净浮盈=-0.0607U 手续费基数=0.0718U 阈值=0.3592U
[TRACKER] 07:36:36 持仓=3 盈利=1.4303U 亏损=-1.5120U 净浮盈=-0.0817U 手续费基数=0.0718U 阈值=0.3592U
[TRACKER] 07:36:42 持仓=3 盈利=1.4303U 亏损=-1.5050U 净浮盈=-0.0747U 手续费基数=0.0718U 阈值=0.3592U
[TRACKER] 07:36:49 持仓=3 盈利=1.4161U 亏损=-1.5050U 净浮盈=-0.0889U 手续费基数=0.0718U 阈值=0.3592U
[TRACKER] 07:36:55 持仓=3 盈利=1.4161U 亏损=-1.5050U 净浮盈=-0.0889U 手续费基数=0.0718U 阈值=0.3592U
[TRACKER] 本轮结束（将由 crontab 重新拉起）
[TRACKER] 启动，每 5 秒检查一次…
[TRACKER] 07:37:02 持仓=3 盈利=1.3960U 亏损=-1.5260U 净浮盈=-0.1300U 手续费基数=0.0718U 阈值=0.3592U
[TRACKER] 07:37:09 持仓=3 盈利=1.4102U 亏损=-1.5190U 净浮盈=-0.1088U 手续费基数=0.0718U 阈值=0.3592U
[TRACKER] 07:37:15 持仓=3 盈利=1.4102U 亏损=-1.5190U 净浮盈=-0.1088U 手续费基数=0.0718U 阈值=0.3592U
[TRACKER] 07:37:22 持仓=3 盈利=1.4102U 亏损=-1.5120U 净浮盈=-0.1018U 手续费基数=0.0718U 阈值=0.3592U
[TRACKER] 07:37:28 持仓=3 盈利=1.4102U 亏损=-1.4980U 净浮盈=-0.0878U 手续费基数=0.0718U 阈值=0.3592U
[TRACKER] 07:37:34 持仓=3 盈利=1.4042U 亏损=-1.4980U 净浮盈=-0.0938U 手续费基数=0.0718U 阈值=0.3592U
[TRACKER] 07:37:41 持仓=3 盈利=1.4042U 亏损=-1.4630U 净浮盈=-0.0588U 手续费基数=0.0718U 阈值=0.3592U
[TRACKER] 07:37:47 持仓=3 盈利=1.4042U 亏损=-1.4490U 净浮盈=-0.0448U 手续费基数=0.0718U 阈值=0.3592U
[TRACKER] 07:37:53 持仓=3 盈利=1.4006U 亏损=-1.4980U 净浮盈=-0.0974U 手续费基数=0.0718U 阈值=0.3592U
[TRACKER] 本轮结束（将由 crontab 重新拉起）
[TRACKER] 启动，每 5 秒检查一次…
[TRACKER] 07:38:03 持仓=3 盈利=1.3805U 亏损=-1.5610U 净浮盈=-0.1805U 手续费基数=0.0718U 阈值=0.3592U
[TRACKER] 07:38:09 持仓=3 盈利=1.3828U 亏损=-1.5470U 净浮盈=-0.1642U 手续费基数=0.0718U 阈值=0.3592U
[TRACKER] 07:38:16 持仓=3 盈利=1.3887U 亏损=-1.5400U 净浮盈=-0.1513U 手续费基数=0.0718U 阈值=0.3592U
[TRACKER] 07:38:22 持仓=3 盈利=1.3947U 亏损=-1.5120U 净浮盈=-0.1173U 手续费基数=0.0718U 阈值=0.3592U
[TRACKER] 07:38:29 持仓=3 盈利=1.4006U 亏损=-1.5190U 净浮盈=-0.1184U 手续费基数=0.0718U 阈值=0.3592U
[TRACKER] 07:38:35 持仓=3 盈利=1.4065U 亏损=-1.6170U 净浮盈=-0.2105U 手续费基数=0.0718U 阈值=0.3592U
[TRACKER] 07:38:42 持仓=3 盈利=1.4125U 亏损=-1.6170U 净浮盈=-0.2045U 手续费基数=0.0718U 阈值=0.3592U
[TRACKER] 07:38:49 持仓=3 盈利=1.4125U 亏损=-1.5750U 净浮盈=-0.1625U 手续费基数=0.0718U 阈值=0.3592U
[TRACKER] 07:38:55 持仓=3 盈利=1.4125U 亏损=-1.5750U 净浮盈=-0.1625U 手续费基数=0.0718U 阈值=0.3592U
[TRACKER] 本轮结束（将由 crontab 重新拉起）
[TRACKER] 启动，每 5 秒检查一次…
[TRACKER] 07:39:02 持仓=3 盈利=1.4065U 亏损=-1.5610U 净浮盈=-0.1545U 手续费基数=0.0718U 阈值=0.3592U
[TRACKER] 07:39:09 持仓=3 盈利=1.4006U 亏损=-1.5540U 净浮盈=-0.1534U 手续费基数=0.0718U 阈值=0.3592U
[TRACKER] 07:39:15 持仓=3 盈利=1.3686U 亏损=-1.5750U 净浮盈=-0.2064U 手续费基数=0.0718U 阈值=0.3592U
[TRACKER] 07:39:21 持仓=3 盈利=1.3686U 亏损=-1.5330U 净浮盈=-0.1644U 手续费基数=0.0718U 阈值=0.3592U
[TRACKER] 07:39:27 持仓=3 盈利=1.3828U 亏损=-1.4980U 净浮盈=-0.1152U 手续费基数=0.0718U 阈值=0.3592U
[TRACKER] 07:39:34 持仓=3 盈利=1.3887U 亏损=-1.4910U 净浮盈=-0.1023U 手续费基数=0.0718U 阈值=0.3592U
[TRACKER] 07:39:40 持仓=3 盈利=1.3969U 亏损=-1.4560U 净浮盈=-0.0591U 手续费基数=0.0718U 阈值=0.3592U
[TRACKER] 07:39:47 持仓=3 盈利=1.3969U 亏损=-1.4700U 净浮盈=-0.0731U 手续费基数=0.0718U 阈值=0.3592U
[TRACKER] 07:39:53 持仓=3 盈利=1.4029U 亏损=-1.4420U 净浮盈=-0.0391U 手续费基数=0.0718U 阈值=0.3592U
[TRACKER] 本轮结束（将由 crontab 重新拉起）
[TRACKER] 启动，每 5 秒检查一次…
[TRACKER] 07:40:03 持仓=3 盈利=1.3969U 亏损=-1.4140U 净浮盈=-0.0171U 手续费基数=0.0718U 阈值=0.3592U
[TRACKER] 07:40:10 持仓=3 盈利=1.3969U 亏损=-1.4420U 净浮盈=-0.0451U 手续费基数=0.0718U 阈值=0.3592U
[TRACKER] 07:40:16 持仓=3 盈利=1.3969U 亏损=-1.4910U 净浮盈=-0.0941U 手续费基数=0.0718U 阈值=0.3592U
[TRACKER] 07:40:22 持仓=3 盈利=1.3969U 亏损=-1.4910U 净浮盈=-0.0941U 手续费基数=0.0718U 阈值=0.3592U
[TRACKER] 07:40:28 持仓=3 盈利=1.3969U 亏损=-1.4770U 净浮盈=-0.0801U 手续费基数=0.0718U 阈值=0.3592U
[TRACKER] 07:40:35 持仓=3 盈利=1.3969U 亏损=-1.4630U 净浮盈=-0.0661U 手续费基数=0.0718U 阈值=0.3592U
[TRACKER] 07:40:41 持仓=3 盈利=1.4111U 亏损=-1.4560U 净浮盈=-0.0449U 手续费基数=0.0718U 阈值=0.3592U
[TRACKER] 07:40:48 持仓=3 盈利=1.4111U 亏损=-1.4420U 净浮盈=-0.0309U 手续费基数=0.0718U 阈值=0.3592U
[TRACKER] 07:40:54 持仓=3 盈利=1.3969U 亏损=-1.3930U 净浮盈=0.0039U 手续费基数=0.0718U 阈值=0.3592U
[TRACKER] 本轮结束（将由 crontab 重新拉起）
[TRACKER] 启动，每 5 秒检查一次…
[TRACKER] 07:41:03 持仓=3 盈利=1.3746U 亏损=-1.3370U 净浮盈=0.0376U 手续费基数=0.0718U 阈值=0.3592U
[TRACKER] 07:41:10 持仓=3 盈利=1.3828U 亏损=-1.3650U 净浮盈=0.0178U 手续费基数=0.0718U 阈值=0.3592U
[TRACKER] 07:41:16 持仓=3 盈利=1.3627U 亏损=-1.3650U 净浮盈=-0.0023U 手续费基数=0.0718U 阈值=0.3592U
[TRACKER] 07:41:23 持仓=3 盈利=1.3627U 亏损=-1.3930U 净浮盈=-0.0303U 手续费基数=0.0718U 阈值=0.3592U
[TRACKER] 07:41:29 持仓=3 盈利=1.3768U 亏损=-1.4280U 净浮盈=-0.0512U 手续费基数=0.0718U 阈值=0.3592U
[TRACKER] 07:41:36 持仓=3 盈利=1.3828U 亏损=-1.4210U 净浮盈=-0.0382U 手续费基数=0.0718U 阈值=0.3592U
[TRACKER] 07:41:42 持仓=3 盈利=1.3969U 亏损=-1.4140U 净浮盈=-0.0171U 手续费基数=0.0718U 阈值=0.3592U
[TRACKER] 07:41:48 持仓=3 盈利=1.3969U 亏损=-1.4070U 净浮盈=-0.0101U 手续费基数=0.0718U 阈值=0.3592U
[TRACKER] 07:41:55 持仓=3 盈利=1.3969U 亏损=-1.3370U 净浮盈=0.0599U 手续费基数=0.0718U 阈值=0.3592U
[TRACKER] 本轮结束（将由 crontab 重新拉起）
[TRACKER] 启动，每 5 秒检查一次…
[TRACKER] 07:42:02 持仓=3 盈利=1.3791U 亏损=-1.3440U 净浮盈=0.0351U 手续费基数=0.0718U 阈值=0.3592U
[TRACKER] 07:42:08 持仓=3 盈利=1.3933U 亏损=-1.3440U 净浮盈=0.0493U 手续费基数=0.0718U 阈值=0.3592U
[TRACKER] 07:42:15 持仓=3 盈利=1.3636U 亏损=-1.3440U 净浮盈=0.0196U 手续费基数=0.0718U 阈值=0.3592U
[TRACKER] 07:42:21 持仓=3 盈利=1.3636U 亏损=-1.3580U 净浮盈=0.0056U 手续费基数=0.0718U 阈值=0.3592U
[TRACKER] 07:42:28 持仓=3 盈利=1.3636U 亏损=-1.3860U 净浮盈=-0.0224U 手续费基数=0.0718U 阈值=0.3592U
[TRACKER] 07:42:34 持仓=3 盈利=1.3494U 亏损=-1.4210U 净浮盈=-0.0716U 手续费基数=0.0718U 阈值=0.3592U
[TRACKER] 07:42:40 持仓=3 盈利=1.3636U 亏损=-1.4350U 净浮盈=-0.0714U 手续费基数=0.0718U 阈值=0.3592U
[TRACKER] 07:42:47 持仓=3 盈利=1.3494U 亏损=-1.4350U 净浮盈=-0.0856U 手续费基数=0.0718U 阈值=0.3592U
[TRACKER] 07:42:53 持仓=3 盈利=1.3636U 亏损=-1.4420U 净浮盈=-0.0784U 手续费基数=0.0718U 阈值=0.3592U
[TRACKER] 本轮结束（将由 crontab 重新拉起）
[TRACKER] 启动，每 5 秒检查一次…
[TRACKER] 07:43:04 持仓=3 盈利=1.3768U 亏损=-1.4560U 净浮盈=-0.0792U 手续费基数=0.0718U 阈值=0.3592U
[TRACKER] 07:43:10 持仓=3 盈利=1.3709U 亏损=-1.4490U 净浮盈=-0.0781U 手续费基数=0.0718U 阈值=0.3592U
[TRACKER] 07:43:17 持仓=3 盈利=1.3887U 亏损=-1.4420U 净浮盈=-0.0533U 手续费基数=0.0718U 阈值=0.3592U
[TRACKER] 07:43:23 持仓=3 盈利=1.3887U 亏损=-1.4350U 净浮盈=-0.0463U 手续费基数=0.0718U 阈值=0.3592U
[TRACKER] 07:43:30 持仓=3 盈利=1.4029U 亏损=-1.4350U 净浮盈=-0.0321U 手续费基数=0.0718U 阈值=0.3592U
[TRACKER] 07:43:36 持仓=3 盈利=1.4029U 亏损=-1.4280U 净浮盈=-0.0251U 手续费基数=0.0718U 阈值=0.3592U
[TRACKER] 07:43:43 持仓=3 盈利=1.4029U 亏损=-1.4770U 净浮盈=-0.0741U 手续费基数=0.0718U 阈值=0.3592U
[TRACKER] 07:43:50 持仓=3 盈利=1.3969U 亏损=-1.4420U 净浮盈=-0.0451U 手续费基数=0.0718U 阈值=0.3592U
[TRACKER] 07:43:56 持仓=3 盈利=1.4029U 亏损=-1.4350U 净浮盈=-0.0321U 手续费基数=0.0718U 阈值=0.3592U
[TRACKER] 本轮结束（将由 crontab 重新拉起）
[TRACKER] 启动，每 5 秒检查一次…
[TRACKER] 07:44:03 持仓=3 盈利=1.3709U 亏损=-1.4420U 净浮盈=-0.0711U 手续费基数=0.0718U 阈值=0.3592U
[TRACKER] 07:44:10 持仓=3 盈利=1.3709U 亏损=-1.5330U 净浮盈=-0.1621U 手续费基数=0.0718U 阈值=0.3592U
[TRACKER] 07:44:16 持仓=3 盈利=1.3590U 亏损=-1.5260U 净浮盈=-0.1670U 手续费基数=0.0718U 阈值=0.3592U
[TRACKER] 07:44:23 持仓=3 盈利=1.3531U 亏损=-1.5050U 净浮盈=-0.1519U 手续费基数=0.0718U 阈值=0.3592U
[TRACKER] 07:44:29 持仓=3 盈利=1.3472U 亏损=-1.5050U 净浮盈=-0.1578U 手续费基数=0.0718U 阈值=0.3592U
[TRACKER] 07:44:35 持仓=3 盈利=1.3531U 亏损=-1.5050U 净浮盈=-0.1519U 手续费基数=0.0718U 阈值=0.3592U
[TRACKER] 07:44:42 持仓=3 盈利=1.3590U 亏损=-1.5330U 净浮盈=-0.1740U 手续费基数=0.0718U 阈值=0.3592U
[TRACKER] 07:44:48 持仓=3 盈利=1.3412U 亏损=-1.5120U 净浮盈=-0.1708U 手续费基数=0.0718U 阈值=0.3592U
[TRACKER] 07:44:55 持仓=3 盈利=1.3353U 亏损=-1.4840U 净浮盈=-0.1487U 手续费基数=0.0718U 阈值=0.3592U
[TRACKER] 本轮结束（将由 crontab 重新拉起）
[TRACKER] 启动，每 5 秒检查一次…
[TRACKER] 07:45:01 持仓=3 盈利=1.3531U 亏损=-1.4840U 净浮盈=-0.1309U 手续费基数=0.0718U 阈值=0.3592U
[TRACKER] 07:45:08 持仓=3 盈利=1.3672U 亏损=-1.4840U 净浮盈=-0.1168U 手续费基数=0.0718U 阈值=0.3592U
[TRACKER] 07:45:14 持仓=3 盈利=1.4029U 亏损=-1.5050U 净浮盈=-0.1021U 手续费基数=0.0718U 阈值=0.3592U
[TRACKER] 07:45:21 持仓=3 盈利=1.4006U 亏损=-1.5260U 净浮盈=-0.1254U 手续费基数=0.0718U 阈值=0.3592U
[TRACKER] 07:45:27 持仓=3 盈利=1.4065U 亏损=-1.5260U 净浮盈=-0.1195U 手续费基数=0.0718U 阈值=0.3592U
[TRACKER] 07:45:34 持仓=3 盈利=1.3746U 亏损=-1.4980U 净浮盈=-0.1234U 手续费基数=0.0718U 阈值=0.3592U
[TRACKER] 07:45:40 持仓=3 盈利=1.3746U 亏损=-1.4700U 净浮盈=-0.0954U 手续费基数=0.0718U 阈值=0.3592U
[TRACKER] 07:45:47 持仓=3 盈利=1.3768U 亏损=-1.4700U 净浮盈=-0.0932U 手续费基数=0.0718U 阈值=0.3592U
[TRACKER] 07:45:53 持仓=3 盈利=1.3768U 亏损=-1.4420U 净浮盈=-0.0652U 手续费基数=0.0718U 阈值=0.3592U
[TRACKER] 本轮结束（将由 crontab 重新拉起）
[TRACKER] 启动，每 5 秒检查一次…
[TRACKER] 07:46:03 持仓=3 盈利=1.3768U 亏损=-1.4140U 净浮盈=-0.0372U 手续费基数=0.0718U 阈值=0.3592U
[TRACKER] 07:46:10 持仓=3 盈利=1.3768U 亏损=-1.4000U 净浮盈=-0.0232U 手续费基数=0.0718U 阈值=0.3592U
[TRACKER] 07:46:16 持仓=3 盈利=1.3472U 亏损=-1.3930U 净浮盈=-0.0458U 手续费基数=0.0718U 阈值=0.3592U
[TRACKER] 07:46:22 持仓=3 盈利=1.3531U 亏损=-1.4070U 净浮盈=-0.0539U 手续费基数=0.0718U 阈值=0.3592U
[TRACKER] 07:46:29 持仓=3 盈利=1.3531U 亏损=-1.4000U 净浮盈=-0.0469U 手续费基数=0.0718U 阈值=0.3592U
[TRACKER] 07:46:35 持仓=3 盈利=1.3590U 亏损=-1.4000U 净浮盈=-0.0410U 手续费基数=0.0718U 阈值=0.3592U
[TRACKER] 07:46:42 持仓=3 盈利=1.3590U 亏损=-1.4070U 净浮盈=-0.0480U 手续费基数=0.0718U 阈值=0.3592U
[TRACKER] 07:46:48 持仓=3 盈利=1.3590U 亏损=-1.3720U 净浮盈=-0.0130U 手续费基数=0.0718U 阈值=0.3592U
[TRACKER] 07:46:55 持仓=3 盈利=1.3732U 亏损=-1.3440U 净浮盈=0.0292U 手续费基数=0.0718U 阈值=0.3592U
[TRACKER] 本轮结束（将由 crontab 重新拉起）
[TRACKER] 启动，每 5 秒检查一次…
[TRACKER] 07:47:02 持仓=3 盈利=1.3613U 亏损=-1.2460U 净浮盈=0.1153U 手续费基数=0.0718U 阈值=0.3592U
[TRACKER] 07:47:08 持仓=3 盈利=1.3755U 亏损=-1.2040U 净浮盈=0.1715U 手续费基数=0.0718U 阈值=0.3592U
[TRACKER] 07:47:14 持仓=3 盈利=1.3896U 亏损=-1.2320U 净浮盈=0.1576U 手续费基数=0.0718U 阈值=0.3592U
[TRACKER] 07:47:21 持仓=3 盈利=1.3896U 亏损=-1.2740U 净浮盈=0.1156U 手续费基数=0.0718U 阈值=0.3592U
[TRACKER] 07:47:27 持仓=3 盈利=1.3896U 亏损=-1.3230U 净浮盈=0.0666U 手续费基数=0.0718U 阈值=0.3592U
[TRACKER] 07:47:34 持仓=3 盈利=1.3896U 亏损=-1.3090U 净浮盈=0.0806U 手续费基数=0.0718U 阈值=0.3592U
[TRACKER] 07:47:40 持仓=3 盈利=1.3896U 亏损=-1.3300U 净浮盈=0.0596U 手续费基数=0.0718U 阈值=0.3592U
[TRACKER] 07:47:47 持仓=3 盈利=1.3896U 亏损=-1.3230U 净浮盈=0.0666U 手续费基数=0.0718U 阈值=0.3592U
[TRACKER] 07:47:53 持仓=3 盈利=1.3896U 亏损=-1.3300U 净浮盈=0.0596U 手续费基数=0.0718U 阈值=0.3592U
[TRACKER] 本轮结束（将由 crontab 重新拉起）
[TRACKER] 启动，每 5 秒检查一次…
[TRACKER] 07:48:04 持仓=3 盈利=1.3896U 亏损=-1.4280U 净浮盈=-0.0384U 手续费基数=0.0718U 阈值=0.3592U
[TRACKER] 07:48:10 持仓=3 盈利=1.3896U 亏损=-1.4490U 净浮盈=-0.0594U 手续费基数=0.0718U 阈值=0.3592U
[TRACKER] 07:48:17 持仓=3 盈利=1.3896U 亏损=-1.4420U 净浮盈=-0.0524U 手续费基数=0.0718U 阈值=0.3592U
[TRACKER] 07:48:23 持仓=3 盈利=1.4431U 亏损=-1.4420U 净浮盈=0.0011U 手续费基数=0.0718U 阈值=0.3592U
[TRACKER] 07:48:30 持仓=3 盈利=1.4431U 亏损=-1.4280U 净浮盈=0.0151U 手续费基数=0.0718U 阈值=0.3592U
[TRACKER] 07:48:36 持仓=3 盈利=1.4431U 亏损=-1.4140U 净浮盈=0.0291U 手续费基数=0.0718U 阈值=0.3592U
[TRACKER] 07:48:43 持仓=3 盈利=1.4431U 亏损=-1.4350U 净浮盈=0.0081U 手续费基数=0.0718U 阈值=0.3592U
[TRACKER] 07:48:50 持仓=3 盈利=1.4431U 亏损=-1.4140U 净浮盈=0.0291U 手续费基数=0.0718U 阈值=0.3592U
[TRACKER] 07:48:56 持仓=3 盈利=1.4572U 亏损=-1.4420U 净浮盈=0.0152U 手续费基数=0.0718U 阈值=0.3592U
[TRACKER] 本轮结束（将由 crontab 重新拉起）
[TRACKER] 启动，每 5 秒检查一次…
[TRACKER] 07:49:03 持仓=3 盈利=1.4869U 亏损=-1.4350U 净浮盈=0.0519U 手续费基数=0.0718U 阈值=0.3592U
[TRACKER] 07:49:10 持仓=3 盈利=1.4869U 亏损=-1.4140U 净浮盈=0.0729U 手续费基数=0.0718U 阈值=0.3592U
[TRACKER] 07:49:16 持仓=3 盈利=1.4869U 亏损=-1.4000U 净浮盈=0.0869U 手续费基数=0.0718U 阈值=0.3592U
[TRACKER] 07:49:23 持仓=3 盈利=1.4869U 亏损=-1.3650U 净浮盈=0.1219U 手续费基数=0.0718U 阈值=0.3592U
[TRACKER] 07:49:29 持仓=3 盈利=1.4988U 亏损=-1.3860U 净浮盈=0.1128U 手续费基数=0.0718U 阈值=0.3592U
[TRACKER] 07:49:36 持仓=3 盈利=1.4988U 亏损=-1.3230U 净浮盈=0.1758U 手续费基数=0.0718U 阈值=0.3592U
[TRACKER] 07:49:42 持仓=3 盈利=1.4988U 亏损=-1.2880U 净浮盈=0.2108U 手续费基数=0.0718U 阈值=0.3592U
[TRACKER] 07:49:48 持仓=3 盈利=1.4988U 亏损=-1.2390U 净浮盈=0.2598U 手续费基数=0.0718U 阈值=0.3592U
[TRACKER] 07:49:55 持仓=3 盈利=1.5129U 亏损=-1.2390U 净浮盈=0.2739U 手续费基数=0.0718U 阈值=0.3592U
[TRACKER] 本轮结束（将由 crontab 重新拉起）
[TRACKER] 启动，每 5 秒检查一次…
[TRACKER] 07:50:02 持仓=3 盈利=1.4810U 亏损=-1.2880U 净浮盈=0.1930U 手续费基数=0.0718U 阈值=0.3592U
[TRACKER] 07:50:08 持仓=3 盈利=1.4810U 亏损=-1.2810U 净浮盈=0.2000U 手续费基数=0.0718U 阈值=0.3592U
[TRACKER] 07:50:15 持仓=3 盈利=1.4750U 亏损=-1.2880U 净浮盈=0.1870U 手续费基数=0.0718U 阈值=0.3592U
[TRACKER] 07:50:21 持仓=3 盈利=1.4750U 亏损=-1.2880U 净浮盈=0.1870U 手续费基数=0.0718U 阈值=0.3592U
[TRACKER] 07:50:28 持仓=3 盈利=1.4750U 亏损=-1.3020U 净浮盈=0.1730U 手续费基数=0.0718U 阈值=0.3592U
[TRACKER] 07:50:34 持仓=3 盈利=1.4750U 亏损=-1.2950U 净浮盈=0.1800U 手续费基数=0.0718U 阈值=0.3592U
[TRACKER] 07:50:41 持仓=3 盈利=1.4750U 亏损=-1.2810U 净浮盈=0.1940U 手续费基数=0.0718U 阈值=0.3592U
[TRACKER] 07:50:47 持仓=3 盈利=1.4750U 亏损=-1.2810U 净浮盈=0.1940U 手续费基数=0.0718U 阈值=0.3592U
[TRACKER] 07:50:53 持仓=3 盈利=1.4832U 亏损=-1.2950U 净浮盈=0.1882U 手续费基数=0.0718U 阈值=0.3592U
[TRACKER] 本轮结束（将由 crontab 重新拉起）
[TRACKER] 启动，每 5 秒检查一次…
[TRACKER] 07:51:03 持仓=3 盈利=1.4750U 亏损=-1.2530U 净浮盈=0.2220U 手续费基数=0.0718U 阈值=0.3592U
[TRACKER] 07:51:10 持仓=3 盈利=1.4810U 亏损=-1.2390U 净浮盈=0.2420U 手续费基数=0.0718U 阈值=0.3592U
[TRACKER] 07:51:16 持仓=3 盈利=1.4928U 亏损=-1.2530U 净浮盈=0.2398U 手续费基数=0.0718U 阈值=0.3592U
[TRACKER] 07:51:23 持仓=3 盈利=1.4928U 亏损=-1.2390U 净浮盈=0.2538U 手续费基数=0.0718U 阈值=0.3592U
[TRACKER] 07:51:29 持仓=3 盈利=1.4928U 亏损=-1.2390U 净浮盈=0.2538U 手续费基数=0.0718U 阈值=0.3592U
[TRACKER] 07:51:35 持仓=3 盈利=1.4928U 亏损=-1.2250U 净浮盈=0.2678U 手续费基数=0.0718U 阈值=0.3592U
[TRACKER] 07:51:42 持仓=3 盈利=1.4869U 亏损=-1.1900U 净浮盈=0.2969U 手续费基数=0.0718U 阈值=0.3592U
[TRACKER] 07:51:48 持仓=3 盈利=1.4928U 亏损=-1.2180U 净浮盈=0.2748U 手续费基数=0.0718U 阈值=0.3592U
[TRACKER] 07:51:55 持仓=3 盈利=1.4928U 亏损=-1.2040U 净浮盈=0.2888U 手续费基数=0.0718U 阈值=0.3592U
[TRACKER] 本轮结束（将由 crontab 重新拉起）
[TRACKER] 启动，每 5 秒检查一次…
[TRACKER] 07:52:02 持仓=3 盈利=1.4632U 亏损=-1.2250U 净浮盈=0.2382U 手续费基数=0.0718U 阈值=0.3592U
[TRACKER] 07:52:08 持仓=3 盈利=1.4632U 亏损=-1.2040U 净浮盈=0.2592U 手续费基数=0.0718U 阈值=0.3592U
[TRACKER] 07:52:15 持仓=3 盈利=1.4632U 亏损=-1.2110U 净浮盈=0.2522U 手续费基数=0.0718U 阈值=0.3592U
[TRACKER] 07:52:21 持仓=3 盈利=1.4632U 亏损=-1.2110U 净浮盈=0.2522U 手续费基数=0.0718U 阈值=0.3592U
[TRACKER] 07:52:28 持仓=3 盈利=1.4632U 亏损=-1.2110U 净浮盈=0.2522U 手续费基数=0.0718U 阈值=0.3592U
[TRACKER] 07:52:35 持仓=3 盈利=1.4490U 亏损=-1.2110U 净浮盈=0.2380U 手续费基数=0.0718U 阈值=0.3592U
[TRACKER] 07:52:41 持仓=3 盈利=1.4490U 亏损=-1.1480U 净浮盈=0.3010U 手续费基数=0.0718U 阈值=0.3592U
[TRACKER] 07:52:48 持仓=3 盈利=1.4490U 亏损=-1.1550U 净浮盈=0.2940U 手续费基数=0.0718U 阈值=0.3592U
[TRACKER] 07:52:54 持仓=3 盈利=1.4490U 亏损=-1.1060U 净浮盈=0.3430U 手续费基数=0.0718U 阈值=0.3592U
[TRACKER] 本轮结束（将由 crontab 重新拉起）
[TRACKER] 启动，每 5 秒检查一次…
[TRACKER] 07:53:03 持仓=3 盈利=1.4549U 亏损=-1.2040U 净浮盈=0.2509U 手续费基数=0.0718U 阈值=0.3592U
[TRACKER] 07:53:09 持仓=3 盈利=1.4490U 亏损=-1.1760U 净浮盈=0.2730U 手续费基数=0.0718U 阈值=0.3592U
[TRACKER] 07:53:16 持仓=3 盈利=1.4609U 亏损=-1.1760U 净浮盈=0.2849U 手续费基数=0.0718U 阈值=0.3592U
[TRACKER] 07:53:22 持仓=3 盈利=1.4609U 亏损=-1.1830U 净浮盈=0.2779U 手续费基数=0.0718U 阈值=0.3592U
[TRACKER] 07:53:29 持仓=3 盈利=1.4609U 亏损=-1.2040U 净浮盈=0.2569U 手续费基数=0.0718U 阈值=0.3592U
[TRACKER] 07:53:35 持仓=3 盈利=1.4691U 亏损=-1.1900U 净浮盈=0.2791U 手续费基数=0.0718U 阈值=0.3592U
[TRACKER] 07:53:42 持仓=3 盈利=1.4691U 亏损=-1.2250U 净浮盈=0.2441U 手续费基数=0.0718U 阈值=0.3592U
[TRACKER] 07:53:48 持仓=3 盈利=1.4832U 亏损=-1.2250U 净浮盈=0.2582U 手续费基数=0.0718U 阈值=0.3592U
[TRACKER] 07:53:54 持仓=3 盈利=1.4832U 亏损=-1.2390U 净浮盈=0.2442U 手续费基数=0.0718U 阈值=0.3592U
[TRACKER] 本轮结束（将由 crontab 重新拉起）
[TRACKER] 启动，每 5 秒检查一次…
[TRACKER] 07:54:04 持仓=3 盈利=1.4572U 亏损=-1.2670U 净浮盈=0.1902U 手续费基数=0.0718U 阈值=0.3592U
[TRACKER] 07:54:10 持仓=3 盈利=1.4714U 亏损=-1.2950U 净浮盈=0.1764U 手续费基数=0.0718U 阈值=0.3592U
[TRACKER] 07:54:16 持仓=3 盈利=1.4714U 亏损=-1.2670U 净浮盈=0.2044U 手续费基数=0.0718U 阈值=0.3592U
[TRACKER] 07:54:23 持仓=3 盈利=1.4714U 亏损=-1.3510U 净浮盈=0.1204U 手续费基数=0.0718U 阈值=0.3592U
[TRACKER] 07:54:29 持仓=3 盈利=1.4714U 亏损=-1.2740U 净浮盈=0.1974U 手续费基数=0.0718U 阈值=0.3592U
[TRACKER] 07:54:36 持仓=3 盈利=1.4714U 亏损=-1.2810U 净浮盈=0.1904U 手续费基数=0.0718U 阈值=0.3592U
[TRACKER] 07:54:43 持仓=3 盈利=1.4714U 亏损=-1.2670U 净浮盈=0.2044U 手续费基数=0.0718U 阈值=0.3592U
[TRACKER] 07:54:49 持仓=3 盈利=1.4654U 亏损=-1.2670U 净浮盈=0.1984U 手续费基数=0.0718U 阈值=0.3592U
[TRACKER] 07:54:55 持仓=3 盈利=1.4714U 亏损=-1.2740U 净浮盈=0.1974U 手续费基数=0.0718U 阈值=0.3592U
[TRACKER] 本轮结束（将由 crontab 重新拉起）
[TRACKER] 启动，每 5 秒检查一次…
[TRACKER] 07:55:03 持仓=3 盈利=1.4453U 亏损=-1.3020U 净浮盈=0.1433U 手续费基数=0.0718U 阈值=0.3592U
[TRACKER] 07:55:09 持仓=3 盈利=1.4230U 亏损=-1.3160U 净浮盈=0.1070U 手续费基数=0.0718U 阈值=0.3592U
[TRACKER] 07:55:15 持仓=3 盈利=1.4289U 亏损=-1.3440U 净浮盈=0.0849U 手续费基数=0.0718U 阈值=0.3592U
[TRACKER] 07:55:21 持仓=3 盈利=1.4431U 亏损=-1.3510U 净浮盈=0.0921U 手续费基数=0.0718U 阈值=0.3592U
[TRACKER] 07:55:28 持仓=3 盈利=1.4431U 亏损=-1.3440U 净浮盈=0.0991U 手续费基数=0.0718U 阈值=0.3592U
[TRACKER] 07:55:34 持仓=3 盈利=1.4431U 亏损=-1.3650U 净浮盈=0.0781U 手续费基数=0.0718U 阈值=0.3592U
[TRACKER] 07:55:41 持仓=3 盈利=1.4431U 亏损=-1.4140U 净浮盈=0.0291U 手续费基数=0.0718U 阈值=0.3592U
[TRACKER] 07:55:48 持仓=3 盈利=1.4147U 亏损=-1.4350U 净浮盈=-0.0203U 手续费基数=0.0718U 阈值=0.3592U
[TRACKER] 07:55:54 持仓=3 盈利=1.4289U 亏损=-1.4210U 净浮盈=0.0079U 手续费基数=0.0718U 阈值=0.3592U
[TRACKER] 本轮结束（将由 crontab 重新拉起）
[TRACKER] 启动，每 5 秒检查一次…
[TRACKER] 07:56:03 持仓=3 盈利=1.4289U 亏损=-1.4980U 净浮盈=-0.0691U 手续费基数=0.0718U 阈值=0.3592U
[TRACKER] 07:56:10 持仓=3 盈利=1.4289U 亏损=-1.4980U 净浮盈=-0.0691U 手续费基数=0.0718U 阈值=0.3592U
[TRACKER] 07:56:16 持仓=3 盈利=1.4549U 亏损=-1.4910U 净浮盈=-0.0361U 手续费基数=0.0718U 阈值=0.3592U
[TRACKER] 07:56:22 持仓=3 盈利=1.4431U 亏损=-1.4980U 净浮盈=-0.0549U 手续费基数=0.0718U 阈值=0.3592U
[TRACKER] 07:56:29 持仓=3 盈利=1.4289U 亏损=-1.4980U 净浮盈=-0.0691U 手续费基数=0.0718U 阈值=0.3592U
[TRACKER] 07:56:35 持仓=3 盈利=1.4348U 亏损=-1.4490U 净浮盈=-0.0142U 手续费基数=0.0718U 阈值=0.3592U
[TRACKER] 07:56:42 持仓=3 盈利=1.4348U 亏损=-1.3930U 净浮盈=0.0418U 手续费基数=0.0718U 阈值=0.3592U
[TRACKER] 07:56:49 持仓=3 盈利=1.4312U 亏损=-1.4280U 净浮盈=0.0032U 手续费基数=0.0718U 阈值=0.3592U
[TRACKER] 07:56:55 持仓=3 盈利=1.4312U 亏损=-1.4140U 净浮盈=0.0172U 手续费基数=0.0718U 阈值=0.3592U
[TRACKER] 本轮结束（将由 crontab 重新拉起）
[TRACKER] 启动，每 5 秒检查一次…
[TRACKER] 07:57:02 持仓=3 盈利=1.4371U 亏损=-1.4070U 净浮盈=0.0301U 手续费基数=0.0718U 阈值=0.3592U
[TRACKER] 07:57:09 持仓=3 盈利=1.4371U 亏损=-1.4140U 净浮盈=0.0231U 手续费基数=0.0718U 阈值=0.3592U
[TRACKER] 07:57:15 持仓=3 盈利=1.4371U 亏损=-1.4350U 净浮盈=0.0021U 手续费基数=0.0718U 阈值=0.3592U
[TRACKER] 07:57:21 持仓=3 盈利=1.4371U 亏损=-1.4070U 净浮盈=0.0301U 手续费基数=0.0718U 阈值=0.3592U
[TRACKER] 07:57:28 持仓=3 盈利=1.4371U 亏损=-1.4000U 净浮盈=0.0371U 手续费基数=0.0718U 阈值=0.3592U
[TRACKER] 07:57:34 持仓=3 盈利=1.4371U 亏损=-1.3930U 净浮盈=0.0441U 手续费基数=0.0718U 阈值=0.3592U
[TRACKER] 07:57:41 持仓=3 盈利=1.4490U 亏损=-1.4210U 净浮盈=0.0280U 手续费基数=0.0718U 阈值=0.3592U
[TRACKER] 07:57:47 持仓=3 盈利=1.4549U 亏损=-1.3860U 净浮盈=0.0689U 手续费基数=0.0718U 阈值=0.3592U
[TRACKER] 07:57:53 持仓=3 盈利=1.4490U 亏损=-1.4140U 净浮盈=0.0350U 手续费基数=0.0718U 阈值=0.3592U
[TRACKER] 本轮结束（将由 crontab 重新拉起）
[TRACKER] 启动，每 5 秒检查一次…
[TRACKER] 07:58:04 持仓=3 盈利=1.4988U 亏损=-1.3720U 净浮盈=0.1268U 手续费基数=0.0718U 阈值=0.3592U
[TRACKER] 07:58:10 持仓=3 盈利=1.4988U 亏损=-1.3510U 净浮盈=0.1478U 手续费基数=0.0718U 阈值=0.3592U
[TRACKER] 07:58:17 持仓=3 盈利=1.4928U 亏损=-1.3160U 净浮盈=0.1768U 手续费基数=0.0718U 阈值=0.3592U
[TRACKER] 07:58:23 持仓=3 盈利=1.4810U 亏损=-1.2950U 净浮盈=0.1860U 手续费基数=0.0718U 阈值=0.3592U
[TRACKER] 07:58:29 持仓=3 盈利=1.4810U 亏损=-1.2670U 净浮盈=0.2140U 手续费基数=0.0718U 阈值=0.3592U
[TRACKER] 07:58:36 持仓=3 盈利=1.4869U 亏损=-1.2600U 净浮盈=0.2269U 手续费基数=0.0718U 阈值=0.3592U
[TRACKER] 07:58:42 持仓=3 盈利=1.4928U 亏损=-1.2250U 净浮盈=0.2678U 手续费基数=0.0718U 阈值=0.3592U
[TRACKER] 07:58:48 持仓=3 盈利=1.4988U 亏损=-1.2250U 净浮盈=0.2738U 手续费基数=0.0718U 阈值=0.3592U
[TRACKER] 07:58:55 持仓=3 盈利=1.5166U 亏损=-1.1830U 净浮盈=0.3336U 手续费基数=0.0718U 阈值=0.3592U
[TRACKER] 本轮结束（将由 crontab 重新拉起）
[TRACKER] 启动，每 5 秒检查一次…
[TRACKER] 07:59:02 持仓=3 盈利=1.4942U 亏损=-1.2040U 净浮盈=0.2902U 手续费基数=0.0718U 阈值=0.3592U
[TRACKER] 07:59:08 持仓=3 盈利=1.5358U 亏损=-1.1970U 净浮盈=0.3388U 手续费基数=0.0718U 阈值=0.3592U
[TRACKER] 07:59:14 持仓=3 盈利=1.5477U 亏损=-1.1620U 净浮盈=0.3857U 手续费基数=0.0718U 阈值=0.3592U
[TRACKER] 🎯 净浮盈 0.3857 > 阈值 0.3592，开始平仓
   ✅ 平仓 TLM/USDT:USDT 浮盈 1.2033U
   ✅ 平仓 DEXE/USDT:USDT 浮盈 -1.1620U
   ✅ 平仓 VANRY/USDT:USDT 浮盈 0.3444U
[TRACKER] 07:59:22 无持仓
[TRACKER] 07:59:29 无持仓
[TRACKER] 07:59:36 无持仓
[TRACKER] 07:59:42 无持仓
[TRACKER] 07:59:49 无持仓
[TRACKER] 07:59:55 无持仓
[TRACKER] 本轮结束（将由 crontab 重新拉起）
[TRACKER] 启动，每 5 秒检查一次…
[TRACKER] 08:00:02 无持仓
[TRACKER] 08:00:08 持仓=1 盈利=0.0000U 亏损=-0.0446U 净浮盈=-0.0446U 手续费基数=0.0250U 阈值=0.1248U
[TRACKER] 08:00:15 持仓=3 盈利=0.0533U 亏损=-0.0298U 净浮盈=0.0235U 手续费基数=0.0749U 阈值=0.3746U
[TRACKER] 08:00:21 持仓=3 盈利=0.1126U 亏损=-0.0298U 净浮盈=0.0829U 手续费基数=0.0749U 阈值=0.3746U
[TRACKER] 08:00:28 持仓=3 盈利=0.1116U 亏损=-0.0149U 净浮盈=0.0967U 手续费基数=0.0749U 阈值=0.3746U
[TRACKER] 08:00:34 持仓=3 盈利=0.0483U 亏损=-0.0149U 净浮盈=0.0335U 手续费基数=0.0749U 阈值=0.3746U
[TRACKER] 08:00:41 持仓=3 盈利=0.0483U 亏损=-0.0589U 净浮盈=-0.0105U 手续费基数=0.0749U 阈值=0.3746U
[TRACKER] 08:00:47 持仓=3 盈利=0.0483U 亏损=-0.1320U 净浮盈=-0.0837U 手续费基数=0.0749U 阈值=0.3746U
[TRACKER] 08:00:54 持仓=3 盈利=0.0423U 亏损=-0.2090U 净浮盈=-0.1667U 手续费基数=0.0749U 阈值=0.3746U
[TRACKER] 本轮结束（将由 crontab 重新拉起）
[TRACKER] 启动，每 5 秒检查一次…
[TRACKER] 08:01:03 持仓=3 盈利=0.0786U 亏损=-0.1320U 净浮盈=-0.0534U 手续费基数=0.0749U 阈值=0.3746U
[TRACKER] 08:01:10 持仓=3 盈利=0.0934U 亏损=-0.0440U 净浮盈=0.0494U 手续费基数=0.0749U 阈值=0.3746U
[TRACKER] 08:01:16 持仓=3 盈利=0.0934U 亏损=-0.0660U 净浮盈=0.0274U 手续费基数=0.0749U 阈值=0.3746U
[TRACKER] 08:01:23 持仓=3 盈利=0.0934U 亏损=-0.0550U 净浮盈=0.0384U 手续费基数=0.0749U 阈值=0.3746U
[TRACKER] 08:01:29 持仓=3 盈利=0.0934U 亏损=0.0000U 净浮盈=0.0934U 手续费基数=0.0749U 阈值=0.3746U
[TRACKER] 08:01:35 持仓=3 盈利=0.0934U 亏损=0.0000U 净浮盈=0.0934U 手续费基数=0.0749U 阈值=0.3746U
[TRACKER] 08:01:42 持仓=3 盈利=0.0714U 亏损=0.0000U 净浮盈=0.0714U 手续费基数=0.0749U 阈值=0.3746U
[TRACKER] 08:01:48 持仓=3 盈利=0.0813U 亏损=0.0000U 净浮盈=0.0813U 手续费基数=0.0749U 阈值=0.3746U
[TRACKER] 08:01:54 持仓=3 盈利=0.1803U 亏损=0.0000U 净浮盈=0.1803U 手续费基数=0.0749U 阈值=0.3746U
[TRACKER] 本轮结束（将由 crontab 重新拉起）
[TRACKER] 启动，每 5 秒检查一次…
[TRACKER] 08:02:03 持仓=3 盈利=0.1473U 亏损=0.0000U 净浮盈=0.1473U 手续费基数=0.0749U 阈值=0.3746U
[TRACKER] 08:02:10 持仓=3 盈利=0.2353U 亏损=0.0000U 净浮盈=0.2353U 手续费基数=0.0749U 阈值=0.3746U
[TRACKER] 08:02:16 持仓=3 盈利=0.2392U 亏损=-0.0298U 净浮盈=0.2095U 手续费基数=0.0749U 阈值=0.3746U
[TRACKER] 08:02:22 持仓=3 盈利=0.2563U 亏损=-0.0298U 净浮盈=0.2265U 手续费基数=0.0749U 阈值=0.3746U
[TRACKER] 08:02:29 持仓=3 盈利=0.3233U 亏损=-0.0298U 净浮盈=0.2936U 手续费基数=0.0749U 阈值=0.3746U
[TRACKER] 08:02:35 持仓=3 盈利=0.3013U 亏损=-0.0298U 净浮盈=0.2716U 手续费基数=0.0749U 阈值=0.3746U
[TRACKER] 08:02:41 持仓=3 盈利=0.3173U 亏损=-0.0298U 净浮盈=0.2875U 手续费基数=0.0749U 阈值=0.3746U
[TRACKER] 08:02:47 持仓=3 盈利=0.3013U 亏损=-0.0298U 净浮盈=0.2716U 手续费基数=0.0749U 阈值=0.3746U
[TRACKER] 08:02:54 持仓=3 盈利=0.1913U 亏损=-0.0298U 净浮盈=0.1616U 手续费基数=0.0749U 阈值=0.3746U
[TRACKER] 本轮结束（将由 crontab 重新拉起）
[TRACKER] 启动，每 5 秒检查一次…
[TRACKER] 08:03:03 持仓=3 盈利=0.1534U 亏损=-0.0298U 净浮盈=0.1236U 手续费基数=0.0749U 阈值=0.3746U
[TRACKER] 08:03:09 持仓=3 盈利=0.1094U 亏损=-0.0298U 净浮盈=0.0796U 手续费基数=0.0749U 阈值=0.3746U
[TRACKER] 08:03:16 持仓=3 盈利=0.1193U 亏损=-0.0595U 净浮盈=0.0598U 手续费基数=0.0749U 阈值=0.3746U
[TRACKER] 08:03:22 持仓=3 盈利=0.0000U 亏损=-0.1128U 净浮盈=-0.1128U 手续费基数=0.0749U 阈值=0.3746U
[TRACKER] 08:03:29 持仓=3 盈利=0.0000U 亏损=-0.1607U 净浮盈=-0.1607U 手续费基数=0.0749U 阈值=0.3746U
[TRACKER] 08:03:35 持仓=3 盈利=0.0000U 亏损=-0.2718U 净浮盈=-0.2718U 手续费基数=0.0749U 阈值=0.3746U
[TRACKER] 08:03:42 持仓=3 盈利=0.0000U 亏损=-0.2927U 净浮盈=-0.2927U 手续费基数=0.0749U 阈值=0.3746U
[TRACKER] 08:03:48 持仓=3 盈利=0.0000U 亏损=-0.2867U 净浮盈=-0.2867U 手续费基数=0.0749U 阈值=0.3746U
[TRACKER] 08:03:55 持仓=3 盈利=0.0000U 亏损=-0.2427U 净浮盈=-0.2427U 手续费基数=0.0749U 阈值=0.3746U
[TRACKER] 本轮结束（将由 crontab 重新拉起）
[TRACKER] 启动，每 5 秒检查一次…
[TRACKER] 08:04:02 持仓=3 盈利=0.0000U 亏损=-0.2817U 净浮盈=-0.2817U 手续费基数=0.0749U 阈值=0.3746U
[TRACKER] 08:04:09 持仓=3 盈利=0.0000U 亏损=-0.2196U 净浮盈=-0.2196U 手续费基数=0.0749U 阈值=0.3746U
[TRACKER] 08:04:16 持仓=3 盈利=0.0000U 亏损=-0.2537U 净浮盈=-0.2537U 手续费基数=0.0749U 阈值=0.3746U
[TRACKER] 08:04:22 持仓=3 盈利=0.0000U 亏损=-0.2817U 净浮盈=-0.2817U 手续费基数=0.0749U 阈值=0.3746U
[TRACKER] 08:04:29 持仓=3 盈利=0.0000U 亏损=-0.3257U 净浮盈=-0.3257U 手续费基数=0.0749U 阈值=0.3746U
[TRACKER] 08:04:35 持仓=3 盈利=0.0000U 亏损=-0.3665U 净浮盈=-0.3665U 手续费基数=0.0749U 阈值=0.3746U
[TRACKER] 08:04:42 持仓=3 盈利=0.0000U 亏损=-0.3619U 净浮盈=-0.3619U 手续费基数=0.0749U 阈值=0.3746U
[TRACKER] 08:04:48 持仓=3 盈利=0.0000U 亏损=-0.3559U 净浮盈=-0.3559U 手续费基数=0.0749U 阈值=0.3746U
[TRACKER] 08:04:55 持仓=3 盈利=0.0000U 亏损=-0.3928U 净浮盈=-0.3928U 手续费基数=0.0749U 阈值=0.3746U
[TRACKER] 本轮结束（将由 crontab 重新拉起）
[TRACKER] 启动，每 5 秒检查一次…
[TRACKER] 08:05:02 持仓=3 盈利=0.0000U 亏损=-0.3971U 净浮盈=-0.3971U 手续费基数=0.0749U 阈值=0.3746U
[TRACKER] 08:05:08 持仓=3 盈利=0.0000U 亏损=-0.4675U 净浮盈=-0.4675U 手续费基数=0.0749U 阈值=0.3746U
[TRACKER] 08:05:14 持仓=3 盈利=0.0000U 亏损=-0.5186U 净浮盈=-0.5186U 手续费基数=0.0749U 阈值=0.3746U
[TRACKER] 08:05:21 持仓=3 盈利=0.0000U 亏损=-0.5417U 净浮盈=-0.5417U 手续费基数=0.0749U 阈值=0.3746U
[TRACKER] 08:05:28 持仓=3 盈利=0.0000U 亏损=-0.4839U 净浮盈=-0.4839U 手续费基数=0.0749U 阈值=0.3746U
[TRACKER] 08:05:34 持仓=3 盈利=0.0000U 亏损=-0.5031U 净浮盈=-0.5031U 手续费基数=0.0749U 阈值=0.3746U
[TRACKER] 08:05:41 持仓=3 盈利=0.0000U 亏损=-0.5251U 净浮盈=-0.5251U 手续费基数=0.0749U 阈值=0.3746U
[TRACKER] 08:05:47 持仓=3 盈利=0.0000U 亏损=-0.4971U 净浮盈=-0.4971U 手续费基数=0.0749U 阈值=0.3746U
[TRACKER] 08:05:54 持仓=3 盈利=0.0000U 亏损=-0.4690U 净浮盈=-0.4690U 手续费基数=0.0749U 阈值=0.3746U
[TRACKER] 本轮结束（将由 crontab 重新拉起）
[TRACKER] 启动，每 5 秒检查一次…
[TRACKER] 08:06:03 持仓=3 盈利=0.0000U 亏损=-0.4360U 净浮盈=-0.4360U 手续费基数=0.0749U 阈值=0.3746U
[TRACKER] 08:06:09 持仓=3 盈利=0.0000U 亏损=-0.4520U 净浮盈=-0.4520U 手续费基数=0.0749U 阈值=0.3746U
[TRACKER] 08:06:15 持仓=3 盈利=0.0000U 亏损=-0.4899U 净浮盈=-0.4899U 手续费基数=0.0749U 阈值=0.3746U
[TRACKER] 08:06:22 持仓=3 盈利=0.0000U 亏损=-0.4970U 净浮盈=-0.4970U 手续费基数=0.0749U 阈值=0.3746U
[TRACKER] 08:06:28 持仓=3 盈利=0.0000U 亏损=-0.5273U 净浮盈=-0.5273U 手续费基数=0.0749U 阈值=0.3746U
[TRACKER] 08:06:35 持仓=3 盈利=0.0000U 亏损=-0.5603U 净浮盈=-0.5603U 手续费基数=0.0749U 阈值=0.3746U
[TRACKER] 08:06:41 持仓=3 盈利=0.0000U 亏损=-0.5713U 净浮盈=-0.5713U 手续费基数=0.0749U 阈值=0.3746U
[TRACKER] 08:06:48 持仓=3 盈利=0.0000U 亏损=-0.5823U 净浮盈=-0.5823U 手续费基数=0.0749U 阈值=0.3746U
[TRACKER] 08:06:54 持仓=3 盈利=0.0000U 亏损=-0.6703U 净浮盈=-0.6703U 手续费基数=0.0749U 阈值=0.3746U
[TRACKER] 本轮结束（将由 crontab 重新拉起）
[TRACKER] 启动，每 5 秒检查一次…
[TRACKER] 08:07:03 持仓=3 盈利=0.0000U 亏损=-0.6483U 净浮盈=-0.6483U 手续费基数=0.0749U 阈值=0.3746U
[TRACKER] 08:07:10 持仓=3 盈利=0.0000U 亏损=-0.6444U 净浮盈=-0.6444U 手续费基数=0.0749U 阈值=0.3746U
[TRACKER] 08:07:16 持仓=3 盈利=0.0000U 亏损=-0.6444U 净浮盈=-0.6444U 手续费基数=0.0749U 阈值=0.3746U
[TRACKER] 08:07:23 持仓=3 盈利=0.0000U 亏损=-0.5114U 净浮盈=-0.5114U 手续费基数=0.0749U 阈值=0.3746U
[TRACKER] 08:07:29 持仓=3 盈利=0.0000U 亏损=-0.5054U 净浮盈=-0.5054U 手续费基数=0.0749U 阈值=0.3746U
[TRACKER] 08:07:36 持仓=3 盈利=0.0544U 亏损=-0.4329U 净浮盈=-0.3785U 手续费基数=0.0749U 阈值=0.3746U
[TRACKER] 08:07:42 持仓=3 盈利=0.0544U 亏损=-0.3889U 净浮盈=-0.3345U 手续费基数=0.0749U 阈值=0.3746U
[TRACKER] 08:07:49 持仓=3 盈利=0.0725U 亏损=-0.2789U 净浮盈=-0.2064U 手续费基数=0.0749U 阈值=0.3746U
[TRACKER] 08:07:55 持仓=3 盈利=0.0725U 亏损=-0.1359U 净浮盈=-0.0634U 手续费基数=0.0749U 阈值=0.3746U
[TRACKER] 本轮结束（将由 crontab 重新拉起）
[TRACKER] 启动，每 5 秒检查一次…
[TRACKER] 08:08:02 持仓=3 盈利=0.1418U 亏损=-0.0990U 净浮盈=0.0428U 手续费基数=0.0749U 阈值=0.3746U
[TRACKER] 08:08:08 持仓=3 盈利=0.0814U 亏损=-0.0770U 净浮盈=0.0044U 手续费基数=0.0749U 阈值=0.3746U
[TRACKER] 08:08:15 持仓=3 盈利=0.1254U 亏损=0.0000U 净浮盈=0.1254U 手续费基数=0.0749U 阈值=0.3746U
[TRACKER] 08:08:21 持仓=3 盈利=0.1545U 亏损=0.0000U 净浮盈=0.1545U 手续费基数=0.0749U 阈值=0.3746U
[TRACKER] 08:08:27 持仓=3 盈利=0.1325U 亏损=0.0000U 净浮盈=0.1325U 手续费基数=0.0749U 阈值=0.3746U
[TRACKER] 08:08:34 持仓=3 盈利=0.2095U 亏损=0.0000U 净浮盈=0.2095U 手续费基数=0.0749U 阈值=0.3746U
[TRACKER] 08:08:40 持仓=3 盈利=0.1314U 亏损=0.0000U 净浮盈=0.1314U 手续费基数=0.0749U 阈值=0.3746U
[TRACKER] 08:08:47 持仓=3 盈利=0.1435U 亏损=0.0000U 净浮盈=0.1435U 手续费基数=0.0749U 阈值=0.3746U
[TRACKER] 08:08:53 持仓=3 盈利=0.0665U 亏损=-0.1540U 净浮盈=-0.0875U 手续费基数=0.0749U 阈值=0.3746U
[TRACKER] 本轮结束（将由 crontab 重新拉起）
[TRACKER] 启动，每 5 秒检查一次…
[TRACKER] 08:09:03 持仓=3 盈利=0.0363U 亏损=-0.1689U 净浮盈=-0.1326U 手续费基数=0.0749U 阈值=0.3746U
[TRACKER] 08:09:09 持仓=3 盈利=0.0363U 亏损=-0.0919U 净浮盈=-0.0556U 手续费基数=0.0749U 阈值=0.3746U
[TRACKER] 08:09:16 持仓=3 盈利=0.0363U 亏损=-0.0149U 净浮盈=0.0214U 手续费基数=0.0749U 阈值=0.3746U
[TRACKER] 08:09:22 持仓=3 盈利=0.0363U 亏损=-0.0589U 净浮盈=-0.0226U 手续费基数=0.0749U 阈值=0.3746U
[TRACKER] 08:09:28 持仓=3 盈利=0.0363U 亏损=-0.0479U 净浮盈=-0.0116U 手续费基数=0.0749U 阈值=0.3746U
[TRACKER] 08:09:35 持仓=3 盈利=0.0302U 亏损=-0.0369U 净浮盈=-0.0067U 手续费基数=0.0749U 阈值=0.3746U
[TRACKER] 08:09:41 持仓=3 盈利=0.0302U 亏损=-0.0699U 净浮盈=-0.0397U 手续费基数=0.0749U 阈值=0.3746U
[TRACKER] 08:09:48 持仓=3 盈利=0.0242U 亏损=-0.0259U 净浮盈=-0.0017U 手续费基数=0.0749U 阈值=0.3746U
[TRACKER] 08:09:55 持仓=3 盈利=0.0242U 亏损=-0.0369U 净浮盈=-0.0127U 手续费基数=0.0749U 阈值=0.3746U
[TRACKER] 本轮结束（将由 crontab 重新拉起）
[TRACKER] 启动，每 5 秒检查一次…
[TRACKER] 08:10:02 持仓=3 盈利=0.0181U 亏损=-0.0809U 净浮盈=-0.0628U 手续费基数=0.0749U 阈值=0.3746U
[TRACKER] 08:10:09 持仓=3 盈利=0.0302U 亏损=-0.1508U 净浮盈=-0.1205U 手续费基数=0.0749U 阈值=0.3746U
[TRACKER] 08:10:15 持仓=3 盈利=0.0302U 亏损=-0.2064U 净浮盈=-0.1762U 手续费基数=0.0749U 阈值=0.3746U
[TRACKER] 08:10:21 持仓=3 盈利=0.0302U 亏损=-0.1585U 净浮盈=-0.1283U 手续费基数=0.0749U 阈值=0.3746U
[TRACKER] 08:10:28 持仓=3 盈利=0.0302U 亏损=-0.2465U 净浮盈=-0.2163U 手续费基数=0.0749U 阈值=0.3746U
[TRACKER] 08:10:34 持仓=3 盈利=0.0242U 亏损=-0.3455U 净浮盈=-0.3213U 手续费基数=0.0749U 阈值=0.3746U
[TRACKER] 08:10:41 持仓=3 盈利=0.0302U 亏损=-0.3306U 净浮盈=-0.3004U 手续费基数=0.0749U 阈值=0.3746U
[TRACKER] 08:10:47 持仓=3 盈利=0.0302U 亏损=-0.3746U 净浮盈=-0.3444U 手续费基数=0.0749U 阈值=0.3746U
[TRACKER] 08:10:54 持仓=3 盈利=0.0302U 亏损=-0.3378U 净浮盈=-0.3075U 手续费基数=0.0749U 阈值=0.3746U
[TRACKER] 本轮结束（将由 crontab 重新拉起）
[TRACKER] 启动，每 5 秒检查一次…
[TRACKER] 08:11:03 持仓=3 盈利=0.0302U 亏损=-0.3708U 净浮盈=-0.3405U 手续费基数=0.0749U 阈值=0.3746U
[TRACKER] 08:11:09 持仓=3 盈利=0.0302U 亏损=-0.3598U 净浮盈=-0.3295U 手续费基数=0.0749U 阈值=0.3746U
[TRACKER] 08:11:15 持仓=3 盈利=0.0302U 亏损=-0.3378U 净浮盈=-0.3075U 手续费基数=0.0749U 阈值=0.3746U
[TRACKER] 08:11:22 持仓=3 盈利=0.0302U 亏损=-0.3158U 净浮盈=-0.2855U 手续费基数=0.0749U 阈值=0.3746U
[TRACKER] 08:11:28 持仓=3 盈利=0.0302U 亏损=-0.3196U 净浮盈=-0.2894U 手续费基数=0.0749U 阈值=0.3746U
[TRACKER] 08:11:34 持仓=3 盈利=0.0302U 亏损=-0.3196U 净浮盈=-0.2894U 手续费基数=0.0749U 阈值=0.3746U
[TRACKER] 08:11:41 持仓=3 盈利=0.0302U 亏损=-0.3235U 净浮盈=-0.2933U 手续费基数=0.0749U 阈值=0.3746U
[TRACKER] 08:11:47 持仓=3 盈利=0.0302U 亏损=-0.2944U 净浮盈=-0.2642U 手续费基数=0.0749U 阈值=0.3746U
[TRACKER] 08:11:54 持仓=3 盈利=0.0302U 亏损=-0.2465U 净浮盈=-0.2163U 手续费基数=0.0749U 阈值=0.3746U
[TRACKER] 本轮结束（将由 crontab 重新拉起）
[TRACKER] 启动，每 5 秒检查一次…
[TRACKER] 08:12:03 持仓=3 盈利=0.0302U 亏损=-0.2135U 净浮盈=-0.1833U 手续费基数=0.0749U 阈值=0.3746U
[TRACKER] 08:12:09 持仓=3 盈利=0.0302U 亏损=-0.2135U 净浮盈=-0.1833U 手续费基数=0.0749U 阈值=0.3746U
[TRACKER] 08:12:16 持仓=3 盈利=0.0302U 亏损=-0.1035U 净浮盈=-0.0733U 手续费基数=0.0749U 阈值=0.3746U
[TRACKER] 08:12:22 持仓=3 盈利=0.1275U 亏损=-0.0595U 净浮盈=0.0680U 手续费基数=0.0749U 阈值=0.3746U
[TRACKER] 08:12:29 持仓=3 盈利=0.1776U 亏损=-0.0595U 净浮盈=0.1180U 手续费基数=0.0749U 阈值=0.3746U
[TRACKER] 08:12:35 持仓=3 盈利=0.1336U 亏损=-0.0595U 净浮盈=0.0740U 手续费基数=0.0749U 阈值=0.3746U
[TRACKER] 08:12:42 持仓=3 盈利=0.1116U 亏损=-0.0893U 净浮盈=0.0223U 手续费基数=0.0749U 阈值=0.3746U
[TRACKER] 08:12:48 持仓=3 盈利=0.1006U 亏损=-0.0893U 净浮盈=0.0113U 手续费基数=0.0749U 阈值=0.3746U
[TRACKER] 08:12:55 持仓=3 盈利=0.1336U 亏损=-0.0893U 净浮盈=0.0443U 手续费基数=0.0749U 阈值=0.3746U
[TRACKER] 本轮结束（将由 crontab 重新拉起）
[TRACKER] 启动，每 5 秒检查一次…
[TRACKER] 08:13:02 持仓=3 盈利=0.1495U 亏损=-0.1488U 净浮盈=0.0007U 手续费基数=0.0749U 阈值=0.3746U
[TRACKER] 08:13:08 持仓=3 盈利=0.2485U 亏损=-0.1488U 净浮盈=0.0997U 手续费基数=0.0749U 阈值=0.3746U
[TRACKER] 08:13:14 持仓=3 盈利=0.3035U 亏损=-0.1488U 净浮盈=0.1547U 手续费基数=0.0749U 阈值=0.3746U
[TRACKER] 08:13:21 持仓=3 盈利=0.3255U 亏损=-0.1934U 净浮盈=0.1321U 手续费基数=0.0749U 阈值=0.3746U
[TRACKER] 08:13:27 持仓=3 盈利=0.2645U 亏损=-0.2083U 净浮盈=0.0562U 手续费基数=0.0749U 阈值=0.3746U
[TRACKER] 08:13:33 持仓=3 盈利=0.2964U 亏损=-0.2083U 净浮盈=0.0881U 手续费基数=0.0749U 阈值=0.3746U
[TRACKER] 08:13:40 持仓=3 盈利=0.2964U 亏损=-0.2083U 净浮盈=0.0881U 手续费基数=0.0749U 阈值=0.3746U
[TRACKER] 08:13:46 持仓=3 盈利=0.2584U 亏损=-0.1934U 净浮盈=0.0650U 手续费基数=0.0749U 阈值=0.3746U
[TRACKER] 08:13:53 持仓=3 盈利=0.2645U 亏损=-0.1934U 净浮盈=0.0710U 手续费基数=0.0749U 阈值=0.3746U
[TRACKER] 本轮结束（将由 crontab 重新拉起）
[TRACKER] 启动，每 5 秒检查一次…
[TRACKER] 08:14:03 持仓=3 盈利=0.1875U 亏损=-0.1637U 净浮盈=0.0238U 手续费基数=0.0749U 阈值=0.3746U
[TRACKER] 08:14:09 持仓=3 盈利=0.2755U 亏损=-0.1637U 净浮盈=0.1118U 手续费基数=0.0749U 阈值=0.3746U
[TRACKER] 08:14:16 持仓=3 盈利=0.2975U 亏损=-0.1786U 净浮盈=0.1189U 手续费基数=0.0749U 阈值=0.3746U
[TRACKER] 08:14:22 持仓=3 盈利=0.3085U 亏损=-0.1786U 净浮盈=0.1299U 手续费基数=0.0749U 阈值=0.3746U
[TRACKER] 08:14:28 持仓=3 盈利=0.2755U 亏损=-0.1786U 净浮盈=0.0969U 手续费基数=0.0749U 阈值=0.3746U
[TRACKER] 08:14:35 持仓=3 盈利=0.2425U 亏损=-0.1637U 净浮盈=0.0788U 手续费基数=0.0749U 阈值=0.3746U
[TRACKER] 08:14:41 持仓=3 盈利=0.1875U 亏损=-0.1637U 净浮盈=0.0238U 手续费基数=0.0749U 阈值=0.3746U
[TRACKER] 08:14:47 持仓=3 盈利=0.1374U 亏损=-0.1637U 净浮盈=-0.0262U 手续费基数=0.0749U 阈值=0.3746U
[TRACKER] 08:14:54 持仓=3 盈利=0.1204U 亏损=-0.1637U 净浮盈=-0.0433U 手续费基数=0.0749U 阈值=0.3746U
[TRACKER] 本轮结束（将由 crontab 重新拉起）
[TRACKER] 启动，每 5 秒检查一次…
[TRACKER] 08:15:03 持仓=3 盈利=0.1204U 亏损=-0.1488U 净浮盈=-0.0284U 手续费基数=0.0749U 阈值=0.3746U
[TRACKER] 08:15:09 持仓=3 盈利=0.1204U 亏损=-0.1488U 净浮盈=-0.0284U 手续费基数=0.0749U 阈值=0.3746U
[TRACKER] 08:15:16 持仓=3 盈利=0.0665U 亏损=-0.1928U 净浮盈=-0.1263U 手续费基数=0.0749U 阈值=0.3746U
[TRACKER] 08:15:22 持仓=3 盈利=0.0665U 亏损=-0.2038U 净浮盈=-0.1373U 手续费基数=0.0749U 阈值=0.3746U
[TRACKER] 08:15:29 持仓=3 盈利=0.1435U 亏损=-0.1488U 净浮盈=-0.0053U 手续费基数=0.0749U 阈值=0.3746U
[TRACKER] 08:15:35 持仓=3 盈利=0.1545U 亏损=-0.1488U 净浮盈=0.0057U 手续费基数=0.0749U 阈值=0.3746U
[TRACKER] 08:15:42 持仓=3 盈利=0.0775U 亏损=-0.1190U 净浮盈=-0.0416U 手续费基数=0.0749U 阈值=0.3746U
[TRACKER] 08:15:48 持仓=3 盈利=0.1215U 亏损=-0.1190U 净浮盈=0.0024U 手续费基数=0.0749U 阈值=0.3746U
[TRACKER] 08:15:54 持仓=3 盈利=0.1765U 亏损=-0.1190U 净浮盈=0.0574U 手续费基数=0.0749U 阈值=0.3746U
[TRACKER] 本轮结束（将由 crontab 重新拉起）
[TRACKER] 启动，每 5 秒检查一次…
[TRACKER] 08:16:03 持仓=3 盈利=0.1875U 亏损=-0.1190U 净浮盈=0.0684U 手续费基数=0.0749U 阈值=0.3746U
[TRACKER] 08:16:09 持仓=3 盈利=0.2425U 亏损=-0.1190U 净浮盈=0.1234U 手续费基数=0.0749U 阈值=0.3746U
[TRACKER] 08:16:16 持仓=3 盈利=0.1875U 亏损=-0.1190U 净浮盈=0.0684U 手续费基数=0.0749U 阈值=0.3746U
[TRACKER] 08:16:22 持仓=3 盈利=0.1985U 亏损=-0.1190U 净浮盈=0.0794U 手续费基数=0.0749U 阈值=0.3746U
[TRACKER] 08:16:28 持仓=3 盈利=0.1875U 亏损=-0.1190U 净浮盈=0.0684U 手续费基数=0.0749U 阈值=0.3746U
[TRACKER] 08:16:35 持仓=3 盈利=0.2205U 亏损=-0.1190U 净浮盈=0.1014U 手续费基数=0.0749U 阈值=0.3746U
[TRACKER] 08:16:41 持仓=3 盈利=0.2425U 亏损=-0.1190U 净浮盈=0.1234U 手续费基数=0.0749U 阈值=0.3746U
[TRACKER] 08:16:48 持仓=3 盈利=0.2645U 亏损=-0.1190U 净浮盈=0.1454U 手续费基数=0.0749U 阈值=0.3746U
[TRACKER] 08:16:54 持仓=3 盈利=0.3305U 亏损=-0.1190U 净浮盈=0.2114U 手续费基数=0.0749U 阈值=0.3746U
[TRACKER] 本轮结束（将由 crontab 重新拉起）
[TRACKER] 启动，每 5 秒检查一次…
[TRACKER] 08:17:03 持仓=3 盈利=0.4185U 亏损=-0.1190U 净浮盈=0.2994U 手续费基数=0.0749U 阈值=0.3746U
[TRACKER] 08:17:09 持仓=3 盈利=0.4185U 亏损=-0.0893U 净浮盈=0.3292U 手续费基数=0.0749U 阈值=0.3746U
[TRACKER] 08:17:16 持仓=3 盈利=0.4075U 亏损=-0.0893U 净浮盈=0.3182U 手续费基数=0.0749U 阈值=0.3746U
[TRACKER] 08:17:22 持仓=3 盈利=0.4295U 亏损=-0.0893U 净浮盈=0.3402U 手续费基数=0.0749U 阈值=0.3746U
[TRACKER] 08:17:29 持仓=3 盈利=1.1555U 亏损=-0.0893U 净浮盈=1.0662U 手续费基数=0.0749U 阈值=0.3746U
[TRACKER] 🎯 净浮盈 1.0662 > 阈值 0.3746，开始平仓
   ✅ 平仓 TLM/USDT:USDT 浮盈 -0.0893U
   ✅ 平仓 EUL/USDT:USDT 浮盈 1.0890U
   ✅ 平仓 VANRY/USDT:USDT 浮盈 0.0665U
[TRACKER] 08:17:37 无持仓
[TRACKER] 08:17:43 无持仓
[TRACKER] 08:17:50 无持仓
[TRACKER] 08:17:57 无持仓
[TRACKER] 本轮结束（将由 crontab 重新拉起）
[TRACKER] 启动，每 5 秒检查一次…
[TRACKER] 08:18:03 无持仓
[TRACKER] 08:18:10 无持仓
[TRACKER] 08:18:16 无持仓
[TRACKER] 08:18:22 无持仓
[TRACKER] 08:18:29 无持仓
[TRACKER] 08:18:35 无持仓
[TRACKER] 08:18:41 无持仓
[TRACKER] 08:18:48 无持仓
[TRACKER] 08:18:54 无持仓
[TRACKER] 本轮结束（将由 crontab 重新拉起）
[TRACKER] 启动，每 5 秒检查一次…
[TRACKER] 08:19:03 无持仓
[TRACKER] 08:19:09 无持仓
[TRACKER] 08:19:16 无持仓
[TRACKER] 08:19:22 无持仓
[TRACKER] 08:19:28 无持仓
[TRACKER] 08:19:35 无持仓
[TRACKER] 08:19:41 无持仓
[TRACKER] 08:19:48 无持仓
[TRACKER] 08:19:54 无持仓
[TRACKER] 本轮结束（将由 crontab 重新拉起）
[TRACKER] 启动，每 5 秒检查一次…
[TRACKER] 08:20:03 无持仓
[TRACKER] 08:20:10 无持仓
[TRACKER] 08:20:16 无持仓
[TRACKER] 08:20:23 无持仓
[TRACKER] 08:20:30 无持仓
[TRACKER] 08:20:36 无持仓
[TRACKER] 08:20:43 无持仓
[TRACKER] 08:20:49 无持仓
[TRACKER] 08:20:56 无持仓
[TRACKER] 本轮结束（将由 crontab 重新拉起）
[TRACKER] 启动，每 5 秒检查一次…
[TRACKER] 08:21:03 无持仓
[TRACKER] 08:21:10 无持仓
[TRACKER] 08:21:16 无持仓
[TRACKER] 08:21:23 无持仓
[TRACKER] 08:21:29 无持仓
[TRACKER] 08:21:35 无持仓
[TRACKER] 08:21:42 无持仓
[TRACKER] 08:21:48 无持仓
[TRACKER] 08:21:55 无持仓
[TRACKER] 本轮结束（将由 crontab 重新拉起）
[TRACKER] 启动，每 5 秒检查一次…
[TRACKER] 08:22:01 无持仓
[TRACKER] 08:22:08 无持仓
[TRACKER] 08:22:14 无持仓
[TRACKER] 08:22:20 无持仓
[TRACKER] 08:22:27 无持仓
[TRACKER] 08:22:33 无持仓
[TRACKER] 08:22:39 无持仓
[TRACKER] 08:22:46 无持仓
[TRACKER] 08:22:52 无持仓
[TRACKER] 本轮结束（将由 crontab 重新拉起）
[TRACKER] 启动，每 5 秒检查一次…
[TRACKER] 08:23:03 无持仓
[TRACKER] 08:23:10 无持仓
[TRACKER] 08:23:16 无持仓
[TRACKER] 08:23:22 无持仓
[TRACKER] 08:23:28 无持仓
[TRACKER] 08:23:35 无持仓
[TRACKER] 08:23:41 无持仓
[TRACKER] 08:23:48 无持仓
[TRACKER] 08:23:54 无持仓
[TRACKER] 本轮结束（将由 crontab 重新拉起）
[TRACKER] 启动，每 5 秒检查一次…
[TRACKER] 08:24:03 无持仓
[TRACKER] 08:24:10 无持仓
[TRACKER] 08:24:16 无持仓
[TRACKER] 08:24:23 无持仓
[TRACKER] 08:24:29 无持仓
[TRACKER] 08:24:35 无持仓
[TRACKER] 08:24:42 无持仓
[TRACKER] 08:24:49 无持仓
[TRACKER] 08:24:55 无持仓
[TRACKER] 本轮结束（将由 crontab 重新拉起）
[TRACKER] 启动，每 5 秒检查一次…
[TRACKER] 08:25:02 无持仓
[TRACKER] 08:25:09 无持仓
[TRACKER] 08:25:15 无持仓
[TRACKER] 08:25:22 无持仓
[TRACKER] 08:25:28 无持仓
[TRACKER] 08:25:34 无持仓
[TRACKER] 08:25:41 无持仓
[TRACKER] 08:25:48 无持仓
[TRACKER] 08:25:54 无持仓
[TRACKER] 本轮结束（将由 crontab 重新拉起）
[TRACKER] 启动，每 5 秒检查一次…
[TRACKER] 08:26:03 无持仓
[TRACKER] 08:26:10 无持仓
[TRACKER] 08:26:16 无持仓
[TRACKER] 08:26:22 无持仓
[TRACKER] 08:26:29 无持仓
[TRACKER] 08:26:35 无持仓
[TRACKER] 08:26:42 无持仓
[TRACKER] 08:26:48 无持仓
[TRACKER] 08:26:55 无持仓
[TRACKER] 本轮结束（将由 crontab 重新拉起）
[TRACKER] 启动，每 5 秒检查一次…
[TRACKER] 08:27:02 无持仓
[TRACKER] 08:27:08 无持仓
[TRACKER] 08:27:15 无持仓
[TRACKER] 08:27:22 无持仓
[TRACKER] 08:27:28 无持仓
[TRACKER] 08:27:34 无持仓
[TRACKER] 08:27:41 无持仓
[TRACKER] 08:27:47 无持仓
[TRACKER] 08:27:54 无持仓
[TRACKER] 本轮结束（将由 crontab 重新拉起）
[TRACKER] 启动，每 5 秒检查一次…
[TRACKER] 08:28:03 无持仓
[TRACKER] 08:28:09 无持仓
[TRACKER] 08:28:16 无持仓
[TRACKER] 08:28:22 无持仓
[TRACKER] 08:28:29 无持仓
[TRACKER] 08:28:35 无持仓
[TRACKER] 08:28:41 无持仓
[TRACKER] 08:28:48 无持仓
[TRACKER] 08:28:54 无持仓
[TRACKER] 本轮结束（将由 crontab 重新拉起）
[TRACKER] 启动，每 5 秒检查一次…
[TRACKER] 08:29:03 无持仓
[TRACKER] 08:29:09 无持仓
[TRACKER] 08:29:16 无持仓
[TRACKER] 08:29:22 无持仓
[TRACKER] 08:29:28 无持仓
[TRACKER] 08:29:35 无持仓
[TRACKER] 08:29:41 无持仓
[TRACKER] 08:29:48 无持仓
[TRACKER] 08:29:54 无持仓
[TRACKER] 本轮结束（将由 crontab 重新拉起）
[TRACKER] 启动，每 5 秒检查一次…
[TRACKER] 08:30:03 无持仓
[TRACKER] 08:30:10 无持仓
[TRACKER] 08:30:16 无持仓
[TRACKER] 08:30:23 无持仓
[TRACKER] 08:30:29 无持仓
[TRACKER] 08:30:36 无持仓
[TRACKER] 08:30:42 无持仓
[TRACKER] 08:30:48 无持仓
[TRACKER] 08:30:54 无持仓
[TRACKER] 本轮结束（将由 crontab 重新拉起）
[TRACKER] 启动，每 5 秒检查一次…
[TRACKER] 08:31:02 无持仓
[TRACKER] 08:31:08 无持仓
[TRACKER] 08:31:15 无持仓
[TRACKER] 08:31:22 无持仓
[TRACKER] 08:31:28 无持仓
[TRACKER] 08:31:34 无持仓
[TRACKER] 08:31:41 无持仓
[TRACKER] 08:31:47 无持仓
[TRACKER] 08:31:53 无持仓
[TRACKER] 本轮结束（将由 crontab 重新拉起）
[TRACKER] 启动，每 5 秒检查一次…
[TRACKER] 08:32:03 无持仓
[TRACKER] 08:32:09 无持仓
[TRACKER] 08:32:16 无持仓
[TRACKER] 08:32:22 无持仓
[TRACKER] 08:32:28 无持仓
[TRACKER] 08:32:34 无持仓
[TRACKER] 08:32:41 无持仓
[TRACKER] 08:32:47 无持仓
[TRACKER] 08:32:54 无持仓
[TRACKER] 本轮结束（将由 crontab 重新拉起）
[TRACKER] 启动，每 5 秒检查一次…
[TRACKER] 08:33:02 无持仓
[TRACKER] 08:33:09 无持仓
[TRACKER] 08:33:16 无持仓
[TRACKER] 08:33:22 无持仓
[TRACKER] 08:33:29 无持仓
[TRACKER] 08:33:35 无持仓
[TRACKER] 08:33:42 无持仓
[TRACKER] 08:33:48 无持仓
[TRACKER] 08:33:55 无持仓
[TRACKER] 本轮结束（将由 crontab 重新拉起）
[TRACKER] 启动，每 5 秒检查一次…
[TRACKER] 08:34:02 无持仓
[TRACKER] 08:34:08 无持仓
[TRACKER] 08:34:14 无持仓
[TRACKER] 08:34:20 无持仓
[TRACKER] 08:34:27 无持仓
[TRACKER] 08:34:33 无持仓
[TRACKER] 08:34:40 无持仓
[TRACKER] 08:34:47 无持仓
[TRACKER] 08:34:53 无持仓
[TRACKER] 本轮结束（将由 crontab 重新拉起）
[TRACKER] 启动，每 5 秒检查一次…
[TRACKER] 08:35:03 无持仓
[TRACKER] 08:35:09 无持仓
[TRACKER] 08:35:16 无持仓
[TRACKER] 08:35:22 无持仓
[TRACKER] 08:35:29 无持仓
[TRACKER] 08:35:35 无持仓
[TRACKER] 08:35:42 无持仓
[TRACKER] 08:35:48 无持仓
[TRACKER] 08:35:55 无持仓
[TRACKER] 本轮结束（将由 crontab 重新拉起）
[TRACKER] 启动，每 5 秒检查一次…
[TRACKER] 08:36:02 无持仓
[TRACKER] 08:36:08 无持仓
[TRACKER] 08:36:15 无持仓
[TRACKER] 08:36:22 无持仓
[TRACKER] 08:36:28 无持仓
[TRACKER] 08:36:34 无持仓
[TRACKER] 08:36:41 无持仓
[TRACKER] 08:36:47 无持仓
[TRACKER] 08:36:54 无持仓
[TRACKER] 本轮结束（将由 crontab 重新拉起）
[TRACKER] 启动，每 5 秒检查一次…
[TRACKER] 08:37:03 无持仓
[TRACKER] 08:37:09 无持仓
[TRACKER] 08:37:15 无持仓
[TRACKER] 08:37:22 无持仓
[TRACKER] 08:37:28 无持仓
[TRACKER] 08:37:35 无持仓
[TRACKER] 08:37:41 无持仓
[TRACKER] 08:37:47 无持仓
[TRACKER] 08:37:54 无持仓
[TRACKER] 本轮结束（将由 crontab 重新拉起）
[TRACKER] 启动，每 5 秒检查一次…
[TRACKER] 08:38:03 无持仓
[TRACKER] 08:38:10 无持仓
[TRACKER] 08:38:16 无持仓
[TRACKER] 08:38:22 无持仓
[TRACKER] 08:38:29 无持仓
[TRACKER] 08:38:35 无持仓
[TRACKER] 08:38:41 无持仓
[TRACKER] 08:38:48 无持仓
[TRACKER] 08:38:55 无持仓
[TRACKER] 本轮结束（将由 crontab 重新拉起）
[TRACKER] 启动，每 5 秒检查一次…
[TRACKER] 08:39:02 无持仓
[TRACKER] 08:39:09 无持仓
[TRACKER] 08:39:15 无持仓
[TRACKER] 08:39:21 无持仓
[TRACKER] 08:39:28 无持仓
[TRACKER] 08:39:34 无持仓
[TRACKER] 08:39:41 无持仓
[TRACKER] 08:39:47 无持仓
[TRACKER] 08:39:53 无持仓
[TRACKER] 本轮结束（将由 crontab 重新拉起）
[TRACKER] 启动，每 5 秒检查一次…
[TRACKER] 08:40:02 无持仓
[TRACKER] 08:40:09 无持仓
[TRACKER] 08:40:15 无持仓
[TRACKER] 08:40:22 无持仓
[TRACKER] 08:40:28 无持仓
[TRACKER] 08:40:35 无持仓
[TRACKER] 08:40:41 无持仓
[TRACKER] 08:40:48 无持仓
[TRACKER] 08:40:54 无持仓
[TRACKER] 本轮结束（将由 crontab 重新拉起）
[TRACKER] 启动，每 5 秒检查一次…
[TRACKER] 08:41:02 无持仓
[TRACKER] 08:41:08 无持仓
[TRACKER] 08:41:15 无持仓
[TRACKER] 08:41:21 无持仓
[TRACKER] 08:41:27 无持仓
[TRACKER] 08:41:33 无持仓
[TRACKER] 08:41:40 无持仓
[TRACKER] 08:41:46 无持仓
[TRACKER] 08:41:53 无持仓
[TRACKER] 本轮结束（将由 crontab 重新拉起）
[TRACKER] 启动，每 5 秒检查一次…
[TRACKER] 08:42:03 无持仓
[TRACKER] 08:42:09 无持仓
[TRACKER] 08:42:16 无持仓
[TRACKER] 08:42:22 无持仓
[TRACKER] 08:42:29 无持仓
[TRACKER] 08:42:35 无持仓
[TRACKER] 08:42:41 无持仓
[TRACKER] 08:42:48 无持仓
[TRACKER] 08:42:54 无持仓
[TRACKER] 本轮结束（将由 crontab 重新拉起）
[TRACKER] 启动，每 5 秒检查一次…
[TRACKER] 08:43:03 无持仓
[TRACKER] 08:43:09 无持仓
[TRACKER] 08:43:16 无持仓
[TRACKER] 08:43:22 无持仓
[TRACKER] 08:43:29 无持仓
[TRACKER] 08:43:36 无持仓
[TRACKER] 08:43:42 无持仓
[TRACKER] 08:43:48 无持仓
[TRACKER] 08:43:55 无持仓
[TRACKER] 本轮结束（将由 crontab 重新拉起）
[TRACKER] 启动，每 5 秒检查一次…
[TRACKER] 08:44:02 无持仓
[TRACKER] 08:44:08 无持仓
[TRACKER] 08:44:14 无持仓
[TRACKER] 08:44:21 无持仓
[TRACKER] 08:44:27 无持仓
[TRACKER] 08:44:34 无持仓
[TRACKER] 08:44:41 无持仓
[TRACKER] 08:44:47 无持仓
[TRACKER] 08:44:53 无持仓
[TRACKER] 本轮结束（将由 crontab 重新拉起）
[TRACKER] 启动，每 5 秒检查一次…
[TRACKER] 08:45:03 无持仓
[TRACKER] 08:45:10 无持仓
[TRACKER] 08:45:16 无持仓
[TRACKER] 08:45:22 无持仓
[TRACKER] 08:45:29 无持仓
[TRACKER] 08:45:35 无持仓
[TRACKER] 08:45:42 无持仓
[TRACKER] 08:45:48 无持仓
[TRACKER] 08:45:55 无持仓
[TRACKER] 本轮结束（将由 crontab 重新拉起）
[TRACKER] 启动，每 5 秒检查一次…
[TRACKER] 08:46:02 无持仓
[TRACKER] 08:46:08 无持仓
[TRACKER] 08:46:14 无持仓
[TRACKER] 08:46:20 无持仓
[TRACKER] 08:46:27 无持仓
[TRACKER] 08:46:33 无持仓
[TRACKER] 08:46:40 无持仓
[TRACKER] 08:46:46 无持仓
[TRACKER] 08:46:52 无持仓
[TRACKER] 本轮结束（将由 crontab 重新拉起）
[TRACKER] 启动，每 5 秒检查一次…
[TRACKER] 08:47:03 无持仓
[TRACKER] 08:47:10 无持仓
[TRACKER] 08:47:16 无持仓
[TRACKER] 08:47:23 无持仓
[TRACKER] 08:47:29 无持仓
[TRACKER] 08:47:36 无持仓
[TRACKER] 08:47:42 无持仓
[TRACKER] 08:47:48 无持仓
[TRACKER] 08:47:55 无持仓
[TRACKER] 本轮结束（将由 crontab 重新拉起）
[TRACKER] 启动，每 5 秒检查一次…
[TRACKER] 08:48:02 无持仓
[TRACKER] 08:48:09 无持仓
[TRACKER] 08:48:15 无持仓
[TRACKER] 08:48:21 无持仓
[TRACKER] 08:48:28 无持仓
[TRACKER] 08:48:34 无持仓
[TRACKER] 08:48:41 无持仓
[TRACKER] 08:48:48 无持仓
[TRACKER] 08:48:54 无持仓
[TRACKER] 本轮结束（将由 crontab 重新拉起）
[TRACKER] 启动，每 5 秒检查一次…
[TRACKER] 08:49:03 无持仓
[TRACKER] 08:49:10 无持仓
[TRACKER] 08:49:17 无持仓
[TRACKER] 08:49:24 无持仓
[TRACKER] 08:49:30 无持仓
[TRACKER] 08:49:36 无持仓
[TRACKER] 08:49:43 无持仓
[TRACKER] 08:49:49 无持仓
[TRACKER] 08:49:55 无持仓
[TRACKER] 本轮结束（将由 crontab 重新拉起）
[TRACKER] 启动，每 5 秒检查一次…
[TRACKER] 08:50:02 无持仓
[TRACKER] 08:50:09 无持仓
[TRACKER] 08:50:15 无持仓
[TRACKER] 08:50:22 无持仓
[TRACKER] 08:50:28 无持仓
[TRACKER] 08:50:34 无持仓
[TRACKER] 08:50:41 无持仓
[TRACKER] 08:50:47 无持仓
[TRACKER] 08:50:53 无持仓
[TRACKER] 本轮结束（将由 crontab 重新拉起）
[TRACKER] 启动，每 5 秒检查一次…
[TRACKER] 08:51:03 无持仓
[TRACKER] 08:51:10 无持仓
[TRACKER] 08:51:16 无持仓
[TRACKER] 08:51:23 无持仓
[TRACKER] 08:51:29 无持仓
[TRACKER] 08:51:35 无持仓
[TRACKER] 08:51:42 无持仓
[TRACKER] 08:51:48 无持仓
[TRACKER] 08:51:54 无持仓
[TRACKER] 本轮结束（将由 crontab 重新拉起）
[TRACKER] 启动，每 5 秒检查一次…
[TRACKER] 08:52:01 无持仓
[TRACKER] 08:52:08 无持仓
[TRACKER] 08:52:15 无持仓
[TRACKER] 08:52:21 无持仓
[TRACKER] 08:52:27 无持仓
[TRACKER] 08:52:34 无持仓
[TRACKER] 08:52:40 无持仓
[TRACKER] 08:52:46 无持仓
[TRACKER] 08:52:52 无持仓
[TRACKER] 本轮结束（将由 crontab 重新拉起）
[TRACKER] 启动，每 5 秒检查一次…
[TRACKER] 08:53:02 无持仓
[TRACKER] 08:53:09 无持仓
[TRACKER] 08:53:15 无持仓
[TRACKER] 08:53:22 无持仓
[TRACKER] 08:53:28 无持仓
[TRACKER] 08:53:34 无持仓
[TRACKER] 08:53:41 无持仓
[TRACKER] 08:53:48 无持仓
[TRACKER] 08:53:54 无持仓
[TRACKER] 本轮结束（将由 crontab 重新拉起）
[TRACKER] 启动，每 5 秒检查一次…
[TRACKER] 08:54:03 无持仓
[TRACKER] 08:54:09 无持仓
[TRACKER] 08:54:15 无持仓
[TRACKER] 08:54:21 无持仓
[TRACKER] 08:54:28 无持仓
[TRACKER] 08:54:34 无持仓
[TRACKER] 08:54:41 无持仓
[TRACKER] 08:54:47 无持仓
[TRACKER] 08:54:54 无持仓
[TRACKER] 本轮结束（将由 crontab 重新拉起）
[TRACKER] 启动，每 5 秒检查一次…
[TRACKER] 08:55:03 无持仓
[TRACKER] 08:55:09 无持仓
[TRACKER] 08:55:15 无持仓
[TRACKER] 08:55:22 无持仓
[TRACKER] 08:55:28 无持仓
[TRACKER] 08:55:34 无持仓
[TRACKER] 08:55:41 无持仓
[TRACKER] 08:55:47 无持仓
[TRACKER] 08:55:53 无持仓
[TRACKER] 本轮结束（将由 crontab 重新拉起）
[TRACKER] 启动，每 5 秒检查一次…
[TRACKER] 08:56:02 无持仓
[TRACKER] 08:56:09 无持仓
[TRACKER] 08:56:15 无持仓
[TRACKER] 08:56:21 无持仓
[TRACKER] 08:56:27 无持仓
[TRACKER] 08:56:34 无持仓
[TRACKER] 08:56:40 无持仓
[TRACKER] 08:56:47 无持仓
[TRACKER] 08:56:54 无持仓
[TRACKER] 本轮结束（将由 crontab 重新拉起）
[TRACKER] 启动，每 5 秒检查一次…
[TRACKER] 08:57:03 无持仓
[TRACKER] 08:57:09 无持仓
[TRACKER] 08:57:16 无持仓
[TRACKER] 08:57:23 无持仓
[TRACKER] 08:57:29 无持仓
[TRACKER] 08:57:35 无持仓
[TRACKER] 08:57:42 无持仓
[TRACKER] 08:57:48 无持仓
[TRACKER] 08:57:55 无持仓
[TRACKER] 本轮结束（将由 crontab 重新拉起）
[TRACKER] 启动，每 5 秒检查一次…
[TRACKER] 08:58:03 无持仓
[TRACKER] 08:58:09 无持仓
[TRACKER] 08:58:15 无持仓
[TRACKER] 08:58:21 无持仓
[TRACKER] 08:58:28 无持仓
[TRACKER] 08:58:34 无持仓
[TRACKER] 08:58:40 无持仓
[TRACKER] 08:58:47 无持仓
[TRACKER] 08:58:53 无持仓
[TRACKER] 本轮结束（将由 crontab 重新拉起）
[TRACKER] 启动，每 5 秒检查一次…
[TRACKER] 08:59:03 无持仓
[TRACKER] 08:59:10 无持仓
[TRACKER] 08:59:16 无持仓
[TRACKER] 08:59:23 无持仓
[TRACKER] 08:59:29 无持仓
[TRACKER] 08:59:36 无持仓
[TRACKER] 08:59:42 无持仓
[TRACKER] 08:59:48 无持仓
[TRACKER] 08:59:55 无持仓
[TRACKER] 本轮结束（将由 crontab 重新拉起）
[TRACKER] 启动，每 5 秒检查一次…
[TRACKER] 09:00:02 无持仓
[TRACKER] 09:00:08 持仓=1 盈利=0.0140U 亏损=0.0000U 净浮盈=0.0140U 手续费基数=0.0244U 阈值=0.1219U
[TRACKER] 09:00:15 持仓=1 盈利=0.0140U 亏损=0.0000U 净浮盈=0.0140U 手续费基数=0.0244U 阈值=0.1219U
[TRACKER] 09:00:21 持仓=1 盈利=0.0630U 亏损=0.0000U 净浮盈=0.0630U 手续费基数=0.0244U 阈值=0.1219U
[TRACKER] 09:00:28 持仓=1 盈利=0.1260U 亏损=0.0000U 净浮盈=0.1260U 手续费基数=0.0244U 阈值=0.1219U
[TRACKER] 🎯 净浮盈 0.1260 > 阈值 0.1219，开始平仓
   ✅ 平仓 DEXE/USDT:USDT 浮盈 0.1260U
[TRACKER] 09:00:35 无持仓
[TRACKER] 09:00:41 无持仓
[TRACKER] 09:00:47 无持仓
[TRACKER] 09:00:54 无持仓
[TRACKER] 本轮结束（将由 crontab 重新拉起）
[TRACKER] 启动，每 5 秒检查一次…
[TRACKER] 09:01:03 无持仓
[TRACKER] 09:01:09 无持仓
[TRACKER] 09:01:16 无持仓
[TRACKER] 09:01:22 无持仓
[TRACKER] 09:01:28 无持仓
[TRACKER] 09:01:35 无持仓
[TRACKER] 09:01:41 无持仓
[TRACKER] 09:01:48 无持仓
[TRACKER] 09:01:54 无持仓
[TRACKER] 本轮结束（将由 crontab 重新拉起）
[TRACKER] 启动，每 5 秒检查一次…
[TRACKER] 09:02:02 无持仓
[TRACKER] 09:02:08 无持仓
[TRACKER] 09:02:14 无持仓
[TRACKER] 09:02:21 无持仓
[TRACKER] 09:02:27 无持仓
[TRACKER] 09:02:34 无持仓
[TRACKER] 09:02:41 无持仓
[TRACKER] 09:02:47 无持仓
[TRACKER] 09:02:54 无持仓
[TRACKER] 本轮结束（将由 crontab 重新拉起）
[TRACKER] 启动，每 5 秒检查一次…
[TRACKER] 09:03:02 无持仓
[TRACKER] 09:03:09 无持仓
[TRACKER] 09:03:15 无持仓
[TRACKER] 09:03:22 无持仓
[TRACKER] 09:03:28 无持仓
[TRACKER] 09:03:35 无持仓
[TRACKER] 09:03:41 无持仓
[TRACKER] 09:03:47 无持仓
[TRACKER] 09:03:53 无持仓
[TRACKER] 本轮结束（将由 crontab 重新拉起）
[TRACKER] 启动，每 5 秒检查一次…
[TRACKER] 09:04:02 无持仓
[TRACKER] 09:04:09 无持仓
[TRACKER] 09:04:15 无持仓
[TRACKER] 09:04:22 无持仓
[TRACKER] 09:04:28 无持仓
[TRACKER] 09:04:35 无持仓
[TRACKER] 09:04:42 无持仓
[TRACKER] 09:04:48 无持仓
[TRACKER] 09:04:54 无持仓
[TRACKER] 本轮结束（将由 crontab 重新拉起）
[TRACKER] 启动，每 5 秒检查一次…
[TRACKER] 09:05:03 无持仓
[TRACKER] 09:05:10 无持仓
[TRACKER] 09:05:16 无持仓
[TRACKER] 09:05:23 无持仓
[TRACKER] 09:05:29 无持仓
[TRACKER] 09:05:36 无持仓
[TRACKER] 09:05:42 无持仓
[TRACKER] 09:05:49 无持仓
[TRACKER] 09:05:55 无持仓
[TRACKER] 本轮结束（将由 crontab 重新拉起）
[TRACKER] 启动，每 5 秒检查一次…
[TRACKER] 09:06:02 无持仓
[TRACKER] 09:06:08 无持仓
[TRACKER] 09:06:15 无持仓
[TRACKER] 09:06:21 无持仓
[TRACKER] 09:06:28 无持仓
[TRACKER] 09:06:34 无持仓
[TRACKER] 09:06:40 无持仓
[TRACKER] 09:06:47 无持仓
[TRACKER] 09:06:53 无持仓
[TRACKER] 本轮结束（将由 crontab 重新拉起）
[TRACKER] 启动，每 5 秒检查一次…
[TRACKER] 09:07:03 无持仓
[TRACKER] 09:07:10 无持仓
[TRACKER] 09:07:16 无持仓
[TRACKER] 09:07:22 无持仓
[TRACKER] 09:07:29 无持仓
[TRACKER] 09:07:35 无持仓
[TRACKER] 09:07:42 无持仓
[TRACKER] 09:07:49 无持仓
[TRACKER] 09:07:55 无持仓
[TRACKER] 本轮结束（将由 crontab 重新拉起）
[TRACKER] 启动，每 5 秒检查一次…
[TRACKER] 09:08:02 无持仓
[TRACKER] 09:08:08 无持仓
[TRACKER] 09:08:15 无持仓
[TRACKER] 09:08:21 无持仓
[TRACKER] 09:08:28 无持仓
[TRACKER] 09:08:34 无持仓
[TRACKER] 09:08:40 无持仓
[TRACKER] 09:08:47 无持仓
[TRACKER] 09:08:53 无持仓
[TRACKER] 本轮结束（将由 crontab 重新拉起）
[TRACKER] 启动，每 5 秒检查一次…
[TRACKER] 09:09:03 无持仓
[TRACKER] 09:09:09 无持仓
[TRACKER] 09:09:16 无持仓
[TRACKER] 09:09:22 无持仓
[TRACKER] 09:09:29 无持仓
[TRACKER] 09:09:36 无持仓
[TRACKER] 09:09:42 无持仓
[TRACKER] 09:09:49 无持仓
[TRACKER] 09:09:56 无持仓
[TRACKER] 本轮结束（将由 crontab 重新拉起）
[TRACKER] 启动，每 5 秒检查一次…
[TRACKER] 09:10:03 无持仓
[TRACKER] 09:10:09 无持仓
[TRACKER] 09:10:16 无持仓
[TRACKER] 09:10:22 无持仓
[TRACKER] 09:10:28 无持仓
[TRACKER] 09:10:35 无持仓
[TRACKER] 09:10:42 无持仓
[TRACKER] 09:10:48 无持仓
[TRACKER] 09:10:55 无持仓
[TRACKER] 本轮结束（将由 crontab 重新拉起）
[TRACKER] 启动，每 5 秒检查一次…
[TRACKER] 09:11:01 无持仓
[TRACKER] 09:11:08 无持仓
[TRACKER] 09:11:14 无持仓
[TRACKER] 09:11:20 无持仓
[TRACKER] 09:11:27 无持仓
[TRACKER] 09:11:33 无持仓
[TRACKER] 09:11:40 无持仓
[TRACKER] 09:11:46 无持仓
[TRACKER] 09:11:53 无持仓
[TRACKER] 本轮结束（将由 crontab 重新拉起）
[TRACKER] 启动，每 5 秒检查一次…
[TRACKER] 09:12:03 无持仓
[TRACKER] 09:12:09 无持仓
[TRACKER] 09:12:15 无持仓
[TRACKER] 09:12:22 无持仓
[TRACKER] 09:12:28 无持仓
[TRACKER] 09:12:35 无持仓
[TRACKER] 09:12:41 无持仓
[TRACKER] 09:12:47 无持仓
[TRACKER] 09:12:54 无持仓
[TRACKER] 本轮结束（将由 crontab 重新拉起）
[TRACKER] 启动，每 5 秒检查一次…
[TRACKER] 09:13:02 无持仓
[TRACKER] 09:13:09 无持仓
[TRACKER] 09:13:15 无持仓
[TRACKER] 09:13:22 无持仓
[TRACKER] 09:13:28 无持仓
[TRACKER] 09:13:34 无持仓
[TRACKER] 09:13:41 无持仓
[TRACKER] 09:13:47 无持仓
[TRACKER] 09:13:54 无持仓
[TRACKER] 本轮结束（将由 crontab 重新拉起）
[TRACKER] 启动，每 5 秒检查一次…
[TRACKER] 09:14:02 无持仓
[TRACKER] 09:14:09 无持仓
[TRACKER] 09:14:15 无持仓
[TRACKER] 09:14:22 无持仓
[TRACKER] 09:14:29 无持仓
[TRACKER] 09:14:35 无持仓
[TRACKER] 09:14:42 无持仓
[TRACKER] 09:14:48 无持仓
[TRACKER] 09:14:55 无持仓
[TRACKER] 本轮结束（将由 crontab 重新拉起）
[TRACKER] 启动，每 5 秒检查一次…
[TRACKER] 09:15:02 无持仓
[TRACKER] 09:15:08 无持仓
[TRACKER] 09:15:14 无持仓
[TRACKER] 09:15:21 无持仓
[TRACKER] 09:15:28 无持仓
[TRACKER] 09:15:34 无持仓
[TRACKER] 09:15:41 无持仓
[TRACKER] 09:15:47 无持仓
[TRACKER] 09:15:53 无持仓
[TRACKER] 本轮结束（将由 crontab 重新拉起）
[TRACKER] 启动，每 5 秒检查一次…
[TRACKER] 09:16:03 无持仓
[TRACKER] 09:16:09 无持仓
[TRACKER] 09:16:15 无持仓
[TRACKER] 09:16:22 无持仓
[TRACKER] 09:16:28 无持仓
[TRACKER] 09:16:35 无持仓
[TRACKER] 09:16:41 无持仓
[TRACKER] 09:16:47 无持仓
[TRACKER] 09:16:54 无持仓
[TRACKER] 本轮结束（将由 crontab 重新拉起）
[TRACKER] 启动，每 5 秒检查一次…
[TRACKER] 09:17:02 无持仓
[TRACKER] 09:17:09 无持仓
[TRACKER] 09:17:15 无持仓
[TRACKER] 09:17:22 无持仓
[TRACKER] 09:17:28 无持仓
[TRACKER] 09:17:34 无持仓
[TRACKER] 09:17:40 无持仓
[TRACKER] 09:17:47 无持仓
[TRACKER] 09:17:53 无持仓
[TRACKER] 本轮结束（将由 crontab 重新拉起）
[TRACKER] 启动，每 5 秒检查一次…
[TRACKER] 09:18:03 无持仓
[TRACKER] 09:18:10 无持仓
[TRACKER] 09:18:16 无持仓
[TRACKER] 09:18:22 无持仓
[TRACKER] 09:18:29 无持仓
[TRACKER] 09:18:35 无持仓
[TRACKER] 09:18:42 无持仓
[TRACKER] 09:18:48 无持仓
[TRACKER] 09:18:54 无持仓
[TRACKER] 本轮结束（将由 crontab 重新拉起）
[TRACKER] 启动，每 5 秒检查一次…
[TRACKER] 09:19:03 无持仓
[TRACKER] 09:19:09 无持仓
[TRACKER] 09:19:16 无持仓
[TRACKER] 09:19:22 无持仓
[TRACKER] 09:19:29 无持仓
[TRACKER] 09:19:35 无持仓
[TRACKER] 09:19:42 无持仓
[TRACKER] 09:19:49 无持仓
[TRACKER] 09:19:55 无持仓
[TRACKER] 本轮结束（将由 crontab 重新拉起）
[TRACKER] 启动，每 5 秒检查一次…
[TRACKER] 09:20:02 无持仓
[TRACKER] 09:20:08 无持仓
[TRACKER] 09:20:14 无持仓
[TRACKER] 09:20:21 无持仓
[TRACKER] 09:20:27 无持仓
[TRACKER] 09:20:33 无持仓
[TRACKER] 09:20:40 无持仓
[TRACKER] 09:20:46 无持仓
[TRACKER] 09:20:52 无持仓
[TRACKER] 本轮结束（将由 crontab 重新拉起）
[TRACKER] 启动，每 5 秒检查一次…
[TRACKER] 09:21:02 无持仓
[TRACKER] 09:21:09 无持仓
[TRACKER] 09:21:15 无持仓
[TRACKER] 09:21:22 无持仓
[TRACKER] 09:21:28 无持仓
[TRACKER] 09:21:35 无持仓
[TRACKER] 09:21:41 无持仓
[TRACKER] 09:21:48 无持仓
[TRACKER] 09:21:54 无持仓
[TRACKER] 本轮结束（将由 crontab 重新拉起）
[TRACKER] 启动，每 5 秒检查一次…
[TRACKER] 09:22:03 无持仓
[TRACKER] 09:22:10 无持仓
[TRACKER] 09:22:16 无持仓
[TRACKER] 09:22:23 无持仓
[TRACKER] 09:22:29 无持仓
[TRACKER] 09:22:36 无持仓
[TRACKER] 09:22:43 无持仓
[TRACKER] 09:22:49 无持仓
[TRACKER] 09:22:56 无持仓
[TRACKER] 本轮结束（将由 crontab 重新拉起）
[TRACKER] 启动，每 5 秒检查一次…
[TRACKER] 09:23:02 无持仓
[TRACKER] 09:23:09 无持仓
[TRACKER] 09:23:15 无持仓
[TRACKER] 09:23:21 无持仓
[TRACKER] 09:23:28 无持仓
[TRACKER] 09:23:34 无持仓
[TRACKER] 09:23:40 无持仓
[TRACKER] 09:23:47 无持仓
[TRACKER] 09:23:53 无持仓
[TRACKER] 本轮结束（将由 crontab 重新拉起）
[TRACKER] 启动，每 5 秒检查一次…
[TRACKER] 09:24:03 无持仓
[TRACKER] 09:24:09 无持仓
[TRACKER] 09:24:16 无持仓
[TRACKER] 09:24:22 无持仓
[TRACKER] 09:24:29 无持仓
[TRACKER] 09:24:35 无持仓
[TRACKER] 09:24:42 无持仓
[TRACKER] 09:24:48 无持仓
[TRACKER] 09:24:54 无持仓
[TRACKER] 本轮结束（将由 crontab 重新拉起）
[TRACKER] 启动，每 5 秒检查一次…
[TRACKER] 09:25:02 无持仓
[TRACKER] 09:25:08 无持仓
[TRACKER] 09:25:15 无持仓
[TRACKER] 09:25:21 无持仓
[TRACKER] 09:25:28 无持仓
[TRACKER] 09:25:34 无持仓
[TRACKER] 09:25:41 无持仓
[TRACKER] 09:25:47 无持仓
[TRACKER] 09:25:53 无持仓
[TRACKER] 本轮结束（将由 crontab 重新拉起）
[TRACKER] 启动，每 5 秒检查一次…
[TRACKER] 09:26:03 无持仓
[TRACKER] 09:26:09 无持仓
[TRACKER] 09:26:15 无持仓
[TRACKER] 09:26:22 无持仓
[TRACKER] 09:26:29 无持仓
[TRACKER] 09:26:35 无持仓
[TRACKER] 09:26:42 无持仓
[TRACKER] 09:26:48 无持仓
[TRACKER] 09:26:55 无持仓
[TRACKER] 本轮结束（将由 crontab 重新拉起）
[TRACKER] 启动，每 5 秒检查一次…
[TRACKER] 09:27:01 无持仓
[TRACKER] 09:27:08 无持仓
[TRACKER] 09:27:14 无持仓
[TRACKER] 09:27:21 无持仓
[TRACKER] 09:27:27 无持仓
[TRACKER] 09:27:34 无持仓
[TRACKER] 09:27:40 无持仓
[TRACKER] 09:27:47 无持仓
[TRACKER] 09:27:53 无持仓
[TRACKER] 本轮结束（将由 crontab 重新拉起）
[TRACKER] 启动，每 5 秒检查一次…
[TRACKER] 09:28:03 无持仓
[TRACKER] 09:28:09 无持仓
[TRACKER] 09:28:16 无持仓
[TRACKER] 09:28:22 无持仓
[TRACKER] 09:28:28 无持仓
[TRACKER] 09:28:35 无持仓
[TRACKER] 09:28:41 无持仓
[TRACKER] 09:28:48 无持仓
[TRACKER] 09:28:54 无持仓
[TRACKER] 本轮结束（将由 crontab 重新拉起）
[TRACKER] 启动，每 5 秒检查一次…
[TRACKER] 09:29:03 无持仓
[TRACKER] 09:29:10 无持仓
[TRACKER] 09:29:16 无持仓
[TRACKER] 09:29:23 无持仓
[TRACKER] 09:29:29 无持仓
[TRACKER] 09:29:35 无持仓
[TRACKER] 09:29:42 无持仓
[TRACKER] 09:29:48 无持仓
[TRACKER] 09:29:55 无持仓
[TRACKER] 本轮结束（将由 crontab 重新拉起）
[TRACKER] 启动，每 5 秒检查一次…
[TRACKER] 09:30:02 无持仓
[TRACKER] 09:30:09 无持仓
[TRACKER] 09:30:15 无持仓
[TRACKER] 09:30:21 无持仓
[TRACKER] 09:30:27 无持仓
[TRACKER] 09:30:34 无持仓
[TRACKER] 09:30:40 无持仓
[TRACKER] 09:30:47 无持仓
[TRACKER] 09:30:53 无持仓
[TRACKER] 本轮结束（将由 crontab 重新拉起）
[TRACKER] 启动，每 5 秒检查一次…
[TRACKER] 09:31:03 无持仓
[TRACKER] 09:31:09 无持仓
[TRACKER] 09:31:16 无持仓
[TRACKER] 09:31:22 无持仓
[TRACKER] 09:31:28 无持仓
[TRACKER] 09:31:34 无持仓
[TRACKER] 09:31:41 无持仓
[TRACKER] 09:31:47 无持仓
[TRACKER] 09:31:54 无持仓
[TRACKER] 本轮结束（将由 crontab 重新拉起）
[TRACKER] 启动，每 5 秒检查一次…
[TRACKER] 09:32:03 无持仓
[TRACKER] 09:32:09 无持仓
[TRACKER] 09:32:15 无持仓
[TRACKER] 09:32:22 无持仓
[TRACKER] 09:32:28 无持仓
[TRACKER] 09:32:35 无持仓
[TRACKER] 09:32:41 无持仓
[TRACKER] 09:32:48 无持仓
[TRACKER] 09:32:54 无持仓
[TRACKER] 本轮结束（将由 crontab 重新拉起）
[TRACKER] 启动，每 5 秒检查一次…
[TRACKER] 09:33:03 无持仓
[TRACKER] 09:33:10 无持仓
[TRACKER] 09:33:16 无持仓
[TRACKER] 09:33:23 无持仓
[TRACKER] 09:33:29 无持仓
[TRACKER] 09:33:36 无持仓
[TRACKER] 09:33:43 无持仓
[TRACKER] 09:33:49 无持仓
[TRACKER] 09:33:55 无持仓
[TRACKER] 本轮结束（将由 crontab 重新拉起）
[TRACKER] 启动，每 5 秒检查一次…
[TRACKER] 09:34:03 无持仓
[TRACKER] 09:34:09 无持仓
[TRACKER] 09:34:16 无持仓
[TRACKER] 09:34:22 无持仓
[TRACKER] 09:34:28 无持仓
[TRACKER] 09:34:35 无持仓
[TRACKER] 09:34:41 无持仓
[TRACKER] 09:34:48 无持仓
[TRACKER] 09:34:55 无持仓
[TRACKER] 本轮结束（将由 crontab 重新拉起）
[TRACKER] 启动，每 5 秒检查一次…
[TRACKER] 09:35:02 无持仓
[TRACKER] 09:35:08 无持仓
[TRACKER] 09:35:15 无持仓
[TRACKER] 09:35:22 无持仓
[TRACKER] 09:35:28 无持仓
[TRACKER] 09:35:34 无持仓
[TRACKER] 09:35:41 无持仓
[TRACKER] 09:35:47 无持仓
[TRACKER] 09:35:53 无持仓
[TRACKER] 本轮结束（将由 crontab 重新拉起）
[TRACKER] 启动，每 5 秒检查一次…
[TRACKER] 09:36:03 无持仓
[TRACKER] 09:36:09 无持仓
[TRACKER] 09:36:16 无持仓
[TRACKER] 09:36:22 无持仓
[TRACKER] 09:36:29 无持仓
[TRACKER] 09:36:35 无持仓
[TRACKER] 09:36:41 无持仓
[TRACKER] 09:36:48 无持仓
[TRACKER] 09:36:54 无持仓
[TRACKER] 本轮结束（将由 crontab 重新拉起）
[TRACKER] 启动，每 5 秒检查一次…
[TRACKER] 09:37:03 无持仓
[TRACKER] 09:37:10 无持仓
[TRACKER] 09:37:17 无持仓
[TRACKER] 09:37:23 无持仓
[TRACKER] 09:37:29 无持仓
[TRACKER] 09:37:36 无持仓
[TRACKER] 09:37:42 无持仓
[TRACKER] 09:37:48 无持仓
[TRACKER] 09:37:55 无持仓
[TRACKER] 本轮结束（将由 crontab 重新拉起）
[TRACKER] 启动，每 5 秒检查一次…
[TRACKER] 09:38:02 无持仓
[TRACKER] 09:38:08 无持仓
[TRACKER] 09:38:14 无持仓
[TRACKER] 09:38:21 无持仓
[TRACKER] 09:38:27 无持仓
[TRACKER] 09:38:34 无持仓
[TRACKER] 09:38:40 无持仓
[TRACKER] 09:38:47 无持仓
[TRACKER] 09:38:53 无持仓
[TRACKER] 本轮结束（将由 crontab 重新拉起）
[TRACKER] 启动，每 5 秒检查一次…
[TRACKER] 09:39:03 无持仓
[TRACKER] 09:39:10 无持仓
[TRACKER] 09:39:17 无持仓
[TRACKER] 09:39:23 无持仓
[TRACKER] 09:39:29 无持仓
[TRACKER] 09:39:36 无持仓
[TRACKER] 09:39:42 无持仓
[TRACKER] 09:39:48 无持仓
[TRACKER] 09:39:55 无持仓
[TRACKER] 本轮结束（将由 crontab 重新拉起）
[TRACKER] 启动，每 5 秒检查一次…
[TRACKER] 09:40:02 无持仓
[TRACKER] 09:40:08 无持仓
[TRACKER] 09:40:15 无持仓
[TRACKER] 09:40:21 无持仓
[TRACKER] 09:40:28 无持仓
[TRACKER] 09:40:34 无持仓
[TRACKER] 09:40:41 无持仓
[TRACKER] 09:40:47 无持仓
[TRACKER] 09:40:54 无持仓
[TRACKER] 本轮结束（将由 crontab 重新拉起）
[TRACKER] 启动，每 5 秒检查一次…
[TRACKER] 09:41:02 无持仓
[TRACKER] 09:41:09 无持仓
[TRACKER] 09:41:15 无持仓
[TRACKER] 09:41:22 无持仓
[TRACKER] 09:41:28 无持仓
[TRACKER] 09:41:34 无持仓
[TRACKER] 09:41:41 无持仓
[TRACKER] 09:41:47 无持仓
[TRACKER] 09:41:54 无持仓
[TRACKER] 本轮结束（将由 crontab 重新拉起）
[TRACKER] 启动，每 5 秒检查一次…
[TRACKER] 09:42:03 无持仓
[TRACKER] 09:42:09 无持仓
[TRACKER] 09:42:15 无持仓
[TRACKER] 09:42:22 无持仓
[TRACKER] 09:42:28 无持仓
[TRACKER] 09:42:35 无持仓
[TRACKER] 09:42:41 无持仓
[TRACKER] 09:42:48 无持仓
[TRACKER] 09:42:54 无持仓
[TRACKER] 本轮结束（将由 crontab 重新拉起）
[TRACKER] 启动，每 5 秒检查一次…
[TRACKER] 09:43:03 无持仓
[TRACKER] 09:43:10 无持仓
[TRACKER] 09:43:16 无持仓
[TRACKER] 09:43:22 无持仓
[TRACKER] 09:43:29 无持仓
[TRACKER] 09:43:35 无持仓
[TRACKER] 09:43:41 无持仓
[TRACKER] 09:43:48 无持仓
[TRACKER] 09:43:54 无持仓
[TRACKER] 本轮结束（将由 crontab 重新拉起）
[TRACKER] 启动，每 5 秒检查一次…
[TRACKER] 09:44:03 无持仓
[TRACKER] 09:44:09 无持仓
[TRACKER] 09:44:16 无持仓
[TRACKER] 09:44:22 无持仓
[TRACKER] 09:44:29 无持仓
[TRACKER] 09:44:36 无持仓
[TRACKER] 09:44:43 无持仓
[TRACKER] 09:44:50 无持仓
[TRACKER] 09:44:56 无持仓
[TRACKER] 本轮结束（将由 crontab 重新拉起）
[TRACKER] 启动，每 5 秒检查一次…
[TRACKER] 09:45:03 无持仓
[TRACKER] 09:45:10 无持仓
[TRACKER] 09:45:16 无持仓
[TRACKER] 09:45:23 无持仓
[TRACKER] 09:45:29 无持仓
[TRACKER] 09:45:36 无持仓
[TRACKER] 09:45:42 无持仓
[TRACKER] 09:45:48 无持仓
[TRACKER] 09:45:55 无持仓
[TRACKER] 本轮结束（将由 crontab 重新拉起）
[TRACKER] 启动，每 5 秒检查一次…
[TRACKER] 09:46:02 无持仓
[TRACKER] 09:46:08 无持仓
[TRACKER] 09:46:15 无持仓
[TRACKER] 09:46:22 无持仓
[TRACKER] 09:46:28 无持仓
[TRACKER] 09:46:35 无持仓
[TRACKER] 09:46:41 无持仓
[TRACKER] 09:46:48 无持仓
[TRACKER] 09:46:54 无持仓
[TRACKER] 本轮结束（将由 crontab 重新拉起）
[TRACKER] 启动，每 5 秒检查一次…
[TRACKER] 09:47:03 无持仓
[TRACKER] 09:47:10 无持仓
[TRACKER] 09:47:17 无持仓
[TRACKER] 09:47:23 无持仓
[TRACKER] 09:47:29 无持仓
[TRACKER] 09:47:36 无持仓
[TRACKER] 09:47:43 无持仓
[TRACKER] 09:47:49 无持仓
[TRACKER] 09:47:56 无持仓
[TRACKER] 本轮结束（将由 crontab 重新拉起）
[TRACKER] 启动，每 5 秒检查一次…
[TRACKER] 09:48:03 无持仓
[TRACKER] 09:48:09 无持仓
[TRACKER] 09:48:15 无持仓
[TRACKER] 09:48:22 无持仓
[TRACKER] 09:48:28 无持仓
[TRACKER] 09:48:34 无持仓
[TRACKER] 09:48:40 无持仓
[TRACKER] 09:48:47 无持仓
[TRACKER] 09:48:53 无持仓
[TRACKER] 本轮结束（将由 crontab 重新拉起）
[TRACKER] 启动，每 5 秒检查一次…
[TRACKER] 09:49:03 无持仓
[TRACKER] 09:49:10 无持仓
[TRACKER] 09:49:16 无持仓
[TRACKER] 09:49:23 无持仓
[TRACKER] 09:49:29 无持仓
[TRACKER] 09:49:36 无持仓
[TRACKER] 09:49:42 无持仓
[TRACKER] 09:49:48 无持仓
[TRACKER] 09:49:55 无持仓
[TRACKER] 本轮结束（将由 crontab 重新拉起）
[TRACKER] 启动，每 5 秒检查一次…
[TRACKER] 09:50:02 无持仓
[TRACKER] 09:50:09 无持仓
[TRACKER] 09:50:15 无持仓
[TRACKER] 09:50:22 无持仓
[TRACKER] 09:50:28 无持仓
[TRACKER] 09:50:35 无持仓
[TRACKER] 09:50:41 无持仓
[TRACKER] 09:50:48 无持仓
[TRACKER] 09:50:54 无持仓
[TRACKER] 本轮结束（将由 crontab 重新拉起）
[TRACKER] 启动，每 5 秒检查一次…
[TRACKER] 09:51:03 无持仓
[TRACKER] 09:51:10 无持仓
[TRACKER] 09:51:17 无持仓
[TRACKER] 09:51:23 无持仓
[TRACKER] 09:51:30 无持仓
[TRACKER] 09:51:36 无持仓
[TRACKER] 09:51:42 无持仓
[TRACKER] 09:51:48 无持仓
[TRACKER] 09:51:55 无持仓
[TRACKER] 本轮结束（将由 crontab 重新拉起）
[TRACKER] 启动，每 5 秒检查一次…
[TRACKER] 09:52:02 无持仓
[TRACKER] 09:52:08 无持仓
[TRACKER] 09:52:14 无持仓
[TRACKER] 09:52:21 无持仓
[TRACKER] 09:52:27 无持仓
[TRACKER] 09:52:34 无持仓
[TRACKER] 09:52:40 无持仓
[TRACKER] 09:52:46 无持仓
[TRACKER] 09:52:53 无持仓
[TRACKER] 本轮结束（将由 crontab 重新拉起）
[TRACKER] 启动，每 5 秒检查一次…
[TRACKER] 09:53:03 无持仓
[TRACKER] 09:53:09 无持仓
[TRACKER] 09:53:16 无持仓
[TRACKER] 09:53:23 无持仓
[TRACKER] 09:53:29 无持仓
[TRACKER] 09:53:35 无持仓
[TRACKER] 09:53:41 无持仓
[TRACKER] 09:53:48 无持仓
[TRACKER] 09:53:54 无持仓
[TRACKER] 本轮结束（将由 crontab 重新拉起）
[TRACKER] 启动，每 5 秒检查一次…
[TRACKER] 09:54:01 无持仓
[TRACKER] 09:54:08 无持仓
[TRACKER] 09:54:14 无持仓
[TRACKER] 09:54:21 无持仓
[TRACKER] 09:54:28 无持仓
[TRACKER] 09:54:34 无持仓
[TRACKER] 09:54:41 无持仓
[TRACKER] 09:54:47 无持仓
[TRACKER] 09:54:54 无持仓
[TRACKER] 本轮结束（将由 crontab 重新拉起）
[TRACKER] 启动，每 5 秒检查一次…
[TRACKER] 09:55:03 无持仓
[TRACKER] 09:55:09 无持仓
[TRACKER] 09:55:16 无持仓
[TRACKER] 09:55:22 无持仓
[TRACKER] 09:55:28 无持仓
[TRACKER] 09:55:35 无持仓
[TRACKER] 09:55:42 无持仓
[TRACKER] 09:55:48 无持仓
[TRACKER] 09:55:54 无持仓
[TRACKER] 本轮结束（将由 crontab 重新拉起）
[TRACKER] 启动，每 5 秒检查一次…
[TRACKER] 09:56:03 无持仓
[TRACKER] 09:56:09 无持仓
[TRACKER] 09:56:16 无持仓
[TRACKER] 09:56:22 无持仓
[TRACKER] 09:56:29 无持仓
[TRACKER] 09:56:35 无持仓
[TRACKER] 09:56:42 无持仓
[TRACKER] 09:56:48 无持仓
[TRACKER] 09:56:54 无持仓
[TRACKER] 本轮结束（将由 crontab 重新拉起）
[TRACKER] 启动，每 5 秒检查一次…
[TRACKER] 09:57:04 无持仓
[TRACKER] 09:57:10 无持仓
[TRACKER] 09:57:17 无持仓
[TRACKER] 09:57:23 无持仓
[TRACKER] 09:57:29 无持仓
[TRACKER] 09:57:36 无持仓
[TRACKER] 09:57:42 无持仓
[TRACKER] 09:57:49 无持仓
[TRACKER] 09:57:56 无持仓
[TRACKER] 本轮结束（将由 crontab 重新拉起）
[TRACKER] 启动，每 5 秒检查一次…
[TRACKER] 09:58:02 无持仓
[TRACKER] 09:58:09 无持仓
[TRACKER] 09:58:15 无持仓
[TRACKER] 09:58:22 无持仓
[TRACKER] 09:58:28 无持仓
[TRACKER] 09:58:34 无持仓
[TRACKER] 09:58:41 无持仓
[TRACKER] 09:58:47 无持仓
[TRACKER] 09:58:54 无持仓
[TRACKER] 本轮结束（将由 crontab 重新拉起）
[TRACKER] 启动，每 5 秒检查一次…
[TRACKER] 09:59:03 无持仓
[TRACKER] 09:59:09 无持仓
[TRACKER] 09:59:16 无持仓
[TRACKER] 09:59:22 无持仓
[TRACKER] 09:59:28 无持仓
[TRACKER] 09:59:35 无持仓
[TRACKER] 09:59:41 无持仓
[TRACKER] 09:59:48 无持仓
[TRACKER] 09:59:54 无持仓
[TRACKER] 本轮结束（将由 crontab 重新拉起）
[TRACKER] 启动，每 5 秒检查一次…
[TRACKER] 10:00:03 无持仓
[TRACKER] 10:00:09 持仓=1 盈利=0.0000U 亏损=-0.0630U 净浮盈=-0.0630U 手续费基数=0.0223U 阈值=0.1115U
[TRACKER] 10:00:16 持仓=1 盈利=0.0000U 亏损=-0.1050U 净浮盈=-0.1050U 手续费基数=0.0223U 阈值=0.1115U
[TRACKER] 10:00:22 持仓=1 盈利=0.0000U 亏损=-0.1540U 净浮盈=-0.1540U 手续费基数=0.0223U 阈值=0.1115U
[TRACKER] 10:00:28 持仓=1 盈利=0.0000U 亏损=-0.1540U 净浮盈=-0.1540U 手续费基数=0.0223U 阈值=0.1115U
[TRACKER] 10:00:35 持仓=1 盈利=0.0000U 亏损=-0.1750U 净浮盈=-0.1750U 手续费基数=0.0223U 阈值=0.1115U
[TRACKER] 10:00:41 持仓=1 盈利=0.0000U 亏损=-0.1750U 净浮盈=-0.1750U 手续费基数=0.0223U 阈值=0.1115U
[TRACKER] 10:00:48 持仓=1 盈利=0.0000U 亏损=-0.1890U 净浮盈=-0.1890U 手续费基数=0.0223U 阈值=0.1115U
[TRACKER] 10:00:54 持仓=1 盈利=0.0000U 亏损=-0.1680U 净浮盈=-0.1680U 手续费基数=0.0223U 阈值=0.1115U
[TRACKER] 本轮结束（将由 crontab 重新拉起）
[TRACKER] 启动，每 5 秒检查一次…
[TRACKER] 10:01:03 持仓=1 盈利=0.0000U 亏损=-0.1610U 净浮盈=-0.1610U 手续费基数=0.0223U 阈值=0.1115U
[TRACKER] 10:01:10 持仓=1 盈利=0.0000U 亏损=-0.1260U 净浮盈=-0.1260U 手续费基数=0.0223U 阈值=0.1115U
[TRACKER] 10:01:16 持仓=1 盈利=0.0000U 亏损=-0.1400U 净浮盈=-0.1400U 手续费基数=0.0223U 阈值=0.1115U
[TRACKER] 10:01:22 持仓=1 盈利=0.0000U 亏损=-0.1050U 净浮盈=-0.1050U 手续费基数=0.0223U 阈值=0.1115U
[TRACKER] 10:01:29 持仓=1 盈利=0.0350U 亏损=0.0000U 净浮盈=0.0350U 手续费基数=0.0223U 阈值=0.1115U
[TRACKER] 10:01:36 持仓=1 盈利=0.0210U 亏损=0.0000U 净浮盈=0.0210U 手续费基数=0.0223U 阈值=0.1115U
[TRACKER] 10:01:42 持仓=1 盈利=0.0070U 亏损=0.0000U 净浮盈=0.0070U 手续费基数=0.0223U 阈值=0.1115U
[TRACKER] 10:01:48 持仓=1 盈利=0.0070U 亏损=0.0000U 净浮盈=0.0070U 手续费基数=0.0223U 阈值=0.1115U
[TRACKER] 10:01:55 持仓=1 盈利=0.0000U 亏损=-0.0490U 净浮盈=-0.0490U 手续费基数=0.0223U 阈值=0.1115U
[TRACKER] 本轮结束（将由 crontab 重新拉起）
[TRACKER] 启动，每 5 秒检查一次…
[TRACKER] 10:02:02 持仓=1 盈利=0.0000U 亏损=-0.0280U 净浮盈=-0.0280U 手续费基数=0.0223U 阈值=0.1115U
[TRACKER] 10:02:08 持仓=1 盈利=0.0000U 亏损=-0.0770U 净浮盈=-0.0770U 手续费基数=0.0223U 阈值=0.1115U
[TRACKER] 10:02:15 持仓=1 盈利=0.0000U 亏损=-0.0770U 净浮盈=-0.0770U 手续费基数=0.0223U 阈值=0.1115U
[TRACKER] 10:02:21 持仓=1 盈利=0.0000U 亏损=-0.0420U 净浮盈=-0.0420U 手续费基数=0.0223U 阈值=0.1115U
[TRACKER] 10:02:27 持仓=1 盈利=0.0000U 亏损=-0.0140U 净浮盈=-0.0140U 手续费基数=0.0223U 阈值=0.1115U
[TRACKER] 10:02:34 持仓=1 盈利=0.0000U 亏损=0.0000U 净浮盈=0.0000U 手续费基数=0.0223U 阈值=0.1115U
[TRACKER] 10:02:41 持仓=1 盈利=0.0000U 亏损=-0.0070U 净浮盈=-0.0070U 手续费基数=0.0223U 阈值=0.1115U
[TRACKER] 10:02:47 持仓=1 盈利=0.0000U 亏损=-0.0070U 净浮盈=-0.0070U 手续费基数=0.0223U 阈值=0.1115U
[TRACKER] 10:02:53 持仓=1 盈利=0.0070U 亏损=0.0000U 净浮盈=0.0070U 手续费基数=0.0223U 阈值=0.1115U
[TRACKER] 本轮结束（将由 crontab 重新拉起）
[TRACKER] 启动，每 5 秒检查一次…
[TRACKER] 10:03:03 持仓=1 盈利=0.0000U 亏损=-0.0210U 净浮盈=-0.0210U 手续费基数=0.0223U 阈值=0.1115U
[TRACKER] 10:03:09 持仓=1 盈利=0.0070U 亏损=0.0000U 净浮盈=0.0070U 手续费基数=0.0223U 阈值=0.1115U
[TRACKER] 10:03:15 持仓=1 盈利=0.0070U 亏损=0.0000U 净浮盈=0.0070U 手续费基数=0.0223U 阈值=0.1115U
[TRACKER] 10:03:22 持仓=1 盈利=0.0070U 亏损=0.0000U 净浮盈=0.0070U 手续费基数=0.0223U 阈值=0.1115U
[TRACKER] 10:03:28 持仓=1 盈利=0.0630U 亏损=0.0000U 净浮盈=0.0630U 手续费基数=0.0223U 阈值=0.1115U
[TRACKER] 10:03:35 持仓=1 盈利=0.0560U 亏损=0.0000U 净浮盈=0.0560U 手续费基数=0.0223U 阈值=0.1115U
[TRACKER] 10:03:41 持仓=1 盈利=0.0560U 亏损=0.0000U 净浮盈=0.0560U 手续费基数=0.0223U 阈值=0.1115U
[TRACKER] 10:03:47 持仓=1 盈利=0.0070U 亏损=0.0000U 净浮盈=0.0070U 手续费基数=0.0223U 阈值=0.1115U
[TRACKER] 10:03:54 持仓=1 盈利=0.0350U 亏损=0.0000U 净浮盈=0.0350U 手续费基数=0.0223U 阈值=0.1115U
[TRACKER] 本轮结束（将由 crontab 重新拉起）
[TRACKER] 启动，每 5 秒检查一次…
[TRACKER] 10:04:03 持仓=1 盈利=0.0000U 亏损=-0.0070U 净浮盈=-0.0070U 手续费基数=0.0223U 阈值=0.1115U
[TRACKER] 10:04:09 持仓=1 盈利=0.0280U 亏损=0.0000U 净浮盈=0.0280U 手续费基数=0.0223U 阈值=0.1115U
[TRACKER] 10:04:15 持仓=1 盈利=0.0000U 亏损=0.0000U 净浮盈=0.0000U 手续费基数=0.0223U 阈值=0.1115U
[TRACKER] 10:04:22 持仓=1 盈利=0.0350U 亏损=0.0000U 净浮盈=0.0350U 手续费基数=0.0223U 阈值=0.1115U
[TRACKER] 10:04:28 持仓=1 盈利=0.0490U 亏损=0.0000U 净浮盈=0.0490U 手续费基数=0.0223U 阈值=0.1115U
[TRACKER] 10:04:35 持仓=1 盈利=0.0630U 亏损=0.0000U 净浮盈=0.0630U 手续费基数=0.0223U 阈值=0.1115U
[TRACKER] 10:04:41 持仓=1 盈利=0.0700U 亏损=0.0000U 净浮盈=0.0700U 手续费基数=0.0223U 阈值=0.1115U
[TRACKER] 10:04:47 持仓=1 盈利=0.0910U 亏损=0.0000U 净浮盈=0.0910U 手续费基数=0.0223U 阈值=0.1115U
[TRACKER] 10:04:54 持仓=1 盈利=0.0000U 亏损=-0.0070U 净浮盈=-0.0070U 手续费基数=0.0223U 阈值=0.1115U
[TRACKER] 本轮结束（将由 crontab 重新拉起）
[TRACKER] 启动，每 5 秒检查一次…
[TRACKER] 10:05:03 持仓=1 盈利=0.0000U 亏损=-0.1330U 净浮盈=-0.1330U 手续费基数=0.0223U 阈值=0.1115U
[TRACKER] 10:05:09 持仓=1 盈利=0.0000U 亏损=-0.1890U 净浮盈=-0.1890U 手续费基数=0.0223U 阈值=0.1115U
[TRACKER] 10:05:15 持仓=1 盈利=0.0000U 亏损=-0.1610U 净浮盈=-0.1610U 手续费基数=0.0223U 阈值=0.1115U
[TRACKER] 10:05:22 持仓=1 盈利=0.0000U 亏损=-0.1960U 净浮盈=-0.1960U 手续费基数=0.0223U 阈值=0.1115U
[TRACKER] 10:05:28 持仓=1 盈利=0.0000U 亏损=-0.1750U 净浮盈=-0.1750U 手续费基数=0.0223U 阈值=0.1115U
[TRACKER] 10:05:34 持仓=1 盈利=0.0000U 亏损=-0.1750U 净浮盈=-0.1750U 手续费基数=0.0223U 阈值=0.1115U
[TRACKER] 10:05:41 持仓=1 盈利=0.0000U 亏损=-0.1890U 净浮盈=-0.1890U 手续费基数=0.0223U 阈值=0.1115U
[TRACKER] 10:05:47 持仓=1 盈利=0.0000U 亏损=-0.2030U 净浮盈=-0.2030U 手续费基数=0.0223U 阈值=0.1115U
[TRACKER] 10:05:53 持仓=1 盈利=0.0000U 亏损=-0.1960U 净浮盈=-0.1960U 手续费基数=0.0223U 阈值=0.1115U
[TRACKER] 本轮结束（将由 crontab 重新拉起）
[TRACKER] 启动，每 5 秒检查一次…
[TRACKER] 10:06:03 持仓=1 盈利=0.0000U 亏损=-0.1400U 净浮盈=-0.1400U 手续费基数=0.0223U 阈值=0.1115U
[TRACKER] 10:06:10 持仓=1 盈利=0.0000U 亏损=-0.2170U 净浮盈=-0.2170U 手续费基数=0.0223U 阈值=0.1115U
[TRACKER] 10:06:16 持仓=1 盈利=0.0000U 亏损=-0.0840U 净浮盈=-0.0840U 手续费基数=0.0223U 阈值=0.1115U
[TRACKER] 10:06:22 持仓=1 盈利=0.0000U 亏损=-0.0420U 净浮盈=-0.0420U 手续费基数=0.0223U 阈值=0.1115U
[TRACKER] 10:06:29 持仓=1 盈利=0.0000U 亏损=-0.0840U 净浮盈=-0.0840U 手续费基数=0.0223U 阈值=0.1115U
[TRACKER] 10:06:36 持仓=1 盈利=0.0700U 亏损=0.0000U 净浮盈=0.0700U 手续费基数=0.0223U 阈值=0.1115U
[TRACKER] 10:06:42 持仓=1 盈利=0.1190U 亏损=0.0000U 净浮盈=0.1190U 手续费基数=0.0223U 阈值=0.1115U
[TRACKER] 🎯 净浮盈 0.1190 > 阈值 0.1115，开始平仓
   ✅ 平仓 DEXE/USDT:USDT 浮盈 0.1190U
[TRACKER] 10:06:50 无持仓
[TRACKER] 10:06:56 无持仓
[TRACKER] 本轮结束（将由 crontab 重新拉起）
[TRACKER] 启动，每 5 秒检查一次…
[TRACKER] 10:07:03 无持仓
[TRACKER] 10:07:10 无持仓
[TRACKER] 10:07:16 无持仓
[TRACKER] 10:07:23 无持仓
[TRACKER] 10:07:29 无持仓
[TRACKER] 10:07:36 无持仓
[TRACKER] 10:07:42 无持仓
[TRACKER] 10:07:48 无持仓
[TRACKER] 10:07:55 无持仓
[TRACKER] 本轮结束（将由 crontab 重新拉起）
[TRACKER] 启动，每 5 秒检查一次…
[TRACKER] 10:08:02 无持仓
[TRACKER] 10:08:08 无持仓
[TRACKER] 10:08:14 无持仓
[TRACKER] 10:08:21 无持仓
[TRACKER] 10:08:27 无持仓
[TRACKER] 10:08:34 无持仓
[TRACKER] 10:08:40 无持仓
[TRACKER] 10:08:47 无持仓
[TRACKER] 10:08:53 无持仓
[TRACKER] 本轮结束（将由 crontab 重新拉起）
[TRACKER] 启动，每 5 秒检查一次…
[TRACKER] 10:09:03 无持仓
[TRACKER] 10:09:10 无持仓
[TRACKER] 10:09:16 无持仓
[TRACKER] 10:09:22 无持仓
[TRACKER] 10:09:29 无持仓
[TRACKER] 10:09:35 无持仓
[TRACKER] 10:09:42 无持仓
[TRACKER] 10:09:49 无持仓
[TRACKER] 10:09:55 无持仓
[TRACKER] 本轮结束（将由 crontab 重新拉起）
[TRACKER] 启动，每 5 秒检查一次…
[TRACKER] 10:10:02 无持仓
[TRACKER] 10:10:08 无持仓
[TRACKER] 10:10:15 无持仓
[TRACKER] 10:10:21 无持仓
[TRACKER] 10:10:28 无持仓
[TRACKER] 10:10:34 无持仓
[TRACKER] 10:10:40 无持仓
[TRACKER] 10:10:47 无持仓
[TRACKER] 10:10:53 无持仓
[TRACKER] 本轮结束（将由 crontab 重新拉起）
[TRACKER] 启动，每 5 秒检查一次…
[TRACKER] 10:11:03 无持仓
[TRACKER] 10:11:09 无持仓
[TRACKER] 10:11:16 无持仓
[TRACKER] 10:11:22 无持仓
[TRACKER] 10:11:29 无持仓
[TRACKER] 10:11:35 无持仓
[TRACKER] 10:11:41 无持仓
[TRACKER] 10:11:48 无持仓
[TRACKER] 10:11:54 无持仓
[TRACKER] 本轮结束（将由 crontab 重新拉起）
[TRACKER] 启动，每 5 秒检查一次…
[TRACKER] 10:12:03 无持仓
[TRACKER] 10:12:09 无持仓
[TRACKER] 10:12:16 无持仓
[TRACKER] 10:12:22 无持仓
[TRACKER] 10:12:29 无持仓
[TRACKER] 10:12:35 无持仓
[TRACKER] 10:12:42 无持仓
[TRACKER] 10:12:48 无持仓
[TRACKER] 10:12:55 无持仓
[TRACKER] 本轮结束（将由 crontab 重新拉起）
[TRACKER] 启动，每 5 秒检查一次…
[TRACKER] 10:13:02 无持仓
[TRACKER] 10:13:08 无持仓
[TRACKER] 10:13:15 无持仓
[TRACKER] 10:13:21 无持仓
[TRACKER] 10:13:28 无持仓
[TRACKER] 10:13:34 无持仓
[TRACKER] 10:13:41 无持仓
[TRACKER] 10:13:47 无持仓
[TRACKER] 10:13:54 无持仓
[TRACKER] 本轮结束（将由 crontab 重新拉起）
[TRACKER] 启动，每 5 秒检查一次…
[TRACKER] 10:14:03 无持仓
[TRACKER] 10:14:09 无持仓
[TRACKER] 10:14:16 无持仓
[TRACKER] 10:14:23 无持仓
[TRACKER] 10:14:29 无持仓
[TRACKER] 10:14:36 无持仓
[TRACKER] 10:14:42 无持仓
[TRACKER] 10:14:48 无持仓
[TRACKER] 10:14:55 无持仓
[TRACKER] 本轮结束（将由 crontab 重新拉起）
[TRACKER] 启动，每 5 秒检查一次…
[TRACKER] 10:15:02 无持仓
[TRACKER] 10:15:08 无持仓
[TRACKER] 10:15:14 无持仓
[TRACKER] 10:15:21 无持仓
[TRACKER] 10:15:27 无持仓
[TRACKER] 10:15:34 无持仓
[TRACKER] 10:15:40 无持仓
[TRACKER] 10:15:47 无持仓
[TRACKER] 10:15:53 无持仓
[TRACKER] 本轮结束（将由 crontab 重新拉起）
[TRACKER] 启动，每 5 秒检查一次…
[TRACKER] 10:16:03 无持仓
[TRACKER] 10:16:09 无持仓
[TRACKER] 10:16:16 无持仓
[TRACKER] 10:16:23 无持仓
[TRACKER] 10:16:29 无持仓
[TRACKER] 10:16:36 无持仓
[TRACKER] 10:16:42 无持仓
[TRACKER] 10:16:49 无持仓
[TRACKER] 10:16:55 无持仓
[TRACKER] 本轮结束（将由 crontab 重新拉起）
[TRACKER] 启动，每 5 秒检查一次…
[TRACKER] 10:17:02 无持仓
[TRACKER] 10:17:08 无持仓
[TRACKER] 10:17:15 无持仓
[TRACKER] 10:17:21 无持仓
[TRACKER] 10:17:27 无持仓
[TRACKER] 10:17:34 无持仓
[TRACKER] 10:17:40 无持仓
[TRACKER] 10:17:47 无持仓
[TRACKER] 10:17:53 无持仓
[TRACKER] 本轮结束（将由 crontab 重新拉起）
[TRACKER] 启动，每 5 秒检查一次…
[TRACKER] 10:18:03 无持仓
[TRACKER] 10:18:10 无持仓
[TRACKER] 10:18:16 无持仓
[TRACKER] 10:18:23 无持仓
[TRACKER] 10:18:29 无持仓
[TRACKER] 10:18:35 无持仓
[TRACKER] 10:18:41 无持仓
[TRACKER] 10:18:48 无持仓
[TRACKER] 10:18:54 无持仓
[TRACKER] 本轮结束（将由 crontab 重新拉起）
[TRACKER] 启动，每 5 秒检查一次…
[TRACKER] 10:19:03 无持仓
[TRACKER] 10:19:10 无持仓
[TRACKER] 10:19:16 无持仓
[TRACKER] 10:19:22 无持仓
[TRACKER] 10:19:29 无持仓
[TRACKER] 10:19:35 无持仓
[TRACKER] 10:19:42 无持仓
[TRACKER] 10:19:48 无持仓
[TRACKER] 10:19:54 无持仓
[TRACKER] 本轮结束（将由 crontab 重新拉起）
[TRACKER] 启动，每 5 秒检查一次…
[TRACKER] 10:20:02 无持仓
[TRACKER] 10:20:08 无持仓
[TRACKER] 10:20:15 无持仓
[TRACKER] 10:20:21 无持仓
[TRACKER] 10:20:28 无持仓
[TRACKER] 10:20:34 无持仓
[TRACKER] 10:20:40 无持仓
[TRACKER] 10:20:47 无持仓
[TRACKER] 10:20:53 无持仓
[TRACKER] 本轮结束（将由 crontab 重新拉起）
[TRACKER] 启动，每 5 秒检查一次…
[TRACKER] 10:21:03 无持仓
[TRACKER] 10:21:09 无持仓
[TRACKER] 10:21:15 无持仓
[TRACKER] 10:21:22 无持仓
[TRACKER] 10:21:28 无持仓
[TRACKER] 10:21:35 无持仓
[TRACKER] 10:21:41 无持仓
[TRACKER] 10:21:48 无持仓
[TRACKER] 10:21:55 无持仓
[TRACKER] 本轮结束（将由 crontab 重新拉起）
[TRACKER] 启动，每 5 秒检查一次…
[TRACKER] 10:22:02 无持仓
[TRACKER] 10:22:08 无持仓
[TRACKER] 10:22:14 无持仓
[TRACKER] 10:22:21 无持仓
[TRACKER] 10:22:27 无持仓
[TRACKER] 10:22:33 无持仓
[TRACKER] 10:22:40 无持仓
[TRACKER] 10:22:47 无持仓
[TRACKER] 10:22:53 无持仓
[TRACKER] 本轮结束（将由 crontab 重新拉起）
[TRACKER] 启动，每 5 秒检查一次…
[TRACKER] 10:23:03 无持仓
[TRACKER] 10:23:09 无持仓
[TRACKER] 10:23:15 无持仓
[TRACKER] 10:23:23 无持仓
[TRACKER] 10:23:29 无持仓
[TRACKER] 10:23:35 无持仓
[TRACKER] 10:23:42 无持仓
[TRACKER] 10:23:48 无持仓
[TRACKER] 10:23:54 无持仓
[TRACKER] 本轮结束（将由 crontab 重新拉起）
[TRACKER] 启动，每 5 秒检查一次…
[TRACKER] 10:24:03 无持仓
[TRACKER] 10:24:10 无持仓
[TRACKER] 10:24:16 无持仓
[TRACKER] 10:24:23 无持仓
[TRACKER] 10:24:29 无持仓
[TRACKER] 10:24:35 无持仓
[TRACKER] 10:24:41 无持仓
[TRACKER] 10:24:48 无持仓
[TRACKER] 10:24:54 无持仓
[TRACKER] 本轮结束（将由 crontab 重新拉起）
[TRACKER] 启动，每 5 秒检查一次…
[TRACKER] 10:25:03 无持仓
[TRACKER] 10:25:10 无持仓
[TRACKER] 10:25:16 无持仓
[TRACKER] 10:25:22 无持仓
[TRACKER] 10:25:29 无持仓
[TRACKER] 10:25:35 无持仓
[TRACKER] 10:25:41 无持仓
[TRACKER] 10:25:48 无持仓
[TRACKER] 10:25:54 无持仓
[TRACKER] 本轮结束（将由 crontab 重新拉起）
[TRACKER] 启动，每 5 秒检查一次…
[TRACKER] 10:26:03 无持仓
[TRACKER] 10:26:09 无持仓
[TRACKER] 10:26:15 无持仓
[TRACKER] 10:26:22 无持仓
[TRACKER] 10:26:28 无持仓
[TRACKER] 10:26:35 无持仓
[TRACKER] 10:26:41 无持仓
[TRACKER] 10:26:47 无持仓
[TRACKER] 10:26:54 无持仓
[TRACKER] 本轮结束（将由 crontab 重新拉起）
[TRACKER] 启动，每 5 秒检查一次…
[TRACKER] 10:27:03 无持仓
[TRACKER] 10:27:09 无持仓
[TRACKER] 10:27:16 无持仓
[TRACKER] 10:27:22 无持仓
[TRACKER] 10:27:29 无持仓
[TRACKER] 10:27:35 无持仓
[TRACKER] 10:27:42 无持仓
[TRACKER] 10:27:49 无持仓
[TRACKER] 10:27:55 无持仓
[TRACKER] 本轮结束（将由 crontab 重新拉起）
[TRACKER] 启动，每 5 秒检查一次…
[TRACKER] 10:28:02 无持仓
[TRACKER] 10:28:09 无持仓
[TRACKER] 10:28:15 无持仓
[TRACKER] 10:28:21 无持仓
[TRACKER] 10:28:28 无持仓
[TRACKER] 10:28:34 无持仓
[TRACKER] 10:28:40 无持仓
[TRACKER] 10:28:46 无持仓
[TRACKER] 10:28:53 无持仓
[TRACKER] 本轮结束（将由 crontab 重新拉起）
[TRACKER] 启动，每 5 秒检查一次…
[TRACKER] 10:29:03 无持仓
[TRACKER] 10:29:10 无持仓
[TRACKER] 10:29:16 无持仓
[TRACKER] 10:29:22 无持仓
[TRACKER] 10:29:29 无持仓
[TRACKER] 10:29:35 无持仓
[TRACKER] 10:29:41 无持仓
[TRACKER] 10:29:48 无持仓
[TRACKER] 10:29:55 无持仓
[TRACKER] 本轮结束（将由 crontab 重新拉起）
[TRACKER] 启动，每 5 秒检查一次…
[TRACKER] 10:30:02 无持仓
[TRACKER] 10:30:08 无持仓
[TRACKER] 10:30:14 无持仓
[TRACKER] 10:30:21 无持仓
[TRACKER] 10:30:27 无持仓
[TRACKER] 10:30:33 无持仓
[TRACKER] 10:30:40 无持仓
[TRACKER] 10:30:46 无持仓
[TRACKER] 10:30:53 无持仓
[TRACKER] 本轮结束（将由 crontab 重新拉起）
[TRACKER] 启动，每 5 秒检查一次…
[TRACKER] 10:31:02 无持仓
[TRACKER] 10:31:09 无持仓
[TRACKER] 10:31:15 无持仓
[TRACKER] 10:31:22 无持仓
[TRACKER] 10:31:28 无持仓
[TRACKER] 10:31:34 无持仓
[TRACKER] 10:31:41 无持仓
[TRACKER] 10:31:47 无持仓
[TRACKER] 10:31:54 无持仓
[TRACKER] 本轮结束（将由 crontab 重新拉起）
[TRACKER] 启动，每 5 秒检查一次…
[TRACKER] 10:32:02 无持仓
[TRACKER] 10:32:09 无持仓
[TRACKER] 10:32:15 无持仓
[TRACKER] 10:32:22 无持仓
[TRACKER] 10:32:28 无持仓
[TRACKER] 10:32:34 无持仓
[TRACKER] 10:32:41 无持仓
[TRACKER] 10:32:47 无持仓
[TRACKER] 10:32:53 无持仓
[TRACKER] 本轮结束（将由 crontab 重新拉起）
[TRACKER] 启动，每 5 秒检查一次…
[TRACKER] 10:33:03 无持仓
[TRACKER] 10:33:10 无持仓
[TRACKER] 10:33:17 无持仓
[TRACKER] 10:33:23 无持仓
[TRACKER] 10:33:30 无持仓
[TRACKER] 10:33:36 无持仓
[TRACKER] 10:33:42 无持仓
[TRACKER] 10:33:49 无持仓
[TRACKER] 10:33:55 无持仓
[TRACKER] 本轮结束（将由 crontab 重新拉起）
[TRACKER] 启动，每 5 秒检查一次…
[TRACKER] 10:34:02 无持仓
[TRACKER] 10:34:08 无持仓
[TRACKER] 10:34:15 无持仓
[TRACKER] 10:34:21 无持仓
[TRACKER] 10:34:28 无持仓
[TRACKER] 10:34:34 无持仓
[TRACKER] 10:34:41 无持仓
[TRACKER] 10:34:47 无持仓
[TRACKER] 10:34:53 无持仓
[TRACKER] 本轮结束（将由 crontab 重新拉起）
[TRACKER] 启动，每 5 秒检查一次…
[TRACKER] 10:35:04 无持仓
[TRACKER] 10:35:10 无持仓
[TRACKER] 10:35:16 无持仓
[TRACKER] 10:35:23 无持仓
[TRACKER] 10:35:29 无持仓
[TRACKER] 10:35:36 无持仓
[TRACKER] 10:35:42 无持仓
[TRACKER] 10:35:49 无持仓
[TRACKER] 10:35:55 无持仓
[TRACKER] 本轮结束（将由 crontab 重新拉起）
[TRACKER] 启动，每 5 秒检查一次…
[TRACKER] 10:36:03 无持仓
[TRACKER] 10:36:09 无持仓
[TRACKER] 10:36:15 无持仓
[TRACKER] 10:36:22 无持仓
[TRACKER] 10:36:28 无持仓
[TRACKER] 10:36:34 无持仓
[TRACKER] 10:36:41 无持仓
[TRACKER] 10:36:47 无持仓
[TRACKER] 10:36:54 无持仓
[TRACKER] 本轮结束（将由 crontab 重新拉起）
[TRACKER] 启动，每 5 秒检查一次…
[TRACKER] 10:37:03 无持仓
[TRACKER] 10:37:09 无持仓
[TRACKER] 10:37:16 无持仓
[TRACKER] 10:37:22 无持仓
[TRACKER] 10:37:28 无持仓
[TRACKER] 10:37:35 无持仓
[TRACKER] 10:37:41 无持仓
[TRACKER] 10:37:48 无持仓
[TRACKER] 10:37:54 无持仓
[TRACKER] 本轮结束（将由 crontab 重新拉起）
[TRACKER] 启动，每 5 秒检查一次…
[TRACKER] 10:38:03 无持仓
[TRACKER] 10:38:10 无持仓
[TRACKER] 10:38:17 无持仓
[TRACKER] 10:38:23 无持仓
[TRACKER] 10:38:29 无持仓
[TRACKER] 10:38:35 无持仓
[TRACKER] 10:38:42 无持仓
[TRACKER] 10:38:49 无持仓
[TRACKER] 10:38:55 无持仓
[TRACKER] 本轮结束（将由 crontab 重新拉起）
[TRACKER] 启动，每 5 秒检查一次…
[TRACKER] 10:39:02 无持仓
[TRACKER] 10:39:09 无持仓
[TRACKER] 10:39:15 无持仓
[TRACKER] 10:39:21 无持仓
[TRACKER] 10:39:27 无持仓
[TRACKER] 10:39:34 无持仓
[TRACKER] 10:39:40 无持仓
[TRACKER] 10:39:47 无持仓
[TRACKER] 10:39:53 无持仓
[TRACKER] 本轮结束（将由 crontab 重新拉起）
[TRACKER] 启动，每 5 秒检查一次…
[TRACKER] 10:40:03 无持仓
[TRACKER] 10:40:09 无持仓
[TRACKER] 10:40:16 无持仓
[TRACKER] 10:40:22 无持仓
[TRACKER] 10:40:29 无持仓
[TRACKER] 10:40:35 无持仓
[TRACKER] 10:40:42 无持仓
[TRACKER] 10:40:48 无持仓
[TRACKER] 10:40:54 无持仓
[TRACKER] 本轮结束（将由 crontab 重新拉起）
[TRACKER] 启动，每 5 秒检查一次…
[TRACKER] 10:41:01 无持仓
[TRACKER] 10:41:08 无持仓
[TRACKER] 10:41:14 无持仓
[TRACKER] 10:41:21 无持仓
[TRACKER] 10:41:27 无持仓
[TRACKER] 10:41:33 无持仓
[TRACKER] 10:41:40 无持仓
[TRACKER] 10:41:46 无持仓
[TRACKER] 10:41:52 无持仓
[TRACKER] 本轮结束（将由 crontab 重新拉起）
[TRACKER] 启动，每 5 秒检查一次…
[TRACKER] 10:42:03 无持仓
[TRACKER] 10:42:09 无持仓
[TRACKER] 10:42:16 无持仓
[TRACKER] 10:42:23 无持仓
[TRACKER] 10:42:30 无持仓
[TRACKER] 10:42:36 无持仓
[TRACKER] 10:42:43 无持仓
[TRACKER] 10:42:49 无持仓
[TRACKER] 10:42:56 无持仓
[TRACKER] 本轮结束（将由 crontab 重新拉起）
[TRACKER] 启动，每 5 秒检查一次…
[TRACKER] 10:43:03 无持仓
[TRACKER] 10:43:09 无持仓
[TRACKER] 10:43:15 无持仓
[TRACKER] 10:43:22 无持仓
[TRACKER] 10:43:28 无持仓
[TRACKER] 10:43:35 无持仓
[TRACKER] 10:43:41 无持仓
[TRACKER] 10:43:48 无持仓
[TRACKER] 10:43:54 无持仓
[TRACKER] 本轮结束（将由 crontab 重新拉起）
[TRACKER] 启动，每 5 秒检查一次…
[TRACKER] 10:44:02 无持仓
[TRACKER] 10:44:08 无持仓
[TRACKER] 10:44:15 无持仓
[TRACKER] 10:44:22 无持仓
[TRACKER] 10:44:28 无持仓
[TRACKER] 10:44:34 无持仓
[TRACKER] 10:44:41 无持仓
[TRACKER] 10:44:47 无持仓
[TRACKER] 10:44:53 无持仓
[TRACKER] 本轮结束（将由 crontab 重新拉起）
[TRACKER] 启动，每 5 秒检查一次…
[TRACKER] 10:45:02 无持仓
[TRACKER] 10:45:09 无持仓
[TRACKER] 10:45:15 无持仓
[TRACKER] 10:45:22 无持仓
[TRACKER] 10:45:28 无持仓
[TRACKER] 10:45:35 无持仓
[TRACKER] 10:45:41 无持仓
[TRACKER] 10:45:48 无持仓
[TRACKER] 10:45:54 无持仓
[TRACKER] 本轮结束（将由 crontab 重新拉起）
[TRACKER] 启动，每 5 秒检查一次…
[TRACKER] 10:46:03 无持仓
[TRACKER] 10:46:10 无持仓
[TRACKER] 10:46:17 无持仓
[TRACKER] 10:46:23 无持仓
[TRACKER] 10:46:30 无持仓
[TRACKER] 10:46:36 无持仓
[TRACKER] 10:46:42 无持仓
[TRACKER] 10:46:49 无持仓
[TRACKER] 10:46:56 无持仓
[TRACKER] 本轮结束（将由 crontab 重新拉起）
[TRACKER] 启动，每 5 秒检查一次…
[TRACKER] 10:47:03 无持仓
[TRACKER] 10:47:09 无持仓
[TRACKER] 10:47:16 无持仓
[TRACKER] 10:47:22 无持仓
[TRACKER] 10:47:29 无持仓
[TRACKER] 10:47:35 无持仓
[TRACKER] 10:47:41 无持仓
[TRACKER] 10:47:48 无持仓
[TRACKER] 10:47:54 无持仓
[TRACKER] 本轮结束（将由 crontab 重新拉起）
[TRACKER] 启动，每 5 秒检查一次…
[TRACKER] 10:48:03 无持仓
[TRACKER] 10:48:10 无持仓
[TRACKER] 10:48:16 无持仓
[TRACKER] 10:48:23 无持仓
[TRACKER] 10:48:29 无持仓
[TRACKER] 10:48:35 无持仓
[TRACKER] 10:48:42 无持仓
[TRACKER] 10:48:48 无持仓
[TRACKER] 10:48:55 无持仓
[TRACKER] 本轮结束（将由 crontab 重新拉起）
[TRACKER] 启动，每 5 秒检查一次…
[TRACKER] 10:49:02 无持仓
[TRACKER] 10:49:08 无持仓
[TRACKER] 10:49:14 无持仓
[TRACKER] 10:49:21 无持仓
[TRACKER] 10:49:27 无持仓
[TRACKER] 10:49:33 无持仓
[TRACKER] 10:49:40 无持仓
[TRACKER] 10:49:46 无持仓
[TRACKER] 10:49:53 无持仓
[TRACKER] 本轮结束（将由 crontab 重新拉起）
[TRACKER] 启动，每 5 秒检查一次…
[TRACKER] 10:50:03 无持仓
[TRACKER] 10:50:09 无持仓
[TRACKER] 10:50:15 无持仓
[TRACKER] 10:50:22 无持仓
[TRACKER] 10:50:28 无持仓
[TRACKER] 10:50:35 无持仓
[TRACKER] 10:50:41 无持仓
[TRACKER] 10:50:47 无持仓
[TRACKER] 10:50:54 无持仓
[TRACKER] 本轮结束（将由 crontab 重新拉起）
[TRACKER] 启动，每 5 秒检查一次…
[TRACKER] 10:51:03 无持仓
[TRACKER] 10:51:10 无持仓
[TRACKER] 10:51:16 无持仓
[TRACKER] 10:51:22 无持仓
[TRACKER] 10:51:29 无持仓
[TRACKER] 10:51:35 无持仓
[TRACKER] 10:51:42 无持仓
[TRACKER] 10:51:48 无持仓
[TRACKER] 10:51:54 无持仓
[TRACKER] 本轮结束（将由 crontab 重新拉起）
[TRACKER] 启动，每 5 秒检查一次…
[TRACKER] 10:52:02 无持仓
[TRACKER] 10:52:08 无持仓
[TRACKER] 10:52:14 无持仓
[TRACKER] 10:52:21 无持仓
[TRACKER] 10:52:27 无持仓
[TRACKER] 10:52:34 无持仓
[TRACKER] 10:52:40 无持仓
[TRACKER] 10:52:46 无持仓
[TRACKER] 10:52:53 无持仓
[TRACKER] 本轮结束（将由 crontab 重新拉起）
[TRACKER] 启动，每 5 秒检查一次…
[TRACKER] 10:53:03 无持仓
[TRACKER] 10:53:09 无持仓
[TRACKER] 10:53:16 无持仓
[TRACKER] 10:53:22 无持仓
[TRACKER] 10:53:28 无持仓
[TRACKER] 10:53:35 无持仓
[TRACKER] 10:53:42 无持仓
[TRACKER] 10:53:48 无持仓
[TRACKER] 10:53:54 无持仓
[TRACKER] 本轮结束（将由 crontab 重新拉起）
[TRACKER] 启动，每 5 秒检查一次…
[TRACKER] 10:54:03 无持仓
[TRACKER] 10:54:10 无持仓
[TRACKER] 10:54:17 无持仓
[TRACKER] 10:54:23 无持仓
[TRACKER] 10:54:29 无持仓
[TRACKER] 10:54:36 无持仓
[TRACKER] 10:54:42 无持仓
[TRACKER] 10:54:49 无持仓
[TRACKER] 10:54:55 无持仓
[TRACKER] 本轮结束（将由 crontab 重新拉起）
[TRACKER] 启动，每 5 秒检查一次…
[TRACKER] 10:55:03 无持仓
[TRACKER] 10:55:09 无持仓
[TRACKER] 10:55:15 无持仓
[TRACKER] 10:55:22 无持仓
[TRACKER] 10:55:28 无持仓
[TRACKER] 10:55:35 无持仓
[TRACKER] 10:55:41 无持仓
[TRACKER] 10:55:47 无持仓
[TRACKER] 10:55:53 无持仓
[TRACKER] 本轮结束（将由 crontab 重新拉起）
[TRACKER] 启动，每 5 秒检查一次…
[TRACKER] 10:56:04 无持仓
[TRACKER] 10:56:10 无持仓
[TRACKER] 10:56:17 无持仓
[TRACKER] 10:56:23 无持仓
[TRACKER] 10:56:29 无持仓
[TRACKER] 10:56:36 无持仓
[TRACKER] 10:56:42 无持仓
[TRACKER] 10:56:48 无持仓
[TRACKER] 10:56:55 无持仓
[TRACKER] 本轮结束（将由 crontab 重新拉起）
[TRACKER] 启动，每 5 秒检查一次…
[TRACKER] 10:57:02 无持仓
[TRACKER] 10:57:08 无持仓
[TRACKER] 10:57:14 无持仓
[TRACKER] 10:57:21 无持仓
[TRACKER] 10:57:27 无持仓
[TRACKER] 10:57:33 无持仓
[TRACKER] 10:57:39 无持仓
[TRACKER] 10:57:46 无持仓
[TRACKER] 10:57:52 无持仓
[TRACKER] 本轮结束（将由 crontab 重新拉起）
[TRACKER] 启动，每 5 秒检查一次…
[TRACKER] 10:58:03 无持仓
[TRACKER] 10:58:10 无持仓
[TRACKER] 10:58:16 无持仓
[TRACKER] 10:58:23 无持仓
[TRACKER] 10:58:29 无持仓
[TRACKER] 10:58:35 无持仓
[TRACKER] 10:58:42 无持仓
[TRACKER] 10:58:48 无持仓
[TRACKER] 10:58:55 无持仓
[TRACKER] 本轮结束（将由 crontab 重新拉起）
[TRACKER] 启动，每 5 秒检查一次…
[TRACKER] 10:59:02 无持仓
[TRACKER] 10:59:08 无持仓
[TRACKER] 10:59:14 无持仓
[TRACKER] 10:59:21 无持仓
[TRACKER] 10:59:27 无持仓
[TRACKER] 10:59:34 无持仓
[TRACKER] 10:59:40 无持仓
[TRACKER] 10:59:47 无持仓
[TRACKER] 10:59:53 无持仓
[TRACKER] 本轮结束（将由 crontab 重新拉起）
[TRACKER] 启动，每 5 秒检查一次…
[TRACKER] 11:00:03 无持仓
[TRACKER] 11:00:09 无持仓
[TRACKER] 11:00:16 无持仓
[TRACKER] 11:00:22 无持仓
[TRACKER] 11:00:29 无持仓
[TRACKER] 11:00:35 无持仓
[TRACKER] 11:00:42 无持仓
[TRACKER] 11:00:48 无持仓
[TRACKER] 11:00:55 无持仓
[TRACKER] 本轮结束（将由 crontab 重新拉起）
[TRACKER] 启动，每 5 秒检查一次…
[TRACKER] 11:01:02 无持仓
[TRACKER] 11:01:08 无持仓
[TRACKER] 11:01:15 无持仓
[TRACKER] 11:01:21 无持仓
[TRACKER] 11:01:27 无持仓
[TRACKER] 11:01:34 无持仓
[TRACKER] 11:01:41 无持仓
[TRACKER] 11:01:47 无持仓
[TRACKER] 11:01:53 无持仓
[TRACKER] 本轮结束（将由 crontab 重新拉起）
[TRACKER] 启动，每 5 秒检查一次…
[TRACKER] 11:02:03 无持仓
[TRACKER] 11:02:10 无持仓
[TRACKER] 11:02:16 无持仓
[TRACKER] 11:02:22 无持仓
[TRACKER] 11:02:29 无持仓
[TRACKER] 11:02:35 无持仓
[TRACKER] 11:02:41 无持仓
[TRACKER] 11:02:48 无持仓
[TRACKER] 11:02:54 无持仓
[TRACKER] 本轮结束（将由 crontab 重新拉起）
[TRACKER] 启动，每 5 秒检查一次…
[TRACKER] 11:03:03 无持仓
[TRACKER] 11:03:10 无持仓
[TRACKER] 11:03:16 无持仓
[TRACKER] 11:03:23 无持仓
[TRACKER] 11:03:29 无持仓
[TRACKER] 11:03:35 无持仓
[TRACKER] 11:03:42 无持仓
[TRACKER] 11:03:48 无持仓
[TRACKER] 11:03:55 无持仓
[TRACKER] 本轮结束（将由 crontab 重新拉起）
[TRACKER] 启动，每 5 秒检查一次…
[TRACKER] 11:04:02 无持仓
[TRACKER] 11:04:09 无持仓
[TRACKER] 11:04:15 无持仓
[TRACKER] 11:04:22 无持仓
[TRACKER] 11:04:29 无持仓
[TRACKER] 11:04:35 无持仓
[TRACKER] 11:04:41 无持仓
[TRACKER] 11:04:48 无持仓
[TRACKER] 11:04:54 无持仓
[TRACKER] 本轮结束（将由 crontab 重新拉起）
[TRACKER] 启动，每 5 秒检查一次…
[TRACKER] 11:05:04 无持仓
[TRACKER] 11:05:10 无持仓
[TRACKER] 11:05:16 无持仓
[TRACKER] 11:05:23 无持仓
[TRACKER] 11:05:30 无持仓
[TRACKER] 11:05:36 无持仓
[TRACKER] 11:05:43 无持仓
[TRACKER] 11:05:49 无持仓
[TRACKER] 11:05:56 无持仓
[TRACKER] 本轮结束（将由 crontab 重新拉起）
[TRACKER] 启动，每 5 秒检查一次…
[TRACKER] 11:06:03 无持仓
[TRACKER] 11:06:09 无持仓
[TRACKER] 11:06:16 无持仓
[TRACKER] 11:06:22 无持仓
[TRACKER] 11:06:29 无持仓
[TRACKER] 11:06:36 无持仓
[TRACKER] 11:06:42 无持仓
[TRACKER] 11:06:48 无持仓
[TRACKER] 11:06:55 无持仓
[TRACKER] 本轮结束（将由 crontab 重新拉起）
[TRACKER] 启动，每 5 秒检查一次…
[TRACKER] 11:07:01 无持仓
[TRACKER] 11:07:08 无持仓
[TRACKER] 11:07:14 无持仓
[TRACKER] 11:07:21 无持仓
[TRACKER] 11:07:27 无持仓
[TRACKER] 11:07:34 无持仓
[TRACKER] 11:07:40 无持仓
[TRACKER] 11:07:47 无持仓
[TRACKER] 11:07:53 无持仓
[TRACKER] 本轮结束（将由 crontab 重新拉起）
[TRACKER] 启动，每 5 秒检查一次…
[TRACKER] 11:08:03 无持仓
[TRACKER] 11:08:09 无持仓
[TRACKER] 11:08:16 无持仓
[TRACKER] 11:08:22 无持仓
[TRACKER] 11:08:28 无持仓
[TRACKER] 11:08:35 无持仓
[TRACKER] 11:08:41 无持仓
[TRACKER] 11:08:48 无持仓
[TRACKER] 11:08:54 无持仓
[TRACKER] 本轮结束（将由 crontab 重新拉起）
[TRACKER] 启动，每 5 秒检查一次…
[TRACKER] 11:09:03 无持仓
[TRACKER] 11:09:09 无持仓
[TRACKER] 11:09:16 无持仓
[TRACKER] 11:09:22 无持仓
[TRACKER] 11:09:28 无持仓
[TRACKER] 11:09:35 无持仓
[TRACKER] 11:09:41 无持仓
[TRACKER] 11:09:48 无持仓
[TRACKER] 11:09:54 无持仓
[TRACKER] 本轮结束（将由 crontab 重新拉起）
[TRACKER] 启动，每 5 秒检查一次…
[TRACKER] 11:10:03 无持仓
[TRACKER] 11:10:10 无持仓
[TRACKER] 11:10:16 无持仓
[TRACKER] 11:10:23 无持仓
[TRACKER] 11:10:29 无持仓
[TRACKER] 11:10:36 无持仓
[TRACKER] 11:10:42 无持仓
[TRACKER] 11:10:49 无持仓
[TRACKER] 11:10:55 无持仓
[TRACKER] 本轮结束（将由 crontab 重新拉起）
[TRACKER] 启动，每 5 秒检查一次…
[TRACKER] 11:11:02 无持仓
[TRACKER] 11:11:08 无持仓
[TRACKER] 11:11:14 无持仓
[TRACKER] 11:11:21 无持仓
[TRACKER] 11:11:27 无持仓
[TRACKER] 11:11:34 无持仓
[TRACKER] 11:11:40 无持仓
[TRACKER] 11:11:46 无持仓
[TRACKER] 11:11:53 无持仓
[TRACKER] 本轮结束（将由 crontab 重新拉起）
[TRACKER] 启动，每 5 秒检查一次…
[TRACKER] 11:12:02 无持仓
[TRACKER] 11:12:09 无持仓
[TRACKER] 11:12:15 无持仓
[TRACKER] 11:12:21 无持仓
[TRACKER] 11:12:28 无持仓
[TRACKER] 11:12:34 无持仓
[TRACKER] 11:12:40 无持仓
[TRACKER] 11:12:47 无持仓
[TRACKER] 11:12:54 无持仓
[TRACKER] 本轮结束（将由 crontab 重新拉起）
[TRACKER] 启动，每 5 秒检查一次…
[TRACKER] 11:13:03 无持仓
[TRACKER] 11:13:09 无持仓
[TRACKER] 11:13:16 无持仓
[TRACKER] 11:13:22 无持仓
[TRACKER] 11:13:28 无持仓
[TRACKER] 11:13:35 无持仓
[TRACKER] 11:13:41 无持仓
[TRACKER] 11:13:48 无持仓
[TRACKER] 11:13:54 无持仓
[TRACKER] 本轮结束（将由 crontab 重新拉起）
[TRACKER] 启动，每 5 秒检查一次…
[TRACKER] 11:14:03 无持仓
[TRACKER] 11:14:09 无持仓
[TRACKER] 11:14:15 无持仓
[TRACKER] 11:14:21 无持仓
[TRACKER] 11:14:28 无持仓
[TRACKER] 11:14:34 无持仓
[TRACKER] 11:14:40 无持仓
[TRACKER] 11:14:47 无持仓
[TRACKER] 11:14:53 无持仓
[TRACKER] 本轮结束（将由 crontab 重新拉起）
[TRACKER] 启动，每 5 秒检查一次…
[TRACKER] 11:15:03 无持仓
[TRACKER] 11:15:09 无持仓
[TRACKER] 11:15:15 无持仓
[TRACKER] 11:15:22 无持仓
[TRACKER] 11:15:29 无持仓
[TRACKER] 11:15:35 无持仓
[TRACKER] 11:15:41 无持仓
[TRACKER] 11:15:48 无持仓
[TRACKER] 11:15:54 无持仓
[TRACKER] 本轮结束（将由 crontab 重新拉起）
[TRACKER] 启动，每 5 秒检查一次…
[TRACKER] 11:16:03 无持仓
[TRACKER] 11:16:09 无持仓
[TRACKER] 11:16:16 无持仓
[TRACKER] 11:16:22 无持仓
[TRACKER] 11:16:29 无持仓
[TRACKER] 11:16:35 无持仓
[TRACKER] 11:16:41 无持仓
[TRACKER] 11:16:48 无持仓
[TRACKER] 11:16:54 无持仓
[TRACKER] 本轮结束（将由 crontab 重新拉起）
[TRACKER] 启动，每 5 秒检查一次…
[TRACKER] 11:17:03 无持仓
[TRACKER] 11:17:10 无持仓
[TRACKER] 11:17:16 无持仓
[TRACKER] 11:17:22 无持仓
[TRACKER] 11:17:29 无持仓
[TRACKER] 11:17:35 无持仓
[TRACKER] 11:17:42 无持仓
[TRACKER] 11:17:48 无持仓
[TRACKER] 11:17:54 无持仓
[TRACKER] 本轮结束（将由 crontab 重新拉起）
[TRACKER] 启动，每 5 秒检查一次…
[TRACKER] 11:18:03 无持仓
[TRACKER] 11:18:09 无持仓
[TRACKER] 11:18:16 无持仓
[TRACKER] 11:18:22 无持仓
[TRACKER] 11:18:29 无持仓
[TRACKER] 11:18:35 无持仓
[TRACKER] 11:18:41 无持仓
[TRACKER] 11:18:48 无持仓
[TRACKER] 11:18:54 无持仓
[TRACKER] 本轮结束（将由 crontab 重新拉起）
[TRACKER] 启动，每 5 秒检查一次…
[TRACKER] 11:19:01 无持仓
[TRACKER] 11:19:08 无持仓
[TRACKER] 11:19:14 无持仓
[TRACKER] 11:19:21 无持仓
[TRACKER] 11:19:27 无持仓
[TRACKER] 11:19:33 无持仓
[TRACKER] 11:19:40 无持仓
[TRACKER] 11:19:46 无持仓
[TRACKER] 11:19:52 无持仓
[TRACKER] 本轮结束（将由 crontab 重新拉起）
[TRACKER] 启动，每 5 秒检查一次…
[TRACKER] 11:20:02 无持仓
[TRACKER] 11:20:09 无持仓
[TRACKER] 11:20:15 无持仓
[TRACKER] 11:20:22 无持仓
[TRACKER] 11:20:29 无持仓
[TRACKER] 11:20:35 无持仓
[TRACKER] 11:20:42 无持仓
[TRACKER] 11:20:48 无持仓
[TRACKER] 11:20:55 无持仓
[TRACKER] 本轮结束（将由 crontab 重新拉起）
[TRACKER] 启动，每 5 秒检查一次…
[TRACKER] 11:21:02 无持仓
[TRACKER] 11:21:08 无持仓
[TRACKER] 11:21:15 无持仓
[TRACKER] 11:21:21 无持仓
[TRACKER] 11:21:28 无持仓
[TRACKER] 11:21:35 无持仓
[TRACKER] 11:21:41 无持仓
[TRACKER] 11:21:47 无持仓
[TRACKER] 11:21:53 无持仓
[TRACKER] 本轮结束（将由 crontab 重新拉起）
[TRACKER] 启动，每 5 秒检查一次…
[TRACKER] 11:22:02 无持仓
[TRACKER] 11:22:09 无持仓
[TRACKER] 11:22:15 无持仓
[TRACKER] 11:22:21 无持仓
[TRACKER] 11:22:28 无持仓
[TRACKER] 11:22:34 无持仓
[TRACKER] 11:22:40 无持仓
[TRACKER] 11:22:47 无持仓
[TRACKER] 11:22:53 无持仓
[TRACKER] 本轮结束（将由 crontab 重新拉起）
[TRACKER] 启动，每 5 秒检查一次…
[TRACKER] 11:23:03 无持仓
[TRACKER] 11:23:10 无持仓
[TRACKER] 11:23:17 无持仓
[TRACKER] 11:23:23 无持仓
[TRACKER] 11:23:30 无持仓
[TRACKER] 11:23:36 无持仓
[TRACKER] 11:23:43 无持仓
[TRACKER] 11:23:49 无持仓
[TRACKER] 11:23:56 无持仓
[TRACKER] 本轮结束（将由 crontab 重新拉起）
[TRACKER] 启动，每 5 秒检查一次…
[TRACKER] 11:24:02 无持仓
[TRACKER] 11:24:09 无持仓
[TRACKER] 11:24:15 无持仓
[TRACKER] 11:24:22 无持仓
[TRACKER] 11:24:29 无持仓
[TRACKER] 11:24:35 无持仓
[TRACKER] 11:24:41 无持仓
[TRACKER] 11:24:48 无持仓
[TRACKER] 11:24:54 无持仓
[TRACKER] 本轮结束（将由 crontab 重新拉起）
[TRACKER] 启动，每 5 秒检查一次…
[TRACKER] 11:25:01 无持仓
[TRACKER] 11:25:08 无持仓
[TRACKER] 11:25:14 无持仓
[TRACKER] 11:25:21 无持仓
[TRACKER] 11:25:27 无持仓
[TRACKER] 11:25:34 无持仓
[TRACKER] 11:25:40 无持仓
[TRACKER] 11:25:46 无持仓
[TRACKER] 11:25:53 无持仓
[TRACKER] 本轮结束（将由 crontab 重新拉起）
[TRACKER] 启动，每 5 秒检查一次…
[TRACKER] 11:26:03 无持仓
[TRACKER] 11:26:09 无持仓
[TRACKER] 11:26:16 无持仓
[TRACKER] 11:26:22 无持仓
[TRACKER] 11:26:29 无持仓
[TRACKER] 11:26:35 无持仓
[TRACKER] 11:26:41 无持仓
[TRACKER] 11:26:47 无持仓
[TRACKER] 11:26:54 无持仓
[TRACKER] 本轮结束（将由 crontab 重新拉起）
[TRACKER] 启动，每 5 秒检查一次…
[TRACKER] 11:27:03 无持仓
[TRACKER] 11:27:10 无持仓
[TRACKER] 11:27:16 无持仓
[TRACKER] 11:27:23 无持仓
[TRACKER] 11:27:29 无持仓
[TRACKER] 11:27:36 无持仓
[TRACKER] 11:27:42 无持仓
[TRACKER] 11:27:49 无持仓
[TRACKER] 11:27:55 无持仓
[TRACKER] 本轮结束（将由 crontab 重新拉起）
[TRACKER] 启动，每 5 秒检查一次…
[TRACKER] 11:28:02 无持仓
[TRACKER] 11:28:09 无持仓
[TRACKER] 11:28:15 无持仓
[TRACKER] 11:28:22 无持仓
[TRACKER] 11:28:28 无持仓
[TRACKER] 11:28:35 无持仓
[TRACKER] 11:28:41 无持仓
[TRACKER] 11:28:47 无持仓
[TRACKER] 11:28:54 无持仓
[TRACKER] 本轮结束（将由 crontab 重新拉起）
[TRACKER] 启动，每 5 秒检查一次…
[TRACKER] 11:29:03 无持仓
[TRACKER] 11:29:10 无持仓
[TRACKER] 11:29:17 无持仓
[TRACKER] 11:29:23 无持仓
[TRACKER] 11:29:30 无持仓
[TRACKER] 11:29:36 无持仓
[TRACKER] 11:29:42 无持仓
[TRACKER] 11:29:49 无持仓
[TRACKER] 11:29:56 无持仓
[TRACKER] 本轮结束（将由 crontab 重新拉起）
[TRACKER] 启动，每 5 秒检查一次…
[TRACKER] 11:30:03 无持仓
[TRACKER] 11:30:09 无持仓
[TRACKER] 11:30:16 无持仓
[TRACKER] 11:30:22 无持仓
[TRACKER] 11:30:29 无持仓
[TRACKER] 11:30:35 无持仓
[TRACKER] 11:30:41 无持仓
[TRACKER] 11:30:48 无持仓
[TRACKER] 11:30:55 无持仓
[TRACKER] 本轮结束（将由 crontab 重新拉起）
[TRACKER] 启动，每 5 秒检查一次…
[TRACKER] 11:31:01 无持仓
[TRACKER] 11:31:08 无持仓
[TRACKER] 11:31:14 无持仓
[TRACKER] 11:31:20 无持仓
[TRACKER] 11:31:27 无持仓
[TRACKER] 11:31:33 无持仓
[TRACKER] 11:31:39 无持仓
[TRACKER] 11:31:46 无持仓
[TRACKER] 11:31:52 无持仓
[TRACKER] 本轮结束（将由 crontab 重新拉起）
[TRACKER] 启动，每 5 秒检查一次…
[TRACKER] 11:32:03 无持仓
[TRACKER] 11:32:09 无持仓
[TRACKER] 11:32:16 无持仓
[TRACKER] 11:32:22 无持仓
[TRACKER] 11:32:29 无持仓
[TRACKER] 11:32:35 无持仓
[TRACKER] 11:32:42 无持仓
[TRACKER] 11:32:48 无持仓
[TRACKER] 11:32:54 无持仓
[TRACKER] 本轮结束（将由 crontab 重新拉起）
[TRACKER] 启动，每 5 秒检查一次…
[TRACKER] 11:33:01 无持仓
[TRACKER] 11:33:08 无持仓
[TRACKER] 11:33:14 无持仓
[TRACKER] 11:33:21 无持仓
[TRACKER] 11:33:27 无持仓
[TRACKER] 11:33:34 无持仓
[TRACKER] 11:33:40 无持仓
[TRACKER] 11:33:46 无持仓
[TRACKER] 11:33:53 无持仓
[TRACKER] 本轮结束（将由 crontab 重新拉起）
[TRACKER] 启动，每 5 秒检查一次…
[TRACKER] 11:34:03 无持仓
[TRACKER] 11:34:10 无持仓
[TRACKER] 11:34:16 无持仓
[TRACKER] 11:34:22 无持仓
[TRACKER] 11:34:29 无持仓
[TRACKER] 11:34:35 无持仓
[TRACKER] 11:34:42 无持仓
[TRACKER] 11:34:48 无持仓
[TRACKER] 11:34:54 无持仓
[TRACKER] 本轮结束（将由 crontab 重新拉起）
[TRACKER] 启动，每 5 秒检查一次…
[TRACKER] 11:35:03 无持仓
[TRACKER] 11:35:10 无持仓
[TRACKER] 11:35:17 无持仓
[TRACKER] 11:35:24 无持仓
[TRACKER] 11:35:30 无持仓
[TRACKER] 11:35:37 无持仓
[TRACKER] 11:35:43 无持仓
[TRACKER] 11:35:49 无持仓
[TRACKER] 11:35:56 无持仓
[TRACKER] 本轮结束（将由 crontab 重新拉起）
[TRACKER] 启动，每 5 秒检查一次…
[TRACKER] 11:36:03 无持仓
[TRACKER] 11:36:09 无持仓
[TRACKER] 11:36:16 无持仓
[TRACKER] 11:36:22 无持仓
[TRACKER] 11:36:29 无持仓
[TRACKER] 11:36:35 无持仓
[TRACKER] 11:36:41 无持仓
[TRACKER] 11:36:48 无持仓
[TRACKER] 11:36:54 无持仓
[TRACKER] 本轮结束（将由 crontab 重新拉起）
[TRACKER] 启动，每 5 秒检查一次…
[TRACKER] 11:37:02 无持仓
[TRACKER] 11:37:09 无持仓
[TRACKER] 11:37:15 无持仓
[TRACKER] 11:37:21 无持仓
[TRACKER] 11:37:27 无持仓
[TRACKER] 11:37:34 无持仓
[TRACKER] 11:37:40 无持仓
[TRACKER] 11:37:47 无持仓
[TRACKER] 11:37:53 无持仓
[TRACKER] 本轮结束（将由 crontab 重新拉起）
[TRACKER] 启动，每 5 秒检查一次…
[TRACKER] 11:38:03 无持仓
[TRACKER] 11:38:10 无持仓
[TRACKER] 11:38:16 无持仓
[TRACKER] 11:38:22 无持仓
[TRACKER] 11:38:28 无持仓
[TRACKER] 11:38:35 无持仓
[TRACKER] 11:38:41 无持仓
[TRACKER] 11:38:47 无持仓
[TRACKER] 11:38:54 无持仓
[TRACKER] 本轮结束（将由 crontab 重新拉起）
[TRACKER] 启动，每 5 秒检查一次…
[TRACKER] 11:39:03 无持仓
[TRACKER] 11:39:09 无持仓
[TRACKER] 11:39:15 无持仓
[TRACKER] 11:39:22 无持仓
[TRACKER] 11:39:28 无持仓
[TRACKER] 11:39:34 无持仓
[TRACKER] 11:39:41 无持仓
[TRACKER] 11:39:47 无持仓
[TRACKER] 11:39:54 无持仓
[TRACKER] 本轮结束（将由 crontab 重新拉起）
[TRACKER] 启动，每 5 秒检查一次…
[TRACKER] 11:40:03 无持仓
[TRACKER] 11:40:10 无持仓
[TRACKER] 11:40:16 无持仓
[TRACKER] 11:40:23 无持仓
[TRACKER] 11:40:29 无持仓
[TRACKER] 11:40:36 无持仓
[TRACKER] 11:40:42 无持仓
[TRACKER] 11:40:48 无持仓
[TRACKER] 11:40:55 无持仓
[TRACKER] 本轮结束（将由 crontab 重新拉起）
[TRACKER] 启动，每 5 秒检查一次…
[TRACKER] 11:41:02 无持仓
[TRACKER] 11:41:08 无持仓
[TRACKER] 11:41:14 无持仓
[TRACKER] 11:41:21 无持仓
[TRACKER] 11:41:27 无持仓
[TRACKER] 11:41:34 无持仓
[TRACKER] 11:41:41 无持仓
[TRACKER] 11:41:47 无持仓
[TRACKER] 11:41:54 无持仓
[TRACKER] 本轮结束（将由 crontab 重新拉起）
[TRACKER] 启动，每 5 秒检查一次…
[TRACKER] 11:42:03 无持仓
[TRACKER] 11:42:09 无持仓
[TRACKER] 11:42:15 无持仓
[TRACKER] 11:42:22 无持仓
[TRACKER] 11:42:28 无持仓
[TRACKER] 11:42:35 无持仓
[TRACKER] 11:42:41 无持仓
[TRACKER] 11:42:48 无持仓
[TRACKER] 11:42:54 无持仓
[TRACKER] 本轮结束（将由 crontab 重新拉起）
[TRACKER] 启动，每 5 秒检查一次…
[TRACKER] 11:43:03 无持仓
[TRACKER] 11:43:10 无持仓
[TRACKER] 11:43:16 无持仓
[TRACKER] 11:43:23 无持仓
[TRACKER] 11:43:29 无持仓
[TRACKER] 11:43:36 无持仓
[TRACKER] 11:43:42 无持仓
[TRACKER] 11:43:48 无持仓
[TRACKER] 11:43:55 无持仓
[TRACKER] 本轮结束（将由 crontab 重新拉起）
[TRACKER] 启动，每 5 秒检查一次…
[TRACKER] 11:44:01 无持仓
[TRACKER] 11:44:08 无持仓
[TRACKER] 11:44:14 无持仓
[TRACKER] 11:44:21 无持仓
[TRACKER] 11:44:27 无持仓
[TRACKER] 11:44:34 无持仓
[TRACKER] 11:44:40 无持仓
[TRACKER] 11:44:47 无持仓
[TRACKER] 11:44:53 无持仓
[TRACKER] 本轮结束（将由 crontab 重新拉起）
[TRACKER] 启动，每 5 秒检查一次…
[TRACKER] 11:45:03 无持仓
[TRACKER] 11:45:09 无持仓
[TRACKER] 11:45:16 无持仓
[TRACKER] 11:45:22 无持仓
[TRACKER] 11:45:29 无持仓
[TRACKER] 11:45:35 无持仓
[TRACKER] 11:45:41 无持仓
[TRACKER] 11:45:48 无持仓
[TRACKER] 11:45:55 无持仓
[TRACKER] 本轮结束（将由 crontab 重新拉起）
[TRACKER] 启动，每 5 秒检查一次…
[TRACKER] 11:46:01 无持仓
[TRACKER] 11:46:08 无持仓
[TRACKER] 11:46:14 无持仓
[TRACKER] 11:46:21 无持仓
[TRACKER] 11:46:27 无持仓
[TRACKER] 11:46:34 无持仓
[TRACKER] 11:46:40 无持仓
[TRACKER] 11:46:47 无持仓
[TRACKER] 11:46:53 无持仓
[TRACKER] 本轮结束（将由 crontab 重新拉起）
[TRACKER] 启动，每 5 秒检查一次…
[TRACKER] 11:47:03 无持仓
[TRACKER] 11:47:10 无持仓
[TRACKER] 11:47:16 无持仓
[TRACKER] 11:47:23 无持仓
[TRACKER] 11:47:29 无持仓
[TRACKER] 11:47:36 无持仓
[TRACKER] 11:47:42 无持仓
[TRACKER] 11:47:49 无持仓
[TRACKER] 11:47:55 无持仓
[TRACKER] 本轮结束（将由 crontab 重新拉起）
[TRACKER] 启动，每 5 秒检查一次…
[TRACKER] 11:48:02 无持仓
[TRACKER] 11:48:09 无持仓
[TRACKER] 11:48:15 无持仓
[TRACKER] 11:48:21 无持仓
[TRACKER] 11:48:28 无持仓
[TRACKER] 11:48:34 无持仓
[TRACKER] 11:48:41 无持仓
[TRACKER] 11:48:47 无持仓
[TRACKER] 11:48:54 无持仓
[TRACKER] 本轮结束（将由 crontab 重新拉起）
[TRACKER] 启动，每 5 秒检查一次…
[TRACKER] 11:49:03 无持仓
[TRACKER] 11:49:09 无持仓
[TRACKER] 11:49:15 无持仓
[TRACKER] 11:49:22 无持仓
[TRACKER] 11:49:28 无持仓
[TRACKER] 11:49:34 无持仓
[TRACKER] 11:49:40 无持仓
[TRACKER] 11:49:47 无持仓
[TRACKER] 11:49:53 无持仓
[TRACKER] 本轮结束（将由 crontab 重新拉起）
[TRACKER] 启动，每 5 秒检查一次…
[TRACKER] 11:50:03 无持仓
[TRACKER] 11:50:09 无持仓
[TRACKER] 11:50:16 无持仓
[TRACKER] 11:50:22 无持仓
[TRACKER] 11:50:29 无持仓
[TRACKER] 11:50:35 无持仓
[TRACKER] 11:50:42 无持仓
[TRACKER] 11:50:48 无持仓
[TRACKER] 11:50:55 无持仓
[TRACKER] 本轮结束（将由 crontab 重新拉起）
[TRACKER] 启动，每 5 秒检查一次…
[TRACKER] 11:51:02 无持仓
[TRACKER] 11:51:08 无持仓
[TRACKER] 11:51:15 无持仓
[TRACKER] 11:51:21 无持仓
[TRACKER] 11:51:27 无持仓
[TRACKER] 11:51:34 无持仓
[TRACKER] 11:51:40 无持仓
[TRACKER] 11:51:47 无持仓
[TRACKER] 11:51:53 无持仓
[TRACKER] 本轮结束（将由 crontab 重新拉起）
[TRACKER] 启动，每 5 秒检查一次…
[TRACKER] 11:52:04 无持仓
[TRACKER] 11:52:10 无持仓
[TRACKER] 11:52:17 无持仓
[TRACKER] 11:52:24 无持仓
[TRACKER] 11:52:30 无持仓
[TRACKER] 11:52:36 无持仓
[TRACKER] 11:52:43 无持仓
[TRACKER] 11:52:49 无持仓
[TRACKER] 11:52:55 无持仓
[TRACKER] 本轮结束（将由 crontab 重新拉起）
[TRACKER] 启动，每 5 秒检查一次…
[TRACKER] 11:53:02 无持仓
[TRACKER] 11:53:09 无持仓
[TRACKER] 11:53:15 无持仓
[TRACKER] 11:53:22 无持仓
[TRACKER] 11:53:28 无持仓
[TRACKER] 11:53:34 无持仓
[TRACKER] 11:53:41 无持仓
[TRACKER] 11:53:48 无持仓
[TRACKER] 11:53:54 无持仓
[TRACKER] 本轮结束（将由 crontab 重新拉起）
[TRACKER] 启动，每 5 秒检查一次…
[TRACKER] 11:54:03 无持仓
[TRACKER] 11:54:10 无持仓
[TRACKER] 11:54:16 无持仓
[TRACKER] 11:54:23 无持仓
[TRACKER] 11:54:29 无持仓
[TRACKER] 11:54:36 无持仓
[TRACKER] 11:54:42 无持仓
[TRACKER] 11:54:49 无持仓
[TRACKER] 11:54:55 无持仓
[TRACKER] 本轮结束（将由 crontab 重新拉起）
[TRACKER] 启动，每 5 秒检查一次…
[TRACKER] 11:55:02 无持仓
[TRACKER] 11:55:09 无持仓
[TRACKER] 11:55:15 无持仓
[TRACKER] 11:55:21 无持仓
[TRACKER] 11:55:28 无持仓
[TRACKER] 11:55:34 无持仓
[TRACKER] 11:55:41 无持仓
[TRACKER] 11:55:47 无持仓
[TRACKER] 11:55:54 无持仓
[TRACKER] 本轮结束（将由 crontab 重新拉起）
[TRACKER] 启动，每 5 秒检查一次…
[TRACKER] 11:56:03 无持仓
[TRACKER] 11:56:10 无持仓
[TRACKER] 11:56:16 无持仓
[TRACKER] 11:56:22 无持仓
[TRACKER] 11:56:29 无持仓
[TRACKER] 11:56:35 无持仓
[TRACKER] 11:56:41 无持仓
[TRACKER] 11:56:48 无持仓
[TRACKER] 11:56:54 无持仓
[TRACKER] 本轮结束（将由 crontab 重新拉起）
[TRACKER] 启动，每 5 秒检查一次…
[TRACKER] 11:57:03 无持仓
[TRACKER] 11:57:10 无持仓
[TRACKER] 11:57:16 无持仓
[TRACKER] 11:57:22 无持仓
[TRACKER] 11:57:29 无持仓
[TRACKER] 11:57:35 无持仓
[TRACKER] 11:57:41 无持仓
[TRACKER] 11:57:48 无持仓
[TRACKER] 11:57:54 无持仓
[TRACKER] 本轮结束（将由 crontab 重新拉起）
[TRACKER] 启动，每 5 秒检查一次…
[TRACKER] 11:58:03 无持仓
[TRACKER] 11:58:10 无持仓
[TRACKER] 11:58:16 无持仓
[TRACKER] 11:58:22 无持仓
[TRACKER] 11:58:29 无持仓
[TRACKER] 11:58:35 无持仓
[TRACKER] 11:58:42 无持仓
[TRACKER] 11:58:48 无持仓
[TRACKER] 11:58:55 无持仓
[TRACKER] 本轮结束（将由 crontab 重新拉起）
[TRACKER] 启动，每 5 秒检查一次…
[TRACKER] 11:59:02 无持仓
[TRACKER] 11:59:08 无持仓
[TRACKER] 11:59:15 无持仓
[TRACKER] 11:59:21 无持仓
[TRACKER] 11:59:28 无持仓
[TRACKER] 11:59:34 无持仓
[TRACKER] 11:59:41 无持仓
[TRACKER] 11:59:47 无持仓
[TRACKER] 11:59:53 无持仓
[TRACKER] 本轮结束（将由 crontab 重新拉起）
[TRACKER] 启动，每 5 秒检查一次…
[TRACKER] 12:00:03 无持仓
[TRACKER] 12:00:10 持仓=4 盈利=0.0000U 亏损=-0.1798U 净浮盈=-0.1798U 手续费基数=0.0994U 阈值=0.4972U
[TRACKER] 12:00:16 持仓=4 盈利=0.0413U 亏损=-0.0880U 净浮盈=-0.0467U 手续费基数=0.0994U 阈值=0.4972U
[TRACKER] 12:00:23 持仓=4 盈利=0.0536U 亏损=-0.0901U 净浮盈=-0.0365U 手续费基数=0.0994U 阈值=0.4972U
[TRACKER] 12:00:29 持仓=4 盈利=0.0652U 亏损=-0.0871U 净浮盈=-0.0218U 手续费基数=0.0994U 阈值=0.4972U
[TRACKER] 12:00:36 持仓=4 盈利=0.0707U 亏损=-0.1591U 净浮盈=-0.0884U 手续费基数=0.0994U 阈值=0.4972U
[TRACKER] 12:00:42 持仓=4 盈利=0.0707U 亏损=-0.1440U 净浮盈=-0.0733U 手续费基数=0.0994U 阈值=0.4972U
[TRACKER] 12:00:49 持仓=4 盈利=0.0707U 亏损=-0.1560U 净浮盈=-0.0853U 手续费基数=0.0994U 阈值=0.4972U
[TRACKER] 12:00:55 持仓=4 盈利=0.0397U 亏损=-0.1440U 净浮盈=-0.1043U 手续费基数=0.0994U 阈值=0.4972U
[TRACKER] 本轮结束（将由 crontab 重新拉起）
[TRACKER] 启动，每 5 秒检查一次…
[TRACKER] 12:01:02 持仓=4 盈利=0.0185U 亏损=-0.1591U 净浮盈=-0.1406U 手续费基数=0.0994U 阈值=0.4972U
[TRACKER] 12:01:08 持仓=4 盈利=0.0185U 亏损=-0.1471U 净浮盈=-0.1286U 手续费基数=0.0994U 阈值=0.4972U
[TRACKER] 12:01:15 持仓=4 盈利=0.0308U 亏损=-0.1831U 净浮盈=-0.1522U 手续费基数=0.0994U 阈值=0.4972U
[TRACKER] 12:01:21 持仓=4 盈利=0.0431U 亏损=-0.1951U 净浮盈=-0.1519U 手续费基数=0.0994U 阈值=0.4972U
[TRACKER] 12:01:28 持仓=4 盈利=0.0678U 亏损=-0.1711U 净浮盈=-0.1033U 手续费基数=0.0994U 阈值=0.4972U
[TRACKER] 12:01:34 持仓=4 盈利=0.1602U 亏损=-0.1951U 净浮盈=-0.0348U 手续费基数=0.0994U 阈值=0.4972U
[TRACKER] 12:01:41 持仓=4 盈利=0.1726U 亏损=-0.2311U 净浮盈=-0.0585U 手续费基数=0.0994U 阈值=0.4972U
[TRACKER] 12:01:47 持仓=4 盈利=0.3390U 亏损=-0.2040U 净浮盈=0.1350U 手续费基数=0.0994U 阈值=0.4972U
[TRACKER] 12:01:54 持仓=4 盈利=0.3417U 亏损=-0.2144U 净浮盈=0.1273U 手续费基数=0.0994U 阈值=0.4972U
[TRACKER] 本轮结束（将由 crontab 重新拉起）
[TRACKER] 启动，每 5 秒检查一次…
[TRACKER] 12:02:03 持仓=4 盈利=0.2828U 亏损=-0.1046U 净浮盈=0.1782U 手续费基数=0.0994U 阈值=0.4972U
[TRACKER] 12:02:09 持仓=4 盈利=0.1876U 亏损=-0.0429U 净浮盈=0.1447U 手续费基数=0.0994U 阈值=0.4972U
[TRACKER] 12:02:15 持仓=4 盈利=0.1753U 亏损=-0.0480U 净浮盈=0.1273U 手续费基数=0.0994U 阈值=0.4972U
[TRACKER] 12:02:22 持仓=4 盈利=0.1753U 亏损=-0.0600U 净浮盈=0.1153U 手续费基数=0.0994U 阈值=0.4972U
[TRACKER] 12:02:28 持仓=4 盈利=0.1945U 亏损=-0.0120U 净浮盈=0.1825U 手续费基数=0.0994U 阈值=0.4972U
[TRACKER] 12:02:34 持仓=4 盈利=0.2014U 亏损=-0.0360U 净浮盈=0.1654U 手续费基数=0.0994U 阈值=0.4972U
[TRACKER] 12:02:41 持仓=4 盈利=0.2282U 亏损=-0.0120U 净浮盈=0.2162U 手续费基数=0.0994U 阈值=0.4972U
[TRACKER] 12:02:48 持仓=4 盈利=0.2220U 亏损=-0.0240U 净浮盈=0.1980U 手续费基数=0.0994U 阈值=0.4972U
[TRACKER] 12:02:54 持仓=4 盈利=0.2282U 亏损=-0.0240U 净浮盈=0.2042U 手续费基数=0.0994U 阈值=0.4972U
[TRACKER] 本轮结束（将由 crontab 重新拉起）
[TRACKER] 启动，每 5 秒检查一次…
[TRACKER] 12:03:03 持仓=4 盈利=0.2449U 亏损=0.0000U 净浮盈=0.2449U 手续费基数=0.0994U 阈值=0.4972U
[TRACKER] 12:03:10 持仓=4 盈利=0.2268U 亏损=-0.0600U 净浮盈=0.1668U 手续费基数=0.0994U 阈值=0.4972U
[TRACKER] 12:03:16 持仓=4 盈利=0.2268U 亏损=-0.0480U 净浮盈=0.1788U 手续费基数=0.0994U 阈值=0.4972U
[TRACKER] 12:03:23 持仓=4 盈利=0.2268U 亏损=-0.1440U 净浮盈=0.0828U 手续费基数=0.0994U 阈值=0.4972U
[TRACKER] 12:03:29 持仓=4 盈利=0.2144U 亏损=-0.0960U 净浮盈=0.1184U 手续费基数=0.0994U 阈值=0.4972U
[TRACKER] 12:03:36 持仓=4 盈利=0.2144U 亏损=-0.0720U 净浮盈=0.1424U 手续费基数=0.0994U 阈值=0.4972U
[TRACKER] 12:03:42 持仓=4 盈利=0.2075U 亏损=-0.0120U 净浮盈=0.1955U 手续费基数=0.0994U 阈值=0.4972U
[TRACKER] 12:03:49 持仓=4 盈利=0.2195U 亏损=0.0000U 净浮盈=0.2195U 手续费基数=0.0994U 阈值=0.4972U
[TRACKER] 12:03:55 持仓=4 盈利=0.2213U 亏损=0.0000U 净浮盈=0.2213U 手续费基数=0.0994U 阈值=0.4972U
[TRACKER] 本轮结束（将由 crontab 重新拉起）
[TRACKER] 启动，每 5 秒检查一次…
[TRACKER] 12:04:02 持仓=4 盈利=0.2892U 亏损=0.0000U 净浮盈=0.2892U 手续费基数=0.0994U 阈值=0.4972U
[TRACKER] 12:04:08 持仓=4 盈利=0.3006U 亏损=0.0000U 净浮盈=0.3006U 手续费基数=0.0994U 阈值=0.4972U
[TRACKER] 12:04:15 持仓=4 盈利=0.2941U 亏损=0.0000U 净浮盈=0.2941U 手续费基数=0.0994U 阈值=0.4972U
[TRACKER] 12:04:21 持仓=4 盈利=0.2708U 亏损=0.0000U 净浮盈=0.2708U 手续费基数=0.0994U 阈值=0.4972U
[TRACKER] 12:04:28 持仓=4 盈利=0.3370U 亏损=0.0000U 净浮盈=0.3370U 手续费基数=0.0994U 阈值=0.4972U
[TRACKER] 12:04:34 持仓=4 盈利=0.3130U 亏损=0.0000U 净浮盈=0.3130U 手续费基数=0.0994U 阈值=0.4972U
[TRACKER] 12:04:41 持仓=4 盈利=0.2170U 亏损=0.0000U 净浮盈=0.2170U 手续费基数=0.0994U 阈值=0.4972U
[TRACKER] 12:04:47 持仓=4 盈利=0.1990U 亏损=0.0000U 净浮盈=0.1990U 手续费基数=0.0994U 阈值=0.4972U
[TRACKER] 12:04:53 持仓=4 盈利=0.1819U 亏损=0.0000U 净浮盈=0.1819U 手续费基数=0.0994U 阈值=0.4972U
[TRACKER] 本轮结束（将由 crontab 重新拉起）
[TRACKER] 启动，每 5 秒检查一次…
[TRACKER] 12:05:03 持仓=4 盈利=0.2297U 亏损=0.0000U 净浮盈=0.2297U 手续费基数=0.0994U 阈值=0.4972U
[TRACKER] 12:05:09 持仓=4 盈利=0.1810U 亏损=-0.0600U 净浮盈=0.1210U 手续费基数=0.0994U 阈值=0.4972U
[TRACKER] 12:05:16 持仓=4 盈利=0.1810U 亏损=-0.0240U 净浮盈=0.1570U 手续费基数=0.0994U 阈值=0.4972U
[TRACKER] 12:05:23 持仓=4 盈利=0.1549U 亏损=-0.0480U 净浮盈=0.1069U 手续费基数=0.0994U 阈值=0.4972U
[TRACKER] 12:05:29 持仓=4 盈利=0.1419U 亏损=-0.0240U 净浮盈=0.1179U 手续费基数=0.0994U 阈值=0.4972U
[TRACKER] 12:05:36 持仓=4 盈利=0.1414U 亏损=-0.0206U 净浮盈=0.1208U 手续费基数=0.0994U 阈值=0.4972U
[TRACKER] 12:05:42 持仓=4 盈利=0.1589U 亏损=-0.0069U 净浮盈=0.1521U 手续费基数=0.0994U 阈值=0.4972U
[TRACKER] 12:05:48 持仓=4 盈利=0.1391U 亏损=0.0000U 净浮盈=0.1391U 手续费基数=0.0994U 阈值=0.4972U
[TRACKER] 12:05:55 持仓=4 盈利=0.1662U 亏损=0.0000U 净浮盈=0.1662U 手续费基数=0.0994U 阈值=0.4972U
[TRACKER] 本轮结束（将由 crontab 重新拉起）
[TRACKER] 启动，每 5 秒检查一次…
[TRACKER] 12:06:02 持仓=4 盈利=0.2272U 亏损=0.0000U 净浮盈=0.2272U 手续费基数=0.0994U 阈值=0.4972U
[TRACKER] 12:06:08 持仓=4 盈利=0.2066U 亏损=-0.0069U 净浮盈=0.1997U 手续费基数=0.0994U 阈值=0.4972U
[TRACKER] 12:06:14 持仓=4 盈利=0.1342U 亏损=-0.0069U 净浮盈=0.1274U 手续费基数=0.0994U 阈值=0.4972U
[TRACKER] 12:06:21 持仓=4 盈利=0.1814U 亏损=0.0000U 净浮盈=0.1814U 手续费基数=0.0994U 阈值=0.4972U
[TRACKER] 12:06:28 持仓=4 盈利=0.1814U 亏损=0.0000U 净浮盈=0.1814U 手续费基数=0.0994U 阈值=0.4972U
[TRACKER] 12:06:34 持仓=4 盈利=0.1454U 亏损=-0.0240U 净浮盈=0.1214U 手续费基数=0.0994U 阈值=0.4972U
[TRACKER] 12:06:40 持仓=4 盈利=0.1323U 亏损=0.0000U 净浮盈=0.1323U 手续费基数=0.0994U 阈值=0.4972U
[TRACKER] 12:06:47 持仓=4 盈利=0.0979U 亏损=-0.0464U 净浮盈=0.0515U 手续费基数=0.0994U 阈值=0.4972U
[TRACKER] 12:06:53 持仓=4 盈利=0.1041U 亏损=-0.0326U 净浮盈=0.0714U 手续费基数=0.0994U 阈值=0.4972U
[TRACKER] 本轮结束（将由 crontab 重新拉起）
[TRACKER] 启动，每 5 秒检查一次…
[TRACKER] 12:07:03 持仓=4 盈利=0.1943U 亏损=0.0000U 净浮盈=0.1943U 手续费基数=0.0994U 阈值=0.4972U
[TRACKER] 12:07:10 持仓=4 盈利=0.2063U 亏损=0.0000U 净浮盈=0.2063U 手续费基数=0.0994U 阈值=0.4972U
[TRACKER] 12:07:16 持仓=4 盈利=0.1745U 亏损=0.0000U 净浮盈=0.1745U 手续费基数=0.0994U 阈值=0.4972U
[TRACKER] 12:07:22 持仓=4 盈利=0.1724U 亏损=0.0000U 净浮盈=0.1724U 手续费基数=0.0994U 阈值=0.4972U
[TRACKER] 12:07:29 持仓=4 盈利=0.1295U 亏损=0.0000U 净浮盈=0.1295U 手续费基数=0.0994U 阈值=0.4972U
[TRACKER] 12:07:35 持仓=4 盈利=0.1415U 亏损=0.0000U 净浮盈=0.1415U 手续费基数=0.0994U 阈值=0.4972U
[TRACKER] 12:07:42 持仓=4 盈利=0.1477U 亏损=0.0000U 净浮盈=0.1477U 手续费基数=0.0994U 阈值=0.4972U
[TRACKER] 12:07:48 持仓=4 盈利=0.1597U 亏损=0.0000U 净浮盈=0.1597U 手续费基数=0.0994U 阈值=0.4972U
[TRACKER] 12:07:55 持仓=4 盈利=0.2146U 亏损=0.0000U 净浮盈=0.2146U 手续费基数=0.0994U 阈值=0.4972U
[TRACKER] 本轮结束（将由 crontab 重新拉起）
[TRACKER] 启动，每 5 秒检查一次…
[TRACKER] 12:08:02 持仓=4 盈利=0.2262U 亏损=0.0000U 净浮盈=0.2262U 手续费基数=0.0994U 阈值=0.4972U
[TRACKER] 12:08:09 持仓=4 盈利=0.2447U 亏损=0.0000U 净浮盈=0.2447U 手续费基数=0.0994U 阈值=0.4972U
[TRACKER] 12:08:15 持仓=4 盈利=0.2759U 亏损=0.0000U 净浮盈=0.2759U 手续费基数=0.0994U 阈值=0.4972U
[TRACKER] 12:08:22 持仓=4 盈利=0.1858U 亏损=0.0000U 净浮盈=0.1858U 手续费基数=0.0994U 阈值=0.4972U
[TRACKER] 12:08:28 持仓=4 盈利=0.1683U 亏损=0.0000U 净浮盈=0.1683U 手续费基数=0.0994U 阈值=0.4972U
[TRACKER] 12:08:34 持仓=4 盈利=0.1814U 亏损=0.0000U 净浮盈=0.1814U 手续费基数=0.0994U 阈值=0.4972U
[TRACKER] 12:08:41 持仓=4 盈利=0.2174U 亏损=0.0000U 净浮盈=0.2174U 手续费基数=0.0994U 阈值=0.4972U
[TRACKER] 12:08:48 持仓=4 盈利=0.2290U 亏损=0.0000U 净浮盈=0.2290U 手续费基数=0.0994U 阈值=0.4972U
[TRACKER] 12:08:54 持仓=4 盈利=0.1865U 亏损=0.0000U 净浮盈=0.1865U 手续费基数=0.0994U 阈值=0.4972U
[TRACKER] 本轮结束（将由 crontab 重新拉起）
[TRACKER] 启动，每 5 秒检查一次…
[TRACKER] 12:09:03 持仓=4 盈利=0.2416U 亏损=0.0000U 净浮盈=0.2416U 手续费基数=0.0994U 阈值=0.4972U
[TRACKER] 12:09:09 持仓=4 盈利=0.2467U 亏损=0.0000U 净浮盈=0.2467U 手续费基数=0.0994U 阈值=0.4972U
[TRACKER] 12:09:15 持仓=4 盈利=0.2766U 亏损=0.0000U 净浮盈=0.2766U 手续费基数=0.0994U 阈值=0.4972U
[TRACKER] 12:09:22 持仓=4 盈利=0.2889U 亏损=0.0000U 净浮盈=0.2889U 手续费基数=0.0994U 阈值=0.4972U
[TRACKER] 12:09:28 持仓=4 盈利=0.3002U 亏损=0.0000U 净浮盈=0.3002U 手续费基数=0.0994U 阈值=0.4972U
[TRACKER] 12:09:34 持仓=4 盈利=0.3163U 亏损=0.0000U 净浮盈=0.3163U 手续费基数=0.0994U 阈值=0.4972U
[TRACKER] 12:09:41 持仓=4 盈利=0.3163U 亏损=0.0000U 净浮盈=0.3163U 手续费基数=0.0994U 阈值=0.4972U
[TRACKER] 12:09:47 持仓=4 盈利=0.2985U 亏损=0.0000U 净浮盈=0.2985U 手续费基数=0.0994U 阈值=0.4972U
[TRACKER] 12:09:54 持仓=4 盈利=0.2985U 亏损=0.0000U 净浮盈=0.2985U 手续费基数=0.0994U 阈值=0.4972U
[TRACKER] 本轮结束（将由 crontab 重新拉起）
[TRACKER] 启动，每 5 秒检查一次…
[TRACKER] 12:10:03 持仓=4 盈利=0.3201U 亏损=0.0000U 净浮盈=0.3201U 手续费基数=0.0994U 阈值=0.4972U
[TRACKER] 12:10:09 持仓=4 盈利=0.3236U 亏损=0.0000U 净浮盈=0.3236U 手续费基数=0.0994U 阈值=0.4972U
[TRACKER] 12:10:16 持仓=4 盈利=0.3177U 亏损=0.0000U 净浮盈=0.3177U 手续费基数=0.0994U 阈值=0.4972U
[TRACKER] 12:10:22 持仓=4 盈利=0.3417U 亏损=0.0000U 净浮盈=0.3417U 手续费基数=0.0994U 阈值=0.4972U
[TRACKER] 12:10:29 持仓=4 盈利=0.3537U 亏损=0.0000U 净浮盈=0.3537U 手续费基数=0.0994U 阈值=0.4972U
[TRACKER] 12:10:35 持仓=4 盈利=0.3221U 亏损=0.0000U 净浮盈=0.3221U 手续费基数=0.0994U 阈值=0.4972U
[TRACKER] 12:10:42 持仓=4 盈利=0.2895U 亏损=0.0000U 净浮盈=0.2895U 手续费基数=0.0994U 阈值=0.4972U
[TRACKER] 12:10:48 持仓=4 盈利=0.3285U 亏损=0.0000U 净浮盈=0.3285U 手续费基数=0.0994U 阈值=0.4972U
[TRACKER] 12:10:54 持仓=4 盈利=0.3165U 亏损=0.0000U 净浮盈=0.3165U 手续费基数=0.0994U 阈值=0.4972U
[TRACKER] 本轮结束（将由 crontab 重新拉起）
[TRACKER] 启动，每 5 秒检查一次…
[TRACKER] 12:11:03 持仓=4 盈利=0.2977U 亏损=0.0000U 净浮盈=0.2977U 手续费基数=0.0994U 阈值=0.4972U
[TRACKER] 12:11:09 持仓=4 盈利=0.2902U 亏损=-0.0138U 净浮盈=0.2765U 手续费基数=0.0994U 阈值=0.4972U
[TRACKER] 12:11:16 持仓=4 盈利=0.2392U 亏损=-0.0757U 净浮盈=0.1635U 手续费基数=0.0994U 阈值=0.4972U
[TRACKER] 12:11:22 持仓=4 盈利=0.3112U 亏损=-0.0688U 净浮盈=0.2424U 手续费基数=0.0994U 阈值=0.4972U
[TRACKER] 12:11:28 持仓=4 盈利=0.3053U 亏损=-0.0550U 净浮盈=0.2503U 手续费基数=0.0994U 阈值=0.4972U
[TRACKER] 12:11:35 持仓=4 盈利=0.3081U 亏损=-0.0632U 净浮盈=0.2449U 手续费基数=0.0994U 阈值=0.4972U
[TRACKER] 12:11:41 持仓=4 盈利=0.3201U 亏损=-0.0645U 净浮盈=0.2556U 手续费基数=0.0994U 阈值=0.4972U
[TRACKER] 12:11:47 持仓=4 盈利=0.3201U 亏损=-0.0658U 净浮盈=0.2543U 手续费基数=0.0994U 阈值=0.4972U
[TRACKER] 12:11:54 持仓=4 盈利=0.2961U 亏损=-0.0658U 净浮盈=0.2303U 手续费基数=0.0994U 阈值=0.4972U
[TRACKER] 本轮结束（将由 crontab 重新拉起）
[TRACKER] 启动，每 5 秒检查一次…
[TRACKER] 12:12:02 持仓=4 盈利=0.2656U 亏损=-0.0508U 净浮盈=0.2149U 手续费基数=0.0994U 阈值=0.4972U
[TRACKER] 12:12:09 持仓=4 盈利=0.2358U 亏损=-0.0508U 净浮盈=0.1850U 手续费基数=0.0994U 阈值=0.4972U
[TRACKER] 12:12:15 持仓=4 盈利=0.2540U 亏损=-0.0357U 净浮盈=0.2183U 手续费基数=0.0994U 阈值=0.4972U
[TRACKER] 12:12:22 持仓=4 盈利=0.2783U 亏损=-0.0426U 净浮盈=0.2357U 手续费基数=0.0994U 阈值=0.4972U
[TRACKER] 12:12:28 持仓=4 盈利=0.2844U 亏损=-0.0426U 净浮盈=0.2419U 手续费基数=0.0994U 阈值=0.4972U
[TRACKER] 12:12:34 持仓=4 盈利=0.2848U 亏损=-0.0576U 净浮盈=0.2271U 手续费基数=0.0994U 阈值=0.4972U
[TRACKER] 12:12:41 持仓=4 盈利=0.2848U 亏损=-0.0508U 净浮盈=0.2340U 手续费基数=0.0994U 阈值=0.4972U
[TRACKER] 12:12:48 持仓=4 盈利=0.3208U 亏损=-0.0508U 净浮盈=0.2700U 手续费基数=0.0994U 阈值=0.4972U
[TRACKER] 12:12:54 持仓=4 盈利=0.3208U 亏损=-0.0508U 净浮盈=0.2700U 手续费基数=0.0994U 阈值=0.4972U
[TRACKER] 本轮结束（将由 crontab 重新拉起）
[TRACKER] 启动，每 5 秒检查一次…
[TRACKER] 12:13:03 持仓=4 盈利=0.2848U 亏损=-0.0508U 净浮盈=0.2340U 手续费基数=0.0994U 阈值=0.4972U
[TRACKER] 12:13:09 持仓=4 盈利=0.1946U 亏损=-0.0508U 净浮盈=0.1438U 手续费基数=0.0994U 阈值=0.4972U
[TRACKER] 12:13:16 持仓=4 盈利=0.1706U 亏损=-0.0357U 净浮盈=0.1349U 手续费基数=0.0994U 阈值=0.4972U
[TRACKER] 12:13:22 持仓=4 盈利=0.0062U 亏损=-0.0597U 净浮盈=-0.0535U 手续费基数=0.0994U 阈值=0.4972U
[TRACKER] 12:13:29 持仓=4 盈利=0.0247U 亏损=-0.0809U 净浮盈=-0.0562U 手续费基数=0.0994U 阈值=0.4972U
[TRACKER] 12:13:35 持仓=4 盈利=0.0247U 亏损=-0.0860U 净浮盈=-0.0613U 手续费基数=0.0994U 阈值=0.4972U
[TRACKER] 12:13:41 持仓=4 盈利=0.0308U 亏损=-0.0980U 净浮盈=-0.0672U 手续费基数=0.0994U 阈值=0.4972U
[TRACKER] 12:13:48 持仓=4 盈利=0.0308U 亏损=-0.0740U 净浮盈=-0.0432U 手续费基数=0.0994U 阈值=0.4972U
[TRACKER] 12:13:54 持仓=4 盈利=0.0908U 亏损=-0.0740U 净浮盈=0.0168U 手续费基数=0.0994U 阈值=0.4972U
[TRACKER] 本轮结束（将由 crontab 重新拉起）
[TRACKER] 启动，每 5 秒检查一次…
[TRACKER] 12:14:03 持仓=4 盈利=0.0788U 亏损=-0.0891U 净浮盈=-0.0102U 手续费基数=0.0994U 阈值=0.4972U
[TRACKER] 12:14:09 持仓=4 盈利=0.0490U 亏损=-0.0891U 净浮盈=-0.0401U 手续费基数=0.0994U 阈值=0.4972U
[TRACKER] 12:14:16 持仓=4 盈利=0.0610U 亏损=-0.0891U 净浮盈=-0.0281U 手续费基数=0.0994U 阈值=0.4972U
[TRACKER] 12:14:22 持仓=4 盈利=0.0370U 亏损=-0.1011U 净浮盈=-0.0641U 手续费基数=0.0994U 阈值=0.4972U
[TRACKER] 12:14:29 持仓=4 盈利=0.0431U 亏损=-0.1011U 净浮盈=-0.0579U 手续费基数=0.0994U 阈值=0.4972U
[TRACKER] 12:14:35 持仓=4 盈利=0.0431U 亏损=-0.1406U 净浮盈=-0.0974U 手续费基数=0.0994U 阈值=0.4972U
[TRACKER] 12:14:41 持仓=4 盈利=0.0431U 亏损=-0.1406U 净浮盈=-0.0974U 手续费基数=0.0994U 阈值=0.4972U
[TRACKER] 12:14:48 持仓=4 盈利=0.0431U 亏损=-0.1406U 净浮盈=-0.0974U 手续费基数=0.0994U 阈值=0.4972U
[TRACKER] 12:14:54 持仓=4 盈利=0.0431U 亏损=-0.1886U 净浮盈=-0.1454U 手续费基数=0.0994U 阈值=0.4972U
[TRACKER] 本轮结束（将由 crontab 重新拉起）
[TRACKER] 启动，每 5 秒检查一次…
[TRACKER] 12:15:04 持仓=4 盈利=0.0370U 亏损=-0.1646U 净浮盈=-0.1276U 手续费基数=0.0994U 阈值=0.4972U
[TRACKER] 12:15:10 持仓=4 盈利=0.0370U 亏损=-0.1676U 净浮盈=-0.1307U 手续费基数=0.0994U 阈值=0.4972U
[TRACKER] 12:15:17 持仓=4 盈利=0.0062U 亏损=-0.1556U 净浮盈=-0.1495U 手续费基数=0.0994U 阈值=0.4972U
[TRACKER] 12:15:23 持仓=4 盈利=0.0062U 亏损=-0.1286U 净浮盈=-0.1224U 手续费基数=0.0994U 阈值=0.4972U
[TRACKER] 12:15:30 持仓=4 盈利=0.0302U 亏损=-0.1166U 净浮盈=-0.0864U 手续费基数=0.0994U 阈值=0.4972U
[TRACKER] 12:15:36 持仓=4 盈利=0.0000U 亏损=-0.1286U 净浮盈=-0.1286U 手续费基数=0.0994U 阈值=0.4972U
[TRACKER] 12:15:42 持仓=4 盈利=0.0000U 亏损=-0.1347U 净浮盈=-0.1347U 手续费基数=0.0994U 阈值=0.4972U
[TRACKER] 12:15:49 持仓=4 盈利=0.0120U 亏损=-0.1227U 净浮盈=-0.1107U 手续费基数=0.0994U 阈值=0.4972U
[TRACKER] 12:15:55 持仓=4 盈利=0.0120U 亏损=-0.1227U 净浮盈=-0.1107U 手续费基数=0.0994U 阈值=0.4972U
[TRACKER] 本轮结束（将由 crontab 重新拉起）
[TRACKER] 启动，每 5 秒检查一次…
[TRACKER] 12:16:02 持仓=4 盈利=0.0120U 亏损=-0.1015U 净浮盈=-0.0895U 手续费基数=0.0994U 阈值=0.4972U
[TRACKER] 12:16:08 持仓=4 盈利=0.0062U 亏损=-0.1135U 净浮盈=-0.1074U 手续费基数=0.0994U 阈值=0.4972U
[TRACKER] 12:16:15 持仓=4 盈利=0.0123U 亏损=-0.1375U 净浮盈=-0.1252U 手续费基数=0.0994U 阈值=0.4972U
[TRACKER] 12:16:22 持仓=4 盈利=0.0545U 亏损=-0.1015U 净浮盈=-0.0470U 手续费基数=0.0994U 阈值=0.4972U
[TRACKER] 12:16:28 持仓=4 盈利=0.0425U 亏损=-0.1015U 净浮盈=-0.0590U 手续费基数=0.0994U 阈值=0.4972U
[TRACKER] 12:16:35 持仓=4 盈利=0.0185U 亏损=-0.1255U 净浮盈=-0.1070U 手续费基数=0.0994U 阈值=0.4972U
[TRACKER] 12:16:41 持仓=4 盈利=0.0185U 亏损=-0.1135U 净浮盈=-0.0950U 手续费基数=0.0994U 阈值=0.4972U
[TRACKER] 12:16:47 持仓=4 盈利=0.0185U 亏损=-0.1015U 净浮盈=-0.0830U 手续费基数=0.0994U 阈值=0.4972U
[TRACKER] 12:16:54 持仓=4 盈利=0.0185U 亏损=-0.1135U 净浮盈=-0.0950U 手续费基数=0.0994U 阈值=0.4972U
[TRACKER] 本轮结束（将由 crontab 重新拉起）
[TRACKER] 启动，每 5 秒检查一次…
[TRACKER] 12:17:03 持仓=4 盈利=0.0247U 亏损=-0.1255U 净浮盈=-0.1009U 手续费基数=0.0994U 阈值=0.4972U
[TRACKER] 12:17:09 持仓=4 盈利=0.0487U 亏损=-0.1015U 净浮盈=-0.0529U 手续费基数=0.0994U 阈值=0.4972U
[TRACKER] 12:17:16 持仓=4 盈利=0.0315U 亏损=-0.0602U 净浮盈=-0.0287U 手续费基数=0.0994U 阈值=0.4972U
[TRACKER] 12:17:22 持仓=4 盈利=0.0384U 亏损=-0.0602U 净浮盈=-0.0218U 手续费基数=0.0994U 阈值=0.4972U
[TRACKER] 12:17:29 持仓=4 盈利=0.0576U 亏损=-0.0602U 净浮盈=-0.0026U 手续费基数=0.0994U 阈值=0.4972U
[TRACKER] 12:17:35 持仓=4 盈利=0.0576U 亏损=-0.0602U 净浮盈=-0.0026U 手续费基数=0.0994U 阈值=0.4972U
[TRACKER] 12:17:41 持仓=4 盈利=0.0827U 亏损=-0.0602U 净浮盈=0.0224U 手续费基数=0.0994U 阈值=0.4972U
[TRACKER] 12:17:48 持仓=4 盈利=0.0844U 亏损=-0.0722U 净浮盈=0.0122U 手续费基数=0.0994U 阈值=0.4972U
[TRACKER] 12:17:54 持仓=4 盈利=0.0775U 亏损=-0.0722U 净浮盈=0.0053U 手续费基数=0.0994U 阈值=0.4972U
[TRACKER] 本轮结束（将由 crontab 重新拉起）
[TRACKER] 启动，每 5 秒检查一次…
[TRACKER] 12:18:03 持仓=4 盈利=0.0878U 亏损=-0.0602U 净浮盈=0.0275U 手续费基数=0.0994U 阈值=0.4972U
[TRACKER] 12:18:10 持仓=4 盈利=0.1435U 亏损=-0.0602U 净浮盈=0.0833U 手续费基数=0.0994U 阈值=0.4972U
[TRACKER] 12:18:17 持仓=4 盈利=0.0576U 亏损=-0.0602U 净浮盈=-0.0026U 手续费基数=0.0994U 阈值=0.4972U
[TRACKER] 12:18:23 持仓=4 盈利=0.0707U 亏损=-0.0602U 净浮盈=0.0104U 手续费基数=0.0994U 阈值=0.4972U
[TRACKER] 12:18:30 持仓=4 盈利=0.0768U 亏损=-0.0722U 净浮盈=0.0046U 手续费基数=0.0994U 阈值=0.4972U
[TRACKER] 12:18:36 持仓=4 盈利=0.0768U 亏损=-0.0722U 净浮盈=0.0046U 手续费基数=0.0994U 阈值=0.4972U
[TRACKER] 12:18:43 持仓=4 盈利=0.0768U 亏损=-0.0722U 净浮盈=0.0046U 手续费基数=0.0994U 阈值=0.4972U
[TRACKER] 12:18:49 持仓=4 盈利=0.0830U 亏损=-0.0602U 净浮盈=0.0227U 手续费基数=0.0994U 阈值=0.4972U
[TRACKER] 12:18:56 持仓=4 盈利=0.0830U 亏损=-0.0602U 净浮盈=0.0227U 手续费基数=0.0994U 阈值=0.4972U
[TRACKER] 本轮结束（将由 crontab 重新拉起）
[TRACKER] 启动，每 5 秒检查一次…
[TRACKER] 12:19:03 持仓=4 盈利=0.1174U 亏损=-0.0722U 净浮盈=0.0451U 手续费基数=0.0994U 阈值=0.4972U
[TRACKER] 12:19:09 持仓=4 盈利=0.1112U 亏损=-0.0842U 净浮盈=0.0270U 手续费基数=0.0994U 阈值=0.4972U
[TRACKER] 12:19:15 持仓=4 盈利=0.1112U 亏损=-0.0842U 净浮盈=0.0270U 手续费基数=0.0994U 阈值=0.4972U
[TRACKER] 12:19:22 持仓=4 盈利=0.1112U 亏损=-0.0722U 净浮盈=0.0390U 手续费基数=0.0994U 阈值=0.4972U
[TRACKER] 12:19:28 持仓=4 盈利=0.1112U 亏损=-0.0722U 净浮盈=0.0390U 手续费基数=0.0994U 阈值=0.4972U
[TRACKER] 12:19:34 持仓=4 盈利=0.1112U 亏损=-0.0722U 净浮盈=0.0390U 手续费基数=0.0994U 阈值=0.4972U
[TRACKER] 12:19:41 持仓=4 盈利=0.1051U 亏损=-0.0722U 净浮盈=0.0328U 手续费基数=0.0994U 阈值=0.4972U
[TRACKER] 12:19:47 持仓=4 盈利=0.1051U 亏损=-0.0842U 净浮盈=0.0208U 手续费基数=0.0994U 阈值=0.4972U
[TRACKER] 12:19:54 持仓=4 盈利=0.1174U 亏损=-0.0722U 净浮盈=0.0451U 手续费基数=0.0994U 阈值=0.4972U
[TRACKER] 本轮结束（将由 crontab 重新拉起）
[TRACKER] 启动，每 5 秒检查一次…
[TRACKER] 12:20:02 持仓=4 盈利=0.1174U 亏损=-0.0722U 净浮盈=0.0451U 手续费基数=0.0994U 阈值=0.4972U
[TRACKER] 12:20:09 持仓=4 盈利=0.1174U 亏损=-0.0842U 净浮盈=0.0331U 手续费基数=0.0994U 阈值=0.4972U
[TRACKER] 12:20:16 持仓=4 盈利=0.1043U 亏损=-0.0842U 净浮盈=0.0201U 手续费基数=0.0994U 阈值=0.4972U
[TRACKER] 12:20:22 持仓=4 盈利=0.1043U 亏损=-0.0722U 净浮盈=0.0321U 手续费基数=0.0994U 阈值=0.4972U
[TRACKER] 12:20:29 持仓=4 盈利=0.1043U 亏损=-0.0541U 净浮盈=0.0502U 手续费基数=0.0994U 阈值=0.4972U
[TRACKER] 12:20:35 持仓=4 盈利=0.0975U 亏损=-0.0421U 净浮盈=0.0553U 手续费基数=0.0994U 阈值=0.4972U
[TRACKER] 12:20:41 持仓=4 盈利=0.1036U 亏损=-0.0452U 净浮盈=0.0584U 手续费基数=0.0994U 阈值=0.4972U
[TRACKER] 12:20:48 持仓=4 盈利=0.1036U 亏损=-0.0722U 净浮盈=0.0314U 手续费基数=0.0994U 阈值=0.4972U
[TRACKER] 12:20:54 持仓=4 盈利=0.1036U 亏损=-0.0962U 净浮盈=0.0074U 手续费基数=0.0994U 阈值=0.4972U
[TRACKER] 本轮结束（将由 crontab 重新拉起）
[TRACKER] 启动，每 5 秒检查一次…
[TRACKER] 12:21:04 持仓=4 盈利=0.0975U 亏损=-0.1082U 净浮盈=-0.0108U 手续费基数=0.0994U 阈值=0.4972U
[TRACKER] 12:21:10 持仓=4 盈利=0.0975U 亏损=-0.1322U 净浮盈=-0.0348U 手续费基数=0.0994U 阈值=0.4972U
[TRACKER] 12:21:16 持仓=4 盈利=0.0906U 亏损=-0.1202U 净浮盈=-0.0297U 手续费基数=0.0994U 阈值=0.4972U
[TRACKER] 12:21:23 持仓=4 盈利=0.0837U 亏损=-0.0842U 净浮盈=-0.0005U 手续费基数=0.0994U 阈值=0.4972U
[TRACKER] 12:21:29 持仓=4 盈利=0.0768U 亏损=-0.0602U 净浮盈=0.0166U 手续费基数=0.0994U 阈值=0.4972U
[TRACKER] 12:21:36 持仓=4 盈利=0.0707U 亏损=-0.0722U 净浮盈=-0.0016U 手续费基数=0.0994U 阈值=0.4972U
[TRACKER] 12:21:42 持仓=4 盈利=0.0699U 亏损=-0.0602U 净浮盈=0.0097U 手续费基数=0.0994U 阈值=0.4972U
[TRACKER] 12:21:49 持仓=4 盈利=0.0823U 亏损=-0.1082U 净浮盈=-0.0260U 手续费基数=0.0994U 阈值=0.4972U
[TRACKER] 12:21:55 持仓=4 盈利=0.0823U 亏损=-0.0962U 净浮盈=-0.0140U 手续费基数=0.0994U 阈值=0.4972U
[TRACKER] 本轮结束（将由 crontab 重新拉起）
[TRACKER] 启动，每 5 秒检查一次…
[TRACKER] 12:22:02 持仓=4 盈利=0.0616U 亏损=-0.0998U 净浮盈=-0.0381U 手续费基数=0.0994U 阈值=0.4972U
[TRACKER] 12:22:09 持仓=4 盈利=0.0616U 亏损=-0.1049U 净浮盈=-0.0433U 手续费基数=0.0994U 阈值=0.4972U
[TRACKER] 12:22:15 持仓=4 盈利=0.0616U 亏损=-0.0809U 净浮盈=-0.0193U 手续费基数=0.0994U 阈值=0.4972U
[TRACKER] 12:22:22 持仓=4 盈利=0.0616U 亏损=-0.0860U 净浮盈=-0.0244U 手续费基数=0.0994U 阈值=0.4972U
[TRACKER] 12:22:28 持仓=4 盈利=0.0616U 亏损=-0.0860U 净浮盈=-0.0244U 手续费基数=0.0994U 阈值=0.4972U
[TRACKER] 12:22:34 持仓=4 盈利=0.0798U 亏损=-0.0740U 净浮盈=0.0058U 手续费基数=0.0994U 阈值=0.4972U
[TRACKER] 12:22:41 持仓=4 盈利=0.0798U 亏损=-0.0740U 净浮盈=0.0058U 手续费基数=0.0994U 阈值=0.4972U
[TRACKER] 12:22:47 持仓=4 盈利=0.0918U 亏损=-0.0740U 净浮盈=0.0178U 手续费基数=0.0994U 阈值=0.4972U
[TRACKER] 12:22:53 持仓=4 盈利=0.0798U 亏损=-0.0809U 净浮盈=-0.0011U 手续费基数=0.0994U 阈值=0.4972U
[TRACKER] 本轮结束（将由 crontab 重新拉起）
[TRACKER] 启动，每 5 秒检查一次…
[TRACKER] 12:23:03 持仓=4 盈利=0.0678U 亏损=-0.0878U 净浮盈=-0.0200U 手续费基数=0.0994U 阈值=0.4972U
[TRACKER] 12:23:10 持仓=4 盈利=0.0736U 亏损=-0.0809U 净浮盈=-0.0073U 手续费基数=0.0994U 阈值=0.4972U
[TRACKER] 12:23:16 持仓=4 盈利=0.0856U 亏损=-0.0809U 净浮盈=0.0047U 手续费基数=0.0994U 阈值=0.4972U
[TRACKER] 12:23:23 持仓=4 盈利=0.0736U 亏损=-0.0740U 净浮盈=-0.0004U 手续费基数=0.0994U 阈值=0.4972U
[TRACKER] 12:23:29 持仓=4 盈利=0.1096U 亏损=-0.0589U 净浮盈=0.0507U 手续费基数=0.0994U 阈值=0.4972U
[TRACKER] 12:23:36 持仓=4 盈利=0.1216U 亏损=-0.0521U 净浮盈=0.0696U 手续费基数=0.0994U 阈值=0.4972U
[TRACKER] 12:23:42 持仓=4 盈利=0.1096U 亏损=-0.0521U 净浮盈=0.0576U 手续费基数=0.0994U 阈值=0.4972U
[TRACKER] 12:23:48 持仓=4 盈利=0.1216U 亏损=-0.0521U 净浮盈=0.0696U 手续费基数=0.0994U 阈值=0.4972U
[TRACKER] 12:23:55 持仓=4 盈利=0.1096U 亏损=-0.0439U 净浮盈=0.0658U 手续费基数=0.0994U 阈值=0.4972U
[TRACKER] 本轮结束（将由 crontab 重新拉起）
[TRACKER] 启动，每 5 秒检查一次…
[TRACKER] 12:24:02 持仓=4 盈利=0.1100U 亏损=-0.0439U 净浮盈=0.0661U 手续费基数=0.0994U 阈值=0.4972U
[TRACKER] 12:24:08 持仓=4 盈利=0.1281U 亏损=-0.0439U 净浮盈=0.0842U 手续费基数=0.0994U 阈值=0.4972U
[TRACKER] 12:24:14 持仓=4 盈利=0.1401U 亏损=-0.0439U 净浮盈=0.0962U 手续费基数=0.0994U 阈值=0.4972U
[TRACKER] 12:24:21 持仓=4 盈利=0.1401U 亏损=-0.0439U 净浮盈=0.0962U 手续费基数=0.0994U 阈值=0.4972U
[TRACKER] 12:24:27 持仓=4 盈利=0.1401U 亏损=-0.0439U 净浮盈=0.0962U 手续费基数=0.0994U 阈值=0.4972U
[TRACKER] 12:24:33 持仓=4 盈利=0.1521U 亏损=-0.0439U 净浮盈=0.1082U 手续费基数=0.0994U 阈值=0.4972U
[TRACKER] 12:24:40 持仓=4 盈利=0.1761U 亏损=-0.0439U 净浮盈=0.1322U 手续费基数=0.0994U 阈值=0.4972U
[TRACKER] 12:24:47 持仓=4 盈利=0.1401U 亏损=-0.0439U 净浮盈=0.0962U 手续费基数=0.0994U 阈值=0.4972U
[TRACKER] 12:24:53 持仓=4 盈利=0.1041U 亏损=-0.0439U 净浮盈=0.0602U 手续费基数=0.0994U 阈值=0.4972U
[TRACKER] 本轮结束（将由 crontab 重新拉起）
[TRACKER] 启动，每 5 秒检查一次…
[TRACKER] 12:25:03 持仓=4 盈利=0.0740U 亏损=-0.0860U 净浮盈=-0.0120U 手续费基数=0.0994U 阈值=0.4972U
[TRACKER] 12:25:10 持仓=4 盈利=0.0678U 亏损=-0.1460U 净浮盈=-0.0782U 手续费基数=0.0994U 阈值=0.4972U
[TRACKER] 12:25:16 持仓=4 盈利=0.0740U 亏损=-0.1131U 净浮盈=-0.0391U 手续费基数=0.0994U 阈值=0.4972U
[TRACKER] 12:25:23 持仓=4 盈利=0.0740U 亏损=-0.1371U 净浮盈=-0.0631U 手续费基数=0.0994U 阈值=0.4972U
[TRACKER] 12:25:29 持仓=4 盈利=0.0678U 亏损=-0.1439U 净浮盈=-0.0761U 手续费基数=0.0994U 阈值=0.4972U
[TRACKER] 12:25:35 持仓=4 盈利=0.0678U 亏损=-0.1079U 净浮盈=-0.0401U 手续费基数=0.0994U 阈值=0.4972U
[TRACKER] 12:25:42 持仓=4 盈利=0.0736U 亏损=-0.1110U 净浮盈=-0.0374U 手续费基数=0.0994U 阈值=0.4972U
[TRACKER] 12:25:48 持仓=4 盈利=0.1216U 亏损=-0.1110U 净浮盈=0.0106U 手续费基数=0.0994U 阈值=0.4972U
[TRACKER] 12:25:55 持仓=4 盈利=0.1216U 亏损=-0.1110U 净浮盈=0.0106U 手续费基数=0.0994U 阈值=0.4972U
[TRACKER] 本轮结束（将由 crontab 重新拉起）
[TRACKER] 启动，每 5 秒检查一次…
[TRACKER] 12:26:01 持仓=4 盈利=0.0918U 亏损=-0.1261U 净浮盈=-0.0343U 手续费基数=0.0994U 阈值=0.4972U
[TRACKER] 12:26:08 持仓=4 盈利=0.1216U 亏损=-0.0959U 净浮盈=0.0257U 手续费基数=0.0994U 阈值=0.4972U
[TRACKER] 12:26:14 持仓=4 盈利=0.1336U 亏损=-0.1041U 净浮盈=0.0295U 手续费基数=0.0994U 阈值=0.4972U
[TRACKER] 12:26:21 持仓=4 盈利=0.1576U 亏损=-0.1342U 净浮盈=0.0234U 手续费基数=0.0994U 阈值=0.4972U
[TRACKER] 12:26:27 持仓=4 盈利=0.1576U 亏损=-0.1342U 净浮盈=0.0234U 手续费基数=0.0994U 阈值=0.4972U
[TRACKER] 12:26:33 持仓=4 盈利=0.1576U 亏损=-0.1342U 净浮盈=0.0234U 手续费基数=0.0994U 阈值=0.4972U
[TRACKER] 12:26:40 持仓=4 盈利=0.1576U 亏损=-0.1644U 净浮盈=-0.0067U 手续费基数=0.0994U 阈值=0.4972U
[TRACKER] 12:26:46 持仓=4 盈利=0.1330U 亏损=-0.1493U 净浮盈=-0.0163U 手续费基数=0.0994U 阈值=0.4972U
[TRACKER] 12:26:53 持仓=4 盈利=0.1333U 亏损=-0.1562U 净浮盈=-0.0229U 手续费基数=0.0994U 阈值=0.4972U
[TRACKER] 本轮结束（将由 crontab 重新拉起）
[TRACKER] 启动，每 5 秒检查一次…
[TRACKER] 12:27:03 持仓=4 盈利=0.1333U 亏损=-0.2043U 净浮盈=-0.0710U 手续费基数=0.0994U 阈值=0.4972U
[TRACKER] 12:27:09 持仓=4 盈利=0.1333U 亏损=-0.1893U 净浮盈=-0.0560U 手续费基数=0.0994U 阈值=0.4972U
[TRACKER] 12:27:15 持仓=4 盈利=0.1336U 亏损=-0.1893U 净浮盈=-0.0557U 手续费基数=0.0994U 阈值=0.4972U
[TRACKER] 12:27:22 持仓=4 盈利=0.1398U 亏损=-0.1536U 净浮盈=-0.0138U 手续费基数=0.0994U 阈值=0.4972U
[TRACKER] 12:27:29 持仓=4 盈利=0.1518U 亏损=-0.1605U 净浮盈=-0.0087U 手续费基数=0.0994U 阈值=0.4972U
[TRACKER] 12:27:35 持仓=4 盈利=0.1518U 亏损=-0.1673U 净浮盈=-0.0155U 手续费基数=0.0994U 阈值=0.4972U
[TRACKER] 12:27:41 持仓=4 盈利=0.1518U 亏损=-0.2224U 净浮盈=-0.0706U 手续费基数=0.0994U 阈值=0.4972U
[TRACKER] 12:27:48 持仓=4 盈利=0.1278U 亏损=-0.2306U 净浮盈=-0.1028U 手续费基数=0.0994U 阈值=0.4972U
[TRACKER] 12:27:54 持仓=4 盈利=0.1278U 亏损=-0.2168U 净浮盈=-0.0890U 手续费基数=0.0994U 阈值=0.4972U
[TRACKER] 本轮结束（将由 crontab 重新拉起）
[TRACKER] 启动，每 5 秒检查一次…
[TRACKER] 12:28:03 持仓=4 盈利=0.1100U 亏损=-0.1824U 净浮盈=-0.0724U 手续费基数=0.0994U 阈值=0.4972U
[TRACKER] 12:28:10 持仓=4 盈利=0.1100U 亏损=-0.1824U 净浮盈=-0.0724U 手续费基数=0.0994U 阈值=0.4972U
[TRACKER] 12:28:16 持仓=4 盈利=0.1220U 亏损=-0.2374U 净浮盈=-0.1155U 手续费基数=0.0994U 阈值=0.4972U
[TRACKER] 12:28:22 持仓=4 盈利=0.1460U 亏损=-0.2374U 净浮盈=-0.0915U 手续费基数=0.0994U 阈值=0.4972U
[TRACKER] 12:28:29 持仓=4 盈利=0.1460U 亏损=-0.1824U 净浮盈=-0.0364U 手续费基数=0.0994U 阈值=0.4972U
[TRACKER] 12:28:35 持仓=4 盈利=0.1820U 亏损=-0.1824U 净浮盈=-0.0004U 手续费基数=0.0994U 阈值=0.4972U
[TRACKER] 12:28:42 持仓=4 盈利=0.1700U 亏损=-0.2306U 净浮盈=-0.0606U 手续费基数=0.0994U 阈值=0.4972U
[TRACKER] 12:28:49 持仓=4 盈利=0.1580U 亏损=-0.2306U 净浮盈=-0.0726U 手续费基数=0.0994U 阈值=0.4972U
[TRACKER] 12:28:55 持仓=4 盈利=0.1700U 亏损=-0.1824U 净浮盈=-0.0124U 手续费基数=0.0994U 阈值=0.4972U
[TRACKER] 本轮结束（将由 crontab 重新拉起）
[TRACKER] 启动，每 5 秒检查一次…
[TRACKER] 12:29:02 持仓=4 盈利=0.1820U 亏损=-0.1824U 净浮盈=-0.0004U 手续费基数=0.0994U 阈值=0.4972U
[TRACKER] 12:29:08 持仓=4 盈利=0.2180U 亏损=-0.2306U 净浮盈=-0.0126U 手续费基数=0.0994U 阈值=0.4972U
[TRACKER] 12:29:15 持仓=4 盈利=0.2540U 亏损=-0.2306U 净浮盈=0.0234U 手续费基数=0.0994U 阈值=0.4972U
[TRACKER] 12:29:21 持仓=4 盈利=0.2780U 亏损=-0.1867U 净浮盈=0.0913U 手续费基数=0.0994U 阈值=0.4972U
[TRACKER] 12:29:27 持仓=4 盈利=0.3020U 亏损=-0.1716U 净浮盈=0.1303U 手续费基数=0.0994U 阈值=0.4972U
[TRACKER] 12:29:34 持仓=4 盈利=0.3694U 亏损=-0.1716U 净浮盈=0.1978U 手续费基数=0.0994U 阈值=0.4972U
[TRACKER] 12:29:41 持仓=4 盈利=0.5079U 亏损=-0.1716U 净浮盈=0.3363U 手续费基数=0.0994U 阈值=0.4972U
[TRACKER] 12:29:47 持仓=4 盈利=0.4897U 亏损=-0.1785U 净浮盈=0.3112U 手续费基数=0.0994U 阈值=0.4972U
[TRACKER] 12:29:54 持仓=4 盈利=0.4956U 亏损=-0.2335U 净浮盈=0.2620U 手续费基数=0.0994U 阈值=0.4972U
[TRACKER] 本轮结束（将由 crontab 重新拉起）
[TRACKER] 启动，每 5 秒检查一次…
[TRACKER] 12:30:03 持仓=4 盈利=0.5556U 亏损=-0.1785U 净浮盈=0.3771U 手续费基数=0.0994U 阈值=0.4972U
[TRACKER] 12:30:10 持仓=4 盈利=0.6036U 亏损=-0.2637U 净浮盈=0.3399U 手续费基数=0.0994U 阈值=0.4972U
[TRACKER] 12:30:16 持仓=4 盈利=0.6461U 亏损=-0.3088U 净浮盈=0.3372U 手续费基数=0.0994U 阈值=0.4972U
[TRACKER] 12:30:23 持仓=4 盈利=0.7242U 亏损=-0.2882U 净浮盈=0.4360U 手续费基数=0.0994U 阈值=0.4972U
[TRACKER] 12:30:29 持仓=4 盈利=0.7304U 亏损=-0.2882U 净浮盈=0.4422U 手续费基数=0.0994U 阈值=0.4972U
[TRACKER] 12:30:35 持仓=4 盈利=0.7246U 亏损=-0.2951U 净浮盈=0.4295U 手续费基数=0.0994U 阈值=0.4972U
[TRACKER] 12:30:42 持仓=4 盈利=0.7544U 亏损=-0.2951U 净浮盈=0.4593U 手续费基数=0.0994U 阈值=0.4972U
[TRACKER] 12:30:48 持仓=4 盈利=0.7602U 亏损=-0.3295U 净浮盈=0.4308U 手续费基数=0.0994U 阈值=0.4972U
[TRACKER] 12:30:55 持仓=4 盈利=0.7002U 亏损=-0.3088U 净浮盈=0.3914U 手续费基数=0.0994U 阈值=0.4972U
[TRACKER] 本轮结束（将由 crontab 重新拉起）
[TRACKER] 启动，每 5 秒检查一次…
[TRACKER] 12:31:02 持仓=4 盈利=0.7784U 亏损=-0.3088U 净浮盈=0.4696U 手续费基数=0.0994U 阈值=0.4972U
[TRACKER] 12:31:08 持仓=4 盈利=0.7904U 亏损=-0.3432U 净浮盈=0.4472U 手续费基数=0.0994U 阈值=0.4972U
[TRACKER] 12:31:15 持仓=4 盈利=0.8024U 亏损=-0.3432U 净浮盈=0.4592U 手续费基数=0.0994U 阈值=0.4972U
[TRACKER] 12:31:21 持仓=4 盈利=0.8024U 亏损=-0.3226U 净浮盈=0.4798U 手续费基数=0.0994U 阈值=0.4972U
[TRACKER] 12:31:28 持仓=4 盈利=0.6886U 亏损=-0.3020U 净浮盈=0.3866U 手续费基数=0.0994U 阈值=0.4972U
[TRACKER] 12:31:34 持仓=4 盈利=0.6406U 亏损=-0.2951U 净浮盈=0.3455U 手续费基数=0.0994U 阈值=0.4972U
[TRACKER] 12:31:41 持仓=4 盈利=0.7126U 亏损=-0.3570U 净浮盈=0.3556U 手续费基数=0.0994U 阈值=0.4972U
[TRACKER] 12:31:47 持仓=4 盈利=0.7486U 亏损=-0.3501U 净浮盈=0.3984U 手续费基数=0.0994U 阈值=0.4972U
[TRACKER] 12:31:54 持仓=4 盈利=0.7606U 亏损=-0.3501U 净浮盈=0.4104U 手续费基数=0.0994U 阈值=0.4972U
[TRACKER] 本轮结束（将由 crontab 重新拉起）
[TRACKER] 启动，每 5 秒检查一次…
[TRACKER] 12:32:03 持仓=4 盈利=0.7664U 亏损=-0.3639U 净浮盈=0.4025U 手续费基数=0.0994U 阈值=0.4972U
[TRACKER] 12:32:09 持仓=4 盈利=0.8384U 亏损=-0.3488U 净浮盈=0.4896U 手续费基数=0.0994U 阈值=0.4972U
[TRACKER] 12:32:16 持仓=4 盈利=0.8922U 亏损=-0.3488U 净浮盈=0.5434U 手续费基数=0.0994U 阈值=0.4972U
[TRACKER] 🎯 净浮盈 0.5434 > 阈值 0.4972，开始平仓
   ✅ 平仓 TLM/USDT:USDT 浮盈 -0.1355U
   ✅ 平仓 T/USDT:USDT 浮盈 -0.2133U
   ✅ 平仓 EUL/USDT:USDT 浮盈 0.7320U
   ✅ 平仓 VANRY/USDT:USDT 浮盈 0.1602U
[TRACKER] 12:32:25 无持仓
[TRACKER] 12:32:31 无持仓
[TRACKER] 12:32:37 无持仓
[TRACKER] 12:32:44 无持仓
[TRACKER] 12:32:51 无持仓
[TRACKER] 12:32:57 无持仓
[TRACKER] 本轮结束（将由 crontab 重新拉起）
[TRACKER] 启动，每 5 秒检查一次…
[TRACKER] 12:33:03 无持仓
[TRACKER] 12:33:09 无持仓
[TRACKER] 12:33:16 无持仓
[TRACKER] 12:33:22 无持仓
[TRACKER] 12:33:28 无持仓
[TRACKER] 12:33:34 无持仓
[TRACKER] 12:33:41 无持仓
[TRACKER] 12:33:48 无持仓
[TRACKER] 12:33:54 无持仓
[TRACKER] 本轮结束（将由 crontab 重新拉起）
[TRACKER] 启动，每 5 秒检查一次…
[TRACKER] 12:34:03 无持仓
[TRACKER] 12:34:10 无持仓
[TRACKER] 12:34:16 无持仓
[TRACKER] 12:34:23 无持仓
[TRACKER] 12:34:30 无持仓
[TRACKER] 12:34:36 无持仓
[TRACKER] 12:34:43 无持仓
[TRACKER] 12:34:49 无持仓
[TRACKER] 12:34:55 无持仓
[TRACKER] 本轮结束（将由 crontab 重新拉起）
[TRACKER] 启动，每 5 秒检查一次…
[TRACKER] 12:35:02 无持仓
[TRACKER] 12:35:09 无持仓
[TRACKER] 12:35:15 无持仓
[TRACKER] 12:35:22 无持仓
[TRACKER] 12:35:28 无持仓
[TRACKER] 12:35:35 无持仓
[TRACKER] 12:35:41 无持仓
[TRACKER] 12:35:47 无持仓
[TRACKER] 12:35:54 无持仓
[TRACKER] 本轮结束（将由 crontab 重新拉起）
[TRACKER] 启动，每 5 秒检查一次…
[TRACKER] 12:36:03 无持仓
[TRACKER] 12:36:09 无持仓
[TRACKER] 12:36:16 无持仓
[TRACKER] 12:36:22 无持仓
[TRACKER] 12:36:29 无持仓
[TRACKER] 12:36:36 无持仓
[TRACKER] 12:36:42 无持仓
[TRACKER] 12:36:48 无持仓
[TRACKER] 12:36:55 无持仓
[TRACKER] 本轮结束（将由 crontab 重新拉起）
[TRACKER] 启动，每 5 秒检查一次…
[TRACKER] 12:37:02 无持仓
[TRACKER] 12:37:09 无持仓
[TRACKER] 12:37:15 无持仓
[TRACKER] 12:37:21 无持仓
[TRACKER] 12:37:28 无持仓
[TRACKER] 12:37:34 无持仓
[TRACKER] 12:37:40 无持仓
[TRACKER] 12:37:47 无持仓
[TRACKER] 12:37:53 无持仓
[TRACKER] 本轮结束（将由 crontab 重新拉起）
[TRACKER] 启动，每 5 秒检查一次…
[TRACKER] 12:38:03 无持仓
[TRACKER] 12:38:10 无持仓
[TRACKER] 12:38:17 无持仓
[TRACKER] 12:38:23 无持仓
[TRACKER] 12:38:29 无持仓
[TRACKER] 12:38:36 无持仓
[TRACKER] 12:38:42 无持仓
[TRACKER] 12:38:49 无持仓
[TRACKER] 12:38:55 无持仓
[TRACKER] 本轮结束（将由 crontab 重新拉起）
[TRACKER] 启动，每 5 秒检查一次…
[TRACKER] 12:39:02 无持仓
[TRACKER] 12:39:09 无持仓
[TRACKER] 12:39:15 无持仓
[TRACKER] 12:39:21 无持仓
[TRACKER] 12:39:28 无持仓
[TRACKER] 12:39:34 无持仓
[TRACKER] 12:39:41 无持仓
[TRACKER] 12:39:47 无持仓
[TRACKER] 12:39:54 无持仓
[TRACKER] 本轮结束（将由 crontab 重新拉起）
[TRACKER] 启动，每 5 秒检查一次…
[TRACKER] 12:40:03 无持仓
[TRACKER] 12:40:09 无持仓
[TRACKER] 12:40:16 无持仓
[TRACKER] 12:40:23 无持仓
[TRACKER] 12:40:29 无持仓
[TRACKER] 12:40:36 无持仓
[TRACKER] 12:40:42 无持仓
[TRACKER] 12:40:49 无持仓
[TRACKER] 12:40:55 无持仓
[TRACKER] 本轮结束（将由 crontab 重新拉起）
[TRACKER] 启动，每 5 秒检查一次…
[TRACKER] 12:41:02 无持仓
[TRACKER] 12:41:09 无持仓
[TRACKER] 12:41:15 无持仓
[TRACKER] 12:41:21 无持仓
[TRACKER] 12:41:28 无持仓
[TRACKER] 12:41:34 无持仓
[TRACKER] 12:41:41 无持仓
[TRACKER] 12:41:48 无持仓
[TRACKER] 12:41:54 无持仓
[TRACKER] 本轮结束（将由 crontab 重新拉起）
[TRACKER] 启动，每 5 秒检查一次…
[TRACKER] 12:42:03 无持仓
[TRACKER] 12:42:10 无持仓
[TRACKER] 12:42:16 无持仓
[TRACKER] 12:42:22 无持仓
[TRACKER] 12:42:29 无持仓
[TRACKER] 12:42:35 无持仓
[TRACKER] 12:42:42 无持仓
[TRACKER] 12:42:48 无持仓
[TRACKER] 12:42:55 无持仓
[TRACKER] 本轮结束（将由 crontab 重新拉起）
[TRACKER] 启动，每 5 秒检查一次…
[TRACKER] 12:43:02 无持仓
[TRACKER] 12:43:09 无持仓
[TRACKER] 12:43:15 无持仓
[TRACKER] 12:43:22 无持仓
[TRACKER] 12:43:28 无持仓
[TRACKER] 12:43:34 无持仓
[TRACKER] 12:43:40 无持仓
[TRACKER] 12:43:47 无持仓
[TRACKER] 12:43:53 无持仓
[TRACKER] 本轮结束（将由 crontab 重新拉起）
[TRACKER] 启动，每 5 秒检查一次…
[TRACKER] 12:44:02 无持仓
[TRACKER] 12:44:09 无持仓
[TRACKER] 12:44:16 无持仓
[TRACKER] 12:44:22 无持仓
[TRACKER] 12:44:29 无持仓
[TRACKER] 12:44:35 无持仓
[TRACKER] 12:44:42 无持仓
[TRACKER] 12:44:48 无持仓
[TRACKER] 12:44:55 无持仓
[TRACKER] 本轮结束（将由 crontab 重新拉起）
[TRACKER] 启动，每 5 秒检查一次…
[TRACKER] 12:45:02 无持仓
[TRACKER] 12:45:08 无持仓
[TRACKER] 12:45:15 无持仓
[TRACKER] 12:45:22 无持仓
[TRACKER] 12:45:29 无持仓
[TRACKER] 12:45:35 无持仓
[TRACKER] 12:45:41 无持仓
[TRACKER] 12:45:48 无持仓
[TRACKER] 12:45:54 无持仓
[TRACKER] 本轮结束（将由 crontab 重新拉起）
[TRACKER] 启动，每 5 秒检查一次…
[TRACKER] 12:46:03 无持仓
[TRACKER] 12:46:09 无持仓
[TRACKER] 12:46:16 无持仓
[TRACKER] 12:46:23 无持仓
[TRACKER] 12:46:29 无持仓
[TRACKER] 12:46:35 无持仓
[TRACKER] 12:46:41 无持仓
[TRACKER] 12:46:48 无持仓
[TRACKER] 12:46:54 无持仓
[TRACKER] 本轮结束（将由 crontab 重新拉起）
[TRACKER] 启动，每 5 秒检查一次…
[TRACKER] 12:47:04 无持仓
[TRACKER] 12:47:10 无持仓
[TRACKER] 12:47:16 无持仓
[TRACKER] 12:47:23 无持仓
[TRACKER] 12:47:29 无持仓
[TRACKER] 12:47:36 无持仓
[TRACKER] 12:47:42 无持仓
[TRACKER] 12:47:48 无持仓
[TRACKER] 12:47:55 无持仓
[TRACKER] 本轮结束（将由 crontab 重新拉起）
[TRACKER] 启动，每 5 秒检查一次…
[TRACKER] 12:48:02 无持仓
[TRACKER] 12:48:08 无持仓
[TRACKER] 12:48:15 无持仓
[TRACKER] 12:48:21 无持仓
[TRACKER] 12:48:28 无持仓
[TRACKER] 12:48:34 无持仓
[TRACKER] 12:48:40 无持仓
[TRACKER] 12:48:47 无持仓
[TRACKER] 12:48:53 无持仓
[TRACKER] 本轮结束（将由 crontab 重新拉起）
[TRACKER] 启动，每 5 秒检查一次…
[TRACKER] 12:49:03 无持仓
[TRACKER] 12:49:10 无持仓
[TRACKER] 12:49:16 无持仓
[TRACKER] 12:49:23 无持仓
[TRACKER] 12:49:29 无持仓
[TRACKER] 12:49:35 无持仓
[TRACKER] 12:49:42 无持仓
[TRACKER] 12:49:49 无持仓
[TRACKER] 12:49:56 无持仓
[TRACKER] 本轮结束（将由 crontab 重新拉起）
[TRACKER] 启动，每 5 秒检查一次…
[TRACKER] 12:50:03 无持仓
[TRACKER] 12:50:09 无持仓
[TRACKER] 12:50:16 无持仓
[TRACKER] 12:50:22 无持仓
[TRACKER] 12:50:29 无持仓
[TRACKER] 12:50:35 无持仓
[TRACKER] 12:50:41 无持仓
[TRACKER] 12:50:48 无持仓
[TRACKER] 12:50:54 无持仓
[TRACKER] 本轮结束（将由 crontab 重新拉起）
[TRACKER] 启动，每 5 秒检查一次…
[TRACKER] 12:51:03 无持仓
[TRACKER] 12:51:09 无持仓
[TRACKER] 12:51:16 无持仓
[TRACKER] 12:51:22 无持仓
[TRACKER] 12:51:29 无持仓
[TRACKER] 12:51:36 无持仓
[TRACKER] 12:51:42 无持仓
[TRACKER] 12:51:49 无持仓
[TRACKER] 12:51:55 无持仓
[TRACKER] 本轮结束（将由 crontab 重新拉起）
[TRACKER] 启动，每 5 秒检查一次…
[TRACKER] 12:52:02 无持仓
[TRACKER] 12:52:08 无持仓
[TRACKER] 12:52:15 无持仓
[TRACKER] 12:52:21 无持仓
[TRACKER] 12:52:27 无持仓
[TRACKER] 12:52:34 无持仓
[TRACKER] 12:52:40 无持仓
[TRACKER] 12:52:47 无持仓
[TRACKER] 12:52:53 无持仓
[TRACKER] 本轮结束（将由 crontab 重新拉起）
[TRACKER] 启动，每 5 秒检查一次…
[TRACKER] 12:53:03 无持仓
[TRACKER] 12:53:10 无持仓
[TRACKER] 12:53:16 无持仓
[TRACKER] 12:53:23 无持仓
[TRACKER] 12:53:29 无持仓
[TRACKER] 12:53:35 无持仓
[TRACKER] 12:53:42 无持仓
[TRACKER] 12:53:48 无持仓
[TRACKER] 12:53:55 无持仓
[TRACKER] 本轮结束（将由 crontab 重新拉起）
[TRACKER] 启动，每 5 秒检查一次…
[TRACKER] 12:54:02 无持仓
[TRACKER] 12:54:08 无持仓
[TRACKER] 12:54:15 无持仓
[TRACKER] 12:54:21 无持仓
[TRACKER] 12:54:27 无持仓
[TRACKER] 12:54:34 无持仓
[TRACKER] 12:54:40 无持仓
[TRACKER] 12:54:47 无持仓
[TRACKER] 12:54:53 无持仓
[TRACKER] 本轮结束（将由 crontab 重新拉起）
[TRACKER] 启动，每 5 秒检查一次…
[TRACKER] 12:55:03 无持仓
[TRACKER] 12:55:10 无持仓
[TRACKER] 12:55:16 无持仓
[TRACKER] 12:55:23 无持仓
[TRACKER] 12:55:29 无持仓
[TRACKER] 12:55:35 无持仓
[TRACKER] 12:55:42 无持仓
[TRACKER] 12:55:49 无持仓
[TRACKER] 12:55:55 无持仓
[TRACKER] 本轮结束（将由 crontab 重新拉起）
[TRACKER] 启动，每 5 秒检查一次…
[TRACKER] 12:56:02 无持仓
[TRACKER] 12:56:08 无持仓
[TRACKER] 12:56:15 无持仓
[TRACKER] 12:56:21 无持仓
[TRACKER] 12:56:27 无持仓
[TRACKER] 12:56:34 无持仓
[TRACKER] 12:56:40 无持仓
[TRACKER] 12:56:47 无持仓
[TRACKER] 12:56:53 无持仓
[TRACKER] 本轮结束（将由 crontab 重新拉起）
[TRACKER] 启动，每 5 秒检查一次…
[TRACKER] 12:57:03 无持仓
[TRACKER] 12:57:10 无持仓
[TRACKER] 12:57:16 无持仓
[TRACKER] 12:57:23 无持仓
[TRACKER] 12:57:29 无持仓
[TRACKER] 12:57:35 无持仓
[TRACKER] 12:57:42 无持仓
[TRACKER] 12:57:48 无持仓
[TRACKER] 12:57:55 无持仓
[TRACKER] 本轮结束（将由 crontab 重新拉起）
[TRACKER] 启动，每 5 秒检查一次…
[TRACKER] 12:58:01 无持仓
[TRACKER] 12:58:08 无持仓
[TRACKER] 12:58:14 无持仓
[TRACKER] 12:58:20 无持仓
[TRACKER] 12:58:27 无持仓
[TRACKER] 12:58:33 无持仓
[TRACKER] 12:58:39 无持仓
[TRACKER] 12:58:46 无持仓
[TRACKER] 12:58:53 无持仓
[TRACKER] 本轮结束（将由 crontab 重新拉起）
[TRACKER] 启动，每 5 秒检查一次…
[TRACKER] 12:59:03 无持仓
[TRACKER] 12:59:09 无持仓
[TRACKER] 12:59:15 无持仓
[TRACKER] 12:59:22 无持仓
[TRACKER] 12:59:29 无持仓
[TRACKER] 12:59:35 无持仓
[TRACKER] 12:59:41 无持仓
[TRACKER] 12:59:47 无持仓
[TRACKER] 12:59:54 无持仓
[TRACKER] 本轮结束（将由 crontab 重新拉起）
[TRACKER] 启动，每 5 秒检查一次…
[TRACKER] 13:00:03 无持仓
[TRACKER] 13:00:09 无持仓
[TRACKER] 13:00:16 无持仓
[TRACKER] 13:00:22 无持仓
[TRACKER] 13:00:29 无持仓
[TRACKER] 13:00:35 无持仓
[TRACKER] 13:00:41 无持仓
[TRACKER] 13:00:48 无持仓
[TRACKER] 13:00:54 无持仓
[TRACKER] 本轮结束（将由 crontab 重新拉起）
[TRACKER] 启动，每 5 秒检查一次…
[TRACKER] 13:01:03 无持仓
[TRACKER] 13:01:10 无持仓
[TRACKER] 13:01:16 无持仓
[TRACKER] 13:01:23 无持仓
[TRACKER] 13:01:29 无持仓
[TRACKER] 13:01:35 无持仓
[TRACKER] 13:01:42 无持仓
[TRACKER] 13:01:49 无持仓
[TRACKER] 13:01:55 无持仓
[TRACKER] 本轮结束（将由 crontab 重新拉起）
[TRACKER] 启动，每 5 秒检查一次…
[TRACKER] 13:02:02 无持仓
[TRACKER] 13:02:08 无持仓
[TRACKER] 13:02:14 无持仓
[TRACKER] 13:02:21 无持仓
[TRACKER] 13:02:27 无持仓
[TRACKER] 13:02:34 无持仓
[TRACKER] 13:02:40 无持仓
[TRACKER] 13:02:47 无持仓
[TRACKER] 13:02:53 无持仓
[TRACKER] 本轮结束（将由 crontab 重新拉起）
[TRACKER] 启动，每 5 秒检查一次…
[TRACKER] 13:03:03 无持仓
[TRACKER] 13:03:09 无持仓
[TRACKER] 13:03:16 无持仓
[TRACKER] 13:03:22 无持仓
[TRACKER] 13:03:28 无持仓
[TRACKER] 13:03:35 无持仓
[TRACKER] 13:03:41 无持仓
[TRACKER] 13:03:48 无持仓
[TRACKER] 13:03:54 无持仓
[TRACKER] 本轮结束（将由 crontab 重新拉起）
[TRACKER] 启动，每 5 秒检查一次…
[TRACKER] 13:04:03 无持仓
[TRACKER] 13:04:10 无持仓
[TRACKER] 13:04:16 无持仓
[TRACKER] 13:04:22 无持仓
[TRACKER] 13:04:29 无持仓
[TRACKER] 13:04:35 无持仓
[TRACKER] 13:04:42 无持仓
[TRACKER] 13:04:48 无持仓
[TRACKER] 13:04:55 无持仓
[TRACKER] 本轮结束（将由 crontab 重新拉起）
[TRACKER] 启动，每 5 秒检查一次…
[TRACKER] 13:05:02 无持仓
[TRACKER] 13:05:08 无持仓
[TRACKER] 13:05:14 无持仓
[TRACKER] 13:05:21 无持仓
[TRACKER] 13:05:27 无持仓
[TRACKER] 13:05:33 无持仓
[TRACKER] 13:05:40 无持仓
[TRACKER] 13:05:46 无持仓
[TRACKER] 13:05:52 无持仓
[TRACKER] 本轮结束（将由 crontab 重新拉起）
[TRACKER] 启动，每 5 秒检查一次…
[TRACKER] 13:06:03 无持仓
[TRACKER] 13:06:09 无持仓
[TRACKER] 13:06:16 无持仓
[TRACKER] 13:06:22 无持仓
[TRACKER] 13:06:29 无持仓
[TRACKER] 13:06:35 无持仓
[TRACKER] 13:06:41 无持仓
[TRACKER] 13:06:48 无持仓
[TRACKER] 13:06:54 无持仓
[TRACKER] 本轮结束（将由 crontab 重新拉起）
[TRACKER] 启动，每 5 秒检查一次…
[TRACKER] 13:07:01 无持仓
[TRACKER] 13:07:08 无持仓
[TRACKER] 13:07:14 无持仓
[TRACKER] 13:07:21 无持仓
[TRACKER] 13:07:27 无持仓
[TRACKER] 13:07:34 无持仓
[TRACKER] 13:07:40 无持仓
[TRACKER] 13:07:46 无持仓
[TRACKER] 13:07:53 无持仓
[TRACKER] 本轮结束（将由 crontab 重新拉起）
[TRACKER] 启动，每 5 秒检查一次…
[TRACKER] 13:08:03 无持仓
[TRACKER] 13:08:09 无持仓
[TRACKER] 13:08:15 无持仓
[TRACKER] 13:08:22 无持仓
[TRACKER] 13:08:28 无持仓
[TRACKER] 13:08:34 无持仓
[TRACKER] 13:08:40 无持仓
[TRACKER] 13:08:47 无持仓
[TRACKER] 13:08:54 无持仓
[TRACKER] 本轮结束（将由 crontab 重新拉起）
[TRACKER] 启动，每 5 秒检查一次…
[TRACKER] 13:09:03 无持仓
[TRACKER] 13:09:09 无持仓
[TRACKER] 13:09:16 无持仓
[TRACKER] 13:09:22 无持仓
[TRACKER] 13:09:28 无持仓
[TRACKER] 13:09:35 无持仓
[TRACKER] 13:09:41 无持仓
[TRACKER] 13:09:47 无持仓
[TRACKER] 13:09:53 无持仓
[TRACKER] 本轮结束（将由 crontab 重新拉起）
[TRACKER] 启动，每 5 秒检查一次…
[TRACKER] 13:10:03 无持仓
[TRACKER] 13:10:10 无持仓
[TRACKER] 13:10:16 无持仓
[TRACKER] 13:10:23 无持仓
[TRACKER] 13:10:29 无持仓
[TRACKER] 13:10:36 无持仓
[TRACKER] 13:10:42 无持仓
[TRACKER] 13:10:49 无持仓
[TRACKER] 13:10:55 无持仓
[TRACKER] 本轮结束（将由 crontab 重新拉起）
[TRACKER] 启动，每 5 秒检查一次…
[TRACKER] 13:11:02 无持仓
[TRACKER] 13:11:09 无持仓
[TRACKER] 13:11:15 无持仓
[TRACKER] 13:11:21 无持仓
[TRACKER] 13:11:28 无持仓
[TRACKER] 13:11:35 无持仓
[TRACKER] 13:11:41 无持仓
[TRACKER] 13:11:48 无持仓
[TRACKER] 13:11:54 无持仓
[TRACKER] 本轮结束（将由 crontab 重新拉起）
[TRACKER] 启动，每 5 秒检查一次…
[TRACKER] 13:12:03 无持仓
[TRACKER] 13:12:10 无持仓
[TRACKER] 13:12:16 无持仓
[TRACKER] 13:12:22 无持仓
[TRACKER] 13:12:29 无持仓
[TRACKER] 13:12:35 无持仓
[TRACKER] 13:12:42 无持仓
[TRACKER] 13:12:48 无持仓
[TRACKER] 13:12:54 无持仓
[TRACKER] 本轮结束（将由 crontab 重新拉起）
[TRACKER] 启动，每 5 秒检查一次…
[TRACKER] 13:13:01 无持仓
[TRACKER] 13:13:08 无持仓
[TRACKER] 13:13:15 无持仓
[TRACKER] 13:13:21 无持仓
[TRACKER] 13:13:28 无持仓
[TRACKER] 13:13:35 无持仓
[TRACKER] 13:13:41 无持仓
[TRACKER] 13:13:47 无持仓
[TRACKER] 13:13:54 无持仓
[TRACKER] 本轮结束（将由 crontab 重新拉起）
[TRACKER] 启动，每 5 秒检查一次…
[TRACKER] 13:14:03 无持仓
[TRACKER] 13:14:09 无持仓
[TRACKER] 13:14:16 无持仓
[TRACKER] 13:14:22 无持仓
[TRACKER] 13:14:29 无持仓
[TRACKER] 13:14:35 无持仓
[TRACKER] 13:14:41 无持仓
[TRACKER] 13:14:48 无持仓
[TRACKER] 13:14:55 无持仓
[TRACKER] 本轮结束（将由 crontab 重新拉起）
[TRACKER] 启动，每 5 秒检查一次…
[TRACKER] 13:15:01 无持仓
[TRACKER] 13:15:08 无持仓
[TRACKER] 13:15:14 无持仓
[TRACKER] 13:15:21 无持仓
[TRACKER] 13:15:27 无持仓
[TRACKER] 13:15:33 无持仓
[TRACKER] 13:15:40 无持仓
[TRACKER] 13:15:46 无持仓
[TRACKER] 13:15:53 无持仓
[TRACKER] 本轮结束（将由 crontab 重新拉起）
[TRACKER] 启动，每 5 秒检查一次…
[TRACKER] 13:16:03 无持仓
[TRACKER] 13:16:10 无持仓
[TRACKER] 13:16:16 无持仓
[TRACKER] 13:16:23 无持仓
[TRACKER] 13:16:29 无持仓
[TRACKER] 13:16:35 无持仓
[TRACKER] 13:16:42 无持仓
[TRACKER] 13:16:49 无持仓
[TRACKER] 13:16:55 无持仓
[TRACKER] 本轮结束（将由 crontab 重新拉起）
[TRACKER] 启动，每 5 秒检查一次…
[TRACKER] 13:17:02 无持仓
[TRACKER] 13:17:08 无持仓
[TRACKER] 13:17:15 无持仓
[TRACKER] 13:17:21 无持仓
[TRACKER] 13:17:27 无持仓
[TRACKER] 13:17:34 无持仓
[TRACKER] 13:17:40 无持仓
[TRACKER] 13:17:46 无持仓
[TRACKER] 13:17:53 无持仓
[TRACKER] 本轮结束（将由 crontab 重新拉起）
[TRACKER] 启动，每 5 秒检查一次…
[TRACKER] 13:18:02 无持仓
[TRACKER] 13:18:09 无持仓
[TRACKER] 13:18:15 无持仓
[TRACKER] 13:18:22 无持仓
[TRACKER] 13:18:29 无持仓
[TRACKER] 13:18:35 无持仓
[TRACKER] 13:18:42 无持仓
[TRACKER] 13:18:48 无持仓
[TRACKER] 13:18:54 无持仓
[TRACKER] 本轮结束（将由 crontab 重新拉起）
[TRACKER] 启动，每 5 秒检查一次…
[TRACKER] 13:19:01 无持仓
[TRACKER] 13:19:08 无持仓
[TRACKER] 13:19:14 无持仓
[TRACKER] 13:19:20 无持仓
[TRACKER] 13:19:27 无持仓
[TRACKER] 13:19:33 无持仓
[TRACKER] 13:19:39 无持仓
[TRACKER] 13:19:46 无持仓
[TRACKER] 13:19:52 无持仓
[TRACKER] 本轮结束（将由 crontab 重新拉起）
[TRACKER] 启动，每 5 秒检查一次…
[TRACKER] 13:20:03 无持仓
[TRACKER] 13:20:09 无持仓
[TRACKER] 13:20:16 无持仓
[TRACKER] 13:20:22 无持仓
[TRACKER] 13:20:28 无持仓
[TRACKER] 13:20:35 无持仓
[TRACKER] 13:20:42 无持仓
[TRACKER] 13:20:48 无持仓
[TRACKER] 13:20:54 无持仓
[TRACKER] 本轮结束（将由 crontab 重新拉起）
[TRACKER] 启动，每 5 秒检查一次…
[TRACKER] 13:21:03 无持仓
[TRACKER] 13:21:09 无持仓
[TRACKER] 13:21:16 无持仓
[TRACKER] 13:21:22 无持仓
[TRACKER] 13:21:28 无持仓
[TRACKER] 13:21:35 无持仓
[TRACKER] 13:21:41 无持仓
[TRACKER] 13:21:48 无持仓
[TRACKER] 13:21:54 无持仓
[TRACKER] 本轮结束（将由 crontab 重新拉起）
[TRACKER] 启动，每 5 秒检查一次…
[TRACKER] 13:22:03 无持仓
[TRACKER] 13:22:10 无持仓
[TRACKER] 13:22:16 无持仓
[TRACKER] 13:22:23 无持仓
[TRACKER] 13:22:29 无持仓
[TRACKER] 13:22:36 无持仓
[TRACKER] 13:22:42 无持仓
[TRACKER] 13:22:49 无持仓
[TRACKER] 13:22:55 无持仓
[TRACKER] 本轮结束（将由 crontab 重新拉起）
[TRACKER] 启动，每 5 秒检查一次…
[TRACKER] 13:23:02 无持仓
[TRACKER] 13:23:09 无持仓
[TRACKER] 13:23:15 无持仓
[TRACKER] 13:23:22 无持仓
[TRACKER] 13:23:28 无持仓
[TRACKER] 13:23:34 无持仓
[TRACKER] 13:23:40 无持仓
[TRACKER] 13:23:47 无持仓
[TRACKER] 13:23:53 无持仓
[TRACKER] 本轮结束（将由 crontab 重新拉起）
[TRACKER] 启动，每 5 秒检查一次…
[TRACKER] 13:24:03 无持仓
[TRACKER] 13:24:10 无持仓
[TRACKER] 13:24:16 无持仓
[TRACKER] 13:24:22 无持仓
[TRACKER] 13:24:29 无持仓
[TRACKER] 13:24:35 无持仓
[TRACKER] 13:24:41 无持仓
[TRACKER] 13:24:48 无持仓
[TRACKER] 13:24:54 无持仓
[TRACKER] 本轮结束（将由 crontab 重新拉起）
[TRACKER] 启动，每 5 秒检查一次…
[TRACKER] 13:25:03 无持仓
[TRACKER] 13:25:10 无持仓
[TRACKER] 13:25:16 无持仓
[TRACKER] 13:25:22 无持仓
[TRACKER] 13:25:29 无持仓
[TRACKER] 13:25:35 无持仓
[TRACKER] 13:25:42 无持仓
[TRACKER] 13:25:48 无持仓
[TRACKER] 13:25:55 无持仓
[TRACKER] 本轮结束（将由 crontab 重新拉起）
[TRACKER] 启动，每 5 秒检查一次…
[TRACKER] 13:26:02 无持仓
[TRACKER] 13:26:08 无持仓
[TRACKER] 13:26:15 无持仓
[TRACKER] 13:26:21 无持仓
[TRACKER] 13:26:27 无持仓
[TRACKER] 13:26:34 无持仓
[TRACKER] 13:26:40 无持仓
[TRACKER] 13:26:46 无持仓
[TRACKER] 13:26:53 无持仓
[TRACKER] 本轮结束（将由 crontab 重新拉起）
[TRACKER] 启动，每 5 秒检查一次…
[TRACKER] 13:27:03 无持仓
[TRACKER] 13:27:09 无持仓
[TRACKER] 13:27:16 无持仓
[TRACKER] 13:27:22 无持仓
[TRACKER] 13:27:29 无持仓
[TRACKER] 13:27:35 无持仓
[TRACKER] 13:27:41 无持仓
[TRACKER] 13:27:48 无持仓
[TRACKER] 13:27:54 无持仓
[TRACKER] 本轮结束（将由 crontab 重新拉起）
[TRACKER] 启动，每 5 秒检查一次…
[TRACKER] 13:28:03 无持仓
[TRACKER] 13:28:09 无持仓
[TRACKER] 13:28:16 无持仓
[TRACKER] 13:28:22 无持仓
[TRACKER] 13:28:29 无持仓
[TRACKER] 13:28:35 无持仓
[TRACKER] 13:28:41 无持仓
[TRACKER] 13:28:48 无持仓
[TRACKER] 13:28:54 无持仓
[TRACKER] 本轮结束（将由 crontab 重新拉起）
[TRACKER] 启动，每 5 秒检查一次…
[TRACKER] 13:29:03 无持仓
[TRACKER] 13:29:09 无持仓
[TRACKER] 13:29:16 无持仓
[TRACKER] 13:29:22 无持仓
[TRACKER] 13:29:28 无持仓
[TRACKER] 13:29:35 无持仓
[TRACKER] 13:29:41 无持仓
[TRACKER] 13:29:48 无持仓
[TRACKER] 13:29:54 无持仓
[TRACKER] 本轮结束（将由 crontab 重新拉起）
[TRACKER] 启动，每 5 秒检查一次…
[TRACKER] 13:30:03 无持仓
[TRACKER] 13:30:09 无持仓
[TRACKER] 13:30:16 无持仓
[TRACKER] 13:30:22 无持仓
[TRACKER] 13:30:29 无持仓
[TRACKER] 13:30:35 无持仓
[TRACKER] 13:30:42 无持仓
[TRACKER] 13:30:49 无持仓
[TRACKER] 13:30:55 无持仓
[TRACKER] 本轮结束（将由 crontab 重新拉起）
[TRACKER] 启动，每 5 秒检查一次…
[TRACKER] 13:31:02 无持仓
[TRACKER] 13:31:08 无持仓
[TRACKER] 13:31:14 无持仓
[TRACKER] 13:31:21 无持仓
[TRACKER] 13:31:27 无持仓
[TRACKER] 13:31:34 无持仓
[TRACKER] 13:31:40 无持仓
[TRACKER] 13:31:46 无持仓
[TRACKER] 13:31:53 无持仓
[TRACKER] 本轮结束（将由 crontab 重新拉起）
[TRACKER] 启动，每 5 秒检查一次…
[TRACKER] 13:32:02 无持仓
[TRACKER] 13:32:09 无持仓
[TRACKER] 13:32:15 无持仓
[TRACKER] 13:32:22 无持仓
[TRACKER] 13:32:29 无持仓
[TRACKER] 13:32:35 无持仓
[TRACKER] 13:32:41 无持仓
[TRACKER] 13:32:48 无持仓
[TRACKER] 13:32:54 无持仓
[TRACKER] 本轮结束（将由 crontab 重新拉起）
[TRACKER] 启动，每 5 秒检查一次…
[TRACKER] 13:33:03 无持仓
[TRACKER] 13:33:09 无持仓
[TRACKER] 13:33:16 无持仓
[TRACKER] 13:33:22 无持仓
[TRACKER] 13:33:29 无持仓
[TRACKER] 13:33:35 无持仓
[TRACKER] 13:33:42 无持仓
[TRACKER] 13:33:49 无持仓
[TRACKER] 13:33:55 无持仓
[TRACKER] 本轮结束（将由 crontab 重新拉起）
[TRACKER] 启动，每 5 秒检查一次…
[TRACKER] 13:34:02 无持仓
[TRACKER] 13:34:09 无持仓
[TRACKER] 13:34:15 无持仓
[TRACKER] 13:34:22 无持仓
[TRACKER] 13:34:28 无持仓
[TRACKER] 13:34:35 无持仓
[TRACKER] 13:34:41 无持仓
[TRACKER] 13:34:47 无持仓
[TRACKER] 13:34:54 无持仓
[TRACKER] 本轮结束（将由 crontab 重新拉起）
[TRACKER] 启动，每 5 秒检查一次…
[TRACKER] 13:35:03 无持仓
[TRACKER] 13:35:09 无持仓
[TRACKER] 13:35:16 无持仓
[TRACKER] 13:35:22 无持仓
[TRACKER] 13:35:29 无持仓
[TRACKER] 13:35:35 无持仓
[TRACKER] 13:35:41 无持仓
[TRACKER] 13:35:47 无持仓
[TRACKER] 13:35:54 无持仓
[TRACKER] 本轮结束（将由 crontab 重新拉起）
[TRACKER] 启动，每 5 秒检查一次…
[TRACKER] 13:36:03 无持仓
[TRACKER] 13:36:09 无持仓
[TRACKER] 13:36:16 无持仓
[TRACKER] 13:36:22 无持仓
[TRACKER] 13:36:29 无持仓
[TRACKER] 13:36:35 无持仓
[TRACKER] 13:36:42 无持仓
[TRACKER] 13:36:49 无持仓
[TRACKER] 13:36:55 无持仓
[TRACKER] 本轮结束（将由 crontab 重新拉起）
[TRACKER] 启动，每 5 秒检查一次…
[TRACKER] 13:37:02 无持仓
[TRACKER] 13:37:09 无持仓
[TRACKER] 13:37:15 无持仓
[TRACKER] 13:37:22 无持仓
[TRACKER] 13:37:28 无持仓
[TRACKER] 13:37:34 无持仓
[TRACKER] 13:37:40 无持仓
[TRACKER] 13:37:47 无持仓
[TRACKER] 13:37:53 无持仓
[TRACKER] 本轮结束（将由 crontab 重新拉起）
[TRACKER] 启动，每 5 秒检查一次…
[TRACKER] 13:38:03 无持仓
[TRACKER] 13:38:10 无持仓
[TRACKER] 13:38:16 无持仓
[TRACKER] 13:38:22 无持仓
[TRACKER] 13:38:28 无持仓
[TRACKER] 13:38:35 无持仓
[TRACKER] 13:38:41 无持仓
[TRACKER] 13:38:47 无持仓
[TRACKER] 13:38:54 无持仓
[TRACKER] 本轮结束（将由 crontab 重新拉起）
[TRACKER] 启动，每 5 秒检查一次…
[TRACKER] 13:39:02 无持仓
[TRACKER] 13:39:09 无持仓
[TRACKER] 13:39:15 无持仓
[TRACKER] 13:39:22 无持仓
[TRACKER] 13:39:29 无持仓
[TRACKER] 13:39:35 无持仓
[TRACKER] 13:39:41 无持仓
[TRACKER] 13:39:48 无持仓
[TRACKER] 13:39:54 无持仓
[TRACKER] 本轮结束（将由 crontab 重新拉起）
[TRACKER] 启动，每 5 秒检查一次…
[TRACKER] 13:40:03 无持仓
[TRACKER] 13:40:09 无持仓
[TRACKER] 13:40:16 无持仓
[TRACKER] 13:40:22 无持仓
[TRACKER] 13:40:28 无持仓
[TRACKER] 13:40:35 无持仓
[TRACKER] 13:40:41 无持仓
[TRACKER] 13:40:48 无持仓
[TRACKER] 13:40:54 无持仓
[TRACKER] 本轮结束（将由 crontab 重新拉起）
[TRACKER] 启动，每 5 秒检查一次…
[TRACKER] 13:41:03 无持仓
[TRACKER] 13:41:09 无持仓
[TRACKER] 13:41:16 无持仓
[TRACKER] 13:41:22 无持仓
[TRACKER] 13:41:29 无持仓
[TRACKER] 13:41:35 无持仓
[TRACKER] 13:41:41 无持仓
[TRACKER] 13:41:48 无持仓
[TRACKER] 13:41:54 无持仓
[TRACKER] 本轮结束（将由 crontab 重新拉起）
[TRACKER] 启动，每 5 秒检查一次…
[TRACKER] 13:42:03 无持仓
[TRACKER] 13:42:10 无持仓
[TRACKER] 13:42:17 无持仓
[TRACKER] 13:42:23 无持仓
[TRACKER] 13:42:29 无持仓
[TRACKER] 13:42:36 无持仓
[TRACKER] 13:42:42 无持仓
[TRACKER] 13:42:49 无持仓
[TRACKER] 13:42:55 无持仓
[TRACKER] 本轮结束（将由 crontab 重新拉起）
[TRACKER] 启动，每 5 秒检查一次…
[TRACKER] 13:43:02 无持仓
[TRACKER] 13:43:09 无持仓
[TRACKER] 13:43:15 无持仓
[TRACKER] 13:43:22 无持仓
[TRACKER] 13:43:28 无持仓
[TRACKER] 13:43:34 无持仓
[TRACKER] 13:43:41 无持仓
[TRACKER] 13:43:47 无持仓
[TRACKER] 13:43:54 无持仓
[TRACKER] 本轮结束（将由 crontab 重新拉起）
[TRACKER] 启动，每 5 秒检查一次…
[TRACKER] 13:44:03 无持仓
[TRACKER] 13:44:10 无持仓
[TRACKER] 13:44:16 无持仓
[TRACKER] 13:44:22 无持仓
[TRACKER] 13:44:29 无持仓
[TRACKER] 13:44:35 无持仓
[TRACKER] 13:44:42 无持仓
[TRACKER] 13:44:48 无持仓
[TRACKER] 13:44:55 无持仓
[TRACKER] 本轮结束（将由 crontab 重新拉起）
[TRACKER] 启动，每 5 秒检查一次…
[TRACKER] 13:45:02 无持仓
[TRACKER] 13:45:08 无持仓
[TRACKER] 13:45:15 无持仓
[TRACKER] 13:45:21 无持仓
[TRACKER] 13:45:27 无持仓
[TRACKER] 13:45:34 无持仓
[TRACKER] 13:45:40 无持仓
[TRACKER] 13:45:47 无持仓
[TRACKER] 13:45:53 无持仓
[TRACKER] 本轮结束（将由 crontab 重新拉起）
[TRACKER] 启动，每 5 秒检查一次…
[TRACKER] 13:46:04 无持仓
[TRACKER] 13:46:10 无持仓
[TRACKER] 13:46:17 无持仓
[TRACKER] 13:46:23 无持仓
[TRACKER] 13:46:30 无持仓
[TRACKER] 13:46:36 无持仓
[TRACKER] 13:46:42 无持仓
[TRACKER] 13:46:49 无持仓
[TRACKER] 13:46:55 无持仓
[TRACKER] 本轮结束（将由 crontab 重新拉起）
[TRACKER] 启动，每 5 秒检查一次…
[TRACKER] 13:47:02 无持仓
[TRACKER] 13:47:09 无持仓
[TRACKER] 13:47:15 无持仓
[TRACKER] 13:47:21 无持仓
[TRACKER] 13:47:28 无持仓
[TRACKER] 13:47:34 无持仓
[TRACKER] 13:47:41 无持仓
[TRACKER] 13:47:47 无持仓
[TRACKER] 13:47:53 无持仓
[TRACKER] 本轮结束（将由 crontab 重新拉起）
[TRACKER] 启动，每 5 秒检查一次…
[TRACKER] 13:48:03 无持仓
[TRACKER] 13:48:10 无持仓
[TRACKER] 13:48:16 无持仓
[TRACKER] 13:48:22 无持仓
[TRACKER] 13:48:29 无持仓
[TRACKER] 13:48:35 无持仓
[TRACKER] 13:48:41 无持仓
[TRACKER] 13:48:48 无持仓
[TRACKER] 13:48:55 无持仓
[TRACKER] 本轮结束（将由 crontab 重新拉起）
[TRACKER] 启动，每 5 秒检查一次…
[TRACKER] 13:49:02 无持仓
[TRACKER] 13:49:08 无持仓
[TRACKER] 13:49:15 无持仓
[TRACKER] 13:49:21 无持仓
[TRACKER] 13:49:27 无持仓
[TRACKER] 13:49:34 无持仓
[TRACKER] 13:49:40 无持仓
[TRACKER] 13:49:46 无持仓
[TRACKER] 13:49:53 无持仓
[TRACKER] 本轮结束（将由 crontab 重新拉起）
[TRACKER] 启动，每 5 秒检查一次…
[TRACKER] 13:50:03 无持仓
[TRACKER] 13:50:09 无持仓
[TRACKER] 13:50:15 无持仓
[TRACKER] 13:50:22 无持仓
[TRACKER] 13:50:28 无持仓
[TRACKER] 13:50:34 无持仓
[TRACKER] 13:50:41 无持仓
[TRACKER] 13:50:47 无持仓
[TRACKER] 13:50:54 无持仓
[TRACKER] 本轮结束（将由 crontab 重新拉起）
[TRACKER] 启动，每 5 秒检查一次…
[TRACKER] 13:51:03 无持仓
[TRACKER] 13:51:09 无持仓
[TRACKER] 13:51:16 无持仓
[TRACKER] 13:51:23 无持仓
[TRACKER] 13:51:29 无持仓
[TRACKER] 13:51:36 无持仓
[TRACKER] 13:51:42 无持仓
[TRACKER] 13:51:49 无持仓
[TRACKER] 13:51:55 无持仓
[TRACKER] 本轮结束（将由 crontab 重新拉起）
[TRACKER] 启动，每 5 秒检查一次…
[TRACKER] 13:52:02 无持仓
[TRACKER] 13:52:09 无持仓
[TRACKER] 13:52:15 无持仓
[TRACKER] 13:52:21 无持仓
[TRACKER] 13:52:27 无持仓
[TRACKER] 13:52:34 无持仓
[TRACKER] 13:52:40 无持仓
[TRACKER] 13:52:46 无持仓
[TRACKER] 13:52:53 无持仓
[TRACKER] 本轮结束（将由 crontab 重新拉起）
[TRACKER] 启动，每 5 秒检查一次…
[TRACKER] 13:53:03 无持仓
[TRACKER] 13:53:09 无持仓
[TRACKER] 13:53:15 无持仓
[TRACKER] 13:53:22 无持仓
[TRACKER] 13:53:29 无持仓
[TRACKER] 13:53:35 无持仓
[TRACKER] 13:53:41 无持仓
[TRACKER] 13:53:48 无持仓
[TRACKER] 13:53:54 无持仓
[TRACKER] 本轮结束（将由 crontab 重新拉起）
[TRACKER] 启动，每 5 秒检查一次…
[TRACKER] 13:54:04 无持仓
[TRACKER] 13:54:10 无持仓
[TRACKER] 13:54:16 无持仓
[TRACKER] 13:54:23 无持仓
[TRACKER] 13:54:30 无持仓
[TRACKER] 13:54:36 无持仓
[TRACKER] 13:54:42 无持仓
[TRACKER] 13:54:49 无持仓
[TRACKER] 13:54:55 无持仓
[TRACKER] 本轮结束（将由 crontab 重新拉起）
[TRACKER] 启动，每 5 秒检查一次…
[TRACKER] 13:55:02 无持仓
[TRACKER] 13:55:08 无持仓
[TRACKER] 13:55:15 无持仓
[TRACKER] 13:55:21 无持仓
[TRACKER] 13:55:27 无持仓
[TRACKER] 13:55:34 无持仓
[TRACKER] 13:55:41 无持仓
[TRACKER] 13:55:48 无持仓
[TRACKER] 13:55:54 无持仓
[TRACKER] 本轮结束（将由 crontab 重新拉起）
[TRACKER] 启动，每 5 秒检查一次…
[TRACKER] 13:56:03 无持仓
[TRACKER] 13:56:10 无持仓
[TRACKER] 13:56:16 无持仓
[TRACKER] 13:56:23 无持仓
[TRACKER] 13:56:30 无持仓
[TRACKER] 13:56:36 无持仓
[TRACKER] 13:56:42 无持仓
[TRACKER] 13:56:49 无持仓
[TRACKER] 13:56:55 无持仓
[TRACKER] 本轮结束（将由 crontab 重新拉起）
[TRACKER] 启动，每 5 秒检查一次…
[TRACKER] 13:57:02 无持仓
[TRACKER] 13:57:08 无持仓
[TRACKER] 13:57:15 无持仓
[TRACKER] 13:57:21 无持仓
[TRACKER] 13:57:28 无持仓
[TRACKER] 13:57:35 无持仓
[TRACKER] 13:57:41 无持仓
[TRACKER] 13:57:48 无持仓
[TRACKER] 13:57:54 无持仓
[TRACKER] 本轮结束（将由 crontab 重新拉起）
[TRACKER] 启动，每 5 秒检查一次…
[TRACKER] 13:58:03 无持仓
[TRACKER] 13:58:09 无持仓
[TRACKER] 13:58:16 无持仓
[TRACKER] 13:58:22 无持仓
[TRACKER] 13:58:28 无持仓
[TRACKER] 13:58:35 无持仓
[TRACKER] 13:58:41 无持仓
[TRACKER] 13:58:48 无持仓
[TRACKER] 13:58:54 无持仓
[TRACKER] 本轮结束（将由 crontab 重新拉起）
[TRACKER] 启动，每 5 秒检查一次…
[TRACKER] 13:59:03 无持仓
[TRACKER] 13:59:09 无持仓
[TRACKER] 13:59:16 无持仓
[TRACKER] 13:59:22 无持仓
[TRACKER] 13:59:29 无持仓
[TRACKER] 13:59:35 无持仓
[TRACKER] 13:59:42 无持仓
[TRACKER] 13:59:48 无持仓
[TRACKER] 13:59:55 无持仓
[TRACKER] 本轮结束（将由 crontab 重新拉起）
[TRACKER] 启动，每 5 秒检查一次…
[TRACKER] 14:00:02 无持仓
[TRACKER] 14:00:08 持仓=1 盈利=0.0000U 亏损=-0.0840U 净浮盈=-0.0840U 手续费基数=0.0223U 阈值=0.1116U
[TRACKER] 14:00:14 持仓=1 盈利=0.0000U 亏损=-0.1610U 净浮盈=-0.1610U 手续费基数=0.0223U 阈值=0.1116U
[TRACKER] 14:00:21 持仓=1 盈利=0.0000U 亏损=-0.0490U 净浮盈=-0.0490U 手续费基数=0.0223U 阈值=0.1116U
[TRACKER] 14:00:27 持仓=1 盈利=0.0000U 亏损=-0.0560U 净浮盈=-0.0560U 手续费基数=0.0223U 阈值=0.1116U
[TRACKER] 14:00:34 持仓=1 盈利=0.0000U 亏损=-0.1050U 净浮盈=-0.1050U 手续费基数=0.0223U 阈值=0.1116U
[TRACKER] 14:00:40 持仓=1 盈利=0.0000U 亏损=-0.0420U 净浮盈=-0.0420U 手续费基数=0.0223U 阈值=0.1116U
[TRACKER] 14:00:46 持仓=1 盈利=0.0000U 亏损=-0.0140U 净浮盈=-0.0140U 手续费基数=0.0223U 阈值=0.1116U
[TRACKER] 14:00:53 持仓=1 盈利=0.0000U 亏损=-0.0070U 净浮盈=-0.0070U 手续费基数=0.0223U 阈值=0.1116U
[TRACKER] 本轮结束（将由 crontab 重新拉起）
[TRACKER] 启动，每 5 秒检查一次…
[TRACKER] 14:01:03 持仓=1 盈利=0.0000U 亏损=-0.0840U 净浮盈=-0.0840U 手续费基数=0.0223U 阈值=0.1116U
[TRACKER] 14:01:09 持仓=1 盈利=0.0000U 亏损=-0.2380U 净浮盈=-0.2380U 手续费基数=0.0223U 阈值=0.1116U
[TRACKER] 14:01:16 持仓=1 盈利=0.0000U 亏损=-0.0700U 净浮盈=-0.0700U 手续费基数=0.0223U 阈值=0.1116U
[TRACKER] 14:01:22 持仓=1 盈利=0.0000U 亏损=-0.0980U 净浮盈=-0.0980U 手续费基数=0.0223U 阈值=0.1116U
[TRACKER] 14:01:29 持仓=1 盈利=0.0000U 亏损=-0.1050U 净浮盈=-0.1050U 手续费基数=0.0223U 阈值=0.1116U
[TRACKER] 14:01:35 持仓=1 盈利=0.0000U 亏损=-0.1190U 净浮盈=-0.1190U 手续费基数=0.0223U 阈值=0.1116U
[TRACKER] 14:01:41 持仓=1 盈利=0.0000U 亏损=-0.0210U 净浮盈=-0.0210U 手续费基数=0.0223U 阈值=0.1116U
[TRACKER] 14:01:48 持仓=1 盈利=0.0910U 亏损=0.0000U 净浮盈=0.0910U 手续费基数=0.0223U 阈值=0.1116U
[TRACKER] 14:01:54 持仓=1 盈利=0.0840U 亏损=0.0000U 净浮盈=0.0840U 手续费基数=0.0223U 阈值=0.1116U
[TRACKER] 本轮结束（将由 crontab 重新拉起）
[TRACKER] 启动，每 5 秒检查一次…
[TRACKER] 14:02:03 持仓=1 盈利=0.0210U 亏损=0.0000U 净浮盈=0.0210U 手续费基数=0.0223U 阈值=0.1116U
[TRACKER] 14:02:10 持仓=1 盈利=0.0280U 亏损=0.0000U 净浮盈=0.0280U 手续费基数=0.0223U 阈值=0.1116U
[TRACKER] 14:02:16 持仓=1 盈利=0.0000U 亏损=-0.0280U 净浮盈=-0.0280U 手续费基数=0.0223U 阈值=0.1116U
[TRACKER] 14:02:22 持仓=1 盈利=0.0000U 亏损=-0.0210U 净浮盈=-0.0210U 手续费基数=0.0223U 阈值=0.1116U
[TRACKER] 14:02:29 持仓=1 盈利=0.0000U 亏损=-0.0210U 净浮盈=-0.0210U 手续费基数=0.0223U 阈值=0.1116U
[TRACKER] 14:02:35 持仓=1 盈利=0.0000U 亏损=0.0000U 净浮盈=0.0000U 手续费基数=0.0223U 阈值=0.1116U
[TRACKER] 14:02:42 持仓=1 盈利=0.0000U 亏损=-0.0140U 净浮盈=-0.0140U 手续费基数=0.0223U 阈值=0.1116U
[TRACKER] 14:02:48 持仓=1 盈利=0.0000U 亏损=-0.0070U 净浮盈=-0.0070U 手续费基数=0.0223U 阈值=0.1116U
[TRACKER] 14:02:55 持仓=1 盈利=0.0000U 亏损=-0.0280U 净浮盈=-0.0280U 手续费基数=0.0223U 阈值=0.1116U
[TRACKER] 本轮结束（将由 crontab 重新拉起）
[TRACKER] 启动，每 5 秒检查一次…
[TRACKER] 14:03:02 持仓=1 盈利=0.0000U 亏损=-0.0840U 净浮盈=-0.0840U 手续费基数=0.0223U 阈值=0.1116U
[TRACKER] 14:03:08 持仓=1 盈利=0.0000U 亏损=-0.1190U 净浮盈=-0.1190U 手续费基数=0.0223U 阈值=0.1116U
[TRACKER] 14:03:15 持仓=1 盈利=0.0000U 亏损=-0.0840U 净浮盈=-0.0840U 手续费基数=0.0223U 阈值=0.1116U
[TRACKER] 14:03:21 持仓=1 盈利=0.0000U 亏损=-0.1120U 净浮盈=-0.1120U 手续费基数=0.0223U 阈值=0.1116U
[TRACKER] 14:03:27 持仓=1 盈利=0.0000U 亏损=-0.1190U 净浮盈=-0.1190U 手续费基数=0.0223U 阈值=0.1116U
[TRACKER] 14:03:34 持仓=1 盈利=0.0000U 亏损=-0.0840U 净浮盈=-0.0840U 手续费基数=0.0223U 阈值=0.1116U
[TRACKER] 14:03:40 持仓=1 盈利=0.0000U 亏损=-0.0980U 净浮盈=-0.0980U 手续费基数=0.0223U 阈值=0.1116U
[TRACKER] 14:03:47 持仓=1 盈利=0.0000U 亏损=-0.0700U 净浮盈=-0.0700U 手续费基数=0.0223U 阈值=0.1116U
[TRACKER] 14:03:54 持仓=1 盈利=0.0000U 亏损=-0.0770U 净浮盈=-0.0770U 手续费基数=0.0223U 阈值=0.1116U
[TRACKER] 本轮结束（将由 crontab 重新拉起）
[TRACKER] 启动，每 5 秒检查一次…
[TRACKER] 14:04:03 持仓=1 盈利=0.0000U 亏损=-0.0910U 净浮盈=-0.0910U 手续费基数=0.0223U 阈值=0.1116U
[TRACKER] 14:04:09 持仓=1 盈利=0.0000U 亏损=-0.0140U 净浮盈=-0.0140U 手续费基数=0.0223U 阈值=0.1116U
[TRACKER] 14:04:15 持仓=1 盈利=0.0000U 亏损=-0.0210U 净浮盈=-0.0210U 手续费基数=0.0223U 阈值=0.1116U
[TRACKER] 14:04:22 持仓=1 盈利=0.0420U 亏损=0.0000U 净浮盈=0.0420U 手续费基数=0.0223U 阈值=0.1116U
[TRACKER] 14:04:29 持仓=1 盈利=0.0630U 亏损=0.0000U 净浮盈=0.0630U 手续费基数=0.0223U 阈值=0.1116U
[TRACKER] 14:04:35 持仓=1 盈利=0.0350U 亏损=0.0000U 净浮盈=0.0350U 手续费基数=0.0223U 阈值=0.1116U
[TRACKER] 14:04:42 持仓=1 盈利=0.0350U 亏损=0.0000U 净浮盈=0.0350U 手续费基数=0.0223U 阈值=0.1116U
[TRACKER] 14:04:48 持仓=1 盈利=0.0140U 亏损=0.0000U 净浮盈=0.0140U 手续费基数=0.0223U 阈值=0.1116U
[TRACKER] 14:04:55 持仓=1 盈利=0.0210U 亏损=0.0000U 净浮盈=0.0210U 手续费基数=0.0223U 阈值=0.1116U
[TRACKER] 本轮结束（将由 crontab 重新拉起）
[TRACKER] 启动，每 5 秒检查一次…
[TRACKER] 14:05:02 持仓=1 盈利=0.0910U 亏损=0.0000U 净浮盈=0.0910U 手续费基数=0.0223U 阈值=0.1116U
[TRACKER] 14:05:08 持仓=1 盈利=0.1260U 亏损=0.0000U 净浮盈=0.1260U 手续费基数=0.0223U 阈值=0.1116U
[TRACKER] 🎯 净浮盈 0.1260 > 阈值 0.1116，开始平仓
   ✅ 平仓 DEXE/USDT:USDT 浮盈 0.1260U
[TRACKER] 14:05:16 无持仓
[TRACKER] 14:05:23 无持仓
[TRACKER] 14:05:29 无持仓
[TRACKER] 14:05:35 无持仓
[TRACKER] 14:05:42 无持仓
[TRACKER] 14:05:48 无持仓
[TRACKER] 14:05:55 无持仓
[TRACKER] 本轮结束（将由 crontab 重新拉起）
[TRACKER] 启动，每 5 秒检查一次…
[TRACKER] 14:06:01 无持仓
[TRACKER] 14:06:08 无持仓
[TRACKER] 14:06:15 无持仓
[TRACKER] 14:06:21 无持仓
[TRACKER] 14:06:27 无持仓
[TRACKER] 14:06:33 无持仓
[TRACKER] 14:06:40 无持仓
[TRACKER] 14:06:47 无持仓
[TRACKER] 14:06:53 无持仓
[TRACKER] 本轮结束（将由 crontab 重新拉起）
[TRACKER] 启动，每 5 秒检查一次…
[TRACKER] 14:07:03 无持仓
[TRACKER] 14:07:09 无持仓
[TRACKER] 14:07:15 无持仓
[TRACKER] 14:07:21 无持仓
[TRACKER] 14:07:28 无持仓
[TRACKER] 14:07:35 无持仓
[TRACKER] 14:07:41 无持仓
[TRACKER] 14:07:48 无持仓
[TRACKER] 14:07:54 无持仓
[TRACKER] 本轮结束（将由 crontab 重新拉起）
[TRACKER] 启动，每 5 秒检查一次…
[TRACKER] 14:08:03 无持仓
[TRACKER] 14:08:09 无持仓
[TRACKER] 14:08:16 无持仓
[TRACKER] 14:08:22 无持仓
[TRACKER] 14:08:28 无持仓
[TRACKER] 14:08:35 无持仓
[TRACKER] 14:08:42 无持仓
[TRACKER] 14:08:48 无持仓
[TRACKER] 14:08:55 无持仓
[TRACKER] 本轮结束（将由 crontab 重新拉起）
[TRACKER] 启动，每 5 秒检查一次…
[TRACKER] 14:09:02 无持仓
[TRACKER] 14:09:09 无持仓
[TRACKER] 14:09:15 无持仓
[TRACKER] 14:09:21 无持仓
[TRACKER] 14:09:28 无持仓
[TRACKER] 14:09:34 无持仓
[TRACKER] 14:09:41 无持仓
[TRACKER] 14:09:47 无持仓
[TRACKER] 14:09:53 无持仓
[TRACKER] 本轮结束（将由 crontab 重新拉起）
[TRACKER] 启动，每 5 秒检查一次…
[TRACKER] 14:10:02 无持仓
[TRACKER] 14:10:09 无持仓
[TRACKER] 14:10:15 无持仓
[TRACKER] 14:10:22 无持仓
[TRACKER] 14:10:28 无持仓
[TRACKER] 14:10:34 无持仓
[TRACKER] 14:10:41 无持仓
[TRACKER] 14:10:47 无持仓
[TRACKER] 14:10:53 无持仓
[TRACKER] 本轮结束（将由 crontab 重新拉起）
[TRACKER] 启动，每 5 秒检查一次…
[TRACKER] 14:11:03 无持仓
[TRACKER] 14:11:09 无持仓
[TRACKER] 14:11:16 无持仓
[TRACKER] 14:11:22 无持仓
[TRACKER] 14:11:28 无持仓
[TRACKER] 14:11:35 无持仓
[TRACKER] 14:11:41 无持仓
[TRACKER] 14:11:48 无持仓
[TRACKER] 14:11:54 无持仓
[TRACKER] 本轮结束（将由 crontab 重新拉起）
[TRACKER] 启动，每 5 秒检查一次…
[TRACKER] 14:12:03 无持仓
[TRACKER] 14:12:10 无持仓
[TRACKER] 14:12:16 无持仓
[TRACKER] 14:12:23 无持仓
[TRACKER] 14:12:29 无持仓
[TRACKER] 14:12:36 无持仓
[TRACKER] 14:12:42 无持仓
[TRACKER] 14:12:49 无持仓
[TRACKER] 14:12:55 无持仓
[TRACKER] 本轮结束（将由 crontab 重新拉起）
[TRACKER] 启动，每 5 秒检查一次…
[TRACKER] 14:13:02 无持仓
[TRACKER] 14:13:09 无持仓
[TRACKER] 14:13:16 无持仓
[TRACKER] 14:13:22 无持仓
[TRACKER] 14:13:28 无持仓
[TRACKER] 14:13:35 无持仓
[TRACKER] 14:13:41 无持仓
[TRACKER] 14:13:48 无持仓
[TRACKER] 14:13:54 无持仓
[TRACKER] 本轮结束（将由 crontab 重新拉起）
[TRACKER] 启动，每 5 秒检查一次…
[TRACKER] 14:14:03 无持仓
[TRACKER] 14:14:09 无持仓
[TRACKER] 14:14:16 无持仓
[TRACKER] 14:14:22 无持仓
[TRACKER] 14:14:29 无持仓
[TRACKER] 14:14:35 无持仓
[TRACKER] 14:14:42 无持仓
[TRACKER] 14:14:48 无持仓
[TRACKER] 14:14:54 无持仓
[TRACKER] 本轮结束（将由 crontab 重新拉起）
[TRACKER] 启动，每 5 秒检查一次…
[TRACKER] 14:15:03 无持仓
[TRACKER] 14:15:10 无持仓
[TRACKER] 14:15:16 无持仓
[TRACKER] 14:15:23 无持仓
[TRACKER] 14:15:29 无持仓
[TRACKER] 14:15:36 无持仓
[TRACKER] 14:15:42 无持仓
[TRACKER] 14:15:49 无持仓
[TRACKER] 14:15:56 无持仓
[TRACKER] 本轮结束（将由 crontab 重新拉起）
[TRACKER] 启动，每 5 秒检查一次…
[TRACKER] 14:16:03 无持仓
[TRACKER] 14:16:09 无持仓
[TRACKER] 14:16:15 无持仓
[TRACKER] 14:16:22 无持仓
[TRACKER] 14:16:28 无持仓
[TRACKER] 14:16:35 无持仓
[TRACKER] 14:16:41 无持仓
[TRACKER] 14:16:47 无持仓
[TRACKER] 14:16:54 无持仓
[TRACKER] 本轮结束（将由 crontab 重新拉起）
[TRACKER] 启动，每 5 秒检查一次…
[TRACKER] 14:17:02 无持仓
[TRACKER] 14:17:09 无持仓
[TRACKER] 14:17:15 无持仓
[TRACKER] 14:17:22 无持仓
[TRACKER] 14:17:28 无持仓
[TRACKER] 14:17:35 无持仓
[TRACKER] 14:17:41 无持仓
[TRACKER] 14:17:48 无持仓
[TRACKER] 14:17:55 无持仓
[TRACKER] 本轮结束（将由 crontab 重新拉起）
[TRACKER] 启动，每 5 秒检查一次…
[TRACKER] 14:18:02 无持仓
[TRACKER] 14:18:08 无持仓
[TRACKER] 14:18:15 无持仓
[TRACKER] 14:18:21 无持仓
[TRACKER] 14:18:28 无持仓
[TRACKER] 14:18:34 无持仓
[TRACKER] 14:18:41 无持仓
[TRACKER] 14:18:47 无持仓
[TRACKER] 14:18:53 无持仓
[TRACKER] 本轮结束（将由 crontab 重新拉起）
[TRACKER] 启动，每 5 秒检查一次…
[TRACKER] 14:19:02 无持仓
[TRACKER] 14:19:09 无持仓
[TRACKER] 14:19:15 无持仓
[TRACKER] 14:19:22 无持仓
[TRACKER] 14:19:28 无持仓
[TRACKER] 14:19:34 无持仓
[TRACKER] 14:19:40 无持仓
[TRACKER] 14:19:47 无持仓
[TRACKER] 14:19:53 无持仓
[TRACKER] 本轮结束（将由 crontab 重新拉起）
[TRACKER] 启动，每 5 秒检查一次…
[TRACKER] 14:20:03 无持仓
[TRACKER] 14:20:09 无持仓
[TRACKER] 14:20:15 无持仓
[TRACKER] 14:20:22 无持仓
[TRACKER] 14:20:28 无持仓
[TRACKER] 14:20:35 无持仓
[TRACKER] 14:20:41 无持仓
[TRACKER] 14:20:48 无持仓
[TRACKER] 14:20:54 无持仓
[TRACKER] 本轮结束（将由 crontab 重新拉起）
[TRACKER] 启动，每 5 秒检查一次…
[TRACKER] 14:21:03 无持仓
[TRACKER] 14:21:10 无持仓
[TRACKER] 14:21:16 无持仓
[TRACKER] 14:21:23 无持仓
[TRACKER] 14:21:29 无持仓
[TRACKER] 14:21:35 无持仓
[TRACKER] 14:21:42 无持仓
[TRACKER] 14:21:48 无持仓
[TRACKER] 14:21:55 无持仓
[TRACKER] 本轮结束（将由 crontab 重新拉起）
[TRACKER] 启动，每 5 秒检查一次…
[TRACKER] 14:22:02 无持仓
[TRACKER] 14:22:08 无持仓
[TRACKER] 14:22:15 无持仓
[TRACKER] 14:22:21 无持仓
[TRACKER] 14:22:28 无持仓
[TRACKER] 14:22:34 无持仓
[TRACKER] 14:22:41 无持仓
[TRACKER] 14:22:47 无持仓
[TRACKER] 14:22:53 无持仓
[TRACKER] 本轮结束（将由 crontab 重新拉起）
[TRACKER] 启动，每 5 秒检查一次…
[TRACKER] 14:23:03 无持仓
[TRACKER] 14:23:10 无持仓
[TRACKER] 14:23:16 无持仓
[TRACKER] 14:23:22 无持仓
[TRACKER] 14:23:29 无持仓
[TRACKER] 14:23:35 无持仓
[TRACKER] 14:23:42 无持仓
[TRACKER] 14:23:48 无持仓
[TRACKER] 14:23:55 无持仓
[TRACKER] 本轮结束（将由 crontab 重新拉起）
[TRACKER] 启动，每 5 秒检查一次…
[TRACKER] 14:24:02 无持仓
[TRACKER] 14:24:09 无持仓
[TRACKER] 14:24:15 无持仓
[TRACKER] 14:24:22 无持仓
[TRACKER] 14:24:29 无持仓
[TRACKER] 14:24:35 无持仓
[TRACKER] 14:24:41 无持仓
[TRACKER] 14:24:48 无持仓
[TRACKER] 14:24:54 无持仓
[TRACKER] 本轮结束（将由 crontab 重新拉起）
[TRACKER] 启动，每 5 秒检查一次…
[TRACKER] 14:25:03 无持仓
[TRACKER] 14:25:10 无持仓
[TRACKER] 14:25:16 无持仓
[TRACKER] 14:25:23 无持仓
[TRACKER] 14:25:29 无持仓
[TRACKER] 14:25:36 无持仓
[TRACKER] 14:25:42 无持仓
[TRACKER] 14:25:49 无持仓
[TRACKER] 14:25:55 无持仓
[TRACKER] 本轮结束（将由 crontab 重新拉起）
[TRACKER] 启动，每 5 秒检查一次…
[TRACKER] 14:26:02 无持仓
[TRACKER] 14:26:08 无持仓
[TRACKER] 14:26:15 无持仓
[TRACKER] 14:26:21 无持仓
[TRACKER] 14:26:27 无持仓
[TRACKER] 14:26:34 无持仓
[TRACKER] 14:26:40 无持仓
[TRACKER] 14:26:47 无持仓
[TRACKER] 14:26:53 无持仓
[TRACKER] 本轮结束（将由 crontab 重新拉起）
[TRACKER] 启动，每 5 秒检查一次…
[TRACKER] 14:27:03 无持仓
[TRACKER] 14:27:10 无持仓
[TRACKER] 14:27:16 无持仓
[TRACKER] 14:27:22 无持仓
[TRACKER] 14:27:29 无持仓
[TRACKER] 14:27:35 无持仓
[TRACKER] 14:27:42 无持仓
[TRACKER] 14:27:48 无持仓
[TRACKER] 14:27:54 无持仓
[TRACKER] 本轮结束（将由 crontab 重新拉起）
[TRACKER] 启动，每 5 秒检查一次…
[TRACKER] 14:28:01 无持仓
[TRACKER] 14:28:08 无持仓
[TRACKER] 14:28:15 无持仓
[TRACKER] 14:28:21 无持仓
[TRACKER] 14:28:28 无持仓
[TRACKER] 14:28:34 无持仓
[TRACKER] 14:28:40 无持仓
[TRACKER] 14:28:46 无持仓
[TRACKER] 14:28:53 无持仓
[TRACKER] 本轮结束（将由 crontab 重新拉起）
[TRACKER] 启动，每 5 秒检查一次…
[TRACKER] 14:29:03 无持仓
[TRACKER] 14:29:10 无持仓
[TRACKER] 14:29:16 无持仓
[TRACKER] 14:29:22 无持仓
[TRACKER] 14:29:29 无持仓
[TRACKER] 14:29:36 无持仓
[TRACKER] 14:29:42 无持仓
[TRACKER] 14:29:48 无持仓
[TRACKER] 14:29:55 无持仓
[TRACKER] 本轮结束（将由 crontab 重新拉起）
[TRACKER] 启动，每 5 秒检查一次…
[TRACKER] 14:30:02 无持仓
[TRACKER] 14:30:08 无持仓
[TRACKER] 14:30:14 无持仓
[TRACKER] 14:30:21 无持仓
[TRACKER] 14:30:27 无持仓
[TRACKER] 14:30:34 无持仓
[TRACKER] 14:30:40 无持仓
[TRACKER] 14:30:47 无持仓
[TRACKER] 14:30:53 无持仓
[TRACKER] 本轮结束（将由 crontab 重新拉起）
[TRACKER] 启动，每 5 秒检查一次…
[TRACKER] 14:31:03 无持仓
[TRACKER] 14:31:10 无持仓
[TRACKER] 14:31:16 无持仓
[TRACKER] 14:31:22 无持仓
[TRACKER] 14:31:29 无持仓
[TRACKER] 14:31:35 无持仓
[TRACKER] 14:31:42 无持仓
[TRACKER] 14:31:48 无持仓
[TRACKER] 14:31:54 无持仓
[TRACKER] 本轮结束（将由 crontab 重新拉起）
[TRACKER] 启动，每 5 秒检查一次…
[TRACKER] 14:32:03 无持仓
[TRACKER] 14:32:10 无持仓
[TRACKER] 14:32:16 无持仓
[TRACKER] 14:32:23 无持仓
[TRACKER] 14:32:29 无持仓
[TRACKER] 14:32:36 无持仓
[TRACKER] 14:32:42 无持仓
[TRACKER] 14:32:48 无持仓
[TRACKER] 14:32:55 无持仓
[TRACKER] 本轮结束（将由 crontab 重新拉起）
[TRACKER] 启动，每 5 秒检查一次…
[TRACKER] 14:33:02 无持仓
[TRACKER] 14:33:08 无持仓
[TRACKER] 14:33:15 无持仓
[TRACKER] 14:33:21 无持仓
[TRACKER] 14:33:28 无持仓
[TRACKER] 14:33:34 无持仓
[TRACKER] 14:33:40 无持仓
[TRACKER] 14:33:46 无持仓
[TRACKER] 14:33:53 无持仓
[TRACKER] 本轮结束（将由 crontab 重新拉起）
[TRACKER] 启动，每 5 秒检查一次…
[TRACKER] 14:34:03 无持仓
[TRACKER] 14:34:09 无持仓
[TRACKER] 14:34:16 无持仓
[TRACKER] 14:34:22 无持仓
[TRACKER] 14:34:28 无持仓
[TRACKER] 14:34:35 无持仓
[TRACKER] 14:34:41 无持仓
[TRACKER] 14:34:47 无持仓
[TRACKER] 14:34:54 无持仓
[TRACKER] 本轮结束（将由 crontab 重新拉起）
[TRACKER] 启动，每 5 秒检查一次…
[TRACKER] 14:35:03 无持仓
[TRACKER] 14:35:09 无持仓
[TRACKER] 14:35:15 无持仓
[TRACKER] 14:35:22 无持仓
[TRACKER] 14:35:28 无持仓
[TRACKER] 14:35:35 无持仓
[TRACKER] 14:35:41 无持仓
[TRACKER] 14:35:48 无持仓
[TRACKER] 14:35:54 无持仓
[TRACKER] 本轮结束（将由 crontab 重新拉起）
[TRACKER] 启动，每 5 秒检查一次…
[TRACKER] 14:36:03 无持仓
[TRACKER] 14:36:10 无持仓
[TRACKER] 14:36:17 无持仓
[TRACKER] 14:36:23 无持仓
[TRACKER] 14:36:30 无持仓
[TRACKER] 14:36:36 无持仓
[TRACKER] 14:36:43 无持仓
[TRACKER] 14:36:50 无持仓
[TRACKER] 14:36:56 无持仓
[TRACKER] 本轮结束（将由 crontab 重新拉起）
[TRACKER] 启动，每 5 秒检查一次…
[TRACKER] 14:37:03 无持仓
[TRACKER] 14:37:10 无持仓
[TRACKER] 14:37:16 无持仓
[TRACKER] 14:37:22 无持仓
[TRACKER] 14:37:29 无持仓
[TRACKER] 14:37:35 无持仓
[TRACKER] 14:37:41 无持仓
[TRACKER] 14:37:48 无持仓
[TRACKER] 14:37:54 无持仓
[TRACKER] 本轮结束（将由 crontab 重新拉起）
[TRACKER] 启动，每 5 秒检查一次…
[TRACKER] 14:38:03 无持仓
[TRACKER] 14:38:10 无持仓
[TRACKER] 14:38:16 无持仓
[TRACKER] 14:38:23 无持仓
[TRACKER] 14:38:30 无持仓
[TRACKER] 14:38:36 无持仓
[TRACKER] 14:38:42 无持仓
[TRACKER] 14:38:49 无持仓
[TRACKER] 14:38:55 无持仓
[TRACKER] 本轮结束（将由 crontab 重新拉起）
[TRACKER] 启动，每 5 秒检查一次…
[TRACKER] 14:39:02 无持仓
[TRACKER] 14:39:08 无持仓
[TRACKER] 14:39:15 无持仓
[TRACKER] 14:39:21 无持仓
[TRACKER] 14:39:28 无持仓
[TRACKER] 14:39:34 无持仓
[TRACKER] 14:39:41 无持仓
[TRACKER] 14:39:47 无持仓
[TRACKER] 14:39:53 无持仓
[TRACKER] 本轮结束（将由 crontab 重新拉起）
[TRACKER] 启动，每 5 秒检查一次…
[TRACKER] 14:40:03 无持仓
[TRACKER] 14:40:09 无持仓
[TRACKER] 14:40:16 无持仓
[TRACKER] 14:40:23 无持仓
[TRACKER] 14:40:29 无持仓
[TRACKER] 14:40:35 无持仓
[TRACKER] 14:40:42 无持仓
[TRACKER] 14:40:48 无持仓
[TRACKER] 14:40:54 无持仓
[TRACKER] 本轮结束（将由 crontab 重新拉起）
[TRACKER] 启动，每 5 秒检查一次…
[TRACKER] 14:41:03 无持仓
[TRACKER] 14:41:09 无持仓
[TRACKER] 14:41:16 无持仓
[TRACKER] 14:41:22 无持仓
[TRACKER] 14:41:28 无持仓
[TRACKER] 14:41:35 无持仓
[TRACKER] 14:41:41 无持仓
[TRACKER] 14:41:48 无持仓
[TRACKER] 14:41:54 无持仓
[TRACKER] 本轮结束（将由 crontab 重新拉起）
[TRACKER] 启动，每 5 秒检查一次…
[TRACKER] 14:42:01 无持仓
[TRACKER] 14:42:08 无持仓
[TRACKER] 14:42:14 无持仓
[TRACKER] 14:42:20 无持仓
[TRACKER] 14:42:27 无持仓
[TRACKER] 14:42:34 无持仓
[TRACKER] 14:42:41 无持仓
[TRACKER] 14:42:47 无持仓
[TRACKER] 14:42:54 无持仓
[TRACKER] 本轮结束（将由 crontab 重新拉起）
[TRACKER] 启动，每 5 秒检查一次…
[TRACKER] 14:43:03 无持仓
[TRACKER] 14:43:09 无持仓
[TRACKER] 14:43:16 无持仓
[TRACKER] 14:43:22 无持仓
[TRACKER] 14:43:29 无持仓
[TRACKER] 14:43:35 无持仓
[TRACKER] 14:43:42 无持仓
[TRACKER] 14:43:48 无持仓
[TRACKER] 14:43:54 无持仓
[TRACKER] 本轮结束（将由 crontab 重新拉起）
[TRACKER] 启动，每 5 秒检查一次…
[TRACKER] 14:44:03 无持仓
[TRACKER] 14:44:09 无持仓
[TRACKER] 14:44:16 无持仓
[TRACKER] 14:44:22 无持仓
[TRACKER] 14:44:29 无持仓
[TRACKER] 14:44:35 无持仓
[TRACKER] 14:44:42 无持仓
[TRACKER] 14:44:48 无持仓
[TRACKER] 14:44:54 无持仓
[TRACKER] 本轮结束（将由 crontab 重新拉起）
[TRACKER] 启动，每 5 秒检查一次…
[TRACKER] 14:45:03 无持仓
[TRACKER] 14:45:10 无持仓
[TRACKER] 14:45:16 无持仓
[TRACKER] 14:45:23 无持仓
[TRACKER] 14:45:29 无持仓
[TRACKER] 14:45:35 无持仓
[TRACKER] 14:45:42 无持仓
[TRACKER] 14:45:48 无持仓
[TRACKER] 14:45:54 无持仓
[TRACKER] 本轮结束（将由 crontab 重新拉起）
[TRACKER] 启动，每 5 秒检查一次…
[TRACKER] 14:46:02 无持仓
[TRACKER] 14:46:08 无持仓
[TRACKER] 14:46:14 无持仓
[TRACKER] 14:46:21 无持仓
[TRACKER] 14:46:28 无持仓
[TRACKER] 14:46:34 无持仓
[TRACKER] 14:46:41 无持仓
[TRACKER] 14:46:47 无持仓
[TRACKER] 14:46:53 无持仓
[TRACKER] 本轮结束（将由 crontab 重新拉起）
[TRACKER] 启动，每 5 秒检查一次…
[TRACKER] 14:47:03 无持仓
[TRACKER] 14:47:09 无持仓
[TRACKER] 14:47:16 无持仓
[TRACKER] 14:47:22 无持仓
[TRACKER] 14:47:29 无持仓
[TRACKER] 14:47:35 无持仓
[TRACKER] 14:47:42 无持仓
[TRACKER] 14:47:48 无持仓
[TRACKER] 14:47:54 无持仓
[TRACKER] 本轮结束（将由 crontab 重新拉起）
[TRACKER] 启动，每 5 秒检查一次…
[TRACKER] 14:48:03 无持仓
[TRACKER] 14:48:09 无持仓
[TRACKER] 14:48:16 无持仓
[TRACKER] 14:48:22 无持仓
[TRACKER] 14:48:29 无持仓
[TRACKER] 14:48:36 无持仓
[TRACKER] 14:48:42 无持仓
[TRACKER] 14:48:49 无持仓
[TRACKER] 14:48:55 无持仓
[TRACKER] 本轮结束（将由 crontab 重新拉起）
[TRACKER] 启动，每 5 秒检查一次…
[TRACKER] 14:49:02 无持仓
[TRACKER] 14:49:08 无持仓
[TRACKER] 14:49:14 无持仓
[TRACKER] 14:49:21 无持仓
[TRACKER] 14:49:27 无持仓
[TRACKER] 14:49:34 无持仓
[TRACKER] 14:49:40 无持仓
[TRACKER] 14:49:46 无持仓
[TRACKER] 14:49:53 无持仓
[TRACKER] 本轮结束（将由 crontab 重新拉起）
[TRACKER] 启动，每 5 秒检查一次…
[TRACKER] 14:50:03 无持仓
[TRACKER] 14:50:10 无持仓
[TRACKER] 14:50:16 无持仓
[TRACKER] 14:50:23 无持仓
[TRACKER] 14:50:29 无持仓
[TRACKER] 14:50:36 无持仓
[TRACKER] 14:50:42 无持仓
[TRACKER] 14:50:49 无持仓
[TRACKER] 14:50:55 无持仓
[TRACKER] 本轮结束（将由 crontab 重新拉起）
[TRACKER] 启动，每 5 秒检查一次…
[TRACKER] 14:51:02 无持仓
[TRACKER] 14:51:08 无持仓
[TRACKER] 14:51:15 无持仓
[TRACKER] 14:51:21 无持仓
[TRACKER] 14:51:27 无持仓
[TRACKER] 14:51:34 无持仓
[TRACKER] 14:51:40 无持仓
[TRACKER] 14:51:47 无持仓
[TRACKER] 14:51:53 无持仓
[TRACKER] 本轮结束（将由 crontab 重新拉起）
[TRACKER] 启动，每 5 秒检查一次…
[TRACKER] 14:52:03 无持仓
[TRACKER] 14:52:10 无持仓
[TRACKER] 14:52:16 无持仓
[TRACKER] 14:52:22 无持仓
[TRACKER] 14:52:29 无持仓
[TRACKER] 14:52:35 无持仓
[TRACKER] 14:52:42 无持仓
[TRACKER] 14:52:48 无持仓
[TRACKER] 14:52:54 无持仓
[TRACKER] 本轮结束（将由 crontab 重新拉起）
[TRACKER] 启动，每 5 秒检查一次…
[TRACKER] 14:53:03 无持仓
[TRACKER] 14:53:10 无持仓
[TRACKER] 14:53:16 无持仓
[TRACKER] 14:53:23 无持仓
[TRACKER] 14:53:29 无持仓
[TRACKER] 14:53:36 无持仓
[TRACKER] 14:53:42 无持仓
[TRACKER] 14:53:49 无持仓
[TRACKER] 14:53:55 无持仓
[TRACKER] 本轮结束（将由 crontab 重新拉起）
[TRACKER] 启动，每 5 秒检查一次…
[TRACKER] 14:54:02 无持仓
[TRACKER] 14:54:08 无持仓
[TRACKER] 14:54:14 无持仓
[TRACKER] 14:54:21 无持仓
[TRACKER] 14:54:27 无持仓
[TRACKER] 14:54:33 无持仓
[TRACKER] 14:54:40 无持仓
[TRACKER] 14:54:46 无持仓
[TRACKER] 14:54:52 无持仓
[TRACKER] 本轮结束（将由 crontab 重新拉起）
[TRACKER] 启动，每 5 秒检查一次…
[TRACKER] 14:55:03 无持仓
[TRACKER] 14:55:09 无持仓
[TRACKER] 14:55:16 无持仓
[TRACKER] 14:55:22 无持仓
[TRACKER] 14:55:29 无持仓
[TRACKER] 14:55:35 无持仓
[TRACKER] 14:55:41 无持仓
[TRACKER] 14:55:48 无持仓
[TRACKER] 14:55:54 无持仓
[TRACKER] 本轮结束（将由 crontab 重新拉起）
[TRACKER] 启动，每 5 秒检查一次…
[TRACKER] 14:56:03 无持仓
[TRACKER] 14:56:09 无持仓
[TRACKER] 14:56:16 无持仓
[TRACKER] 14:56:22 无持仓
[TRACKER] 14:56:29 无持仓
[TRACKER] 14:56:35 无持仓
[TRACKER] 14:56:42 无持仓
[TRACKER] 14:56:48 无持仓
[TRACKER] 14:56:55 无持仓
[TRACKER] 本轮结束（将由 crontab 重新拉起）
[TRACKER] 启动，每 5 秒检查一次…
[TRACKER] 14:57:02 无持仓
[TRACKER] 14:57:08 无持仓
[TRACKER] 14:57:14 无持仓
[TRACKER] 14:57:21 无持仓
[TRACKER] 14:57:27 无持仓
[TRACKER] 14:57:34 无持仓
[TRACKER] 14:57:40 无持仓
[TRACKER] 14:57:47 无持仓
[TRACKER] 14:57:53 无持仓
[TRACKER] 本轮结束（将由 crontab 重新拉起）
[TRACKER] 启动，每 5 秒检查一次…
[TRACKER] 14:58:03 无持仓
[TRACKER] 14:58:10 无持仓
[TRACKER] 14:58:16 无持仓
[TRACKER] 14:58:23 无持仓
[TRACKER] 14:58:29 无持仓
[TRACKER] 14:58:36 无持仓
[TRACKER] 14:58:42 无持仓
[TRACKER] 14:58:49 无持仓
[TRACKER] 14:58:55 无持仓
[TRACKER] 本轮结束（将由 crontab 重新拉起）
[TRACKER] 启动，每 5 秒检查一次…
[TRACKER] 14:59:02 无持仓
[TRACKER] 14:59:09 无持仓
[TRACKER] 14:59:15 无持仓
[TRACKER] 14:59:21 无持仓
[TRACKER] 14:59:28 无持仓
[TRACKER] 14:59:34 无持仓
[TRACKER] 14:59:41 无持仓
[TRACKER] 14:59:47 无持仓
[TRACKER] 14:59:54 无持仓
[TRACKER] 本轮结束（将由 crontab 重新拉起）
[TRACKER] 启动，每 5 秒检查一次…
[TRACKER] 15:00:03 无持仓
[TRACKER] 15:00:10 持仓=1 盈利=0.0000U 亏损=-0.0320U 净浮盈=-0.0320U 手续费基数=0.0246U 阈值=0.1232U
[TRACKER] 15:00:17 持仓=1 盈利=0.0000U 亏损=-0.0160U 净浮盈=-0.0160U 手续费基数=0.0246U 阈值=0.1232U
[TRACKER] 15:00:23 持仓=1 盈利=0.0000U 亏损=-0.0240U 净浮盈=-0.0240U 手续费基数=0.0246U 阈值=0.1232U
[TRACKER] 15:00:29 持仓=1 盈利=0.0000U 亏损=-0.0480U 净浮盈=-0.0480U 手续费基数=0.0246U 阈值=0.1232U
[TRACKER] 15:00:36 持仓=1 盈利=0.0000U 亏损=-0.0400U 净浮盈=-0.0400U 手续费基数=0.0246U 阈值=0.1232U
[TRACKER] 15:00:42 持仓=1 盈利=0.0320U 亏损=0.0000U 净浮盈=0.0320U 手续费基数=0.0246U 阈值=0.1232U
[TRACKER] 15:00:49 持仓=1 盈利=0.0400U 亏损=0.0000U 净浮盈=0.0400U 手续费基数=0.0246U 阈值=0.1232U
[TRACKER] 15:00:55 持仓=1 盈利=0.0320U 亏损=0.0000U 净浮盈=0.0320U 手续费基数=0.0246U 阈值=0.1232U
[TRACKER] 本轮结束（将由 crontab 重新拉起）
[TRACKER] 启动，每 5 秒检查一次…
[TRACKER] 15:01:02 持仓=1 盈利=0.0480U 亏损=0.0000U 净浮盈=0.0480U 手续费基数=0.0246U 阈值=0.1232U
[TRACKER] 15:01:08 持仓=1 盈利=0.0080U 亏损=0.0000U 净浮盈=0.0080U 手续费基数=0.0246U 阈值=0.1232U
[TRACKER] 15:01:15 持仓=1 盈利=0.0720U 亏损=0.0000U 净浮盈=0.0720U 手续费基数=0.0246U 阈值=0.1232U
[TRACKER] 15:01:22 持仓=1 盈利=0.0640U 亏损=0.0000U 净浮盈=0.0640U 手续费基数=0.0246U 阈值=0.1232U
[TRACKER] 15:01:28 持仓=1 盈利=0.0720U 亏损=0.0000U 净浮盈=0.0720U 手续费基数=0.0246U 阈值=0.1232U
[TRACKER] 15:01:35 持仓=1 盈利=0.0960U 亏损=0.0000U 净浮盈=0.0960U 手续费基数=0.0246U 阈值=0.1232U
[TRACKER] 15:01:42 持仓=1 盈利=0.1440U 亏损=0.0000U 净浮盈=0.1440U 手续费基数=0.0246U 阈值=0.1232U
[TRACKER] 🎯 净浮盈 0.1440 > 阈值 0.1232，开始平仓
   ✅ 平仓 DEXE/USDT:USDT 浮盈 0.1440U
[TRACKER] 15:01:50 无持仓
[TRACKER] 15:01:56 无持仓
[TRACKER] 本轮结束（将由 crontab 重新拉起）
[TRACKER] 启动，每 5 秒检查一次…
[TRACKER] 15:02:03 无持仓
[TRACKER] 15:02:09 无持仓
[TRACKER] 15:02:16 无持仓
[TRACKER] 15:02:22 无持仓
[TRACKER] 15:02:29 无持仓
[TRACKER] 15:02:35 无持仓
[TRACKER] 15:02:42 无持仓
[TRACKER] 15:02:48 无持仓
[TRACKER] 15:02:55 无持仓
[TRACKER] 本轮结束（将由 crontab 重新拉起）
[TRACKER] 启动，每 5 秒检查一次…
[TRACKER] 15:03:02 无持仓
[TRACKER] 15:03:08 无持仓
[TRACKER] 15:03:15 无持仓
[TRACKER] 15:03:21 无持仓
[TRACKER] 15:03:27 无持仓
[TRACKER] 15:03:34 无持仓
[TRACKER] 15:03:41 无持仓
[TRACKER] 15:03:47 无持仓
[TRACKER] 15:03:54 无持仓
[TRACKER] 本轮结束（将由 crontab 重新拉起）
[TRACKER] 启动，每 5 秒检查一次…
[TRACKER] 15:04:03 无持仓
[TRACKER] 15:04:09 无持仓
[TRACKER] 15:04:16 无持仓
[TRACKER] 15:04:23 无持仓
[TRACKER] 15:04:29 无持仓
[TRACKER] 15:04:35 无持仓
[TRACKER] 15:04:42 无持仓
[TRACKER] 15:04:48 无持仓
[TRACKER] 15:04:54 无持仓
[TRACKER] 本轮结束（将由 crontab 重新拉起）
[TRACKER] 启动，每 5 秒检查一次…
[TRACKER] 15:05:02 无持仓
[TRACKER] 15:05:08 无持仓
[TRACKER] 15:05:14 无持仓
[TRACKER] 15:05:21 无持仓
[TRACKER] 15:05:27 无持仓
[TRACKER] 15:05:34 无持仓
[TRACKER] 15:05:40 无持仓
[TRACKER] 15:05:46 无持仓
[TRACKER] 15:05:53 无持仓
[TRACKER] 本轮结束（将由 crontab 重新拉起）
[TRACKER] 启动，每 5 秒检查一次…
[TRACKER] 15:06:03 无持仓
[TRACKER] 15:06:09 无持仓
[TRACKER] 15:06:15 无持仓
[TRACKER] 15:06:22 无持仓
[TRACKER] 15:06:28 无持仓
[TRACKER] 15:06:35 无持仓
[TRACKER] 15:06:41 无持仓
[TRACKER] 15:06:48 无持仓
[TRACKER] 15:06:54 无持仓
[TRACKER] 本轮结束（将由 crontab 重新拉起）
[TRACKER] 启动，每 5 秒检查一次…
[TRACKER] 15:07:03 无持仓
[TRACKER] 15:07:10 无持仓
[TRACKER] 15:07:17 无持仓
[TRACKER] 15:07:23 无持仓
[TRACKER] 15:07:29 无持仓
[TRACKER] 15:07:36 无持仓
[TRACKER] 15:07:42 无持仓
[TRACKER] 15:07:48 无持仓
[TRACKER] 15:07:55 无持仓
[TRACKER] 本轮结束（将由 crontab 重新拉起）
[TRACKER] 启动，每 5 秒检查一次…
[TRACKER] 15:08:02 无持仓
[TRACKER] 15:08:09 无持仓
[TRACKER] 15:08:16 无持仓
[TRACKER] 15:08:22 无持仓
[TRACKER] 15:08:29 无持仓
[TRACKER] 15:08:35 无持仓
[TRACKER] 15:08:42 无持仓
[TRACKER] 15:08:49 无持仓
[TRACKER] 15:08:55 无持仓
[TRACKER] 本轮结束（将由 crontab 重新拉起）
[TRACKER] 启动，每 5 秒检查一次…
[TRACKER] 15:09:02 无持仓
[TRACKER] 15:09:08 无持仓
[TRACKER] 15:09:15 无持仓
[TRACKER] 15:09:21 无持仓
[TRACKER] 15:09:28 无持仓
[TRACKER] 15:09:34 无持仓
[TRACKER] 15:09:41 无持仓
[TRACKER] 15:09:48 无持仓
[TRACKER] 15:09:54 无持仓
[TRACKER] 本轮结束（将由 crontab 重新拉起）
[TRACKER] 启动，每 5 秒检查一次…
[TRACKER] 15:10:03 无持仓
[TRACKER] 15:10:09 无持仓
[TRACKER] 15:10:16 无持仓
[TRACKER] 15:10:22 无持仓
[TRACKER] 15:10:28 无持仓
[TRACKER] 15:10:35 无持仓
[TRACKER] 15:10:42 无持仓
[TRACKER] 15:10:48 无持仓
[TRACKER] 15:10:54 无持仓
[TRACKER] 本轮结束（将由 crontab 重新拉起）
[TRACKER] 启动，每 5 秒检查一次…
[TRACKER] 15:11:02 无持仓
[TRACKER] 15:11:08 无持仓
[TRACKER] 15:11:15 无持仓
[TRACKER] 15:11:21 无持仓
[TRACKER] 15:11:28 无持仓
[TRACKER] 15:11:34 无持仓
[TRACKER] 15:11:41 无持仓
[TRACKER] 15:11:47 无持仓
[TRACKER] 15:11:54 无持仓
[TRACKER] 本轮结束（将由 crontab 重新拉起）
[TRACKER] 启动，每 5 秒检查一次…
[TRACKER] 15:12:02 无持仓
[TRACKER] 15:12:09 无持仓
[TRACKER] 15:12:15 无持仓
[TRACKER] 15:12:22 无持仓
[TRACKER] 15:12:28 无持仓
[TRACKER] 15:12:35 无持仓
[TRACKER] 15:12:41 无持仓
[TRACKER] 15:12:47 无持仓
[TRACKER] 15:12:54 无持仓
[TRACKER] 本轮结束（将由 crontab 重新拉起）
[TRACKER] 启动，每 5 秒检查一次…
[TRACKER] 15:13:03 无持仓
[TRACKER] 15:13:10 无持仓
[TRACKER] 15:13:16 无持仓
[TRACKER] 15:13:22 无持仓
[TRACKER] 15:13:29 无持仓
[TRACKER] 15:13:35 无持仓
[TRACKER] 15:13:42 无持仓
[TRACKER] 15:13:48 无持仓
[TRACKER] 15:13:55 无持仓
[TRACKER] 本轮结束（将由 crontab 重新拉起）
[TRACKER] 启动，每 5 秒检查一次…
[TRACKER] 15:14:02 无持仓
[TRACKER] 15:14:08 无持仓
[TRACKER] 15:14:15 无持仓
[TRACKER] 15:14:21 无持仓
[TRACKER] 15:14:27 无持仓
[TRACKER] 15:14:34 无持仓
[TRACKER] 15:14:40 无持仓
[TRACKER] 15:14:46 无持仓
[TRACKER] 15:14:52 无持仓
[TRACKER] 本轮结束（将由 crontab 重新拉起）
[TRACKER] 启动，每 5 秒检查一次…
[TRACKER] 15:15:03 无持仓
[TRACKER] 15:15:09 无持仓
[TRACKER] 15:15:16 无持仓
[TRACKER] 15:15:22 无持仓
[TRACKER] 15:15:29 无持仓
[TRACKER] 15:15:36 无持仓
[TRACKER] 15:15:42 无持仓
[TRACKER] 15:15:49 无持仓
[TRACKER] 15:15:56 无持仓
[TRACKER] 本轮结束（将由 crontab 重新拉起）
[TRACKER] 启动，每 5 秒检查一次…
[TRACKER] 15:16:03 无持仓
[TRACKER] 15:16:09 无持仓
[TRACKER] 15:16:16 无持仓
[TRACKER] 15:16:22 无持仓
[TRACKER] 15:16:28 无持仓
[TRACKER] 15:16:35 无持仓
[TRACKER] 15:16:41 无持仓
[TRACKER] 15:16:47 无持仓
[TRACKER] 15:16:54 无持仓
[TRACKER] 本轮结束（将由 crontab 重新拉起）
[TRACKER] 启动，每 5 秒检查一次…
[TRACKER] 15:17:03 无持仓
[TRACKER] 15:17:09 无持仓
[TRACKER] 15:17:16 无持仓
[TRACKER] 15:17:22 无持仓
[TRACKER] 15:17:29 无持仓
[TRACKER] 15:17:36 无持仓
[TRACKER] 15:17:42 无持仓
[TRACKER] 15:17:48 无持仓
[TRACKER] 15:17:55 无持仓
[TRACKER] 本轮结束（将由 crontab 重新拉起）
[TRACKER] 启动，每 5 秒检查一次…
[TRACKER] 15:18:02 无持仓
[TRACKER] 15:18:08 无持仓
[TRACKER] 15:18:15 无持仓
[TRACKER] 15:18:21 无持仓
[TRACKER] 15:18:28 无持仓
[TRACKER] 15:18:34 无持仓
[TRACKER] 15:18:41 无持仓
[TRACKER] 15:18:47 无持仓
[TRACKER] 15:18:54 无持仓
[TRACKER] 本轮结束（将由 crontab 重新拉起）
[TRACKER] 启动，每 5 秒检查一次…
[TRACKER] 15:19:03 无持仓
[TRACKER] 15:19:09 无持仓
[TRACKER] 15:19:15 无持仓
[TRACKER] 15:19:22 无持仓
[TRACKER] 15:19:28 无持仓
[TRACKER] 15:19:35 无持仓
[TRACKER] 15:19:41 无持仓
[TRACKER] 15:19:48 无持仓
[TRACKER] 15:19:54 无持仓
[TRACKER] 本轮结束（将由 crontab 重新拉起）
[TRACKER] 启动，每 5 秒检查一次…
[TRACKER] 15:20:03 无持仓
[TRACKER] 15:20:10 无持仓
[TRACKER] 15:20:16 无持仓
[TRACKER] 15:20:23 无持仓
[TRACKER] 15:20:29 无持仓
[TRACKER] 15:20:36 无持仓
[TRACKER] 15:20:42 无持仓
[TRACKER] 15:20:48 无持仓
[TRACKER] 15:20:55 无持仓
[TRACKER] 本轮结束（将由 crontab 重新拉起）
[TRACKER] 启动，每 5 秒检查一次…
[TRACKER] 15:21:01 无持仓
[TRACKER] 15:21:08 无持仓
[TRACKER] 15:21:14 无持仓
[TRACKER] 15:21:20 无持仓
[TRACKER] 15:21:27 无持仓
[TRACKER] 15:21:33 无持仓
[TRACKER] 15:21:40 无持仓
[TRACKER] 15:21:46 无持仓
[TRACKER] 15:21:52 无持仓
[TRACKER] 本轮结束（将由 crontab 重新拉起）
[TRACKER] 启动，每 5 秒检查一次…
[TRACKER] 15:22:03 无持仓
[TRACKER] 15:22:09 无持仓
[TRACKER] 15:22:16 无持仓
[TRACKER] 15:22:22 无持仓
[TRACKER] 15:22:29 无持仓
[TRACKER] 15:22:35 无持仓
[TRACKER] 15:22:41 无持仓
[TRACKER] 15:22:48 无持仓
[TRACKER] 15:22:55 无持仓
[TRACKER] 本轮结束（将由 crontab 重新拉起）
[TRACKER] 启动，每 5 秒检查一次…
[TRACKER] 15:23:02 无持仓
[TRACKER] 15:23:08 无持仓
[TRACKER] 15:23:14 无持仓
[TRACKER] 15:23:21 无持仓
[TRACKER] 15:23:27 无持仓
[TRACKER] 15:23:34 无持仓
[TRACKER] 15:23:40 无持仓
[TRACKER] 15:23:47 无持仓
[TRACKER] 15:23:53 无持仓
[TRACKER] 本轮结束（将由 crontab 重新拉起）
[TRACKER] 启动，每 5 秒检查一次…
[TRACKER] 15:24:03 无持仓
[TRACKER] 15:24:10 无持仓
[TRACKER] 15:24:16 无持仓
[TRACKER] 15:24:23 无持仓
[TRACKER] 15:24:29 无持仓
[TRACKER] 15:24:35 无持仓
[TRACKER] 15:24:42 无持仓
[TRACKER] 15:24:49 无持仓
[TRACKER] 15:24:56 无持仓
[TRACKER] 本轮结束（将由 crontab 重新拉起）
[TRACKER] 启动，每 5 秒检查一次…
[TRACKER] 15:25:03 无持仓
[TRACKER] 15:25:10 无持仓
[TRACKER] 15:25:16 无持仓
[TRACKER] 15:25:23 无持仓
[TRACKER] 15:25:29 无持仓
[TRACKER] 15:25:36 无持仓
[TRACKER] 15:25:42 无持仓
[TRACKER] 15:25:48 无持仓
[TRACKER] 15:25:55 无持仓
[TRACKER] 本轮结束（将由 crontab 重新拉起）
[TRACKER] 启动，每 5 秒检查一次…
[TRACKER] 15:26:02 无持仓
[TRACKER] 15:26:08 无持仓
[TRACKER] 15:26:15 无持仓
[TRACKER] 15:26:22 无持仓
[TRACKER] 15:26:28 无持仓
[TRACKER] 15:26:35 无持仓
[TRACKER] 15:26:41 无持仓
[TRACKER] 15:26:48 无持仓
[TRACKER] 15:26:55 无持仓
[TRACKER] 本轮结束（将由 crontab 重新拉起）
[TRACKER] 启动，每 5 秒检查一次…
[TRACKER] 15:27:02 无持仓
[TRACKER] 15:27:08 无持仓
[TRACKER] 15:27:14 无持仓
[TRACKER] 15:27:21 无持仓
[TRACKER] 15:27:27 无持仓
[TRACKER] 15:27:34 无持仓
[TRACKER] 15:27:40 无持仓
[TRACKER] 15:27:47 无持仓
[TRACKER] 15:27:53 无持仓
[TRACKER] 本轮结束（将由 crontab 重新拉起）
[TRACKER] 启动，每 5 秒检查一次…
[TRACKER] 15:28:03 无持仓
[TRACKER] 15:28:09 无持仓
[TRACKER] 15:28:16 无持仓
[TRACKER] 15:28:22 无持仓
[TRACKER] 15:28:29 无持仓
[TRACKER] 15:28:35 无持仓
[TRACKER] 15:28:42 无持仓
[TRACKER] 15:28:48 无持仓
[TRACKER] 15:28:54 无持仓
[TRACKER] 本轮结束（将由 crontab 重新拉起）
[TRACKER] 启动，每 5 秒检查一次…
[TRACKER] 15:29:03 无持仓
[TRACKER] 15:29:09 无持仓
[TRACKER] 15:29:16 无持仓
[TRACKER] 15:29:22 无持仓
[TRACKER] 15:29:29 无持仓
[TRACKER] 15:29:35 无持仓
[TRACKER] 15:29:41 无持仓
[TRACKER] 15:29:48 无持仓
[TRACKER] 15:29:55 无持仓
[TRACKER] 本轮结束（将由 crontab 重新拉起）
[TRACKER] 启动，每 5 秒检查一次…
[TRACKER] 15:30:02 无持仓
[TRACKER] 15:30:08 无持仓
[TRACKER] 15:30:15 无持仓
[TRACKER] 15:30:21 无持仓
[TRACKER] 15:30:27 无持仓
[TRACKER] 15:30:34 无持仓
[TRACKER] 15:30:41 无持仓
[TRACKER] 15:30:47 无持仓
[TRACKER] 15:30:53 无持仓
[TRACKER] 本轮结束（将由 crontab 重新拉起）
[TRACKER] 启动，每 5 秒检查一次…
[TRACKER] 15:31:03 无持仓
[TRACKER] 15:31:10 无持仓
[TRACKER] 15:31:16 无持仓
[TRACKER] 15:31:23 无持仓
[TRACKER] 15:31:29 无持仓
[TRACKER] 15:31:35 无持仓
[TRACKER] 15:31:42 无持仓
[TRACKER] 15:31:48 无持仓
[TRACKER] 15:31:55 无持仓
[TRACKER] 本轮结束（将由 crontab 重新拉起）
[TRACKER] 启动，每 5 秒检查一次…
[TRACKER] 15:32:02 无持仓
[TRACKER] 15:32:09 无持仓
[TRACKER] 15:32:15 无持仓
[TRACKER] 15:32:22 无持仓
[TRACKER] 15:32:28 无持仓
[TRACKER] 15:32:35 无持仓
[TRACKER] 15:32:41 无持仓
[TRACKER] 15:32:48 无持仓
[TRACKER] 15:32:54 无持仓
[TRACKER] 本轮结束（将由 crontab 重新拉起）
[TRACKER] 启动，每 5 秒检查一次…
[TRACKER] 15:33:03 无持仓
[TRACKER] 15:33:09 无持仓
[TRACKER] 15:33:16 无持仓
[TRACKER] 15:33:22 无持仓
[TRACKER] 15:33:28 无持仓
[TRACKER] 15:33:35 无持仓
[TRACKER] 15:33:41 无持仓
[TRACKER] 15:33:47 无持仓
[TRACKER] 15:33:54 无持仓
[TRACKER] 本轮结束（将由 crontab 重新拉起）
[TRACKER] 启动，每 5 秒检查一次…
[TRACKER] 15:34:02 无持仓
[TRACKER] 15:34:09 无持仓
[TRACKER] 15:34:15 无持仓
[TRACKER] 15:34:21 无持仓
[TRACKER] 15:34:28 无持仓
[TRACKER] 15:34:34 无持仓
[TRACKER] 15:34:41 无持仓
[TRACKER] 15:34:48 无持仓
[TRACKER] 15:34:54 无持仓
[TRACKER] 本轮结束（将由 crontab 重新拉起）
[TRACKER] 启动，每 5 秒检查一次…
[TRACKER] 15:35:03 无持仓
[TRACKER] 15:35:10 无持仓
[TRACKER] 15:35:16 无持仓
[TRACKER] 15:35:23 无持仓
[TRACKER] 15:35:30 无持仓
[TRACKER] 15:35:36 无持仓
[TRACKER] 15:35:43 无持仓
[TRACKER] 15:35:49 无持仓
[TRACKER] 15:35:55 无持仓
[TRACKER] 本轮结束（将由 crontab 重新拉起）
[TRACKER] 启动，每 5 秒检查一次…
[TRACKER] 15:36:02 无持仓
[TRACKER] 15:36:09 无持仓
[TRACKER] 15:36:16 无持仓
[TRACKER] 15:36:24 无持仓
[TRACKER] 15:36:30 无持仓
[TRACKER] 15:36:36 无持仓
[TRACKER] 15:36:43 无持仓
[TRACKER] 15:36:49 无持仓
[TRACKER] 15:36:55 无持仓
[TRACKER] 本轮结束（将由 crontab 重新拉起）
[TRACKER] 启动，每 5 秒检查一次…
[TRACKER] 15:37:02 无持仓
[TRACKER] 15:37:09 无持仓
[TRACKER] 15:37:15 无持仓
[TRACKER] 15:37:22 无持仓
[TRACKER] 15:37:28 无持仓
[TRACKER] 15:37:34 无持仓
[TRACKER] 15:37:41 无持仓
[TRACKER] 15:37:47 无持仓
[TRACKER] 15:37:54 无持仓
[TRACKER] 本轮结束（将由 crontab 重新拉起）
[TRACKER] 启动，每 5 秒检查一次…
[TRACKER] 15:38:03 无持仓
[TRACKER] 15:38:09 无持仓
[TRACKER] 15:38:16 无持仓
[TRACKER] 15:38:23 无持仓
[TRACKER] 15:38:29 无持仓
[TRACKER] 15:38:35 无持仓
[TRACKER] 15:38:41 无持仓
[TRACKER] 15:38:48 无持仓
[TRACKER] 15:38:54 无持仓
[TRACKER] 本轮结束（将由 crontab 重新拉起）
[TRACKER] 启动，每 5 秒检查一次…
[TRACKER] 15:39:02 无持仓
[TRACKER] 15:39:08 无持仓
[TRACKER] 15:39:15 无持仓
[TRACKER] 15:39:21 无持仓
[TRACKER] 15:39:28 无持仓
[TRACKER] 15:39:34 无持仓
[TRACKER] 15:39:41 无持仓
[TRACKER] 15:39:47 无持仓
[TRACKER] 15:39:53 无持仓
[TRACKER] 本轮结束（将由 crontab 重新拉起）
[TRACKER] 启动，每 5 秒检查一次…
[TRACKER] 15:40:03 无持仓
[TRACKER] 15:40:10 无持仓
[TRACKER] 15:40:16 无持仓
[TRACKER] 15:40:22 无持仓
[TRACKER] 15:40:28 无持仓
[TRACKER] 15:40:35 无持仓
[TRACKER] 15:40:41 无持仓
[TRACKER] 15:40:47 无持仓
[TRACKER] 15:40:54 无持仓
[TRACKER] 本轮结束（将由 crontab 重新拉起）
[TRACKER] 启动，每 5 秒检查一次…
[TRACKER] 15:41:03 无持仓
[TRACKER] 15:41:09 无持仓
[TRACKER] 15:41:16 无持仓
[TRACKER] 15:41:23 无持仓
[TRACKER] 15:41:29 无持仓
[TRACKER] 15:41:36 无持仓
[TRACKER] 15:41:42 无持仓
[TRACKER] 15:41:49 无持仓
[TRACKER] 15:41:55 无持仓
[TRACKER] 本轮结束（将由 crontab 重新拉起）
[TRACKER] 启动，每 5 秒检查一次…
[TRACKER] 15:42:03 无持仓
[TRACKER] 15:42:09 无持仓
[TRACKER] 15:42:16 无持仓
[TRACKER] 15:42:23 无持仓
[TRACKER] 15:42:29 无持仓
[TRACKER] 15:42:36 无持仓
[TRACKER] 15:42:42 无持仓
[TRACKER] 15:42:48 无持仓
[TRACKER] 15:42:55 无持仓
[TRACKER] 本轮结束（将由 crontab 重新拉起）
[TRACKER] 启动，每 5 秒检查一次…
[TRACKER] 15:43:02 无持仓
[TRACKER] 15:43:08 无持仓
[TRACKER] 15:43:15 无持仓
[TRACKER] 15:43:21 无持仓
[TRACKER] 15:43:28 无持仓
[TRACKER] 15:43:34 无持仓
[TRACKER] 15:43:41 无持仓
[TRACKER] 15:43:47 无持仓
[TRACKER] 15:43:54 无持仓
[TRACKER] 本轮结束（将由 crontab 重新拉起）
[TRACKER] 启动，每 5 秒检查一次…
[TRACKER] 15:44:03 无持仓
[TRACKER] 15:44:09 无持仓
[TRACKER] 15:44:15 无持仓
[TRACKER] 15:44:22 无持仓
[TRACKER] 15:44:29 无持仓
[TRACKER] 15:44:35 无持仓
[TRACKER] 15:44:42 无持仓
[TRACKER] 15:44:48 无持仓
[TRACKER] 15:44:55 无持仓
[TRACKER] 本轮结束（将由 crontab 重新拉起）
[TRACKER] 启动，每 5 秒检查一次…
[TRACKER] 15:45:02 无持仓
[TRACKER] 15:45:08 无持仓
[TRACKER] 15:45:15 无持仓
[TRACKER] 15:45:21 无持仓
[TRACKER] 15:45:28 无持仓
[TRACKER] 15:45:34 无持仓
[TRACKER] 15:45:41 无持仓
[TRACKER] 15:45:47 无持仓
[TRACKER] 15:45:53 无持仓
[TRACKER] 本轮结束（将由 crontab 重新拉起）
[TRACKER] 启动，每 5 秒检查一次…
[TRACKER] 15:46:03 无持仓
[TRACKER] 15:46:10 无持仓
[TRACKER] 15:46:17 无持仓
[TRACKER] 15:46:23 无持仓
[TRACKER] 15:46:29 无持仓
[TRACKER] 15:46:36 无持仓
[TRACKER] 15:46:43 无持仓
[TRACKER] 15:46:49 无持仓
[TRACKER] 15:46:56 无持仓
[TRACKER] 本轮结束（将由 crontab 重新拉起）
[TRACKER] 启动，每 5 秒检查一次…
[TRACKER] 15:47:02 无持仓
[TRACKER] 15:47:09 无持仓
[TRACKER] 15:47:16 无持仓
[TRACKER] 15:47:22 无持仓
[TRACKER] 15:47:28 无持仓
[TRACKER] 15:47:34 无持仓
[TRACKER] 15:47:41 无持仓
[TRACKER] 15:47:47 无持仓
[TRACKER] 15:47:54 无持仓
[TRACKER] 本轮结束（将由 crontab 重新拉起）
[TRACKER] 启动，每 5 秒检查一次…
[TRACKER] 15:48:03 无持仓
[TRACKER] 15:48:09 无持仓
[TRACKER] 15:48:16 无持仓
[TRACKER] 15:48:22 无持仓
[TRACKER] 15:48:29 无持仓
[TRACKER] 15:48:35 无持仓
[TRACKER] 15:48:41 无持仓
[TRACKER] 15:48:48 无持仓
[TRACKER] 15:48:54 无持仓
[TRACKER] 本轮结束（将由 crontab 重新拉起）
[TRACKER] 启动，每 5 秒检查一次…
[TRACKER] 15:49:03 无持仓
[TRACKER] 15:49:10 无持仓
[TRACKER] 15:49:16 无持仓
[TRACKER] 15:49:23 无持仓
[TRACKER] 15:49:29 无持仓
[TRACKER] 15:49:36 无持仓
[TRACKER] 15:49:42 无持仓
[TRACKER] 15:49:49 无持仓
[TRACKER] 15:49:55 无持仓
[TRACKER] 本轮结束（将由 crontab 重新拉起）
[TRACKER] 启动，每 5 秒检查一次…
[TRACKER] 15:50:02 无持仓
[TRACKER] 15:50:09 无持仓
[TRACKER] 15:50:15 无持仓
[TRACKER] 15:50:22 无持仓
[TRACKER] 15:50:28 无持仓
[TRACKER] 15:50:35 无持仓
[TRACKER] 15:50:41 无持仓
[TRACKER] 15:50:48 无持仓
[TRACKER] 15:50:54 无持仓
[TRACKER] 本轮结束（将由 crontab 重新拉起）
[TRACKER] 启动，每 5 秒检查一次…
[TRACKER] 15:51:03 无持仓
[TRACKER] 15:51:09 无持仓
[TRACKER] 15:51:16 无持仓
[TRACKER] 15:51:22 无持仓
[TRACKER] 15:51:28 无持仓
[TRACKER] 15:51:35 无持仓
[TRACKER] 15:51:41 无持仓
[TRACKER] 15:51:48 无持仓
[TRACKER] 15:51:54 无持仓
[TRACKER] 本轮结束（将由 crontab 重新拉起）
[TRACKER] 启动，每 5 秒检查一次…
[TRACKER] 15:52:03 无持仓
[TRACKER] 15:52:10 无持仓
[TRACKER] 15:52:16 无持仓
[TRACKER] 15:52:22 无持仓
[TRACKER] 15:52:29 无持仓
[TRACKER] 15:52:35 无持仓
[TRACKER] 15:52:42 无持仓
[TRACKER] 15:52:48 无持仓
[TRACKER] 15:52:54 无持仓
[TRACKER] 本轮结束（将由 crontab 重新拉起）
[TRACKER] 启动，每 5 秒检查一次…
[TRACKER] 15:53:03 无持仓
[TRACKER] 15:53:10 无持仓
[TRACKER] 15:53:16 无持仓
[TRACKER] 15:53:23 无持仓
[TRACKER] 15:53:29 无持仓
[TRACKER] 15:53:35 无持仓
[TRACKER] 15:53:42 无持仓
[TRACKER] 15:53:48 无持仓
[TRACKER] 15:53:55 无持仓
[TRACKER] 本轮结束（将由 crontab 重新拉起）
[TRACKER] 启动，每 5 秒检查一次…
[TRACKER] 15:54:02 无持仓
[TRACKER] 15:54:09 无持仓
[TRACKER] 15:54:15 无持仓
[TRACKER] 15:54:22 无持仓
[TRACKER] 15:54:28 无持仓
[TRACKER] 15:54:34 无持仓
[TRACKER] 15:54:41 无持仓
[TRACKER] 15:54:47 无持仓
[TRACKER] 15:54:54 无持仓
[TRACKER] 本轮结束（将由 crontab 重新拉起）
[TRACKER] 启动，每 5 秒检查一次…
[TRACKER] 15:55:01 无持仓
[TRACKER] 15:55:08 无持仓
[TRACKER] 15:55:14 无持仓
[TRACKER] 15:55:21 无持仓
[TRACKER] 15:55:27 无持仓
[TRACKER] 15:55:33 无持仓
[TRACKER] 15:55:40 无持仓
[TRACKER] 15:55:46 无持仓
[TRACKER] 15:55:52 无持仓
[TRACKER] 本轮结束（将由 crontab 重新拉起）
[TRACKER] 启动，每 5 秒检查一次…
[TRACKER] 15:56:02 无持仓
[TRACKER] 15:56:09 无持仓
[TRACKER] 15:56:15 无持仓
[TRACKER] 15:56:21 无持仓
[TRACKER] 15:56:27 无持仓
[TRACKER] 15:56:34 无持仓
[TRACKER] 15:56:40 无持仓
[TRACKER] 15:56:46 无持仓
[TRACKER] 15:56:53 无持仓
[TRACKER] 本轮结束（将由 crontab 重新拉起）
[TRACKER] 启动，每 5 秒检查一次…
[TRACKER] 15:57:03 无持仓
[TRACKER] 15:57:09 无持仓
[TRACKER] 15:57:16 无持仓
[TRACKER] 15:57:22 无持仓
[TRACKER] 15:57:28 无持仓
[TRACKER] 15:57:35 无持仓
[TRACKER] 15:57:41 无持仓
[TRACKER] 15:57:47 无持仓
[TRACKER] 15:57:54 无持仓
[TRACKER] 本轮结束（将由 crontab 重新拉起）
[TRACKER] 启动，每 5 秒检查一次…
[TRACKER] 15:58:03 无持仓
[TRACKER] 15:58:10 无持仓
[TRACKER] 15:58:16 无持仓
[TRACKER] 15:58:22 无持仓
[TRACKER] 15:58:28 无持仓
[TRACKER] 15:58:35 无持仓
[TRACKER] 15:58:41 无持仓
[TRACKER] 15:58:47 无持仓
[TRACKER] 15:58:54 无持仓
[TRACKER] 本轮结束（将由 crontab 重新拉起）
[TRACKER] 启动，每 5 秒检查一次…
[TRACKER] 15:59:03 无持仓
[TRACKER] 15:59:09 无持仓
[TRACKER] 15:59:15 无持仓
[TRACKER] 15:59:22 无持仓
[TRACKER] 15:59:28 无持仓
[TRACKER] 15:59:35 无持仓
[TRACKER] 15:59:41 无持仓
[TRACKER] 15:59:48 无持仓
[TRACKER] 15:59:54 无持仓
[TRACKER] 本轮结束（将由 crontab 重新拉起）
[TRACKER] 启动，每 5 秒检查一次…
[TRACKER] 16:00:04 无持仓
[TRACKER] 16:00:10 持仓=4 盈利=0.1331U 亏损=-0.0640U 净浮盈=0.0691U 手续费基数=0.0968U 阈值=0.4840U
[TRACKER] 16:00:17 持仓=4 盈利=0.2320U 亏损=-0.0080U 净浮盈=0.2240U 手续费基数=0.0968U 阈值=0.4840U
[TRACKER] 16:00:23 持仓=4 盈利=0.2256U 亏损=-0.1200U 净浮盈=0.1056U 手续费基数=0.0968U 阈值=0.4840U
[TRACKER] 16:00:30 持仓=4 盈利=0.2272U 亏损=-0.1440U 净浮盈=0.0832U 手续费基数=0.0968U 阈值=0.4840U
[TRACKER] 16:00:36 持仓=4 盈利=0.1787U 亏损=-0.1800U 净浮盈=-0.0013U 手续费基数=0.0968U 阈值=0.4840U
[TRACKER] 16:00:42 持仓=4 盈利=0.3134U 亏损=-0.0960U 净浮盈=0.2174U 手续费基数=0.0968U 阈值=0.4840U
[TRACKER] 16:00:49 持仓=4 盈利=0.2938U 亏损=-0.2040U 净浮盈=0.0898U 手续费基数=0.0968U 阈值=0.4840U
[TRACKER] 16:00:55 持仓=4 盈利=0.2842U 亏损=-0.1920U 净浮盈=0.0922U 手续费基数=0.0968U 阈值=0.4840U
[TRACKER] 本轮结束（将由 crontab 重新拉起）
[TRACKER] 启动，每 5 秒检查一次…
[TRACKER] 16:01:02 持仓=4 盈利=0.2649U 亏损=-0.1080U 净浮盈=0.1569U 手续费基数=0.0968U 阈值=0.4840U
[TRACKER] 16:01:09 持仓=4 盈利=0.2016U 亏损=-0.2720U 净浮盈=-0.0704U 手续费基数=0.0968U 阈值=0.4840U
[TRACKER] 16:01:16 持仓=4 盈利=0.1378U 亏损=-0.3240U 净浮盈=-0.1862U 手续费基数=0.0968U 阈值=0.4840U
[TRACKER] 16:01:22 持仓=4 盈利=0.1532U 亏损=-0.3000U 净浮盈=-0.1468U 手续费基数=0.0968U 阈值=0.4840U
[TRACKER] 16:01:28 持仓=4 盈利=0.1341U 亏损=-0.4480U 净浮盈=-0.3139U 手续费基数=0.0968U 阈值=0.4840U
[TRACKER] 16:01:35 持仓=4 盈利=0.1341U 亏损=-0.2800U 净浮盈=-0.1459U 手续费基数=0.0968U 阈值=0.4840U
[TRACKER] 16:01:41 持仓=4 盈利=0.1404U 亏损=-0.3360U 净浮盈=-0.1956U 手续费基数=0.0968U 阈值=0.4840U
[TRACKER] 16:01:47 持仓=4 盈利=0.1404U 亏损=-0.2880U 净浮盈=-0.1476U 手续费基数=0.0968U 阈值=0.4840U
[TRACKER] 16:01:54 持仓=4 盈利=0.1532U 亏损=-0.3120U 净浮盈=-0.1588U 手续费基数=0.0968U 阈值=0.4840U
[TRACKER] 本轮结束（将由 crontab 重新拉起）
[TRACKER] 启动，每 5 秒检查一次…
[TRACKER] 16:02:03 持仓=4 盈利=0.1596U 亏损=-0.2920U 净浮盈=-0.1324U 手续费基数=0.0968U 阈值=0.4840U
[TRACKER] 16:02:10 持仓=4 盈利=0.1723U 亏损=-0.3000U 净浮盈=-0.1277U 手续费基数=0.0968U 阈值=0.4840U
[TRACKER] 16:02:16 持仓=4 盈利=0.1914U 亏损=-0.2640U 净浮盈=-0.0726U 手续费基数=0.0968U 阈值=0.4840U
[TRACKER] 16:02:23 持仓=4 盈利=0.2679U 亏损=-0.1920U 净浮盈=0.0759U 手续费基数=0.0968U 阈值=0.4840U
[TRACKER] 16:02:29 持仓=4 盈利=0.2807U 亏损=-0.2240U 净浮盈=0.0567U 手续费基数=0.0968U 阈值=0.4840U
[TRACKER] 16:02:36 持仓=4 盈利=0.1914U 亏损=-0.2560U 净浮盈=-0.0646U 手续费基数=0.0968U 阈值=0.4840U
[TRACKER] 16:02:43 持仓=4 盈利=0.1914U 亏损=-0.2880U 净浮盈=-0.0966U 手续费基数=0.0968U 阈值=0.4840U
[TRACKER] 16:02:50 持仓=4 盈利=0.2528U 亏损=-0.3080U 净浮盈=-0.0552U 手续费基数=0.0968U 阈值=0.4840U
[TRACKER] 16:02:56 持仓=4 盈利=0.2528U 亏损=-0.3120U 净浮盈=-0.0592U 手续费基数=0.0968U 阈值=0.4840U
[TRACKER] 本轮结束（将由 crontab 重新拉起）
[TRACKER] 启动，每 5 秒检查一次…
[TRACKER] 16:03:03 持仓=4 盈利=0.2183U 亏损=-0.3200U 净浮盈=-0.1017U 手续费基数=0.0968U 阈值=0.4840U
[TRACKER] 16:03:09 持仓=4 盈利=0.1584U 亏损=-0.2720U 净浮盈=-0.1136U 手续费基数=0.0968U 阈值=0.4840U
[TRACKER] 16:03:16 持仓=4 盈利=0.1584U 亏损=-0.3360U 净浮盈=-0.1776U 手续费基数=0.0968U 阈值=0.4840U
[TRACKER] 16:03:22 持仓=4 盈利=0.2285U 亏损=-0.3600U 净浮盈=-0.1315U 手续费基数=0.0968U 阈值=0.4840U
[TRACKER] 16:03:29 持仓=4 盈利=0.2195U 亏损=-0.3360U 净浮盈=-0.1165U 手续费基数=0.0968U 阈值=0.4840U
[TRACKER] 16:03:35 持仓=4 盈利=0.2315U 亏损=-0.2480U 净浮盈=-0.0165U 手续费基数=0.0968U 阈值=0.4840U
[TRACKER] 16:03:41 持仓=4 盈利=0.1888U 亏损=-0.3600U 净浮盈=-0.1712U 手续费基数=0.0968U 阈值=0.4840U
[TRACKER] 16:03:48 持仓=4 盈利=0.1888U 亏损=-0.3960U 净浮盈=-0.2072U 手续费基数=0.0968U 阈值=0.4840U
[TRACKER] 16:03:54 持仓=4 盈利=0.1761U 亏损=-0.4640U 净浮盈=-0.2879U 手续费基数=0.0968U 阈值=0.4840U
[TRACKER] 本轮结束（将由 crontab 重新拉起）
[TRACKER] 启动，每 5 秒检查一次…
[TRACKER] 16:04:03 持仓=4 盈利=0.1454U 亏损=-0.5480U 净浮盈=-0.4026U 手续费基数=0.0968U 阈值=0.4840U
[TRACKER] 16:04:09 持仓=4 盈利=0.1327U 亏损=-0.5280U 净浮盈=-0.3953U 手续费基数=0.0968U 阈值=0.4840U
[TRACKER] 16:04:16 持仓=4 盈利=0.1327U 亏损=-0.5280U 净浮盈=-0.3953U 手续费基数=0.0968U 阈值=0.4840U
[TRACKER] 16:04:22 持仓=4 盈利=0.1072U 亏损=-0.4920U 净浮盈=-0.3848U 手续费基数=0.0968U 阈值=0.4840U
[TRACKER] 16:04:29 持仓=4 盈利=0.1289U 亏损=-0.1880U 净浮盈=-0.0591U 手续费基数=0.0968U 阈值=0.4840U
[TRACKER] 16:04:35 持仓=4 盈利=0.1225U 亏损=-0.2520U 净浮盈=-0.1295U 手续费基数=0.0968U 阈值=0.4840U
[TRACKER] 16:04:42 持仓=4 盈利=0.1034U 亏损=-0.1560U 净浮盈=-0.0526U 手续费基数=0.0968U 阈值=0.4840U
[TRACKER] 16:04:48 持仓=4 盈利=0.0970U 亏损=-0.1840U 净浮盈=-0.0870U 手续费基数=0.0968U 阈值=0.4840U
[TRACKER] 16:04:55 持仓=4 盈利=0.0970U 亏损=-0.1120U 净浮盈=-0.0150U 手续费基数=0.0968U 阈值=0.4840U
[TRACKER] 本轮结束（将由 crontab 重新拉起）
[TRACKER] 启动，每 5 秒检查一次…
[TRACKER] 16:05:02 持仓=4 盈利=0.0970U 亏损=-0.1880U 净浮盈=-0.0910U 手续费基数=0.0968U 阈值=0.4840U
[TRACKER] 16:05:08 持仓=4 盈利=0.1896U 亏损=0.0000U 净浮盈=0.1896U 手续费基数=0.0968U 阈值=0.4840U
[TRACKER] 16:05:15 持仓=4 盈利=0.2360U 亏损=0.0000U 净浮盈=0.2360U 手续费基数=0.0968U 阈值=0.4840U
[TRACKER] 16:05:21 持仓=4 盈利=0.1943U 亏损=0.0000U 净浮盈=0.1943U 手续费基数=0.0968U 阈值=0.4840U
[TRACKER] 16:05:27 持仓=4 盈利=0.1703U 亏损=0.0000U 净浮盈=0.1703U 手续费基数=0.0968U 阈值=0.4840U
[TRACKER] 16:05:34 持仓=4 盈利=0.1343U 亏损=0.0000U 净浮盈=0.1343U 手续费基数=0.0968U 阈值=0.4840U
[TRACKER] 16:05:41 持仓=4 盈利=0.1110U 亏损=0.0000U 净浮盈=0.1110U 手续费基数=0.0968U 阈值=0.4840U
[TRACKER] 16:05:47 持仓=4 盈利=0.1183U 亏损=0.0000U 净浮盈=0.1183U 手续费基数=0.0968U 阈值=0.4840U
[TRACKER] 16:05:54 持仓=4 盈利=0.1763U 亏损=0.0000U 净浮盈=0.1763U 手续费基数=0.0968U 阈值=0.4840U
[TRACKER] 本轮结束（将由 crontab 重新拉起）
[TRACKER] 启动，每 5 秒检查一次…
[TRACKER] 16:06:02 持仓=4 盈利=0.2403U 亏损=0.0000U 净浮盈=0.2403U 手续费基数=0.0968U 阈值=0.4840U
[TRACKER] 16:06:09 持仓=4 盈利=0.1417U 亏损=0.0000U 净浮盈=0.1417U 手续费基数=0.0968U 阈值=0.4840U
[TRACKER] 16:06:16 持仓=4 盈利=0.2377U 亏损=0.0000U 净浮盈=0.2377U 手续费基数=0.0968U 阈值=0.4840U
[TRACKER] 16:06:22 持仓=4 盈利=0.6257U 亏损=-0.0240U 净浮盈=0.6017U 手续费基数=0.0968U 阈值=0.4840U
[TRACKER] 🎯 净浮盈 0.6017 > 阈值 0.4840，开始平仓
   ✅ 平仓 TLM/USDT:USDT 浮盈 0.0307U
   ✅ 平仓 DEXE/USDT:USDT 浮盈 0.5440U
   ✅ 平仓 EUL/USDT:USDT 浮盈 -0.0240U
   ✅ 平仓 VANRY/USDT:USDT 浮盈 0.0510U
[TRACKER] 16:06:31 无持仓
[TRACKER] 16:06:37 无持仓
[TRACKER] 16:06:43 无持仓
[TRACKER] 16:06:50 无持仓
[TRACKER] 16:06:56 无持仓
[TRACKER] 本轮结束（将由 crontab 重新拉起）
[TRACKER] 启动，每 5 秒检查一次…
[TRACKER] 16:07:03 无持仓
[TRACKER] 16:07:09 无持仓
[TRACKER] 16:07:15 无持仓
[TRACKER] 16:07:22 无持仓
[TRACKER] 16:07:28 无持仓
[TRACKER] 16:07:34 无持仓
[TRACKER] 16:07:41 无持仓
[TRACKER] 16:07:47 无持仓
[TRACKER] 16:07:53 无持仓
[TRACKER] 本轮结束（将由 crontab 重新拉起）
[TRACKER] 启动，每 5 秒检查一次…
[TRACKER] 16:08:02 无持仓
[TRACKER] 16:08:09 无持仓
[TRACKER] 16:08:16 无持仓
[TRACKER] 16:08:22 无持仓
[TRACKER] 16:08:29 无持仓
[TRACKER] 16:08:35 无持仓
[TRACKER] 16:08:41 无持仓
[TRACKER] 16:08:48 无持仓
[TRACKER] 16:08:54 无持仓
[TRACKER] 本轮结束（将由 crontab 重新拉起）
[TRACKER] 启动，每 5 秒检查一次…
[TRACKER] 16:09:03 无持仓
[TRACKER] 16:09:09 无持仓
[TRACKER] 16:09:16 无持仓
[TRACKER] 16:09:22 无持仓
[TRACKER] 16:09:29 无持仓
[TRACKER] 16:09:35 无持仓
[TRACKER] 16:09:42 无持仓
[TRACKER] 16:09:49 无持仓
[TRACKER] 16:09:55 无持仓
[TRACKER] 本轮结束（将由 crontab 重新拉起）
[TRACKER] 启动，每 5 秒检查一次…
[TRACKER] 16:10:02 无持仓
[TRACKER] 16:10:08 无持仓
[TRACKER] 16:10:15 无持仓
[TRACKER] 16:10:21 无持仓
[TRACKER] 16:10:27 无持仓
[TRACKER] 16:10:34 无持仓
[TRACKER] 16:10:40 无持仓
[TRACKER] 16:10:47 无持仓
[TRACKER] 16:10:53 无持仓
[TRACKER] 本轮结束（将由 crontab 重新拉起）
[TRACKER] 启动，每 5 秒检查一次…
[TRACKER] 16:11:03 无持仓
[TRACKER] 16:11:10 无持仓
[TRACKER] 16:11:16 无持仓
[TRACKER] 16:11:23 无持仓
[TRACKER] 16:11:29 无持仓
[TRACKER] 16:11:36 无持仓
[TRACKER] 16:11:42 无持仓
[TRACKER] 16:11:49 无持仓
[TRACKER] 16:11:55 无持仓
[TRACKER] 本轮结束（将由 crontab 重新拉起）
[TRACKER] 启动，每 5 秒检查一次…
[TRACKER] 16:12:03 无持仓
[TRACKER] 16:12:09 无持仓
[TRACKER] 16:12:15 无持仓
[TRACKER] 16:12:22 无持仓
[TRACKER] 16:12:28 无持仓
[TRACKER] 16:12:35 无持仓
[TRACKER] 16:12:42 无持仓
[TRACKER] 16:12:49 无持仓
[TRACKER] 16:12:55 无持仓
[TRACKER] 本轮结束（将由 crontab 重新拉起）
[TRACKER] 启动，每 5 秒检查一次…
[TRACKER] 16:13:02 无持仓
[TRACKER] 16:13:09 无持仓
[TRACKER] 16:13:15 无持仓
[TRACKER] 16:13:22 无持仓
[TRACKER] 16:13:28 无持仓
[TRACKER] 16:13:35 无持仓
[TRACKER] 16:13:41 无持仓
[TRACKER] 16:13:48 无持仓
[TRACKER] 16:13:54 无持仓
[TRACKER] 本轮结束（将由 crontab 重新拉起）
[TRACKER] 启动，每 5 秒检查一次…
[TRACKER] 16:14:03 无持仓
[TRACKER] 16:14:09 无持仓
[TRACKER] 16:14:16 无持仓
[TRACKER] 16:14:23 无持仓
[TRACKER] 16:14:29 无持仓
[TRACKER] 16:14:35 无持仓
[TRACKER] 16:14:42 无持仓
[TRACKER] 16:14:48 无持仓
[TRACKER] 16:14:54 无持仓
[TRACKER] 本轮结束（将由 crontab 重新拉起）
[TRACKER] 启动，每 5 秒检查一次…
[TRACKER] 16:15:03 无持仓
[TRACKER] 16:15:10 无持仓
[TRACKER] 16:15:16 无持仓
[TRACKER] 16:15:23 无持仓
[TRACKER] 16:15:29 无持仓
[TRACKER] 16:15:35 无持仓
[TRACKER] 16:15:42 无持仓
[TRACKER] 16:15:49 无持仓
[TRACKER] 16:15:55 无持仓
[TRACKER] 本轮结束（将由 crontab 重新拉起）
[TRACKER] 启动，每 5 秒检查一次…
[TRACKER] 16:16:02 无持仓
[TRACKER] 16:16:09 无持仓
[TRACKER] 16:16:15 无持仓
[TRACKER] 16:16:21 无持仓
[TRACKER] 16:16:28 无持仓
[TRACKER] 16:16:34 无持仓
[TRACKER] 16:16:41 无持仓
[TRACKER] 16:16:47 无持仓
[TRACKER] 16:16:53 无持仓
[TRACKER] 本轮结束（将由 crontab 重新拉起）
[TRACKER] 启动，每 5 秒检查一次…
[TRACKER] 16:17:02 无持仓
[TRACKER] 16:17:09 无持仓
[TRACKER] 16:17:15 无持仓
[TRACKER] 16:17:22 无持仓
[TRACKER] 16:17:28 无持仓
[TRACKER] 16:17:35 无持仓
[TRACKER] 16:17:41 无持仓
[TRACKER] 16:17:47 无持仓
[TRACKER] 16:17:54 无持仓
[TRACKER] 本轮结束（将由 crontab 重新拉起）
[TRACKER] 启动，每 5 秒检查一次…
[TRACKER] 16:18:02 无持仓
[TRACKER] 16:18:09 无持仓
[TRACKER] 16:18:15 无持仓
[TRACKER] 16:18:22 无持仓
[TRACKER] 16:18:28 无持仓
[TRACKER] 16:18:34 无持仓
[TRACKER] 16:18:41 无持仓
[TRACKER] 16:18:47 无持仓
[TRACKER] 16:18:54 无持仓
[TRACKER] 本轮结束（将由 crontab 重新拉起）
[TRACKER] 启动，每 5 秒检查一次…
[TRACKER] 16:19:03 无持仓
[TRACKER] 16:19:08 无持仓
[TRACKER] 16:19:12 无持仓
[TRACKER] 16:19:16 无持仓
[TRACKER] 16:19:21 无持仓
[TRACKER] 16:19:26 无持仓
[TRACKER] 16:19:30 无持仓
[TRACKER] 16:19:35 无持仓
[TRACKER] 16:19:39 无持仓
[TRACKER] 16:19:44 无持仓
[TRACKER] 16:19:48 无持仓
[TRACKER] 16:19:52 无持仓
[TRACKER] 16:19:57 无持仓
[TRACKER] 本轮结束（将由 crontab 重新拉起）
[TRACKER] 启动，每 5 秒检查一次…
[TRACKER] 16:20:02 无持仓
[TRACKER] 16:20:06 无持仓
[TRACKER] 16:20:10 无持仓
[TRACKER] 16:20:15 无持仓
[TRACKER] 16:20:20 无持仓
[TRACKER] 16:20:24 无持仓
[TRACKER] 16:20:29 无持仓
[TRACKER] 16:20:33 无持仓
[TRACKER] 16:20:38 无持仓
[TRACKER] 16:20:42 无持仓
[TRACKER] 16:20:47 无持仓
[TRACKER] 16:20:51 无持仓
[TRACKER] 16:20:55 无持仓
[TRACKER] 本轮结束（将由 crontab 重新拉起）
[TRACKER] 启动，每 5 秒检查一次…
[TRACKER] 16:21:03 无持仓
[TRACKER] 16:21:07 无持仓
[TRACKER] 16:21:12 无持仓
[TRACKER] 16:21:16 无持仓
[TRACKER] 16:21:21 无持仓
[TRACKER] 16:21:26 无持仓
[TRACKER] 16:21:31 无持仓
[TRACKER] 16:21:35 无持仓
[TRACKER] 16:21:39 无持仓
[TRACKER] 16:21:43 无持仓
[TRACKER] 16:21:48 无持仓
[TRACKER] 16:21:52 无持仓
[TRACKER] 16:21:57 无持仓
[TRACKER] 本轮结束（将由 crontab 重新拉起）
